id,name,description,team_id,owner_id,start_date,end_date,status
075354a5-7a0a-4adf-8c78-0e3c18c88324,Platform Stability Q4,"Improve reliability, performance, and observability of core backend services.",e8820255-60bf-490b-80d2-65240a9a7286,cabcd787-74a4-4d74-83e3-e561d40fc77d,2024-10-01,2024-12-31,active
5b5653db-f483-4788-a2d9-0ecdd47f2615,API v3 Migration,Migrate all endpoints from API v2 to v3 with backward compatibility.,e8820255-60bf-490b-80d2-65240a9a7286,cac3b087-6987-4016-bc1d-53de0d26fc5c,2024-09-15,2025-01-15,active
9b251c03-ad3a-4c26-8a95-6e3b165873f3,Database Optimization Sprint,Optimize database queries and implement caching strategies.,e8820255-60bf-490b-80d2-65240a9a7286,97e1d9f3-0224-4258-8905-5c58a7c8f042,2024-11-01,2024-12-15,active
62f7a4a7-f7a4-4607-841c-a0c671200b9f,Dashboard Redesign,Complete redesign of the main user dashboard with improved UX.,80cdd123-7cb1-4275-b158-fcd52d5e8aa2,133866d6-219d-4a0b-9b06-790911a11dae,2024-10-05,2024-12-20,active
43b8311a-e5df-430b-bd81-d506d5095c70,Mobile Web Optimization,Improve mobile web experience and performance.,80cdd123-7cb1-4275-b158-fcd52d5e8aa2,d3d7cddf-1a72-4ef0-9a34-81acf7fe5e6c,2024-11-10,2025-01-30,active
49921aa8-6586-4b93-bb80-66ea60bf7a49,CI/CD Pipeline Upgrade,Modernize CI/CD infrastructure with GitHub Actions.,b65de153-ae71-4a44-b822-7f207a017835,01939827-99cc-4305-b05e-3650bcad908d,2024-10-01,2024-11-30,active
a362e16a-a8fb-4a7a-8b57-30f5ceaa8799,Kubernetes Migration,Migrate microservices from EC2 to Kubernetes clusters.,b65de153-ae71-4a44-b822-7f207a017835,e98e959b-a790-47c3-aa70-cec133949d8c,2024-09-01,2025-02-28,active
1f02cc78-cda1-48a9-9a32-50e819166026,Monitoring Stack Enhancement,Implement comprehensive monitoring with Prometheus and Grafana.,b65de153-ae71-4a44-b822-7f207a017835,90e54eb1-57c5-4f6a-87d4-ca9c2c773103,2024-10-15,2024-12-31,active
185bca69-8dfb-4102-a7bd-c2c8d8233edf,Q1 2025 Product Roadmap,Define and prioritize features for Q1 2025 release.,fcd2cdf7-89df-4aa0-a764-22fdc1c0909a,9396b757-25f8-49ad-9b48-0ef1592ea3ec,2024-11-01,2024-12-15,active
7d0b63d2-a90c-4084-ab52-3b3ba94231d4,User Research Initiative,Conduct comprehensive user research for new feature validation.,fcd2cdf7-89df-4aa0-a764-22fdc1c0909a,0d369ac8-20f3-4893-96e6-a473857f8161,2024-10-10,2024-11-30,active
ed4c43d9-7b5c-44df-a52a-128e5988df30,Recommendation Engine v2,Build improved recommendation system using collaborative filtering.,d12da388-6025-422a-a216-4dec64b896ff,8f9d1886-b18d-44c1-8e82-1120481f09d6,2024-09-15,2025-01-31,active
bb8a8bb3-d2a2-47a8-b1e3-7dab9b6851c7,Churn Prediction Model,Develop ML model to predict customer churn.,d12da388-6025-422a-a216-4dec64b896ff,42b1b358-5073-48e9-8e59-c30a8515b143,2024-10-20,2024-12-20,active
fb4dc51f-3898-4613-8ac7-f6bf251cccb0,Data Pipeline Modernization,Refactor ETL pipelines to use Apache Airflow.,d12da388-6025-422a-a216-4dec64b896ff,727b79f1-6c2e-40e8-b7b5-2ca19330c217,2024-11-01,2025-01-15,active
2a14d954-56b0-40e6-8dee-0fef79104227,iOS App v3.0,Major version release with new features and design.,e6f7502a-5693-435f-87fa-0f633d0dc69d,7eb0494d-ff29-4e8b-890f-93881699bf24,2024-09-01,2024-12-31,active
4b6feac2-85a4-4587-8678-32ee8929ca65,Android Performance Optimization,Reduce app size and improve startup time.,e6f7502a-5693-435f-87fa-0f633d0dc69d,0a62b11a-5075-42d6-ac29-28149ebf507f,2024-10-15,2024-11-30,active
e134de9c-e8f3-4cae-b9ab-7df04dc42ddd,Service Mesh Implementation,Deploy Istio service mesh across microservices.,27017acb-6187-4878-8979-a8744b92f2be,9fc133d8-133f-45b2-86bc-8bbbd6331bec,2024-10-01,2025-02-28,active
bfd644b6-8646-4a1d-b3c0-ede9258e5d8f,Developer Portal Launch,Build internal developer portal for service discovery.,27017acb-6187-4878-8979-a8744b92f2be,ea92ac7e-6d83-47ef-88e0-90fbde02c93c,2024-11-01,2025-01-31,active
c656808d-4370-4f63-80cb-830913583fc3,Security Audit Q4,Comprehensive security audit and penetration testing.,6625de60-4fc4-4255-b9f2-cc285b025bb7,a9715902-1647-4f5f-8fd7-6c1c97fea58e,2024-10-01,2024-12-15,active
7bdcae19-21e6-4e05-9b22-12b5161294e9,Zero Trust Architecture,Implement zero trust security model across infrastructure.,6625de60-4fc4-4255-b9f2-cc285b025bb7,d4b58306-9278-49d6-b105-2ed4265fe5c2,2024-09-15,2025-03-31,active
ba2bcd0c-47ce-4cef-af2b-0e6106894651,Compliance Automation,Automate SOC2 and GDPR compliance monitoring.,6625de60-4fc4-4255-b9f2-cc285b025bb7,19c4e724-8b89-48d4-94e3-ed385964edeb,2024-10-20,2024-12-31,active
bb09b22a-e93f-4e8c-bfe7-9aa1df8a6bec,Test Automation Framework,Build comprehensive E2E test automation suite.,e36855cf-a8d3-47ff-9e45-e8b975d44cf2,8217fa76-d772-490b-9204-b620c8f0d1c5,2024-09-20,2024-12-20,active
eaedd710-3c10-4351-be36-f943c3462854,Performance Testing Initiative,Establish performance testing baseline and regression suite.,e36855cf-a8d3-47ff-9e45-e8b975d44cf2,06d791c4-9820-481c-bef8-76b34648201b,2024-10-25,2024-12-15,active
ada8d33d-d139-4190-908d-0ecdca982e3d,Multi-Cloud Strategy,Design and implement multi-cloud deployment strategy.,f8a3453a-dcd0-4ef5-aa39-068650aae703,65cb8643-8fc7-4e88-9666-e9c9ff874a1f,2024-10-01,2025-03-31,active
32807199-cb57-436a-b072-03c5cf51d167,Disaster Recovery Plan,Implement comprehensive DR plan with automated failover.,f8a3453a-dcd0-4ef5-aa39-068650aae703,0c6d0ad4-4fac-4a2a-ab38-56091468a39f,2024-11-01,2025-01-31,active
56f7bacf-0b48-4f11-863c-67ebefeded25,NLP Feature Extraction,Build NLP pipeline for automated feature extraction.,9bd2429d-97a1-448c-9708-26c06d13cd01,b2f82396-7595-4e66-a4bd-0f2b5f5ff076,2024-09-10,2024-12-31,active
b52d7584-3f04-4df2-898c-713457f4c3de,Model Serving Infrastructure,Deploy scalable ML model serving platform.,9bd2429d-97a1-448c-9708-26c06d13cd01,5e0dea69-a4af-4ed3-b0a6-523e41bb8eed,2024-10-15,2025-01-15,active
8e90bc10-c1d2-4ab0-b7e1-a0eff1493041,Computer Vision POC,Proof of concept for image classification feature.,9bd2429d-97a1-448c-9708-26c06d13cd01,96185a79-a148-49c1-aded-c6943660cd58,2024-11-01,2024-12-20,active
f73eab5a-a6fb-4e7d-824f-3c33d6ab31e4,Customer Onboarding Optimization,Streamline new customer onboarding process.,f9080448-9b10-4271-827a-1d19f0859c30,4e5f9565-32a1-41a4-8a27-a7c3fb9710de,2024-10-10,2024-12-15,active
470e24ab-3f65-441f-bf91-01fa74ad2d1d,Support Knowledge Base,Build comprehensive self-service knowledge base.,f9080448-9b10-4271-827a-1d19f0859c30,2a8dccb7-8450-47c6-8218-0f4235872798,2024-09-25,2024-11-30,active
16d4d90a-2c9c-4a9d-8edd-f7f2b9c6fb6c,Enterprise Customer Portal,Develop dedicated portal for enterprise customers.,f9080448-9b10-4271-827a-1d19f0859c30,d4e8d404-f20f-4e80-beff-4d818926945f,2024-10-20,2025-02-28,active
1cc9eb79-28bd-4ae6-95d7-ce7b04d4478f,Engineering - 1cc9eb,Project of type engineering,team-6,416f68eb-0472-4f0d-93cc-16970b720583,2025-08-28T17:33:28.313646,2025-10-19T17:33:28.313646,completed
1a8ae430-9f65-444f-8f4f-884701da8b3e,Engineering - 1a8ae4,Project of type engineering,team-6,361da858-92ea-4bdf-b778-e99d72081d07,2026-01-03T17:33:28.313646,2026-02-25T17:33:28.313646,active
25276083-d473-4b21-8b37-074f07c24403,Engineering - 252760,Project of type engineering,team-10,6f1f573d-3f0f-4d7a-8773-895b2073c076,2025-03-27T17:33:28.313646,2025-06-08T17:33:28.313646,active
f931b915-7ce4-41b8-a42a-f8abbfd66c07,Operations - f931b9,Project of type operations,team-9,b8810fe9-be16-4536-b7d3-edffdc0d9bb6,2025-08-02T17:33:28.313646,2025-08-29T17:33:28.313646,completed
b8b18b3e-51a2-40c4-9276-b31b1df8fd3d,Operations - b8b18b,Project of type operations,team-5,5b1b7d7b-0dd7-4f79-a422-6bba13b387fe,2025-07-28T17:33:28.313646,2025-08-20T17:33:28.313646,completed
f3eba55d-d338-4471-88af-c9c812f05b28,Engineering - f3eba5,Project of type engineering,team-2,431977bf-ca4a-42c9-84e4-82611b5f897f,2025-02-12T17:33:28.313646,2025-05-02T17:33:28.313646,completed
6f371b68-ce3e-4581-88ab-8ca15c614876,Engineering - 6f371b,Project of type engineering,team-18,87a09f67-a609-4ccb-97df-7856a148e018,2025-11-06T17:33:28.313646,2026-02-09T17:33:28.313646,active
9ce9f3b6-ffc7-47a4-9b18-9a2269696f6e,Marketing - 9ce9f3,Project of type marketing,team-0,89dc9e2f-6e14-459b-bde5-4987ab457b77,2025-05-15T17:33:28.313646,2025-06-14T17:33:28.313646,on_hold
753cfa3f-e1a2-4c9e-917f-1f9a4bdb06a0,Operations - 753cfa,Project of type operations,team-4,6b3bcfe2-1ad5-4b0e-bcf9-25a050e05990,2025-03-11T17:33:28.313646,2025-04-27T17:33:28.313646,active
e4751862-2332-43d5-b091-d8c6f2fc6417,Engineering - e47518,Project of type engineering,team-8,0ecf32ea-d0e0-436a-a951-9bf19ae0f88d,2025-08-18T17:33:28.313646,2025-12-05T17:33:28.313646,active
91e9e4be-da38-44f8-8fd4-c3e81aa7e2fb,Engineering - 91e9e4,Project of type engineering,team-14,390a7d34-0c99-476d-8bf4-40090745ef0e,2025-01-15T17:33:28.313646,2025-02-07T17:33:28.313646,active
3ec7ca9a-4a92-4bde-b99d-b001dccae154,Engineering - 3ec7ca,Project of type engineering,team-7,0b9bb85a-2399-40d9-add6-038249354688,2025-08-11T17:33:28.313646,2025-10-18T17:33:28.313646,active
00a33c8c-2922-4547-a293-7b48aa9e3dd7,Marketing - 00a33c,Project of type marketing,team-7,41ee32f1-750e-4dea-a98f-e8dba279fedf,2025-12-09T17:33:28.313646,2026-01-09T17:33:28.313646,active
caf59b76-9682-4476-8aba-bc7016a4a242,Engineering - caf59b,Project of type engineering,team-10,233ce65a-7956-4b8e-a0b1-78b7d78f02c6,2025-03-16T17:33:28.313646,2025-06-19T17:33:28.313646,active
f9ac31cf-b0c6-4b40-b97b-4718737be9eb,Marketing - f9ac31,Project of type marketing,team-0,5912dbc8-0ea8-4f58-a595-e6933296e938,2025-09-29T17:33:28.313646,2025-12-03T17:33:28.313646,active
00e7b3fb-95e4-4d10-ae57-8ed5747c919e,Marketing - 00e7b3,Project of type marketing,team-9,4781d894-54c3-4e3e-8afb-40911a70ad9c,2025-10-28T17:33:28.313646,2026-01-24T17:33:28.313646,active
807527f8-6fa9-4f70-b810-946530758308,Operations - 807527,Project of type operations,team-16,8e56c2de-16a5-41a6-a9c8-1e38a0b0effd,2025-12-13T17:33:28.313646,2026-02-02T17:33:28.313646,active
b19065c4-e76b-46b3-a78b-327cc942ac29,Engineering - b19065,Project of type engineering,team-12,60d16d99-9491-4ac8-a95c-5d4147af1e63,2025-10-18T17:33:28.313646,2025-11-18T17:33:28.313646,completed
cf8c34be-af61-47c0-a7d4-1c0ba64e995d,Operations - cf8c34,Project of type operations,team-14,086ddbc1-a008-4578-9927-5f82bd0aa10e,2025-11-06T17:33:28.313646,2025-12-16T17:33:28.313646,active
6d50caec-b810-46df-9b54-06a9a471152f,Operations - 6d50ca,Project of type operations,team-12,d5984006-69bd-4b13-8f3c-e0f9e517cbf8,2025-08-24T17:33:28.313646,2025-09-03T17:33:28.313646,active
41983702-d449-4eb2-a2d0-169270133d49,Engineering - 419837,Project of type engineering,team-15,1ccf6393-fbdd-44fa-93a7-1a3c6fd441aa,2025-05-18T17:33:28.313646,2025-07-10T17:33:28.313646,active
13598d29-3941-4388-85e6-366efcc3475e,Marketing - 13598d,Project of type marketing,team-9,1b0527a0-fa4f-40f5-819c-d02371e58dc9,2025-06-28T17:33:28.313646,2025-09-01T17:33:28.313646,active
db8dc450-a163-4e4a-9aed-2e6376b3af34,Marketing - db8dc4,Project of type marketing,team-9,95fdde48-3545-4f40-9bcf-aa5c271a28a1,2025-05-21T17:33:28.313646,2025-07-15T17:33:28.313646,completed
95e7913e-ab0a-49e1-8059-84db30d6f9b2,Operations - 95e791,Project of type operations,team-8,2cc9b56c-efb9-4b3a-99c7-b1e85e54954b,2025-02-24T17:33:28.313646,2025-04-04T17:33:28.313646,active
f38f48b6-5c9b-40ea-9186-3c7d98154883,Engineering - f38f48,Project of type engineering,team-6,ec04380b-8932-4c31-b04c-4b772bd790e1,2025-11-07T17:33:28.313646,2026-01-12T17:33:28.313646,active
6d27509a-58d5-44ab-ac66-0fdeaf701900,Operations - 6d2750,Project of type operations,team-10,034d8c70-1908-41cb-b52d-202438ba6a42,2025-06-20T17:33:28.313646,2025-08-01T17:33:28.313646,active
6442151f-79c7-49f5-957a-82e0f53b9a53,Marketing - 644215,Project of type marketing,team-15,39c1f9d4-e7e2-4c1f-b21b-17c38c775e9c,2025-12-01T17:33:28.313646,2026-01-27T17:33:28.313646,completed
95ec0ebf-aeac-4091-acbd-9dd287f1e695,Engineering - 95ec0e,Project of type engineering,team-7,53e57a00-4f3f-4847-bffd-d419ebf16a73,2025-01-10T17:33:28.313646,2025-03-20T17:33:28.313646,active
8168e66b-340f-4bb8-b73d-1bc712b014da,Engineering - 8168e6,Project of type engineering,team-13,eec56b40-0e65-4290-a325-969f6750defa,2025-05-15T17:33:28.313646,2025-08-21T17:33:28.313646,active
7d914a55-7174-4f35-ab6f-61f881941ed2,Operations - 7d914a,Project of type operations,team-15,d9e458f0-8738-4bb1-ac2f-9f29aa1d40ea,2025-07-01T17:33:28.313646,2025-07-27T17:33:28.313646,completed
d7cc7c89-430e-43b3-a79a-45def8badd92,Marketing - d7cc7c,Project of type marketing,team-2,7fd586a8-3818-4dbd-92bb-1c7023cd6a04,2025-10-30T17:33:28.313646,2025-11-27T17:33:28.313646,on_hold
f451ef12-2122-4819-80dc-54e4d727bd6a,Marketing - f451ef,Project of type marketing,team-19,f56d21c9-ed7f-4d5a-b00c-be035ed5da02,2025-11-30T17:33:28.313646,2026-01-19T17:33:28.313646,completed
1f262b55-3617-4082-8ac2-6b2e10de7091,Engineering - 1f262b,Project of type engineering,team-14,a25d3abf-60fe-4e87-9701-05a7b63443ef,2025-10-29T17:33:28.313646,2026-01-11T17:33:28.313646,completed
6727553c-1142-4b6d-af86-7a62d9a1a390,Engineering - 672755,Project of type engineering,team-1,5b7f1bbd-006d-410c-b15c-b3b159a5dcb2,2025-05-16T17:33:28.313646,2025-06-16T17:33:28.313646,active
8532971b-1dc4-4d5f-8aa7-a840610cf98f,Operations - 853297,Project of type operations,team-15,a4950411-2d57-4637-bc1b-77c4e52293e0,2025-11-17T17:33:28.313646,2026-01-04T17:33:28.313646,on_hold
0ce3d371-d4b9-425c-8d2a-bdaea4767a9f,Engineering - 0ce3d3,Project of type engineering,team-8,a9725bae-e8e6-442e-9a9e-d261d215aafd,2025-04-07T17:33:28.313646,2025-05-16T17:33:28.313646,active
e4b6d60a-dfac-41f4-88ec-369fbb12b206,Engineering - e4b6d6,Project of type engineering,team-2,2e34186a-694e-4423-9afd-8fa4527bedab,2025-12-31T17:33:28.313646,2026-03-20T17:33:28.313646,active
b067d130-ebc6-4c4a-a90f-ec538b7a79fa,Operations - b067d1,Project of type operations,team-9,7fc961ec-f651-49b6-a58e-645884eeff49,2025-03-31T17:33:28.313646,2025-04-08T17:33:28.313646,active
f2135caa-402a-4b66-a23d-a7741acb6b30,Operations - f2135c,Project of type operations,team-8,92d10fdf-edae-4568-830b-b601f4ad8121,2025-07-17T17:33:28.313646,2025-07-25T17:33:28.313646,active
d4e000ed-79ab-4327-9f5c-c1a5a1c5844e,Marketing - d4e000,Project of type marketing,team-10,7ee164b6-880f-45e8-9a25-dead67164e33,2025-07-07T17:33:28.313646,2025-07-24T17:33:28.313646,active
6f3e270c-afbd-4600-a705-5394db99973e,Marketing - 6f3e27,Project of type marketing,team-1,365757aa-b2d9-442d-891a-78d455237d03,2025-04-30T17:33:28.313646,2025-07-21T17:33:28.313646,on_hold
5e670da5-edab-4c3e-9b0d-155eb864c2a3,Operations - 5e670d,Project of type operations,team-6,1f2554a8-3a05-4c80-bc30-e0b5be918ef5,2025-04-04T17:33:28.313646,2025-05-08T17:33:28.313646,completed
ee4ac93d-a269-42bc-9c9c-d77191398191,Engineering - ee4ac9,Project of type engineering,team-0,add259e8-e59b-4b98-adc2-ce5d5adfb7d2,2025-09-19T17:33:28.313646,2025-10-19T17:33:28.313646,completed
fb78844c-30c1-4387-a63f-5474ebbed1c0,Marketing - fb7884,Project of type marketing,team-12,afa7e726-46e1-41ec-bd35-7271a2eba295,2025-08-28T17:33:28.313646,2025-10-20T17:33:28.313646,completed
a373e15a-01b3-42a6-888a-60a568402e84,Operations - a373e1,Project of type operations,team-7,bd00e883-e32a-42e0-95e3-fa3d7f1aac9e,2025-08-27T17:33:28.313646,2025-09-14T17:33:28.313646,active
6e8b2dc5-e1a7-46b0-b711-2dab424bc193,Engineering - 6e8b2d,Project of type engineering,team-14,6025453c-29dc-46df-ab6d-8d30e5fe76d1,2025-06-02T17:33:28.313646,2025-08-29T17:33:28.313646,active
0c6c7823-f808-443d-ae4e-8c45198d6e75,Marketing - 0c6c78,Project of type marketing,team-18,80ad88b6-9674-414f-aaa4-d8d8a40f1241,2025-08-29T17:33:28.313646,2025-10-07T17:33:28.313646,active
8e105b51-180d-4e91-abcc-a09e2fdcb7bc,Operations - 8e105b,Project of type operations,team-2,657b2077-346c-4177-9f2f-792d5d604f1b,2025-04-15T17:33:28.313646,2025-05-09T17:33:28.313646,completed
9b17922f-4166-487a-8721-d69a9f15bf54,Operations - 9b1792,Project of type operations,team-12,7799fb3f-51ef-4311-9b09-eaa08e9d7fbf,2025-08-12T17:33:28.313646,2025-09-30T17:33:28.313646,active
b0f9e2b0-7a51-4f51-8f78-338e0dd48785,Engineering - b0f9e2,Project of type engineering,team-8,4ec30d86-020c-4c24-a486-10e8add125e3,2025-04-14T17:33:28.313646,2025-05-29T17:33:28.313646,completed
0ff0af91-3f16-46e4-85ee-243a7eaad4d7,Engineering - 0ff0af,Project of type engineering,team-8,7fda7dc7-49a9-4f50-9ebb-99a2c0af8f6d,2025-09-29T17:33:28.313646,2026-01-16T17:33:28.313646,active
0de61c8c-b8a2-47c0-84db-43acf2764b0a,Engineering - 0de61c,Project of type engineering,team-12,d2b8a533-dd29-4b13-b714-e60f0419a895,2025-08-08T17:33:28.313646,2025-11-10T17:33:28.313646,completed
b940885c-dee8-4a0d-9e6d-9a8c69b7739d,Engineering - b94088,Project of type engineering,team-5,8e7208c5-1de7-4bcf-849e-6a10d440d40c,2025-05-29T17:33:28.313646,2025-07-25T17:33:28.313646,active
82963e0e-a338-4b84-9e1c-92cadf63084b,Operations - 82963e,Project of type operations,team-2,2e273a21-75f1-4125-bfdf-44dff990ac20,2025-03-27T17:33:28.313646,2025-04-03T17:33:28.313646,completed
9fa91d21-c31f-481d-bd00-cb4ad3582aab,Engineering - 9fa91d,Project of type engineering,team-11,400827be-0445-4bac-9536-2e870debac63,2025-06-12T17:33:28.313646,2025-09-30T17:33:28.313646,active
c5c4b321-be7d-467c-8371-98b15d800bc5,Engineering - c5c4b3,Project of type engineering,team-10,0f476d11-5da5-49d7-a374-e2a42010bd73,2025-02-12T17:33:28.313646,2025-05-22T17:33:28.313646,completed
b1bd32ca-0584-4b70-97e8-be1f1b7dccd8,Marketing - b1bd32,Project of type marketing,team-19,34355f5f-4d20-4471-a744-e46743f7d301,2025-06-05T17:33:28.313646,2025-09-02T17:33:28.313646,active
421c4015-de88-4dc4-9d28-82390dd019a1,Marketing - 421c40,Project of type marketing,team-9,7e0c1e44-581c-4362-a031-fe28bc0d5e50,2025-10-07T17:33:28.313646,2026-01-04T17:33:28.313646,completed
fb29f72f-f328-40f7-ab78-d289f0aafecd,Marketing - fb29f7,Project of type marketing,team-13,12221217-e792-47f5-b1b6-343594a04286,2025-05-24T17:33:28.313646,2025-06-05T17:33:28.313646,active
9b3fc073-274e-41b1-8133-5b345ac3c143,Marketing - 9b3fc0,Project of type marketing,team-15,e5432794-15c3-45fb-b5b8-6507ee79b2b7,2025-02-14T17:33:28.313646,2025-04-07T17:33:28.313646,active
141ac2ed-1008-4cfc-ba6a-cf8d856f9942,Engineering - 141ac2,Project of type engineering,team-2,40ab7322-889f-4d7e-94fa-ea71785f201a,2025-11-02T17:33:28.313646,2026-01-07T17:33:28.313646,completed
3fcb9cc4-12eb-4a28-8fdc-45dbcee379e9,Operations - 3fcb9c,Project of type operations,team-13,e629ca22-9d23-4c5c-95db-a60c1182f690,2025-04-13T17:33:28.313646,2025-04-28T17:33:28.313646,active
57e5aaca-f84a-47dc-9886-846872902180,Engineering - 57e5aa,Project of type engineering,team-5,965bf158-0f9e-449c-bf28-f6533e22aa11,2025-05-13T17:33:28.313646,2025-06-25T17:33:28.313646,active
0acff221-9e0e-48b9-80bd-3e586ebd5415,Engineering - 0acff2,Project of type engineering,team-7,1ecbe6e4-08f9-4ba0-a2bd-f8aa927f756b,2025-06-05T17:33:28.313646,2025-07-14T17:33:28.313646,active
15af8a01-fc76-478d-9451-0102fa35b5c8,Marketing - 15af8a,Project of type marketing,team-6,8b9efe53-75bb-486d-a59b-34936dbe0670,2025-08-05T17:33:28.313646,2025-10-01T17:33:28.313646,active
773718bd-0887-4ccb-96b2-59c159dc6940,Engineering - 773718,Project of type engineering,team-0,61d1af0a-bbe6-46f8-8820-5c59dfaa6e31,2025-02-20T17:33:28.313646,2025-05-04T17:33:28.313646,active
33d2fd15-b7dd-4058-b3e8-abc1a47d9ad4,Marketing - 33d2fd,Project of type marketing,team-2,bd82ac9b-fc13-4fac-bdb9-6d749f35a531,2025-06-30T17:33:28.313646,2025-08-09T17:33:28.313646,completed
21ab16c1-a30e-449b-b731-60c4d597e771,Marketing - 21ab16,Project of type marketing,team-14,64761757-9307-4aad-82d8-a27b5bba0790,2025-06-30T17:33:28.313646,2025-07-16T17:33:28.313646,active
acca4dbe-cb22-4f52-8097-7ee3d5d43b57,Engineering - acca4d,Project of type engineering,team-2,cd6f2825-5397-4ac6-a246-f34b7559d4da,2025-08-24T17:33:28.313646,2025-12-20T17:33:28.313646,active
59b2d5d6-1604-4950-b36d-af6800ec8855,Operations - 59b2d5,Project of type operations,team-5,d2a8638d-18f9-461b-8033-415c5bf0b712,2025-10-05T17:33:28.313646,2025-11-15T17:33:28.313646,completed
3048c709-7de1-431f-907c-d49e6d0b5328,Marketing - 3048c7,Project of type marketing,team-15,82d64cdf-e05e-4ef4-94b7-32e187b265d7,2025-03-16T17:33:28.313646,2025-04-12T17:33:28.313646,active
988688c4-c6e8-4637-8f83-f53fefae98b9,Marketing - 988688,Project of type marketing,team-12,f7265768-b31d-4756-9a7b-601de20cc045,2025-05-24T17:33:28.313646,2025-08-14T17:33:28.313646,active
7f725d3d-fda5-4f6e-b47a-904aa4999d72,Engineering - 7f725d,Project of type engineering,team-6,40940b64-617d-4872-b260-03d4d792b4d8,2025-12-13T17:33:28.313646,2026-02-10T17:33:28.313646,completed
b3d28994-a94c-4d5e-93c4-01c68108ace4,Operations - b3d289,Project of type operations,team-4,56f3e947-9504-4b34-a4ad-91636fb7d232,2025-06-18T17:33:28.313646,2025-07-25T17:33:28.313646,active
3c627d1d-56da-4f9b-93e6-a7dad3e7014a,Engineering - 3c627d,Project of type engineering,team-7,86d59905-a9c9-49bc-a56c-56588ddcf556,2025-11-18T17:33:28.313646,2026-01-08T17:33:28.313646,completed
4c98eaf3-30ce-447f-baad-8bf94cf307d2,Engineering - 4c98ea,Project of type engineering,team-2,8d8bc957-d768-4acb-862b-864214230674,2025-09-07T17:33:28.313646,2025-10-29T17:33:28.313646,completed
c09ce835-c7c9-47e8-b137-f81e44828764,Marketing - c09ce8,Project of type marketing,team-18,096513f9-a796-4507-a58f-35d9fc0e2431,2025-01-27T17:33:28.313646,2025-03-10T17:33:28.313646,active
86dc176e-19cd-4c1f-b07a-3841ec2ac043,Engineering - 86dc17,Project of type engineering,team-13,3c4f6e42-e357-4085-8e3e-989596b4ba7f,2025-11-02T17:33:28.313646,2026-01-12T17:33:28.313646,active
e1cae09c-22c7-48ec-9218-e955948271a5,Marketing - e1cae0,Project of type marketing,team-18,7fc961ec-f651-49b6-a58e-645884eeff49,2025-08-09T17:33:28.313646,2025-09-13T17:33:28.313646,completed
b3cdbeab-4c09-4969-996f-f88e24be6f00,Operations - b3cdbe,Project of type operations,team-13,bb5fbfff-ab15-4dcb-adf9-9fa33925c04c,2025-09-03T17:33:28.313646,2025-10-26T17:33:28.313646,active
3375be20-93c1-41be-af4e-606575e13032,Engineering - 3375be,Project of type engineering,team-10,d32448d6-8983-413f-84b9-72ab545911c2,2025-04-03T17:33:28.313646,2025-07-08T17:33:28.313646,active
65199012-4e25-42a8-8363-c2edf28deb00,Marketing - 651990,Project of type marketing,team-12,c5e2580c-6f23-4e8f-b2ef-6fdec816bcd1,2025-06-29T17:33:28.313646,2025-09-12T17:33:28.313646,on_hold
fca49e25-82a4-48a1-95d8-b1aa8f60b880,Engineering - fca49e,Project of type engineering,team-5,26e9d943-39de-41d3-9ac0-6ad299eefde4,2025-12-03T17:33:28.313646,2026-04-01T17:33:28.313646,completed
d6d93722-77d4-4826-9033-93222e42eddd,Operations - d6d937,Project of type operations,team-9,c5d43ce4-2d5f-4ba2-a2b2-e3d16b6df04f,2025-06-26T17:33:28.313646,2025-07-14T17:33:28.313646,active
b294f378-9cb6-4730-ac61-7aeced6dbec0,Marketing - b294f3,Project of type marketing,team-13,da834eb5-1cba-4734-8005-766ca0658757,2025-08-29T17:33:28.313646,2025-09-16T17:33:28.313646,active
ecf7d84a-259d-4d1a-90de-e2669d8c2d02,Marketing - ecf7d8,Project of type marketing,team-1,0e46e6ba-e827-459d-90a2-af4a6a0710aa,2025-10-10T17:33:28.313646,2025-12-05T17:33:28.313646,active
c7d54e0d-5b56-48a6-9b56-64a4368811fb,Engineering - c7d54e,Project of type engineering,team-17,fbaae12c-abfb-4a09-97b4-24b00a990994,2025-10-20T17:33:28.313646,2025-11-26T17:33:28.313646,completed
6e511dff-de96-45b8-9fae-539b2680c533,Engineering - 6e511d,Project of type engineering,team-18,911532d4-d4ac-496a-99c7-8cc8da5e1f5c,2025-08-22T17:33:28.313646,2025-10-04T17:33:28.313646,completed
696870cf-6567-4eff-afc8-2600d2271423,Engineering - 696870,Project of type engineering,team-14,32f907b9-ee76-4420-9453-4a916fed4666,2025-06-10T17:33:28.313646,2025-09-16T17:33:28.313646,completed
c1a8b3e6-93fc-428e-bcee-d0411b4ed76f,Marketing - c1a8b3,Project of type marketing,team-6,b325acbc-e11e-40e0-843f-a49f2e320aa7,2025-04-06T17:33:28.313646,2025-06-25T17:33:28.313646,active
27cff1ed-776e-430b-a7dc-85c53fa965c6,Operations - 27cff1,Project of type operations,team-1,b0c5b0a7-ef9f-4374-9855-73a2e7621aae,2025-01-14T17:33:28.313646,2025-02-03T17:33:28.313646,on_hold
fe09b1f3-a313-493a-bcdb-f5df234d78cc,Marketing - fe09b1,Project of type marketing,team-19,d10ea101-fcd3-4d7f-bb34-65d13a7ac817,2025-09-29T17:33:28.313646,2025-11-24T17:33:28.313646,on_hold
d56a34d6-b9c6-4469-8a23-66403d652ad4,Marketing - d56a34,Project of type marketing,team-16,1a7c59d4-d4bd-48ac-b0a0-fb5b318d70bd,2025-01-07T17:33:28.313646,2025-01-23T17:33:28.313646,completed
f3fccaae-3e6d-4571-8a19-a1b8f7f7772a,Engineering - f3fcca,Project of type engineering,team-7,43edb674-064b-4cd5-bcc0-a6be5dc20946,2025-08-01T17:33:28.313646,2025-09-25T17:33:28.313646,active
3658177c-8d5b-4cf2-9a5d-227a99fe2f34,Marketing - 365817,Project of type marketing,team-12,96b5275f-004a-4970-ac8a-9bb1f4f4214b,2025-02-21T17:33:28.313646,2025-03-11T17:33:28.313646,on_hold
5acd7b8d-a902-45a7-b2fc-237d30c007f0,Operations - 5acd7b,Project of type operations,team-14,8e4ebba3-90b1-46da-9e38-ee4775a5166d,2025-05-13T17:33:28.313646,2025-06-14T17:33:28.313646,active
7b1dbf95-a3d1-4ca4-8270-a3eb7a86726a,Engineering - 7b1dbf,Project of type engineering,team-15,2f1fcca9-b656-44a9-aae8-2d21b976f069,2025-10-12T17:33:28.313646,2026-01-31T17:33:28.313646,completed
b4e6afd6-ad18-415f-903c-e265fec4b01f,Engineering - b4e6af,Project of type engineering,team-8,f4096cf7-8fe1-4605-969f-4231f9cf2d59,2025-09-25T17:33:28.313646,2025-12-31T17:33:28.313646,active
c6a86a50-e849-4efb-a380-b1a8b4621f75,Operations - c6a86a,Project of type operations,team-1,f4d3ba67-42a4-4849-b420-9878ce51d5bb,2025-12-12T17:33:28.313646,2025-12-21T17:33:28.313646,active
8e2adac3-dfc9-457c-b96f-554ba70c7f4c,Engineering - 8e2ada,Project of type engineering,team-19,64d3c103-1382-40c7-9828-d4e26816e310,2025-02-16T17:33:28.313646,2025-06-11T17:33:28.313646,active
9164d532-8783-40c5-90c1-b82634db0f96,Marketing - 9164d5,Project of type marketing,team-15,8eac84b7-ae23-427e-91ab-58e8ddd01ff6,2026-01-02T17:33:28.313646,2026-03-29T17:33:28.313646,on_hold
63525d8e-46c5-4bb3-b0e7-a1c1d6cf1f81,Marketing - 63525d,Project of type marketing,team-11,d99b80ba-e655-490d-ad5b-75e4855ee968,2025-08-17T17:33:28.313646,2025-09-11T17:33:28.313646,completed
71864d35-ffc2-4ad1-9986-faf0c7bde96c,Marketing - 71864d,Project of type marketing,team-1,37ee6038-7661-47f1-aa9e-2ec87ffa3368,2025-12-11T17:33:28.313646,2026-01-31T17:33:28.313646,completed
24c26a52-ab08-4f6d-9682-8c6d67f068e8,Marketing - 24c26a,Project of type marketing,team-9,a41870e1-60aa-4175-8b2a-4298d02ecf86,2025-02-17T17:33:28.313646,2025-03-24T17:33:28.313646,active
c2f10311-a83b-4a7d-b0cb-114db59d4701,Marketing - c2f103,Project of type marketing,team-2,9e434363-10f0-4704-ad0b-d053d87394cf,2026-01-05T17:33:28.313646,2026-02-04T17:33:28.313646,on_hold
1606e991-dc03-48f6-8643-80811ca215cd,Operations - 1606e9,Project of type operations,team-16,11c7bb9a-870b-4524-80ec-08fd53bceeef,2025-02-22T17:33:28.313646,2025-03-16T17:33:28.313646,active
0532495c-f14f-407b-b89d-c67c7e9ca65d,Marketing - 053249,Project of type marketing,team-4,95a91cb8-bbfa-4536-bd3e-fddf6a32d0c6,2025-09-03T17:33:28.313646,2025-10-14T17:33:28.313646,active
e6872aca-211c-4e17-acca-8970ef8abc44,Engineering - e6872a,Project of type engineering,team-0,c99cef86-43b7-484a-900c-d2753adb223f,2025-08-14T17:33:28.313646,2025-10-11T17:33:28.313646,on_hold
a2e2ca51-d82d-4c63-8976-21e442414b53,Engineering - a2e2ca,Project of type engineering,team-2,c0d7b594-f50f-4a8f-ab08-f632dbbd88d7,2025-08-24T17:33:28.313646,2025-11-09T17:33:28.313646,active
8d19bd64-16c4-4062-9096-d5e3be7a532d,Engineering - 8d19bd,Project of type engineering,team-13,7dce3af5-972e-463a-9669-0e45767753d4,2025-02-22T17:33:28.313646,2025-05-07T17:33:28.313646,active
6c822efa-208a-4bf5-905e-96e62f53d812,Marketing - 6c822e,Project of type marketing,team-4,535fd35e-83d1-4721-ae4f-79c45b7d7e03,2025-08-17T17:33:28.313646,2025-09-24T17:33:28.313646,active
efa9c43f-1503-4cca-a448-6b1b9fefa636,Engineering - efa9c4,Project of type engineering,team-19,a71dfc70-6713-4b66-901a-d5579bd381bf,2025-07-13T17:33:28.313646,2025-10-28T17:33:28.313646,on_hold
e7ebb9e1-1aee-4993-866c-fe064bb59d22,Operations - e7ebb9,Project of type operations,team-19,035ac444-c10e-4779-b473-7fcc6677ab71,2025-04-26T17:33:28.313646,2025-06-24T17:33:28.313646,completed
6a0af047-05c7-44ee-ade6-9fc04db94208,Operations - 6a0af0,Project of type operations,team-5,ba3ebc99-eae5-41ea-adc6-79b835ff595f,2025-03-06T17:33:28.313646,2025-03-18T17:33:28.313646,active
7e0360ef-854f-4c83-bdc8-2cef561fd7df,Engineering - 7e0360,Project of type engineering,team-14,b5eb7602-d6a8-4cc0-88c1-3f98aa6a46cf,2025-09-07T17:33:28.313646,2025-10-04T17:33:28.313646,active
b1ac9e9b-3360-42bf-b96f-7bf41d9e3a46,Operations - b1ac9e,Project of type operations,team-9,70a7b138-152b-428f-923c-45faa92066cf,2025-08-15T17:33:28.313646,2025-08-28T17:33:28.313646,completed
f5675170-a893-481d-be78-0a0688f38369,Marketing - f56751,Project of type marketing,team-12,0711a532-a186-46e7-b0b3-e82c94afd4f9,2025-10-01T17:33:28.313646,2025-10-25T17:33:28.313646,active
064c95c0-a4a2-460d-8b15-57ea63c24d53,Operations - 064c95,Project of type operations,team-19,f4962927-72de-4876-9d25-c7e12363c657,2025-10-13T17:33:28.313646,2025-12-01T17:33:28.313646,active
0eb5acaf-5dd2-459a-8075-3f3ded313077,Operations - 0eb5ac,Project of type operations,team-18,1477b5db-14de-41b0-8046-7e3fb809e6e2,2025-02-01T17:33:28.313646,2025-03-10T17:33:28.313646,active
dea14caa-9fda-4865-bdce-53dce70d9e93,Marketing - dea14c,Project of type marketing,team-14,70258477-5e00-4dc0-993a-5a7667b4e7ed,2025-07-23T17:33:28.313646,2025-08-10T17:33:28.313646,active
2ad1c4a0-a9f2-4940-bf72-215cae657810,Operations - 2ad1c4,Project of type operations,team-12,60efca08-8fe9-4168-907d-dd6a8c85027b,2025-02-28T17:33:28.313646,2025-03-24T17:33:28.313646,completed
f8067df7-37d9-421c-bd2d-bd41f9a1bb28,Operations - f8067d,Project of type operations,team-7,7494fccb-d88b-4385-895c-fa72d77267af,2025-04-27T17:33:28.313646,2025-06-17T17:33:28.313646,completed
b6e24dbd-77db-4cd1-97ec-a0d487d355b5,Engineering - b6e24d,Project of type engineering,team-13,9694baf4-137c-4edb-98a7-df739fada728,2025-05-21T17:33:28.313646,2025-08-13T17:33:28.313646,active
8f015772-c272-4132-9448-016ce6ac2584,Marketing - 8f0157,Project of type marketing,team-3,490151e3-480e-4013-a04e-d7bd3321e72f,2025-06-25T17:33:28.313646,2025-07-24T17:33:28.313646,active
5160a2c8-4c85-48b5-bf09-f1fcc963bb57,Engineering - 5160a2,Project of type engineering,team-0,c5d43ce4-2d5f-4ba2-a2b2-e3d16b6df04f,2025-10-13T17:33:28.313646,2025-12-02T17:33:28.313646,on_hold
fe795829-8277-433a-a361-cd84b59fa8ed,Engineering - fe7958,Project of type engineering,team-17,2d5d1a84-ab81-49f8-b94b-6200c1499295,2025-06-29T17:33:28.313646,2025-08-26T17:33:28.313646,active
16899a42-af25-41b9-aa7c-059cdde91d95,Engineering - 16899a,Project of type engineering,team-5,7be1330a-aafd-416c-aac8-cb40a32a30e4,2025-06-29T17:33:28.313646,2025-09-29T17:33:28.313646,active
0d612a33-cb19-4936-912c-b7e17f4214d1,Marketing - 0d612a,Project of type marketing,team-14,caf4321f-c0df-4c8e-977c-fd30fc9c47f7,2025-08-31T17:33:28.313646,2025-11-11T17:33:28.313646,active
f0a2b0d0-177e-455b-8d9d-c62c81df175f,Marketing - f0a2b0,Project of type marketing,team-5,e7c77d4f-ade8-4b17-b898-18fab07b8813,2025-10-13T17:33:28.313646,2025-11-13T17:33:28.313646,active
c42ceb0b-5d57-4f28-9ed2-2b6c987dbab9,Engineering - c42ceb,Project of type engineering,team-16,a1002925-50a7-4cf8-9b17-4cc4abfdca60,2025-08-05T17:33:28.313646,2025-11-11T17:33:28.313646,active
d2f83635-dc4f-4738-92f0-bdde0246956c,Operations - d2f836,Project of type operations,team-8,c43119d1-c60b-4905-8088-0f616468e972,2025-01-29T17:33:28.313646,2025-03-06T17:33:28.313646,active
464a3705-f75d-40a1-b712-0e199c325f26,Engineering - 464a37,Project of type engineering,team-19,9f302fc8-945e-4b76-a200-602604dd9072,2025-12-27T17:33:28.313646,2026-02-27T17:33:28.313646,active
ed02cf5e-2792-47e2-864c-e5d30b037bde,Operations - ed02cf,Project of type operations,team-9,0994c638-47a0-4238-8e94-282fa64e4eb1,2025-03-03T17:33:28.313646,2025-03-15T17:33:28.313646,active
1940a7f1-3412-4c23-a73f-4b6d32b00d9d,Engineering - 1940a7,Project of type engineering,team-17,0e55a5b4-d2e8-4ffc-a9da-93b7068eb626,2025-09-23T17:33:28.313646,2025-11-18T17:33:28.313646,active
ae08ab37-0f94-436a-a1a9-fc2a880a9ca4,Marketing - ae08ab,Project of type marketing,team-0,f0b80823-3c93-488f-8e57-a1ba138398f5,2025-12-12T17:33:28.313646,2026-01-09T17:33:28.313646,on_hold
1986356d-64c1-408b-bfa8-71b25162d360,Engineering - 198635,Project of type engineering,team-0,b5985cc5-b76f-419d-b6e4-b1ce249f1182,2025-04-27T17:33:28.313646,2025-05-22T17:33:28.313646,active
f29b6f06-977f-4e34-b8cd-792c6d2a3b06,Engineering - f29b6f,Project of type engineering,team-9,28b5a0b3-6e43-4639-94c1-77df0deda995,2025-05-13T17:33:28.313646,2025-07-10T17:33:28.313646,active
a36a471d-24b9-4e85-a4a7-3086cbf979bc,Marketing - a36a47,Project of type marketing,team-11,2b83f797-88cc-44c3-8bc9-35dbdd52f68b,2025-03-04T17:33:28.313646,2025-05-19T17:33:28.313646,on_hold
80ec0ae3-c27a-415b-a390-506599faa9e0,Engineering - 80ec0a,Project of type engineering,team-19,f97619db-85fe-4c02-a458-d3bb71136ed9,2025-06-19T17:33:28.313646,2025-09-30T17:33:28.313646,on_hold
095a0755-aba7-44f1-a16e-eab0ef0235a2,Marketing - 095a07,Project of type marketing,team-8,05c33f00-81c0-4b23-ad7c-4d0aae2fa3e3,2025-07-01T17:33:28.313646,2025-09-15T17:33:28.313646,completed
bec92f3b-bf35-44be-bd0b-c3eaab044b59,Marketing - bec92f,Project of type marketing,team-14,bc4afa0f-e2fb-41e5-a78b-05d5cfcfbf1f,2025-08-14T17:33:28.313646,2025-09-29T17:33:28.313646,active
507551b0-1898-4fdd-96c4-7b72a17fa957,Engineering - 507551,Project of type engineering,team-7,414c1595-6a6b-4b8a-a8bc-2e4ced4ae0b8,2025-04-22T17:33:28.313646,2025-06-04T17:33:28.313646,active
c630f6a9-f520-4123-bea7-fd94483bc1bd,Marketing - c630f6,Project of type marketing,team-12,77bbb783-7181-44fe-8ab4-1b48c3936a74,2025-12-17T17:33:28.313646,2026-02-19T17:33:28.313646,on_hold
94c3b8b4-884e-4bb5-ba0b-e131753e2704,Marketing - 94c3b8,Project of type marketing,team-7,4f1113d9-aa40-4a8c-be2b-a3a95d3bb5a7,2025-03-20T17:33:28.313646,2025-05-23T17:33:28.313646,active
5e14c0fb-1903-4dac-b75d-5684a28e20d3,Operations - 5e14c0,Project of type operations,team-11,f0f79017-2fe8-4ceb-9721-4c66dfc0ab0f,2025-02-24T17:33:28.313646,2025-03-29T17:33:28.313646,completed
eddd3c1a-1af4-4af3-80a1-4bc0bfb59b98,Engineering - eddd3c,Project of type engineering,team-2,682ea4f3-1072-42a4-9fe2-57bf8e644750,2025-10-09T17:33:28.313646,2026-01-14T17:33:28.313646,completed
b0158404-275c-41be-8881-a4f3e9721d9f,Operations - b01584,Project of type operations,team-2,20951aea-7fce-4554-811e-d67583a606b4,2025-07-23T17:33:28.313646,2025-09-21T17:33:28.313646,completed
4f079415-2474-48eb-95d2-b4d13c5c2352,Engineering - 4f0794,Project of type engineering,team-2,cd7b6687-09fc-4cd6-812a-6eba7f70c823,2025-12-16T17:33:28.313646,2026-04-11T17:33:28.313646,on_hold
4649a1ea-5e48-49ee-893c-70e42ea3e54d,Marketing - 4649a1,Project of type marketing,team-6,8d13e9e6-f1bd-4794-969e-01dc740d73a1,2025-07-05T17:33:28.313646,2025-08-19T17:33:28.313646,completed
6a9af356-d139-4349-958f-892948858e0c,Operations - 6a9af3,Project of type operations,team-18,b93f1ab1-9387-4609-9378-98b84e792545,2025-10-21T17:33:28.313646,2025-10-30T17:33:28.313646,active
3a0d4469-330e-4b7a-8ad3-89023cd74d1f,Operations - 3a0d44,Project of type operations,team-13,bd05801e-6188-4d20-afd6-cf749d8a3fd6,2025-05-30T17:33:28.313646,2025-07-04T17:33:28.313646,on_hold
60623a8c-d21b-42a2-b2ab-5b96646501f0,Engineering - 60623a,Project of type engineering,team-16,78c8358e-8185-4463-97d8-fe1bc4ffad70,2025-11-29T17:33:28.313646,2026-03-22T17:33:28.313646,active
9670d125-d7a1-4862-8d72-089b1bd43768,Engineering - 9670d1,Project of type engineering,team-12,d6477aee-31a6-4aaf-900a-61f4b6ea9077,2025-01-15T17:33:28.313646,2025-03-02T17:33:28.313646,completed
c32f379e-26f7-46ff-a133-0886f8b96cfc,Engineering - c32f37,Project of type engineering,team-7,a8a792a7-a9b7-4098-a493-b35a97e26f3d,2025-04-08T17:33:28.313646,2025-06-20T17:33:28.313646,active
8519a432-0a2d-4fd7-9e29-fccf8de7fb7e,Marketing - 8519a4,Project of type marketing,team-16,b761de89-ab67-4a17-a069-ecc08edf64a3,2025-01-20T17:33:28.313646,2025-03-20T17:33:28.313646,completed
1e018f9e-66c7-4d20-8c7f-1906db9bec69,Marketing - 1e018f,Project of type marketing,team-5,a8006962-8724-4d21-87e8-ad5c85ffcae2,2025-09-25T17:33:28.313646,2025-10-11T17:33:28.313646,completed
711f8f41-fe77-454d-94bf-82cea861091a,Engineering - 711f8f,Project of type engineering,team-16,ca76f87f-a03a-4e86-8d7f-2b39d600114e,2025-08-29T17:33:28.313646,2025-10-14T17:33:28.313646,active
2b39e2d2-99fc-48ba-a641-7e4ac3b41c9b,Engineering - 2b39e2,Project of type engineering,team-5,e697af93-61e4-43d5-8774-aed9dadb6dff,2025-10-21T17:33:28.313646,2025-12-25T17:33:28.313646,on_hold
32c84a41-b775-4963-aa85-9ee1c255d32f,Engineering - 32c84a,Project of type engineering,team-9,91a352cb-e7ef-403f-b14d-e46f1499151a,2025-02-09T17:33:28.313646,2025-04-25T17:33:28.313646,completed
735bf434-a345-46bd-b81c-5f45c27629bc,Marketing - 735bf4,Project of type marketing,team-17,14365ca2-68b8-450b-b2aa-37aa2904b1f2,2025-11-16T17:33:28.313646,2025-12-17T17:33:28.313646,on_hold
162ba8a0-42bd-419b-bf86-9e2121908f0a,Engineering - 162ba8,Project of type engineering,team-7,1a18f239-4fca-4d9d-80a0-4263a92e7876,2025-12-07T17:33:28.313646,2026-03-23T17:33:28.313646,active
65fdc553-4a27-4cdd-b932-fcfe2c456f6c,Engineering - 65fdc5,Project of type engineering,team-15,55003c4a-ffde-46e2-a357-e2def49ff19d,2025-05-28T17:33:28.313646,2025-08-30T17:33:28.313646,active
3efc1922-002c-4710-8bed-f779c0ac17bb,Engineering - 3efc19,Project of type engineering,team-11,358fb9d1-a7e7-4f7e-9ea7-2c1e65a2432a,2025-08-09T17:33:28.313646,2025-08-23T17:33:28.313646,active
29ac1bd5-de4d-4c9c-a887-608e9687e366,Marketing - 29ac1b,Project of type marketing,team-18,465ea906-9014-41b4-8615-ef80bc5ade12,2025-12-16T17:33:28.313646,2026-01-18T17:33:28.313646,active
5daa2dc5-6a8e-494b-8e40-2114f3a669ee,Marketing - 5daa2d,Project of type marketing,team-2,de60441d-e829-45d1-a7f8-592b07aa2860,2025-04-19T17:33:28.313646,2025-05-08T17:33:28.313646,active
e519ca30-1f43-462f-ba46-cd2d3cd5b6df,Operations - e519ca,Project of type operations,team-0,311250f5-b881-471a-a51a-a8a2c1a07781,2025-12-06T17:33:28.313646,2026-01-20T17:33:28.313646,active
709856ac-a164-49d5-8277-9bc5cfad5adf,Marketing - 709856,Project of type marketing,team-7,cd6f2825-5397-4ac6-a246-f34b7559d4da,2025-01-20T17:33:28.313646,2025-02-26T17:33:28.313646,active
3d6854cf-cef1-42f2-80bb-d24993a565bc,Operations - 3d6854,Project of type operations,team-3,315d555a-d0f2-470c-a783-89cd1fa81eea,2025-10-27T17:33:28.313646,2025-11-06T17:33:28.313646,active
d21549e2-c358-4da6-b16c-509cbbd8be0f,Engineering - d21549,Project of type engineering,team-19,80464ae7-dc68-4534-a734-83fac568b881,2025-08-21T17:33:28.313646,2025-11-14T17:33:28.313646,active
67266ffb-b9f4-42f2-9c9e-c2e17c80b5a8,Operations - 67266f,Project of type operations,team-16,c49c3684-0145-4e45-9ca6-9ce582036242,2025-07-07T17:33:28.313646,2025-07-15T17:33:28.313646,active
7ffe593d-b440-4aeb-89da-8046b9b193a4,Engineering - 7ffe59,Project of type engineering,team-7,bd19fdab-f07e-4984-b9bc-2dc7c6692f18,2025-07-29T17:33:28.313646,2025-11-25T17:33:28.313646,active
56cc6e5f-6c0a-48ca-8d7b-4655410538e5,Engineering - 56cc6e,Project of type engineering,team-3,699de8f5-d086-48ea-ba9e-dd14fb59a1c9,2025-12-06T17:33:28.313646,2026-03-10T17:33:28.313646,completed
08f9d44a-86f5-48b5-8935-7a2de76ca62e,Marketing - 08f9d4,Project of type marketing,team-2,d390c6f7-290c-44a7-8503-c0d2d55f9ebf,2025-03-01T17:33:28.313646,2025-04-11T17:33:28.313646,active
62b6060e-24b2-4457-80f6-3ffc4869d1d3,Operations - 62b606,Project of type operations,team-14,67071ab4-0de2-4ac1-ad60-05c0462b00c1,2025-07-06T17:33:28.313646,2025-07-29T17:33:28.313646,active
7cee4f77-abf6-4f8f-b3ee-3bb3dfce0373,Marketing - 7cee4f,Project of type marketing,team-13,2ddb4444-9dca-4acc-9f65-229f15452e75,2025-03-05T17:33:28.313646,2025-05-19T17:33:28.313646,active
34151545-2bc1-4abd-b23b-1aa3cf42d24a,Marketing - 341515,Project of type marketing,team-0,a4ed5717-af80-4d5d-af8f-77da339fa288,2025-02-04T17:33:28.313646,2025-02-27T17:33:28.313646,completed
5665074a-21a2-4b04-9722-cc49f13880a9,Operations - 566507,Project of type operations,team-13,661846f6-00ab-4455-b93c-190f30e2660e,2025-04-22T17:33:28.313646,2025-06-09T17:33:28.313646,active
96eec227-28e6-45de-b017-951cde5d5fb0,Marketing - 96eec2,Project of type marketing,team-11,de75fb62-0afe-4e96-b26a-9cb0d2c688da,2025-02-12T17:33:28.313646,2025-03-04T17:33:28.313646,active
97119077-9884-470e-925c-de12b2deefaa,Marketing - 971190,Project of type marketing,team-17,04c2d317-b56d-4dd4-9b2b-f4b79d996c57,2025-04-17T17:33:28.313646,2025-04-29T17:33:28.313646,active
1a531b4b-e892-4d57-8833-04fa62fdbf6f,Engineering - 1a531b,Project of type engineering,team-2,4cc9c813-f822-4fa6-8d73-f72f43f6d79b,2025-11-13T17:33:28.313646,2026-01-24T17:33:28.313646,active
0925b773-508f-4dba-8538-4374a79e71b7,Operations - 0925b7,Project of type operations,team-1,5d59241b-531f-4676-bda0-284a61f7e515,2025-02-10T17:33:28.313646,2025-02-18T17:33:28.313646,on_hold
c0ee8f5c-c11a-4629-a48d-6b761404650d,Engineering - c0ee8f,Project of type engineering,team-19,06ed1873-6db3-4593-9ce5-7bdc729b4bcb,2025-05-01T17:33:28.313646,2025-05-25T17:33:28.313646,completed
ef45293b-82a9-455f-8514-2aa59e79f35a,Engineering - ef4529,Project of type engineering,team-14,308a640f-1ce2-4e63-933a-10ade55c3316,2025-06-05T17:33:28.313646,2025-07-27T17:33:28.313646,active
32000c85-f394-49d8-839f-7d09f00c6aa7,Marketing - 32000c,Project of type marketing,team-2,98f8d539-7379-41e9-afb5-8529861cbd66,2025-10-06T17:33:28.313646,2025-12-02T17:33:28.313646,active
be5faaee-56e7-42d5-a688-579e15453a34,Marketing - be5faa,Project of type marketing,team-1,98e5ed6b-f5ba-496e-b5b9-d6b9435cf797,2025-02-18T17:33:28.313646,2025-05-15T17:33:28.313646,completed
4998b24e-d1db-4f9d-8911-a1a29f175983,Engineering - 4998b2,Project of type engineering,team-14,e4488c55-a3f6-4447-b6b9-2d7593208086,2025-05-04T17:33:28.313646,2025-07-27T17:33:28.313646,active
d280b12c-1f9d-4cce-8d87-4a0f922b7f9d,Marketing - d280b1,Project of type marketing,team-17,22929ff5-322b-4461-9285-62728438b2ac,2025-08-06T17:33:28.313646,2025-09-13T17:33:28.313646,completed
3347402d-1125-4fee-81ea-0637a6f4f8b2,Operations - 334740,Project of type operations,team-5,79975a7a-112c-4685-9257-2bc45ddeea82,2025-01-09T17:33:28.313646,2025-02-27T17:33:28.313646,active
95844a02-1a45-4a24-bb38-e487760c9092,Marketing - 95844a,Project of type marketing,team-10,8dff6512-0a9c-41f1-a8e4-29fd453cf8ce,2025-10-17T17:33:28.313646,2025-10-25T17:33:28.313646,active
a10cc0f7-747b-4c5a-aace-cbe151323e1e,Operations - a10cc0,Project of type operations,team-4,810519dc-785c-4f66-996b-33d1031a953e,2025-11-05T17:33:28.313646,2025-11-16T17:33:28.313646,active
8de7836f-2bcf-46f3-a3e4-224c362f240d,Operations - 8de783,Project of type operations,team-10,03bdabf4-56bd-494a-ba21-52c0f16fa49f,2025-07-17T17:33:28.313646,2025-08-05T17:33:28.313646,active
ec17113a-2bab-48c2-9835-87024f4a7f0e,Marketing - ec1711,Project of type marketing,team-0,f8e180ee-0c71-4a9c-8316-4b2cddd0f8b3,2025-06-14T17:33:28.313646,2025-08-08T17:33:28.313646,completed
8342cd6a-0791-461a-a2cf-0313051a814e,Engineering - 8342cd,Project of type engineering,team-8,aee05f52-40b3-478b-bcdb-24fd740796b6,2025-10-17T17:33:28.313646,2025-11-06T17:33:28.313646,active
4cf53e43-3d9e-4862-a525-91ea02bdeafc,Engineering - 4cf53e,Project of type engineering,team-0,c5d43ce4-2d5f-4ba2-a2b2-e3d16b6df04f,2025-08-11T17:33:28.313646,2025-10-12T17:33:28.313646,completed
48f85f80-4caa-4903-aaf0-dfc8f29b4c64,Operations - 48f85f,Project of type operations,team-4,b8ec1162-59d3-4519-9c56-88456e2e0947,2025-04-07T17:33:28.313646,2025-05-02T17:33:28.313646,completed
db838e52-ace1-4485-9cde-37ae8cdb4d6c,Operations - db838e,Project of type operations,team-7,0f5d07d1-12b8-44a8-b29d-834439871536,2025-12-07T17:33:28.313646,2026-01-18T17:33:28.313646,active
accbfe36-35b7-4bc4-abb6-d6a1948a7ef0,Marketing - accbfe,Project of type marketing,team-12,f39d757c-1f44-48be-8f98-08cb1655727e,2025-07-31T17:33:28.313646,2025-09-07T17:33:28.313646,on_hold
094c1126-5fad-40f5-b793-663d8e700e94,Operations - 094c11,Project of type operations,team-11,eb1108d0-ef40-4a31-974b-99fa10d6ad38,2025-01-12T17:33:28.313646,2025-02-06T17:33:28.313646,completed
747faa53-fa34-49da-897a-0966c08bbb71,Marketing - 747faa,Project of type marketing,team-13,38077de6-4e42-4bcc-82de-b4a583475382,2025-01-18T17:33:28.313646,2025-04-16T17:33:28.313646,active
6ba1b74b-37be-4d64-b62f-beb6c394ecd4,Operations - 6ba1b7,Project of type operations,team-16,751963ef-8c1f-4c25-9f9d-b784357c0c86,2025-07-19T17:33:28.313646,2025-08-29T17:33:28.313646,active
7c742eca-17af-4176-b18d-2f3b3931cdc1,Marketing - 7c742e,Project of type marketing,team-4,75ba32db-9991-4d89-ac67-eee8f4e74b24,2025-10-11T17:33:28.313646,2025-11-14T17:33:28.313646,completed
74aef9d0-4bae-4a94-be14-77daf10a983b,Marketing - 74aef9,Project of type marketing,team-6,f8770a12-2670-49c7-95cd-a92b464e071b,2025-11-05T17:33:28.313646,2026-01-07T17:33:28.313646,active
23cac561-1492-4112-b29c-5bf8b81e5769,Operations - 23cac5,Project of type operations,team-6,2793fb51-873c-4b78-a41a-8bbcbe2dde47,2025-06-08T17:33:28.313646,2025-07-27T17:33:28.313646,completed
2915540d-7264-4e43-80ee-b2be0e325395,Marketing - 291554,Project of type marketing,team-14,c9580924-96cf-495f-8190-40953ca21eb9,2025-06-14T17:33:28.313646,2025-08-09T17:33:28.313646,active
843a0fc9-9145-4b1c-b48d-e43fc6445076,Engineering - 843a0f,Project of type engineering,team-17,d02c18f4-3699-464e-9c57-991ac05b9c72,2025-05-02T17:33:28.313646,2025-05-19T17:33:28.313646,completed
99e8c8d3-80cb-461e-966a-bb44199522b5,Marketing - 99e8c8,Project of type marketing,team-0,fad2e408-b5c9-4374-bd31-b0abe9b399ce,2025-10-07T17:33:28.313646,2025-10-19T17:33:28.313646,completed
be4cbc0a-fbd9-4600-ad10-c6b73a775e2d,Operations - be4cbc,Project of type operations,team-12,97ddf0ed-2ae2-45ef-8db7-01e8cae0ac2f,2025-11-11T17:33:28.313646,2025-12-13T17:33:28.313646,active
69e4f957-8fb9-414a-b020-16866b1eccbf,Marketing - 69e4f9,Project of type marketing,team-6,bbbea256-3bf0-429a-ba83-a95d8f1d53f5,2025-04-16T17:33:28.313646,2025-07-07T17:33:28.313646,completed
c09879a0-f8d2-45a5-aba3-e40d2c424ca8,Engineering - c09879,Project of type engineering,team-5,26061f7d-cc05-47f4-9651-425785673cf4,2025-06-25T17:33:28.313646,2025-10-09T17:33:28.313646,active
14a85736-167d-4ded-a665-47fa89a1d513,Engineering - 14a857,Project of type engineering,team-4,614dcc77-dac7-4db4-88f9-fb51155e7623,2026-01-05T17:33:28.313646,2026-03-12T17:33:28.313646,completed
5202fcd2-6966-4d14-bb31-4b763d60df0b,Operations - 5202fc,Project of type operations,team-11,5ba526ed-026c-467f-91b9-c099f44e7c92,2025-08-22T17:33:28.313646,2025-09-29T17:33:28.313646,active
50b883db-046a-4256-9186-98bb901fc945,Operations - 50b883,Project of type operations,team-3,c5e7d5b3-671b-435c-86d0-3dba3005e0d6,2025-09-04T17:33:28.313646,2025-10-29T17:33:28.313646,completed
6f02e491-53e9-4ea7-9189-0ea30bb74c54,Operations - 6f02e4,Project of type operations,team-13,b17d7364-1603-4b16-9dff-cc94d21a1ecd,2025-03-01T17:33:28.313646,2025-03-08T17:33:28.313646,active
2d0ab6db-7be0-4f09-a8d2-f53500136354,Marketing - 2d0ab6,Project of type marketing,team-0,395d478f-b9ee-452a-9d2b-e3408991dc31,2025-09-06T17:33:28.313646,2025-09-16T17:33:28.313646,completed
1962e13c-9477-48ba-8ccf-1e05815b71f0,Marketing - 1962e1,Project of type marketing,team-19,292363cf-3495-41f6-9532-44a0f32ea9bc,2025-07-25T17:33:28.313646,2025-08-04T17:33:28.313646,active
6591eb45-f2c9-418c-b069-6baafab7122e,Operations - 6591eb,Project of type operations,team-17,c4cc81d7-b7d6-4b9a-9067-1417473a1a2c,2025-02-05T17:33:28.313646,2025-03-08T17:33:28.313646,completed
fab61bd5-498f-4651-8633-aff9854f22cd,Marketing - fab61b,Project of type marketing,team-10,cb3b3cda-45a8-4a71-9a85-ae82bcf0c096,2025-07-09T17:33:28.313646,2025-09-28T17:33:28.313646,on_hold
a802e15e-3b5e-4ea0-b063-c84c18d3940b,Operations - a802e1,Project of type operations,team-4,496574ae-c773-4323-8c3d-f87e71d39a3a,2025-09-13T17:33:28.313646,2025-10-25T17:33:28.313646,on_hold
87688816-8883-4ce3-96e3-00aa984e6ddc,Operations - 876888,Project of type operations,team-2,3c74f089-1597-46cc-a5f7-b1faad917a46,2025-01-06T17:33:28.313646,2025-01-31T17:33:28.313646,completed
b26f725f-4b67-4b34-aaee-77425ab96d89,Marketing - b26f72,Project of type marketing,team-1,ec5095d7-8044-4ad0-8859-f4c276536cc7,2025-05-04T17:33:28.313646,2025-05-27T17:33:28.313646,active
3f7cdd2e-c523-4220-99c7-543d515aeab7,Engineering - 3f7cdd,Project of type engineering,team-14,c0472933-60be-427f-bdf8-3bd2ef69266f,2025-07-02T17:33:28.313646,2025-09-19T17:33:28.313646,active
c0fa63a5-2b98-42e4-93ea-3321ad2724be,Marketing - c0fa63,Project of type marketing,team-13,ea4373c9-94e2-4ea5-8f95-e91785a1dfb6,2025-09-14T17:33:28.313646,2025-09-22T17:33:28.313646,completed
6b0c711c-7518-4afb-bb2c-d7fd5fa14843,Engineering - 6b0c71,Project of type engineering,team-13,7af5174d-00f0-4ebd-8a21-1b2aa53f0afe,2025-11-21T17:33:28.313646,2026-01-08T17:33:28.313646,active
8b936503-3e47-4bbc-98da-63e01d618369,Engineering - 8b9365,Project of type engineering,team-4,5309ef47-5866-4a81-a34a-efe965c8e557,2025-05-05T17:33:28.313646,2025-08-27T17:33:28.313646,active
4610ba4e-8ed2-45a1-9e16-c365b315fbce,Operations - 4610ba,Project of type operations,team-5,b6b934e0-56e9-42fc-8e90-b3009c51a0a9,2025-08-25T17:33:28.313646,2025-09-18T17:33:28.313646,completed
d791cc1d-2a7d-40ad-a3f7-6d573a625fdc,Engineering - d791cc,Project of type engineering,team-14,37181370-7e3c-4227-8ff5-0cd2ca9440d3,2025-12-20T17:33:28.313646,2026-02-04T17:33:28.313646,active
ea8cac67-1690-4f6e-8848-77fdec4c0cb4,Operations - ea8cac,Project of type operations,team-19,3f71300e-0482-4275-977c-b1c05e2cfe74,2025-05-18T17:33:28.313646,2025-06-13T17:33:28.313646,completed
f08187da-fe2a-4c02-9923-0866154e2153,Engineering - f08187,Project of type engineering,team-2,22876b6b-b117-4ea1-a148-1e2b08f25773,2025-11-21T17:33:28.313646,2026-02-02T17:33:28.313646,active
d4288578-73e7-42b4-a8d3-96ac8e30128d,Operations - d42885,Project of type operations,team-9,4859d06d-088c-489e-8ef6-7050636efb88,2025-03-12T17:33:28.313646,2025-04-15T17:33:28.313646,active
a5cb9e23-59de-40d0-820d-7a1c70ba6073,Operations - a5cb9e,Project of type operations,team-6,81ab2b0f-7cea-4d41-a9e0-cba3a4257e0e,2025-10-29T17:33:28.313646,2025-11-16T17:33:28.313646,active
badc612a-50ef-4cd5-854d-85471fa65cc7,Engineering - badc61,Project of type engineering,team-8,b6ff2733-27bf-4d5b-aa4b-14d633fef006,2025-03-29T17:33:28.313646,2025-06-16T17:33:28.313646,on_hold
ccd60b11-4621-4ff9-9b30-19d9071cf59c,Operations - ccd60b,Project of type operations,team-3,b58f04b6-0660-4a6e-95e7-881088ead4e9,2025-05-04T17:33:28.313646,2025-06-06T17:33:28.313646,on_hold
bb0025a0-02bf-496a-bb30-0a7e9260e96d,Marketing - bb0025,Project of type marketing,team-13,26bfe5ca-407c-45d8-9ac1-1f7f7e4ad7ad,2025-09-12T17:33:28.313646,2025-10-14T17:33:28.313646,active
87f43e00-2881-4e77-895a-53beb13fae06,Engineering - 87f43e,Project of type engineering,team-18,66bd1b9b-a095-414f-b07a-04ad1dd03309,2025-08-14T17:33:28.313646,2025-10-14T17:33:28.313646,completed
0e6a40b0-8555-4fb0-8bb4-e1b304f81876,Marketing - 0e6a40,Project of type marketing,team-2,9143a2fe-383c-4136-ab8f-1e20b629b7e5,2025-04-14T17:33:28.313646,2025-07-06T17:33:28.313646,active
037b6309-896e-4517-89e0-11d89bfdae1b,Marketing - 037b63,Project of type marketing,team-3,4f96987d-7cef-414d-96d7-e0d09b4b52f2,2025-08-22T17:33:28.313646,2025-11-03T17:33:28.313646,active
b9d09607-2155-43bf-add7-e060527ada37,Operations - b9d096,Project of type operations,team-19,1d972a6d-69bc-40ba-8bd3-4e014e11f032,2025-03-25T17:33:28.313646,2025-05-11T17:33:28.313646,active
ff1907b4-2d50-4b85-8349-1303e8f249fd,Marketing - ff1907,Project of type marketing,team-19,21256877-b9c7-4282-8dbb-80912eb55238,2025-06-11T17:33:28.313646,2025-06-27T17:33:28.313646,active
98e3981f-3757-451b-a9e5-32f2dc21d55d,Marketing - 98e398,Project of type marketing,team-5,01931075-b024-4314-8c66-c6f23ee495b1,2025-02-22T17:33:28.313646,2025-03-07T17:33:28.313646,completed
8c94c2c5-221f-4348-9034-563552ade7c6,Operations - 8c94c2,Project of type operations,team-17,a73c9ed5-8f2b-4944-b682-c8923ffdb49b,2025-09-07T17:33:28.313646,2025-11-03T17:33:28.313646,active
604a58d1-470a-46e1-89ce-1bbad3cae0e1,Marketing - 604a58,Project of type marketing,team-3,05d337cc-c45e-4198-8edf-aea7ee9206fd,2025-03-12T17:33:28.313646,2025-05-08T17:33:28.313646,completed
419e3034-fe1d-4d7e-ad9f-504912fbb082,Operations - 419e30,Project of type operations,team-19,b6b50bdc-f21e-4e42-b76a-a4789df55107,2025-12-09T17:33:28.313646,2026-01-16T17:33:28.313646,completed
17357c00-fb10-4301-b90a-9cc5cf901b1b,Engineering - 17357c,Project of type engineering,team-4,2e2a096a-610b-4b22-8549-2821610b5220,2025-08-17T17:33:28.313646,2025-10-26T17:33:28.313646,active
5de27aad-2dfc-4d0a-b14a-38875c32a293,Operations - 5de27a,Project of type operations,team-11,06af1332-abb4-4fc8-8d52-f34882d42bae,2025-06-14T17:33:28.313646,2025-06-27T17:33:28.313646,active
31762073-9d47-4c2a-b9e4-e93ff78b780e,Marketing - 317620,Project of type marketing,team-6,61f59397-1f6f-4b05-9d9f-e8960ba77e23,2025-10-18T17:33:28.313646,2025-10-27T17:33:28.313646,completed
84e4e9a5-6281-434a-bc89-35a9fe006c1c,Marketing - 84e4e9,Project of type marketing,team-11,2a3e3b42-b93f-4b23-b35e-f0bc46ec2fce,2025-10-13T17:33:28.313646,2026-01-02T17:33:28.313646,completed
4292e89a-03ea-4b0a-9a9c-f555fcb424cc,Operations - 4292e8,Project of type operations,team-9,d138a084-970b-4142-b3fa-a88fff91bbca,2025-11-09T17:33:28.313646,2025-12-04T17:33:28.313646,completed
bca60621-aaa6-46e2-ac7a-77cd2528bcb6,Engineering - bca606,Project of type engineering,team-3,422c9349-f18f-40d9-bdde-27aaca2f6acc,2025-10-20T17:33:28.313646,2025-12-12T17:33:28.313646,completed
7f4fc4e7-52f7-49a2-b4cb-1497e0f20c37,Engineering - 7f4fc4,Project of type engineering,team-0,e73b536d-15fe-4035-86c4-d8c9c44ebe7e,2025-02-07T17:33:28.313646,2025-05-29T17:33:28.313646,active
b42a3c7d-befb-479b-a9e8-f91d0b6c7aa2,Marketing - b42a3c,Project of type marketing,team-18,76e745c7-3955-439e-bb7d-50725aaa30cb,2025-06-26T17:33:28.313646,2025-08-08T17:33:28.313646,completed
a66f83dd-a07f-4298-8513-cb6173c41296,Engineering - a66f83,Project of type engineering,team-3,db96159b-7535-4890-9232-3327ee3186cf,2025-09-04T17:33:28.313646,2025-10-30T17:33:28.313646,active
279de315-83b0-4ad6-825b-e72c1ac8ed08,Operations - 279de3,Project of type operations,team-6,6776e304-8539-4d6a-844a-764f14aa4c66,2025-01-10T17:33:28.313646,2025-02-01T17:33:28.313646,active
8db0f35d-6a9d-41c7-a1f4-450c721936b6,Engineering - 8db0f3,Project of type engineering,team-13,d1a31e8c-5c05-43a9-8d20-991b2060b451,2025-05-07T17:33:28.313646,2025-06-08T17:33:28.313646,active
fb019e39-0d2e-415c-80cd-589941d4e391,Marketing - fb019e,Project of type marketing,team-18,83cf7dd5-f8f2-4910-8eb2-7ed8a79e4892,2025-08-09T17:33:28.313646,2025-09-24T17:33:28.313646,completed
9a0256a0-1fc1-4d7b-84b3-7fdd43890b83,Engineering - 9a0256,Project of type engineering,team-4,7c42d4ad-889f-437f-a0d2-f8d92518ce4e,2025-07-29T17:33:28.313646,2025-09-28T17:33:28.313646,completed
9467ea50-84ca-40df-8d26-6c530497eb4c,Marketing - 9467ea,Project of type marketing,team-15,724bfd25-d8f7-412d-b1fe-92f5d43f9062,2025-05-30T17:33:28.313646,2025-06-06T17:33:28.313646,active
9e82cefe-873b-40e7-ab9e-03d5f4a93448,Engineering - 9e82ce,Project of type engineering,team-16,a8f0bc1b-b46f-43c1-a911-1348cd6f001d,2025-11-05T17:33:28.313646,2026-02-20T17:33:28.313646,active
fcb72c8d-2794-400c-a25d-fbb6cb624841,Engineering - fcb72c,Project of type engineering,team-19,019ee36f-b125-478b-8d04-7fc4baae9f4a,2025-09-18T17:33:28.313646,2026-01-08T17:33:28.313646,on_hold
a1d705e0-20d2-4e5b-adcb-8eaaa6817d9d,Operations - a1d705,Project of type operations,team-10,b3df735e-c8ee-465a-82f5-f17885dc1649,2025-01-20T17:33:28.313646,2025-02-07T17:33:28.313646,active
13411f3a-1f2c-4e2f-b23e-cedc65654d58,Engineering - 13411f,Project of type engineering,team-0,8a8ceb03-2472-446d-8656-8f5bab3ac39c,2025-07-24T17:33:28.313646,2025-09-03T17:33:28.313646,on_hold
87494b08-3b82-4db7-b446-81754cdc1b04,Operations - 87494b,Project of type operations,team-3,a72df9c5-0340-41a9-a9bc-03ab61a40148,2025-08-19T17:33:28.313646,2025-09-10T17:33:28.313646,completed
63a105b0-867a-4bc8-b6a8-acbad222313b,Marketing - 63a105,Project of type marketing,team-6,21bef104-7e72-417d-b213-dc17747432e2,2025-08-22T17:33:28.313646,2025-11-09T17:33:28.313646,active
9b386977-69be-4f26-b763-7ce77fddad38,Marketing - 9b3869,Project of type marketing,team-7,38441f00-4494-4ebd-9c22-7d487585fcb0,2025-06-25T17:33:28.313646,2025-07-18T17:33:28.313646,active
8753c2b5-df60-4ba5-a247-632ebf465ac7,Marketing - 8753c2,Project of type marketing,team-14,19c1469b-8f7f-4e59-8daf-55cd0bb23ce1,2025-02-26T17:33:28.313646,2025-03-20T17:33:28.313646,completed
b58c9692-2582-4d28-9b41-d481212fd90a,Marketing - b58c96,Project of type marketing,team-1,d6cf0d87-f5ce-462d-8a70-dd3810aaf753,2025-06-28T17:33:28.313646,2025-07-19T17:33:28.313646,active
3be73ba9-7e26-4194-99c6-71467486cc13,Operations - 3be73b,Project of type operations,team-17,02b08570-e0b6-4537-b059-ce0e70105aed,2025-06-12T17:33:28.313646,2025-07-09T17:33:28.313646,on_hold
a7ec6b4e-84ee-4474-bcf8-bd8ebad4e855,Marketing - a7ec6b,Project of type marketing,team-18,f6ccebd0-4928-4d53-987c-d9b4b62bc7a5,2025-10-04T17:33:28.313646,2025-11-06T17:33:28.313646,active
0dbe48fd-5168-4afa-a267-d5d2c371c990,Operations - 0dbe48,Project of type operations,team-12,4c3c634e-06e4-4310-8aed-7860c03291b6,2025-11-27T17:33:28.313646,2026-01-14T17:33:28.313646,on_hold
b02e6ad0-2ab9-41cb-9097-cd8fffb56611,Operations - b02e6a,Project of type operations,team-17,4da60ebe-d16a-4365-a053-562399cb0e82,2025-06-13T17:33:28.313646,2025-06-27T17:33:28.313646,active
de915efe-78a6-49d9-9794-f0664d7c72c7,Operations - de915e,Project of type operations,team-13,b652ec7d-b6ef-4858-8d8e-91714121d1f7,2025-04-26T17:33:28.313646,2025-05-06T17:33:28.313646,active
d7ddc42e-fd31-4276-8001-3daf45fc8dab,Engineering - d7ddc4,Project of type engineering,team-6,c5c77e57-ad86-417f-9d3c-fefbeb692fb3,2025-03-13T17:33:28.313646,2025-05-19T17:33:28.313646,active
682f3ed3-7e6c-4e59-9a2b-811990cf159f,Operations - 682f3e,Project of type operations,team-13,03bdabf4-56bd-494a-ba21-52c0f16fa49f,2025-03-04T17:33:28.313646,2025-04-12T17:33:28.313646,completed
bfda3e4e-f74e-4df7-bfe6-aa2829405d26,Marketing - bfda3e,Project of type marketing,team-6,043a9d4b-acab-4e72-971a-5363123a3370,2025-10-24T17:33:28.313646,2026-01-02T17:33:28.313646,active
ad2b9839-ff31-4c77-af41-dc171021607f,Engineering - ad2b98,Project of type engineering,team-10,80f903a1-f1b7-40db-a44d-a4cb0c48fe93,2025-07-14T17:33:28.313646,2025-11-07T17:33:28.313646,active
0157a7ff-ebe6-49d8-9972-1b0d03fcb2b8,Operations - 0157a7,Project of type operations,team-10,b927f6c8-6311-4afe-bfcf-78e718f34ac1,2025-12-20T17:33:28.313646,2026-01-25T17:33:28.313646,completed
4a604c9b-819f-40f6-ab53-8a9f87562765,Marketing - 4a604c,Project of type marketing,team-0,da1d1614-780d-4ec0-99f1-2fe37a9a1cb7,2025-08-07T17:33:28.313646,2025-10-17T17:33:28.313646,active
3d8bd4a2-9bce-4bcd-9359-4992f31d1825,Operations - 3d8bd4,Project of type operations,team-4,4f6cf8ff-e81e-4373-912e-fc1941ef0b6b,2025-04-10T17:33:28.313646,2025-06-08T17:33:28.313646,active
c389fda3-17cb-4cc1-a788-6ec8038fbf1e,Operations - c389fd,Project of type operations,team-12,5b7f1bbd-006d-410c-b15c-b3b159a5dcb2,2025-03-13T17:33:28.313646,2025-04-27T17:33:28.313646,active
d9b5fe84-7173-4b5e-b4df-8f5a593b26da,Engineering - d9b5fe,Project of type engineering,team-1,93089139-2d8f-41a9-8690-cb393aa0a611,2025-03-31T17:33:28.313646,2025-07-29T17:33:28.313646,active
91fd57e3-081c-4daf-a6a8-182b06530405,Operations - 91fd57,Project of type operations,team-8,cb0a4ba4-3fae-4c69-a803-513849b9163d,2025-12-19T17:33:28.313646,2026-01-05T17:33:28.313646,active
2b26da98-4789-41b5-be8d-31200d0422b4,Marketing - 2b26da,Project of type marketing,team-1,c3abaa5b-4feb-4db3-8e10-395953812e46,2025-05-06T17:33:28.313646,2025-06-03T17:33:28.313646,completed
879b071d-9459-4f3d-bead-6563abccc3ea,Operations - 879b07,Project of type operations,team-15,2eb466d3-9150-4195-9c53-ada50703e1c6,2025-07-06T17:33:28.313646,2025-07-22T17:33:28.313646,active
82935ceb-e850-4843-8afd-d9b59c6a6322,Operations - 82935c,Project of type operations,team-9,304de00c-79d9-4f33-a8a9-1c9a4e0066b3,2025-04-16T17:33:28.313646,2025-04-30T17:33:28.313646,active
3999688c-601c-4c97-8452-d51fd6af21e3,Engineering - 399968,Project of type engineering,team-17,10c233a5-6d43-413a-bd0d-e4b693ce5c6a,2025-10-16T17:33:28.313646,2026-02-03T17:33:28.313646,completed
38363668-0612-4511-b987-2ded873b6e9b,Engineering - 383636,Project of type engineering,team-10,cee7ab32-e16d-4b8c-8a53-e9aee9760394,2025-12-08T17:33:28.313646,2025-12-30T17:33:28.313646,active
134a49a3-b4f5-4bc7-b017-bbd3c01bf09e,Marketing - 134a49,Project of type marketing,team-12,81f7be68-42cb-4009-b696-932637546b59,2025-03-03T17:33:28.313646,2025-04-17T17:33:28.313646,on_hold
b17c5fe7-cc31-46f0-a1de-accaaffb6806,Engineering - b17c5f,Project of type engineering,team-11,d296eb05-0320-4ac4-8d92-deac0aa1df84,2025-09-18T17:33:28.313646,2026-01-09T17:33:28.313646,active
08d9b381-d899-49ed-b8c8-57a11fb94965,Engineering - 08d9b3,Project of type engineering,team-5,41aaf7e2-bb6a-4fdc-a9a4-d88b0210bab5,2025-11-03T17:33:28.313646,2026-02-03T17:33:28.313646,active
709584d4-25e0-437f-a8ce-daba510ecba9,Marketing - 709584,Project of type marketing,team-17,f90d2220-0b2f-43f1-ae52-a6180e1e88f8,2025-09-09T17:33:28.313646,2025-10-14T17:33:28.313646,active
61e89a5d-4897-4814-80a9-1027fcb7459f,Marketing - 61e89a,Project of type marketing,team-15,4f737774-6be3-47ef-a9b4-55590f96bb74,2025-10-09T17:33:28.313646,2025-10-16T17:33:28.313646,active
080c16d5-eef0-4686-9183-4996cfe2f7e1,Engineering - 080c16,Project of type engineering,team-11,c0897420-d521-4c22-9f92-d1892c70d2f1,2025-11-17T17:33:28.313646,2026-01-15T17:33:28.313646,active
b5a5885e-29f4-45be-94a2-7531feacd260,Engineering - b5a588,Project of type engineering,team-5,48554fa1-6ae8-4bfe-a425-e40dabe5a79b,2025-03-10T17:33:28.313646,2025-03-30T17:33:28.313646,active
2f454d1a-0dcb-4f44-9df3-c35248c40f78,Operations - 2f454d,Project of type operations,team-1,505a1c1c-271f-4b01-9e2b-bc02aa98f584,2025-12-08T17:33:28.313646,2026-01-08T17:33:28.313646,completed
aeb6c434-5456-465b-b90e-364cd7208714,Engineering - aeb6c4,Project of type engineering,team-4,65577b97-f1e4-4a47-bbc4-56c7e776f38a,2025-06-07T17:33:28.313646,2025-06-22T17:33:28.313646,active
a816fe13-c8b3-4a5e-8233-f6c58024dfde,Marketing - a816fe,Project of type marketing,team-17,2403ea9c-2096-4d7d-b24c-f96dc8c3e619,2025-01-12T17:33:28.313646,2025-02-28T17:33:28.313646,active
830cc580-da26-4650-9477-83ab62596b14,Marketing - 830cc5,Project of type marketing,team-19,fe508f0d-8187-489b-bfdd-d981d8db67dc,2025-07-26T17:33:28.313646,2025-08-31T17:33:28.313646,active
6058ef0f-97ff-4a02-84be-5a6f71255fb0,Engineering - 6058ef,Project of type engineering,team-16,224fd767-a7a9-458d-8f90-5d2eecde12d5,2025-12-19T17:33:28.313646,2026-03-10T17:33:28.313646,active
dab94311-5f84-487c-8d7f-7e14b5b20bc7,Marketing - dab943,Project of type marketing,team-18,eac589b1-5158-4e76-b1ad-a9bd079e9aa2,2025-12-05T17:33:28.313646,2025-12-30T17:33:28.313646,completed
b88647be-0fbb-4408-835c-49064fc5be63,Marketing - b88647,Project of type marketing,team-15,297c8aeb-d788-4aba-b548-6778c0623b21,2025-06-03T17:33:28.313646,2025-08-22T17:33:28.313646,active
27bbbb76-d4d7-4382-a619-747cfe25c1c0,Marketing - 27bbbb,Project of type marketing,team-8,96dc4aef-9ea5-46b1-99a1-2c9b2a719ad1,2025-09-20T17:33:28.313646,2025-12-02T17:33:28.313646,active
5a163fbc-6469-4671-a29b-d40b91dbfef1,Operations - 5a163f,Project of type operations,team-0,3f046baa-083c-430b-a14f-c44103fa79cb,2025-01-20T17:33:28.313646,2025-02-05T17:33:28.313646,active
0d9aba3a-25e2-4572-9343-fb08285187cc,Operations - 0d9aba,Project of type operations,team-12,5a5967ad-5e2a-450c-b119-d004835fe5a3,2025-09-24T17:33:28.313646,2025-11-06T17:33:28.313646,completed
cebd9326-8b99-4e15-9f1e-3b4a0f116936,Engineering - cebd93,Project of type engineering,team-11,af741689-2885-4544-9f16-aab41e46bf82,2025-06-30T17:33:28.313646,2025-09-30T17:33:28.313646,on_hold
e54da346-9311-40f4-9457-5f4ff27fd2ee,Engineering - e54da3,Project of type engineering,team-5,f0f54ca3-e3c0-47e2-b1ae-6e9a3783d265,2025-08-08T17:33:28.313646,2025-09-23T17:33:28.313646,active
a0961a27-7dc4-4ea6-ac98-010bde8ec4a0,Operations - a0961a,Project of type operations,team-17,45af6985-b57a-41f5-9dbd-10974b7f77a3,2025-10-11T17:33:28.313646,2025-10-20T17:33:28.313646,completed
83c415ba-b8cc-4e02-9b55-72da9f4108e0,Engineering - 83c415,Project of type engineering,team-15,5477d8af-8419-46fa-8695-390692a69102,2025-07-15T17:33:28.313646,2025-10-05T17:33:28.313646,on_hold
0ac1ff98-4a51-4821-978b-6a7e359bbaec,Engineering - 0ac1ff,Project of type engineering,team-15,b1e73515-8924-4e85-8824-48bd9c82ce62,2025-03-15T17:33:28.313646,2025-05-03T17:33:28.313646,active
6312d38d-237b-4c6f-b67a-99087569a071,Marketing - 6312d3,Project of type marketing,team-7,ba882df3-7fef-4ee8-9711-b058e94ccbe8,2025-01-28T17:33:28.313646,2025-04-10T17:33:28.313646,completed
705e581a-4776-43b0-a7ac-a7f27bce01dd,Operations - 705e58,Project of type operations,team-10,202af98c-f8d3-4263-a10d-a359d9b7187a,2025-03-13T17:33:28.313646,2025-04-13T17:33:28.313646,active
fca0d94d-2acc-4212-96d5-0148094ae92c,Engineering - fca0d9,Project of type engineering,team-8,fd0b7ce4-16f0-4882-9829-258be0857268,2025-02-20T17:33:28.313646,2025-03-09T17:33:28.313646,completed
bd59ab4a-b676-43be-afe8-a420533cbb31,Engineering - bd59ab,Project of type engineering,team-9,5b5b07fe-a577-47c0-bd07-82941bcd1c1b,2025-07-21T17:33:28.313646,2025-11-10T17:33:28.313646,completed
ee96231c-1745-469d-b793-d6eaa8438d7d,Marketing - ee9623,Project of type marketing,team-10,fee1823b-d7d2-4af5-b797-b6d71f4033a1,2025-03-03T17:33:28.313646,2025-05-22T17:33:28.313646,active
e862377a-2ad2-45d3-9d4f-8ebe00639328,Operations - e86237,Project of type operations,team-5,56f52ad6-d4db-48e9-b933-1001e57f5a98,2025-06-28T17:33:28.313646,2025-07-08T17:33:28.313646,completed
1173a038-681c-414c-aff5-bea10327b92c,Marketing - 1173a0,Project of type marketing,team-13,2efe7e93-e921-4e43-b134-5fe7dcd116b3,2025-06-02T17:33:28.313646,2025-07-21T17:33:28.313646,active
b2cf5aab-6b33-4fd0-896b-c110cf86f31c,Engineering - b2cf5a,Project of type engineering,team-0,e04bd864-8f0d-45d1-909f-4579daba41bd,2025-06-11T17:33:28.313646,2025-06-30T17:33:28.313646,active
f2b235a3-05ed-4d6d-92fe-2d1613ce9519,Marketing - f2b235,Project of type marketing,team-7,c9ef857b-2142-4d1f-b977-a27d557d3787,2025-11-09T17:33:28.313646,2026-01-13T17:33:28.313646,active
a8429b06-d4ff-4b3e-a9b1-1b6808d9b5f3,Engineering - a8429b,Project of type engineering,team-1,ef526282-7caa-40ef-8710-e2e24c635f74,2025-09-13T17:33:28.313646,2025-11-01T17:33:28.313646,active
56187561-f330-44f0-bc2d-3721f7ac47e1,Operations - 561875,Project of type operations,team-7,7e59243c-0202-4c44-8d65-cc74ae0e2fc5,2025-11-08T17:33:28.313646,2026-01-04T17:33:28.313646,active
4b7bc355-a305-4cd2-991a-c5b663a9c816,Marketing - 4b7bc3,Project of type marketing,team-19,8e8a8c6b-c6dd-4e7b-9a61-b361a59a17fb,2025-07-15T17:33:28.313646,2025-08-18T17:33:28.313646,active
2a2adf2c-e32a-4795-86ef-475b513b0b99,Marketing - 2a2adf,Project of type marketing,team-14,ef3a844c-a06f-4aff-877d-2c8b259b173d,2025-03-11T17:33:28.313646,2025-05-29T17:33:28.313646,active
e896a069-edd2-4edd-8839-6185bdf43e20,Operations - e896a0,Project of type operations,team-12,86ffe3bd-aa39-43fe-aae1-f757b04f0fa3,2025-08-24T17:33:28.313646,2025-09-01T17:33:28.313646,active
8235ddb0-0e45-40eb-888b-ada4e9273bef,Engineering - 8235dd,Project of type engineering,team-8,f02e10df-fc6d-45e9-a828-32ad5705ed84,2025-06-24T17:33:28.313646,2025-08-21T17:33:28.313646,active
775be713-384a-40de-a878-b526af702050,Marketing - 775be7,Project of type marketing,team-5,e802bd57-581e-4343-96ac-69efdc3482ab,2025-03-11T17:33:28.313646,2025-03-27T17:33:28.313646,completed
70d2994a-02a7-48ac-8445-049756305efe,Marketing - 70d299,Project of type marketing,team-13,eb00201c-172a-42db-9172-fce1c0abea19,2025-07-10T17:33:28.313646,2025-09-14T17:33:28.313646,active
488fd102-ae62-431d-9294-0a85a32ed18a,Operations - 488fd1,Project of type operations,team-6,b858814a-921a-4ac1-b26f-cc9cb784fc2b,2025-11-28T17:33:28.313646,2025-12-10T17:33:28.313646,completed
6985a0a7-b25d-4f1f-9dea-9ee103cc151f,Marketing - 6985a0,Project of type marketing,team-6,4f6cf8ff-e81e-4373-912e-fc1941ef0b6b,2025-03-18T17:33:28.313646,2025-05-04T17:33:28.313646,active
617a9db6-8a5d-4f4f-bffd-d6d9fe377c4d,Marketing - 617a9d,Project of type marketing,team-19,2ae16c81-0431-47e8-97f8-82ed77d80a72,2025-02-08T17:33:28.313646,2025-03-22T17:33:28.313646,active
9c80fa8f-2aba-4ef3-888d-f57f7a293171,Engineering - 9c80fa,Project of type engineering,team-9,7f5adab8-d52d-4c33-ade8-024ef70cb719,2025-12-02T17:33:28.313646,2026-01-01T17:33:28.313646,completed
b41d15f9-0da4-4108-9106-2c24c20c25d1,Engineering - b41d15,Project of type engineering,team-15,c65fd236-8e74-42e3-b9a2-0abf0ac00afe,2025-07-27T17:33:28.313646,2025-09-01T17:33:28.313646,active
3bcf27b6-2a33-4d55-a734-61f7185dc27a,Operations - 3bcf27,Project of type operations,team-1,18a6e42a-5c9d-4608-bbcf-046c52d7cfd7,2025-11-17T17:33:28.313646,2025-11-30T17:33:28.313646,active
cb63a136-7253-4304-ad4e-dde64c516df7,Operations - cb63a1,Project of type operations,team-15,cde2a3cd-1899-4415-a29e-3401defc162e,2025-01-08T17:33:28.313646,2025-01-20T17:33:28.313646,active
79210d88-d600-4918-b09b-654f16adfb76,Marketing - 79210d,Project of type marketing,team-4,0615aba1-20e1-4829-b1ff-62f5861f8056,2025-09-10T17:33:28.313646,2025-11-16T17:33:28.313646,active
55f4bfa3-2a8d-4b34-b505-ae3435d38a6d,Marketing - 55f4bf,Project of type marketing,team-17,20e5f23a-913f-4920-bc46-e3900f83e07c,2025-03-06T17:33:28.313646,2025-05-18T17:33:28.313646,active
e4fbc9f9-ce1e-4ea5-9e99-f67af24f2b31,Marketing - e4fbc9,Project of type marketing,team-15,1c4b9db2-5fde-4161-8e5b-283bf38097ee,2025-01-22T17:33:28.313646,2025-02-27T17:33:28.313646,completed
9ca0215e-932c-4ce9-8bc4-1fd5543f940d,Engineering - 9ca021,Project of type engineering,team-9,a83378c8-e1fd-4ae9-ad75-a7a3a9010e25,2025-05-23T17:33:28.313646,2025-06-07T17:33:28.313646,active
97ddb78a-4719-4062-8230-924ac1142368,Marketing - 97ddb7,Project of type marketing,team-10,7102968c-8222-47c9-bdba-735ece0b1c4d,2025-12-29T17:33:28.313646,2026-03-21T17:33:28.313646,active
edcd5177-a2a3-4068-bf65-a286a2556df9,Operations - edcd51,Project of type operations,team-19,30c6a995-4d6b-437a-a679-a7669385741d,2025-03-19T17:33:28.313646,2025-04-25T17:33:28.313646,active
70b74b73-6eae-43b9-81df-f5463a29870c,Marketing - 70b74b,Project of type marketing,team-13,5a15cabe-d511-4bdc-aebf-713d1b29ffa9,2025-01-08T17:33:28.313646,2025-01-25T17:33:28.313646,completed
a8a8f144-7a93-4b0d-bdca-de4b25e0694f,Marketing - a8a8f1,Project of type marketing,team-5,654b06b6-b519-4857-95c1-81bc243f0d2f,2025-02-06T17:33:28.313646,2025-02-14T17:33:28.313646,completed
a512e01b-6015-4637-a809-cc0d4475e707,Engineering - a512e0,Project of type engineering,team-19,06aec7c5-7787-4a47-bb0e-28198ef387a0,2025-12-12T17:33:28.313646,2026-01-27T17:33:28.313646,active
70bde70e-fcc8-47e5-b97d-73bf3c43f967,Engineering - 70bde7,Project of type engineering,team-1,b93f1ab1-9387-4609-9378-98b84e792545,2025-04-27T17:33:28.313646,2025-06-29T17:33:28.313646,active
32ae3421-4197-4905-9a64-86cb52708684,Engineering - 32ae34,Project of type engineering,team-18,c9fc60b0-85fa-4501-88b5-4f2273a9fb2c,2025-10-16T17:33:28.313646,2026-02-05T17:33:28.313646,active
f7fe8316-6964-4ddf-bbc8-f2aa23a4b7db,Engineering - f7fe83,Project of type engineering,team-1,5785bc06-9c36-4a8c-a4d9-3c7d04256d67,2025-04-30T17:33:28.313646,2025-08-24T17:33:28.313646,completed
8f3aff82-bf8b-4fed-b53d-d8b3c7f43e88,Operations - 8f3aff,Project of type operations,team-9,7d51865a-2019-46fb-a6ed-e6f718b56e26,2025-03-19T17:33:28.313646,2025-04-17T17:33:28.313646,active
a9ee8e8b-1e4c-4f08-8b0b-5be0b4cb2621,Operations - a9ee8e,Project of type operations,team-3,96975488-f052-4d49-851e-a81710441f1c,2025-04-10T17:33:28.313646,2025-05-21T17:33:28.313646,active
b248a19c-0d8c-4b7d-83e7-85a9f7b00960,Marketing - b248a1,Project of type marketing,team-1,e367cfa7-63ce-4bd3-840c-80b49b4c7c37,2025-10-31T17:33:28.313646,2026-01-22T17:33:28.313646,active
7c40fe32-4189-4159-a46d-c16f4d19b857,Engineering - 7c40fe,Project of type engineering,team-5,cc9a7716-500f-4c0c-a1bc-607526d61db8,2025-12-07T17:33:28.313646,2026-01-29T17:33:28.313646,active
1d48b491-5e93-4565-a59c-122cf3149ece,Marketing - 1d48b4,Project of type marketing,team-10,fdec62b5-b485-4234-9265-564d0a3351f1,2025-11-16T17:33:28.313646,2026-02-11T17:33:28.313646,completed
bdf5b67c-1cee-48fb-8152-6c2af83c53f6,Operations - bdf5b6,Project of type operations,team-3,fa1524e1-6ae5-4707-9084-52ffeb8ae1f8,2025-10-01T17:33:28.313646,2025-11-20T17:33:28.313646,active
b0b291e9-0b65-47db-abda-63a3f896748b,Operations - b0b291,Project of type operations,team-4,d0030e82-33e9-4ac9-9c18-36f99adf0a75,2025-08-01T17:33:28.313646,2025-08-31T17:33:28.313646,active
096c543d-2bbc-4934-aa45-1ebb2f2d3a61,Marketing - 096c54,Project of type marketing,team-11,c7fcc907-e3c1-4216-a70c-63fb6977306a,2025-12-07T17:33:28.313646,2026-02-08T17:33:28.313646,completed
5519d473-6868-4184-b3a8-636c8a54d2de,Marketing - 5519d4,Project of type marketing,team-0,eca9e40f-3801-4db4-bc46-f92a9f6e359f,2025-03-09T17:33:28.313646,2025-03-18T17:33:28.313646,active
f5b5b496-dd74-490f-bcab-fa5ab8134b5f,Engineering - f5b5b4,Project of type engineering,team-1,e83315d6-327a-4294-bf39-a08fa608852f,2025-03-13T17:33:28.313646,2025-05-19T17:33:28.313646,active
f44a67b3-0cdd-4929-94e3-721ec4bbcea2,Marketing - f44a67,Project of type marketing,team-3,82445950-24f1-44da-8bb4-7779553ee541,2025-01-16T17:33:28.313646,2025-02-05T17:33:28.313646,completed
cbcd8571-34c1-434d-9179-7fdbfc516579,Engineering - cbcd85,Project of type engineering,team-13,ff0bd96d-2167-4ef5-ae3d-fb6e21da1e21,2025-08-18T17:33:28.313646,2025-11-26T17:33:28.313646,active
29417ffb-d575-4fb4-ac57-9b94031c18aa,Marketing - 29417f,Project of type marketing,team-9,9df276ee-6b78-45d1-b792-401da6b5e4e6,2025-11-02T17:33:28.313646,2025-12-05T17:33:28.313646,completed
64ab2c87-51f1-4cc0-ad64-e85c7b56f447,Engineering - 64ab2c,Project of type engineering,team-15,60c8510e-e8db-4911-822d-faac955d501c,2025-01-12T17:33:28.313646,2025-03-13T17:33:28.313646,active
c9d151de-26b0-4d74-97a2-583a84c26b97,Engineering - c9d151,Project of type engineering,team-16,6b79c2e8-a5de-4877-bd14-03e55a4268de,2025-12-04T17:33:28.313646,2026-03-31T17:33:28.313646,active
90d065a4-c8da-411f-aa7a-f51b435f208c,Engineering - 90d065,Project of type engineering,team-1,eabcdc23-d1e3-4e5b-a8e2-a109ead4d898,2025-09-04T17:33:28.313646,2025-11-28T17:33:28.313646,active
92e55d12-d98f-4c46-87b0-0028a9035a78,Engineering - 92e55d,Project of type engineering,team-15,de14f3e2-5f4c-4276-9c6e-f0a9431a6aba,2025-07-11T17:33:28.313646,2025-08-01T17:33:28.313646,active
7d595da7-8eac-4c8c-a0f9-d90e2e9ad1f6,Engineering - 7d595d,Project of type engineering,team-8,e8330790-da58-4356-bf07-6caa1f256635,2025-04-20T17:33:28.313646,2025-06-12T17:33:28.313646,on_hold
502e77cc-7e72-45d2-9e60-fc188f9179fd,Marketing - 502e77,Project of type marketing,team-5,e6cace6d-75bb-430a-bc4c-5974db972100,2025-02-26T17:33:28.313646,2025-05-25T17:33:28.313646,completed
1d93689b-b359-40d2-ace8-ce0fcdcf3073,Engineering - 1d9368,Project of type engineering,team-6,d5e9eac4-8003-4ece-a407-3781ed675c11,2025-05-21T17:33:28.313646,2025-08-28T17:33:28.313646,active
a3d9c3d0-f8fe-4381-b65e-d4fb7ab60e3a,Marketing - a3d9c3,Project of type marketing,team-6,7b38bacc-d00f-402c-b2d7-40125f5629af,2025-09-09T17:33:28.313646,2025-12-03T17:33:28.313646,active
b70584d2-d4dc-469c-a9f4-ebaeb39de991,Operations - b70584,Project of type operations,team-16,87b3d301-8041-4a74-95c4-130de53e7e51,2025-07-02T17:33:28.313646,2025-07-13T17:33:28.313646,active
7ec12d37-efee-473a-9945-ca65c2e7417e,Engineering - 7ec12d,Project of type engineering,team-1,9f3b847d-10c6-4c27-a48d-b9fc154d7f92,2025-02-26T17:33:28.313646,2025-06-05T17:33:28.313646,completed
a6649f04-53ac-497a-ad49-c343f38dcf2a,Engineering - a6649f,Project of type engineering,team-0,c9443ff7-5dd6-4287-9c57-c85986e307c5,2025-03-25T17:33:28.313646,2025-05-30T17:33:28.313646,active
0f1b6bef-d946-42e5-89c1-f9b834df4fe7,Operations - 0f1b6b,Project of type operations,team-16,d285f4e7-624e-4e36-820a-92415d0aed12,2025-01-19T17:33:28.313646,2025-03-03T17:33:28.313646,active
07519b69-42b3-47a8-8b4c-9c2d5fed9d6c,Marketing - 07519b,Project of type marketing,team-12,a998121a-4c44-4009-9c0d-bf39cf3ebc59,2025-10-07T17:33:28.313646,2025-12-12T17:33:28.313646,active
2eb07519-d9a5-43a4-9dda-186543bd7b0c,Engineering - 2eb075,Project of type engineering,team-5,5cd392c6-eb48-4381-93b6-eaa426a4baaf,2025-11-09T17:33:28.313646,2026-01-13T17:33:28.313646,active
5bfe4f8d-d9b7-44ff-b128-7f405bda1205,Marketing - 5bfe4f,Project of type marketing,team-6,9aecf936-373b-465a-a43b-62bde039c60a,2025-01-11T17:33:28.313646,2025-03-17T17:33:28.313646,active
d184227c-97c3-4f51-821b-864eca4cf229,Marketing - d18422,Project of type marketing,team-17,f8770a12-2670-49c7-95cd-a92b464e071b,2025-02-03T17:33:28.313646,2025-02-10T17:33:28.313646,active
bd0c48b4-bf54-4b2a-aadf-9cb3451e5cce,Engineering - bd0c48,Project of type engineering,team-3,4371fa16-9ce7-4eeb-a1a8-31d3f13ea0fd,2025-10-11T17:33:28.313646,2026-01-26T17:33:28.313646,active
c920909f-e180-4ca5-b351-66f71e4ca8e5,Marketing - c92090,Project of type marketing,team-6,57aae1bd-8e67-45dd-8ae5-2d453021e6a7,2025-05-09T17:33:28.313646,2025-05-20T17:33:28.313646,on_hold
7af13493-e0bc-4bb2-b038-fbaa396273a7,Engineering - 7af134,Project of type engineering,team-18,3aa877e9-b619-4cd5-8e4b-4c4e06bc117c,2025-11-20T17:33:28.313646,2026-02-02T17:33:28.313646,active
84043e20-077e-4c87-a75b-c9face329f93,Marketing - 84043e,Project of type marketing,team-1,a56ace61-1daa-4d2d-a98b-bb8e5de8a268,2025-03-04T17:33:28.313646,2025-04-14T17:33:28.313646,active
5d71a5b2-7cba-4e5c-bf62-3d5dfd67c558,Marketing - 5d71a5,Project of type marketing,team-7,eebaba91-a51a-4912-afeb-2d5aaf6d35ca,2025-05-02T17:33:28.313646,2025-06-29T17:33:28.313646,on_hold
330e9a3b-b507-4ebb-b048-efa064380786,Marketing - 330e9a,Project of type marketing,team-12,6fb2c165-9699-4af4-9358-d9c9b02b8ab7,2025-03-15T17:33:28.313646,2025-04-01T17:33:28.313646,active
5d1a02e2-d8ab-4b2a-adf4-5969b57da7cc,Operations - 5d1a02,Project of type operations,team-11,344bec38-ca38-4537-a72a-4ae108d82273,2025-02-24T17:33:28.313646,2025-04-11T17:33:28.313646,active
170fb4f9-3b57-4817-a97e-714c011e282a,Engineering - 170fb4,Project of type engineering,team-17,b9d34026-ef69-4771-950d-67bc7eb98e61,2025-07-17T17:33:28.313646,2025-09-12T17:33:28.313646,completed
c8846818-51cc-4cd8-89f7-949c30a07e06,Operations - c88468,Project of type operations,team-3,423f7272-59cf-4c81-a0c4-a0c8eae1756e,2025-10-17T17:33:28.313646,2025-11-03T17:33:28.313646,active
989d5b83-1aac-49d4-a0a2-2434b431d252,Marketing - 989d5b,Project of type marketing,team-4,c843df52-2e4e-4984-9457-5386abc06acd,2025-07-06T17:33:28.313646,2025-09-22T17:33:28.313646,active
303dd9df-3e0d-4833-ae6c-100f64ed3047,Marketing - 303dd9,Project of type marketing,team-6,c960c815-c439-4654-8fca-2b728c59f51f,2025-11-05T17:33:28.313646,2026-01-03T17:33:28.313646,active
8084e320-636b-4267-afcf-c0e57fba14e8,Operations - 8084e3,Project of type operations,team-12,36b739fe-234b-428d-bfce-59d972d1b0b3,2025-09-23T17:33:28.313646,2025-11-17T17:33:28.313646,active
2333cbae-fe91-43c8-9316-5f67a53f2d39,Engineering - 2333cb,Project of type engineering,team-15,4abd85e6-ce1f-41df-ba81-20786a663e6e,2025-04-20T17:33:28.313646,2025-05-13T17:33:28.313646,active
6800440a-20fe-4de2-b026-45ee4009fc68,Operations - 680044,Project of type operations,team-2,4b6f92b4-c91d-45dc-b64d-b6d82adee052,2025-08-15T17:33:28.313646,2025-08-31T17:33:28.313646,active
c4bd72a4-83b7-4919-82f5-871e2d018b85,Engineering - c4bd72,Project of type engineering,team-9,45b550af-5b36-4ccf-bf1a-ed44a2922864,2025-09-20T17:33:28.313646,2026-01-04T17:33:28.313646,completed
33520e5d-32aa-422e-a8bd-af3a69abb599,Operations - 33520e,Project of type operations,team-16,1b209328-7d8e-4162-b4f7-77ee767572e5,2025-12-24T17:33:28.313646,2026-01-03T17:33:28.313646,on_hold
287ed2bf-8440-4968-8691-f92073509fca,Marketing - 287ed2,Project of type marketing,team-4,2d98c1ce-7f08-413a-9175-e8457a888697,2025-12-02T17:33:28.313646,2025-12-27T17:33:28.313646,completed
dfe93bbf-e015-44ab-8ceb-2d1670b69e8c,Engineering - dfe93b,Project of type engineering,team-19,87d899a0-241c-45fc-abed-47541befb0d3,2025-11-27T17:33:28.313646,2026-03-05T17:33:28.313646,completed
c5b9a25b-755c-489e-b4e2-f944930b1c39,Operations - c5b9a2,Project of type operations,team-19,1e757b58-b770-46b3-982f-bf5743680e34,2025-06-08T17:33:28.313646,2025-07-07T17:33:28.313646,completed
6cbbf3eb-f989-44bb-bb28-724740937069,Operations - 6cbbf3,Project of type operations,team-0,431977bf-ca4a-42c9-84e4-82611b5f897f,2025-07-19T17:33:28.313646,2025-07-26T17:33:28.313646,active
434fe843-c099-4024-aa3c-2d46751e4141,Engineering - 434fe8,Project of type engineering,team-7,ae16ead4-413a-457b-b44c-92b87b84e20f,2025-05-14T17:33:28.313646,2025-08-01T17:33:28.313646,active
43fa2caf-2558-4b57-8187-c85a8c9cf5eb,Marketing - 43fa2c,Project of type marketing,team-2,8d1e250a-3aa1-4bc8-b6aa-7eee964b67e3,2025-07-21T17:33:28.313646,2025-10-17T17:33:28.313646,active
fc688a10-68f4-4ff0-baa7-abcd0ac236f5,Operations - fc688a,Project of type operations,team-4,fe8af865-f4d6-44fd-b09a-71d419856cb4,2025-04-27T17:33:28.313646,2025-06-24T17:33:28.313646,active
023312e9-ce44-4dfc-a9a5-8768fe33b844,Operations - 023312,Project of type operations,team-17,62442392-2442-4433-8974-845f9fe265da,2025-06-08T17:33:28.313646,2025-07-24T17:33:28.313646,active
018b6cc1-21d7-4db0-b521-c7b5c2b83ce7,Marketing - 018b6c,Project of type marketing,team-14,0ec4ce79-8397-48ce-a1b2-95408e1dfaa9,2025-09-27T17:33:28.313646,2025-10-14T17:33:28.313646,active
39ea077c-0b5e-4fa0-8464-8e947d365961,Engineering - 39ea07,Project of type engineering,team-18,6913a647-356e-4bb7-8dab-6353b1db9aee,2025-05-05T17:33:28.313646,2025-08-07T17:33:28.313646,on_hold
fcfd71e5-f3d0-48ae-9df5-4dbda9a62097,Operations - fcfd71,Project of type operations,team-15,e37e5efb-98fe-47c0-bad7-c0684430bdc9,2025-02-11T17:33:28.313646,2025-02-28T17:33:28.313646,on_hold
0b002e8c-6500-4fa0-a30c-44252f8a0475,Marketing - 0b002e,Project of type marketing,team-3,fba2a306-bfdb-4cdf-82ab-d54739b61bb5,2025-02-27T17:33:28.313646,2025-03-18T17:33:28.313646,completed
d5e7f7d7-dec9-4de6-81e0-ba1f6edf0cf7,Engineering - d5e7f7,Project of type engineering,team-17,42d925be-3fbc-49a1-a535-d32d026d65b9,2025-03-04T17:33:28.313646,2025-06-24T17:33:28.313646,active
d3f69cf8-f74e-4512-aebf-ee0e4e7245fc,Marketing - d3f69c,Project of type marketing,team-13,9377b2c8-1056-42ee-b624-a4418ae9e92f,2025-04-04T17:33:28.313646,2025-05-19T17:33:28.313646,completed
76cc1abe-29c8-4005-b44a-0e51545f4007,Operations - 76cc1a,Project of type operations,team-6,25c0e88a-e9e8-41f9-971a-182996d909ff,2025-01-20T17:33:28.313646,2025-02-25T17:33:28.313646,completed
45e6e1cc-65ca-454c-b9f8-844300dc11a2,Engineering - 45e6e1,Project of type engineering,team-13,cc36cda0-d79c-4205-bc69-75fb1e9dd575,2025-03-09T17:33:28.313646,2025-04-10T17:33:28.313646,active
d92d5faa-b8b1-4939-be7b-ff935be62830,Operations - d92d5f,Project of type operations,team-14,42ac08b1-df17-4118-8d43-71813ff5accb,2025-12-27T17:33:28.313646,2026-01-19T17:33:28.313646,completed
e7d8c460-e05e-4520-8877-fec4dcb18b71,Engineering - e7d8c4,Project of type engineering,team-4,cb0586e0-e205-46a9-96f7-dcf7fa3984eb,2025-09-14T17:33:28.313646,2025-11-03T17:33:28.313646,active
de290c70-0daf-4fab-97fd-0398232a32f6,Operations - de290c,Project of type operations,team-11,78b50387-e615-49ab-b530-8f614fb1d872,2025-04-27T17:33:28.313646,2025-05-25T17:33:28.313646,active
98da7e2a-4bd9-4bc5-a1a5-25f542f0e059,Marketing - 98da7e,Project of type marketing,team-5,2dbcfd4d-e1d0-4be2-b8f2-ee2ba8c22648,2025-10-05T17:33:28.313646,2025-10-12T17:33:28.313646,active
2b2c9a61-272c-46a5-8c6a-9a28307da62a,Marketing - 2b2c9a,Project of type marketing,team-3,f96736cd-6398-4236-9339-a86f638f5fa5,2025-10-29T17:33:28.313646,2025-12-12T17:33:28.313646,active
6c0c27a1-1fb2-4094-b2e8-b9cd70882003,Operations - 6c0c27,Project of type operations,team-6,e5a34020-661b-4dc6-9f16-49f54569f179,2025-02-20T17:33:28.313646,2025-04-05T17:33:28.313646,active
304eda5c-47e7-4a50-b03e-9649e4ba23b8,Operations - 304eda,Project of type operations,team-15,4ca2d2fa-9d1f-461b-a8af-4e4538df27df,2025-03-30T17:33:28.313646,2025-04-21T17:33:28.313646,active
73c0f7ca-a4a1-4bdb-abb9-4faf8996913a,Engineering - 73c0f7,Project of type engineering,team-16,44b869f3-2f3f-40cf-b3eb-d91e3f15d4fa,2025-12-23T17:33:28.313646,2026-04-17T17:33:28.313646,active
7f4be376-39d5-486e-8ead-d7dcd9810710,Operations - 7f4be3,Project of type operations,team-2,85babf4d-cff8-418e-9b59-40e01d2f914e,2025-08-18T17:33:28.313646,2025-10-14T17:33:28.313646,active
26f67be5-0ba3-4c9a-8006-e576ed2c2f92,Operations - 26f67b,Project of type operations,team-15,38963243-99ec-4254-8563-0ded81f4d815,2025-06-26T17:33:28.313646,2025-08-02T17:33:28.313646,active
ccc7db8b-8bb3-4f90-bb99-9f5a68dcb840,Operations - ccc7db,Project of type operations,team-7,52e9b429-83ab-4bea-92f1-0da7a012c38e,2025-08-11T17:33:28.313646,2025-09-01T17:33:28.313646,active
4bfd360d-8bc9-4a04-9db0-a24d80fdf821,Engineering - 4bfd36,Project of type engineering,team-5,492e2b91-108e-422e-a05e-98466b2c5b63,2025-11-12T17:33:28.313646,2025-12-31T17:33:28.313646,active
23eb54e7-339a-424a-9bf0-0cc789556893,Marketing - 23eb54,Project of type marketing,team-5,4a973d80-bf9a-4810-928e-b018f3c10823,2025-10-02T17:33:28.313646,2025-10-09T17:33:28.313646,completed
ec53e0de-ef7e-4fd9-a7cd-0ed76b68bbff,Engineering - ec53e0,Project of type engineering,team-0,cb8b71c2-2898-447e-b4a5-6263d5e1884c,2025-03-02T17:33:28.313646,2025-03-29T17:33:28.313646,active
c639e3f3-dbc8-4c4f-a78d-2b1f005b6f06,Marketing - c639e3,Project of type marketing,team-7,6a5ede48-f723-4d15-98f2-98de42a45063,2025-02-26T17:33:28.313646,2025-04-13T17:33:28.313646,active
c030a010-44a8-4195-8f9c-58ee0ad9c50e,Marketing - c030a0,Project of type marketing,team-7,311250f5-b881-471a-a51a-a8a2c1a07781,2025-04-07T17:33:28.313646,2025-04-23T17:33:28.313646,active
dd761d8a-56ef-44bd-afdb-95f97765b642,Operations - dd761d,Project of type operations,team-6,475b92eb-08d8-437d-aa7b-73806d1424b3,2025-03-17T17:33:28.313646,2025-05-02T17:33:28.313646,on_hold
964e3ed2-19d1-4f89-8526-2e5549fd9a84,Engineering - 964e3e,Project of type engineering,team-2,091fa232-10b5-4c8f-9e99-b5f5ee9424e2,2025-12-21T17:33:28.313646,2026-04-12T17:33:28.313646,active
4f0c4e3c-804c-4fda-a302-224c3c70c53a,Marketing - 4f0c4e,Project of type marketing,team-13,d06c998e-f66a-4b97-8f82-eebd1abec86a,2025-06-22T17:33:28.313646,2025-07-07T17:33:28.313646,active
9b93167b-3d09-4282-a98d-ceed94933938,Operations - 9b9316,Project of type operations,team-16,bbfd0fed-f7c2-4b24-a25a-f38508defc02,2025-09-13T17:33:28.313646,2025-10-13T17:33:28.313646,completed
42043c0b-1685-407a-850d-2c73c9b9e45b,Operations - 42043c,Project of type operations,team-14,b6386b53-0815-45f1-9ad6-9efe330b4ee8,2025-05-01T17:33:28.313646,2025-05-25T17:33:28.313646,active
c69eb1fd-5df5-4fe6-a766-7c3966b74f92,Marketing - c69eb1,Project of type marketing,team-7,901289e6-21cf-4d29-935d-cb6a27713770,2025-09-29T17:33:28.313646,2025-10-19T17:33:28.313646,active
506c13d6-1c16-46cf-b289-5f1e503d73a6,Operations - 506c13,Project of type operations,team-7,8f8078d7-4f6a-4509-9a1a-0572ad424278,2025-04-19T17:33:28.313646,2025-05-01T17:33:28.313646,active
ba4a791c-2245-469a-ba08-7a5659c1e74e,Operations - ba4a79,Project of type operations,team-0,fa3f3917-1692-410e-8e7e-a6e7e91d734f,2025-08-13T17:33:28.313646,2025-09-09T17:33:28.313646,active
bd6ba983-c95b-48c3-b566-3b825ac8ae88,Engineering - bd6ba9,Project of type engineering,team-3,e1aa0992-9ac0-4e3e-aa26-2f0c9e38937f,2025-08-23T17:33:28.313646,2025-12-21T17:33:28.313646,completed
42345991-4cfb-4dae-8a59-56c7e3304558,Marketing - 423459,Project of type marketing,team-7,d004aa75-c964-4a88-a8e8-a85dde1a39b1,2025-02-25T17:33:28.313646,2025-03-21T17:33:28.313646,active
96e33f76-facb-404d-8dc9-e8146deab328,Engineering - 96e33f,Project of type engineering,team-2,f2c7487c-1b53-4bc1-bf35-f3170e73ef17,2025-12-03T17:33:28.313646,2026-03-29T17:33:28.313646,active
fdbd30d8-8809-48d1-8c00-fb963fe4039e,Engineering - fdbd30,Project of type engineering,team-19,4100d4df-e281-42fc-8b36-4db9a19fe062,2025-12-14T17:33:28.313646,2026-02-28T17:33:28.313646,active
ec779add-7540-4dcd-bdee-9a5d4c2066b3,Operations - ec779a,Project of type operations,team-7,dafb6a85-af9b-4d93-9e64-94e7739ad713,2025-01-16T17:33:28.313646,2025-03-14T17:33:28.313646,active
2901551f-76c5-48a6-b729-6aaacd0cdc62,Marketing - 290155,Project of type marketing,team-9,1cd11758-ce26-469d-be7a-535e4ad629eb,2025-04-14T17:33:28.313646,2025-04-29T17:33:28.313646,completed
8122b902-ac42-45bc-8535-55703ad7ce1e,Operations - 8122b9,Project of type operations,team-3,fc25d349-6251-44df-a1b9-86e530d68296,2025-12-25T17:33:28.313646,2026-01-26T17:33:28.313646,on_hold
2e3e71bb-2d2d-4eaa-a9f6-272474b6d8e3,Operations - 2e3e71,Project of type operations,team-4,2b1e79fc-18b9-4c6b-b0c4-5f871a8ddd58,2025-10-16T17:33:28.313646,2025-12-01T17:33:28.313646,active
8d1c5149-2919-4d89-a4d1-8d1a032c0220,Operations - 8d1c51,Project of type operations,team-5,d787b593-e6a4-4174-8696-f3cc34206799,2025-03-15T17:33:28.313646,2025-04-06T17:33:28.313646,completed
b3a54eed-56fb-43bd-b9d0-6b6de8ac55b9,Marketing - b3a54e,Project of type marketing,team-5,ab2be7a8-6c0a-493c-8976-6c91286eff3b,2025-02-22T17:33:28.313646,2025-03-02T17:33:28.313646,active
82703078-56bb-48e7-babe-c7e9d791a774,Engineering - 827030,Project of type engineering,team-4,11ec0c96-2a0c-4d8a-bd38-daedfde5ca39,2025-12-24T17:33:28.313646,2026-02-04T17:33:28.313646,completed
0e0fe925-a830-4787-9dca-449ea9aabeff,Engineering - 0e0fe9,Project of type engineering,team-13,ee039180-0cf5-48d5-b914-506307c4f500,2025-04-05T17:33:28.313646,2025-06-13T17:33:28.313646,completed
e87c0ca9-2cb6-48f4-9978-2559e45c3473,Operations - e87c0c,Project of type operations,team-19,5ac3de0c-ca23-40c4-bee0-5df59a4a1d61,2025-09-29T17:33:28.313646,2025-11-01T17:33:28.313646,active
d4db0213-d887-41c2-a71a-ba7c0faf9700,Engineering - d4db02,Project of type engineering,team-12,47fd50c8-b537-41c5-bed0-5bd5e828efc8,2025-01-17T17:33:28.313646,2025-02-15T17:33:28.313646,completed
404a6271-225b-4675-a37e-4627826f0d44,Marketing - 404a62,Project of type marketing,team-17,ec04380b-8932-4c31-b04c-4b772bd790e1,2025-02-26T17:33:28.313646,2025-05-14T17:33:28.313646,active
3afcdecd-531d-49e2-afd0-067cd4102eb1,Engineering - 3afcde,Project of type engineering,team-15,63932e71-d18e-474d-baf4-b1903f5fbd8e,2025-03-01T17:33:28.313646,2025-04-25T17:33:28.313646,active
d26d43cf-a4ea-4171-bfbd-20760ad24b34,Marketing - d26d43,Project of type marketing,team-2,4f9006e0-610e-4409-912a-853af66d5932,2025-05-07T17:33:28.313646,2025-07-16T17:33:28.313646,completed
a03c130d-91fe-4726-a385-4b8a90707971,Operations - a03c13,Project of type operations,team-13,14378459-e255-43d2-9f17-e34b91f83b62,2025-01-06T17:33:28.313646,2025-03-03T17:33:28.313646,active
10b5600b-de41-49e9-b727-a0f413591eb2,Operations - 10b560,Project of type operations,team-5,60b45b03-c6d0-4a71-90b6-ee5de93c3ac1,2025-08-14T17:33:28.313646,2025-08-29T17:33:28.313646,active
948094f3-bb32-44c4-a211-d6efc2981639,Operations - 948094,Project of type operations,team-15,ca724844-2349-40a4-8eba-5e7d8987866f,2025-01-12T17:33:28.313646,2025-03-09T17:33:28.313646,active
de544afe-050f-4387-8a89-7560b5b1b0dd,Operations - de544a,Project of type operations,team-13,dd5aaa8c-de28-4f07-b85d-3ea5d4c4ad52,2025-04-05T17:33:28.313646,2025-05-13T17:33:28.313646,active
fcda808f-a094-49ed-a29b-7f907586ecee,Engineering - fcda80,Project of type engineering,team-15,0bfae5b1-517b-4764-8609-1cc0a442274c,2025-06-26T17:33:28.313646,2025-08-20T17:33:28.313646,active
96183de2-c1b3-4944-b389-b2bd94735f1f,Operations - 96183d,Project of type operations,team-16,0b1b02be-37d6-45f3-8e53-960e0bbd3e2f,2025-11-14T17:33:28.313646,2026-01-02T17:33:28.313646,completed
cf03e090-da2e-4f4d-abaf-f3b02a578d11,Engineering - cf03e0,Project of type engineering,team-13,c960c815-c439-4654-8fca-2b728c59f51f,2025-07-17T17:33:28.313646,2025-09-11T17:33:28.313646,completed
52e6c9f1-b5de-462a-bf71-f4e4ac99dd71,Engineering - 52e6c9,Project of type engineering,team-7,103a0dad-69b1-4a2f-a9d2-c25603e95a14,2025-04-23T17:33:28.313646,2025-05-15T17:33:28.313646,active
52247f6a-1e2c-44a0-b9b9-35041fd26c4a,Engineering - 52247f,Project of type engineering,team-6,1c011d35-9847-406c-8d36-ca278722d2be,2025-02-01T17:33:28.313646,2025-05-19T17:33:28.313646,completed
185e1f2a-0f04-4850-891b-4efa635c20ad,Engineering - 185e1f,Project of type engineering,team-7,b0d7aa7c-ebd9-46ca-aca4-806b75d1a52e,2025-08-03T17:33:28.313646,2025-08-21T17:33:28.313646,completed
ebd5be59-8b52-4d8c-9a9e-f6e4e594ca3c,Operations - ebd5be,Project of type operations,team-5,0aeb51ef-66a5-4e89-9547-b42d3efb1a3a,2025-02-12T17:33:28.313646,2025-03-13T17:33:28.313646,completed
d11a32d4-0d6d-4c4e-9df6-bd3382fc00b5,Engineering - d11a32,Project of type engineering,team-15,d4776be1-d191-4a8b-8d3c-1e5c3085116f,2025-03-20T17:33:28.313646,2025-05-27T17:33:28.313646,completed
8d1a1c2d-a77e-4127-9556-b477e3fb4f62,Marketing - 8d1a1c,Project of type marketing,team-4,5dda29ab-5570-4b98-9ef1-34cc9aea03f0,2025-04-28T17:33:28.313646,2025-06-10T17:33:28.313646,active
6e21aba8-39ae-4fd2-8c8a-9e8f2103f376,Marketing - 6e21ab,Project of type marketing,team-0,dde09ff9-6e3d-4276-9949-aa99cee5ec05,2025-03-18T17:33:28.313646,2025-04-11T17:33:28.313646,completed
5307277f-70df-47d8-a4e3-6f407a8cc964,Operations - 530727,Project of type operations,team-18,11f77ddf-1834-424c-930d-d89592efef61,2025-08-26T17:33:28.313646,2025-10-14T17:33:28.313646,active
e965150b-a39e-4eea-9181-07d1384e5cce,Engineering - e96515,Project of type engineering,team-12,f333480b-6035-4c0c-810a-97ff6efe1995,2025-08-14T17:33:28.313646,2025-09-18T17:33:28.313646,on_hold
2f9a977c-34ea-4bcf-aaa5-fa73a8596f90,Marketing - 2f9a97,Project of type marketing,team-3,d285c173-fe8b-4a86-bd20-28c50b85a4f4,2025-03-28T17:33:28.313646,2025-06-17T17:33:28.313646,active
14b94da6-ecc9-4555-87e9-0f703507ad5d,Marketing - 14b94d,Project of type marketing,team-10,6ff067c8-4606-440a-bf22-e60c81b69b3a,2025-04-21T17:33:28.313646,2025-07-04T17:33:28.313646,completed
9c82872a-1297-4984-8dff-938d7ed37bf8,Operations - 9c8287,Project of type operations,team-4,833ba98d-c342-4d8b-b53d-c90a78ffe2f7,2025-03-17T17:33:28.313646,2025-05-14T17:33:28.313646,active
8e60de95-ad5b-467b-aff7-263c4d3c4095,Operations - 8e60de,Project of type operations,team-13,5bad8847-9fc8-47ce-b0c9-d09d0ee31698,2025-05-06T17:33:28.313646,2025-05-20T17:33:28.313646,active
b1aae008-5a42-4ef6-b7c9-cab575d73fcb,Engineering - b1aae0,Project of type engineering,team-9,c452ed20-7664-4435-9ab7-615feb2de178,2025-09-08T17:33:28.313646,2025-11-07T17:33:28.313646,active
9d50b8df-b4f9-418e-8718-40108e1a209c,Marketing - 9d50b8,Project of type marketing,team-19,c8baffe7-010a-49b1-9e86-73358cd969cd,2025-11-15T17:33:28.313646,2026-01-16T17:33:28.313646,active
e1d69c74-1b54-4853-8056-6f7b947a94db,Engineering - e1d69c,Project of type engineering,team-4,a1539884-a8f2-4200-b6fe-3b4e5e19ba3a,2025-06-01T17:33:28.313646,2025-07-08T17:33:28.313646,completed
5e266380-88d8-4f9c-a33d-ebdf34b77385,Engineering - 5e2663,Project of type engineering,team-14,31af3bf0-6b8b-474f-888a-f4420c0e064c,2025-05-13T17:33:28.313646,2025-06-22T17:33:28.313646,on_hold
0620b8f2-931e-43dc-8568-44dc25caf1f7,Operations - 0620b8,Project of type operations,team-10,350cce89-fb35-460a-83e1-b811fd3bc0b6,2025-10-03T17:33:28.313646,2025-11-05T17:33:28.313646,active
e6f51b49-4ae0-4d21-a7bc-b49e264ee708,Operations - e6f51b,Project of type operations,team-15,f5e4efc6-5859-43eb-9ca8-4b2ca236db3c,2025-12-15T17:33:28.313646,2026-01-28T17:33:28.313646,active
2050c9d1-f951-4038-b999-87ad7c517f80,Engineering - 2050c9,Project of type engineering,team-11,a7e8d22d-382c-4c9d-ab28-34c8761d8c85,2025-08-02T17:33:28.313646,2025-10-05T17:33:28.313646,active
66bd37af-ae14-44ae-a4dc-6846b1921169,Operations - 66bd37,Project of type operations,team-6,82b449bd-7cc8-456f-9117-e3de42ad1fd0,2025-11-29T17:33:28.313646,2026-01-24T17:33:28.313646,completed
b8e5429d-5968-47f7-a182-be559a019394,Operations - b8e542,Project of type operations,team-19,d40442fd-d373-4518-9069-a1a188f60bc7,2025-11-08T17:33:28.313646,2025-12-22T17:33:28.313646,active
052688ad-a7d6-4d72-be70-d273369f5c24,Operations - 052688,Project of type operations,team-18,18e2eec5-6b32-40ea-b23a-851225251f1f,2025-01-10T17:33:28.313646,2025-03-01T17:33:28.313646,completed
d708b545-885f-4ab6-a813-b85ce18ea206,Operations - d708b5,Project of type operations,team-13,9381e837-c4be-4c68-8411-cdaf5f05b604,2025-08-19T17:33:28.313646,2025-10-17T17:33:28.313646,active
280f77e7-c789-4442-a663-8ce0481b6022,Engineering - 280f77,Project of type engineering,team-7,6c6d0892-9f73-4e04-8f22-b2f728410b5e,2025-05-21T17:33:28.313646,2025-08-15T17:33:28.313646,active
6bdeb197-dba5-4806-802b-929f3e307b2b,Operations - 6bdeb1,Project of type operations,team-7,01a40a31-e6f3-4f08-8223-938c94fb17ac,2025-04-17T17:33:28.313646,2025-05-17T17:33:28.313646,active
b1e82d87-e732-4d71-95b6-a4c8b648f2e6,Operations - b1e82d,Project of type operations,team-14,414fc828-c60a-45c7-80b9-3842f7551522,2025-06-13T17:33:28.313646,2025-07-15T17:33:28.313646,active
f2be7693-25ea-49ed-b7e7-3009b8147709,Engineering - f2be76,Project of type engineering,team-6,25b5f275-2ac8-4beb-a482-703e839367aa,2025-12-27T17:33:28.313646,2026-04-17T17:33:28.313646,completed
2354aafa-d2fd-469c-b832-1b47b360d4c4,Operations - 2354aa,Project of type operations,team-13,34355f5f-4d20-4471-a744-e46743f7d301,2025-02-16T17:33:28.313646,2025-04-09T17:33:28.313646,completed
8d6a3070-1de2-48c5-8fa6-7bc572737426,Operations - 8d6a30,Project of type operations,team-10,e68ba6b7-9875-4e7d-a656-ba46b285dedf,2025-06-23T17:33:28.313646,2025-07-16T17:33:28.313646,active
cd1f8491-5201-4828-b11d-ecb2dd1c7400,Engineering - cd1f84,Project of type engineering,team-9,e31da91f-a7fd-4919-92bd-fb70915f41e4,2025-08-15T17:33:28.313646,2025-10-13T17:33:28.313646,completed
64b7de23-953b-4c00-af9c-8329ec0726b5,Operations - 64b7de,Project of type operations,team-7,899aecbd-78ab-4bd5-b903-9f36e365d73d,2025-06-04T17:33:28.313646,2025-06-28T17:33:28.313646,completed
bd676d96-14c4-4ce2-a6a7-e4d7b9497a58,Engineering - bd676d,Project of type engineering,team-3,bf22b8e0-b37d-4d7f-b01e-9159ef30d8df,2025-01-08T17:33:28.313646,2025-01-22T17:33:28.313646,on_hold
de08456f-0fcb-44b1-ae0b-dc8c040d2268,Marketing - de0845,Project of type marketing,team-1,909e7c40-251a-4a81-a053-0b49b6c42830,2025-02-03T17:33:28.313646,2025-03-28T17:33:28.313646,completed
ca7ec39c-6f19-45ed-9909-b77bc54c6b24,Operations - ca7ec3,Project of type operations,team-9,ca38bc94-f21d-4c95-8fec-e25e2bf3e7e7,2025-10-12T17:33:28.313646,2025-11-03T17:33:28.313646,active
9b22a03e-6373-4dd6-a5e2-425188bd3625,Engineering - 9b22a0,Project of type engineering,team-2,f110ce4d-e304-4bc8-acdb-78b4e7ccc2ad,2025-05-21T17:33:28.313646,2025-08-03T17:33:28.313646,completed
443d2b35-c5fd-4d2f-b08f-8ce5c5a73ae2,Marketing - 443d2b,Project of type marketing,team-14,16aa583e-27f2-4d16-8635-22090bf1cf75,2025-11-01T17:33:28.313646,2025-12-29T17:33:28.313646,active
799615a1-a05c-4970-9cfa-367d66bb40d5,Marketing - 799615,Project of type marketing,team-5,a95d002e-3c10-49b1-b82e-d9cd8f970d88,2025-02-11T17:33:28.313646,2025-03-03T17:33:28.313646,completed
3729de17-c423-49be-aa5c-1b7ecf8e1c97,Marketing - 3729de,Project of type marketing,team-12,d5f83e9b-5c87-4cbc-8c6a-501ce3e28ce0,2025-10-06T17:33:28.313646,2025-10-31T17:33:28.313646,active
d8593b30-7f42-4a4f-a8a4-64456c68cb21,Operations - d8593b,Project of type operations,team-9,e4e63895-fdc2-4f15-9bdd-08ca3842f681,2025-07-01T17:33:28.313646,2025-08-14T17:33:28.313646,on_hold
8206ca48-6d17-4547-b6d7-3a4da608238a,Marketing - 8206ca,Project of type marketing,team-13,54aa4797-d4e9-4977-ba34-8d721da14abd,2025-12-14T17:33:28.313646,2026-01-30T17:33:28.313646,completed
4bc50c18-191b-41a7-8beb-996c34edd9bc,Operations - 4bc50c,Project of type operations,team-5,78890e5a-d6b2-456d-9e1c-d54d7c59fd43,2025-03-22T17:33:28.313646,2025-04-04T17:33:28.313646,active
ff6b7142-230d-48b9-bcdc-3571e46abc36,Engineering - ff6b71,Project of type engineering,team-0,98f2ac22-b01d-4b07-9a77-e480343409f7,2025-07-20T17:33:28.313646,2025-10-27T17:33:28.313646,active
954dcc59-388d-413c-8978-09e2ff608644,Engineering - 954dcc,Project of type engineering,team-15,9aa0d8d0-3978-4c4a-844a-c9cb3f7ca493,2025-12-09T17:33:28.313646,2026-03-15T17:33:28.313646,completed
7904d6d8-4fdf-47d4-8215-a1532a507858,Engineering - 7904d6,Project of type engineering,team-13,0f880851-6169-4304-914c-2d40110f406b,2025-10-11T17:33:28.313646,2026-01-18T17:33:28.313646,active
a742776f-a459-429c-a91a-04f53d5d6d89,Marketing - a74277,Project of type marketing,team-1,57ec7b0f-3d6d-44eb-aed3-d593f41f1653,2025-06-04T17:33:28.313646,2025-07-30T17:33:28.313646,active
85407ac5-4c04-4e4e-ad6e-f06d53353ee3,Marketing - 85407a,Project of type marketing,team-18,b9cbceee-eb6f-4d20-830e-8a0d47b3ca2c,2025-01-11T17:33:28.313646,2025-03-09T17:33:28.313646,active
84395d1a-08b1-40bd-8110-fb9f2a8e46f8,Engineering - 84395d,Project of type engineering,team-7,e124206d-de84-418f-b24e-e40e729f0e6c,2025-03-18T17:33:28.313646,2025-04-22T17:33:28.313646,active
907d5097-6794-4852-baf0-47b5a73c088f,Marketing - 907d50,Project of type marketing,team-7,1a9a71da-d426-4dcc-8560-0ea5bc57b27b,2025-10-24T17:33:28.313646,2026-01-08T17:33:28.313646,completed
de265059-d7b0-4e28-81fe-9749f42f4045,Marketing - de2650,Project of type marketing,team-14,b481690d-e5ff-4880-9d76-1fab2c0d8e38,2025-10-15T17:33:28.313646,2025-11-20T17:33:28.313646,completed
fd85a0c5-54df-4b85-8ab7-ca51926cdf0c,Operations - fd85a0,Project of type operations,team-11,c4cd83df-c21b-463b-93ce-5492b439b87b,2025-07-19T17:33:28.313646,2025-09-15T17:33:28.313646,active
cc8b819d-ebd0-4e94-80a9-a9d69217f4c8,Engineering - cc8b81,Project of type engineering,team-7,a7afbaac-effe-49da-a16c-e4c5f7a5650f,2025-05-09T17:33:28.313646,2025-07-09T17:33:28.313646,active
ecbc06aa-e50f-4903-bea0-beb2bf9e0104,Engineering - ecbc06,Project of type engineering,team-9,f60d3534-af35-41f5-8b4c-c9f712eb00e7,2025-04-15T17:33:28.313646,2025-06-22T17:33:28.313646,completed
3148d072-7c5f-4ac0-91e7-3a18d76a6f00,Marketing - 3148d0,Project of type marketing,team-3,ab37a357-a5c0-49c8-aac0-deef41976ce9,2025-07-21T17:33:28.313646,2025-09-30T17:33:28.313646,completed
86307b99-644b-4071-8b58-f12a707f50bb,Marketing - 86307b,Project of type marketing,team-8,4203b215-8a07-4eae-a37a-6dda26207e17,2025-04-04T17:33:28.313646,2025-06-13T17:33:28.313646,active
4f8f7009-ba65-4825-ba4e-06529b4b8eec,Marketing - 4f8f70,Project of type marketing,team-17,98f0d302-69ca-46b1-9bf5-fc53e914e164,2025-06-09T17:33:28.313646,2025-07-07T17:33:28.313646,completed
5a1738a9-e899-4744-9560-dbfb0110811e,Marketing - 5a1738,Project of type marketing,team-18,61124edb-6801-4275-9faa-8619a871941f,2025-04-28T17:33:28.313646,2025-06-11T17:33:28.313646,active
164710f9-bc02-4c64-b1ca-d49fae9b717b,Marketing - 164710,Project of type marketing,team-10,31ace59e-7d63-4a33-b809-123bcb33ee4f,2025-10-05T17:33:28.313646,2025-12-28T17:33:28.313646,active
4d878446-3ca7-40c9-b4e4-a82ac51b0de7,Engineering - 4d8784,Project of type engineering,team-5,be9600a3-328a-4b04-bcbf-2c6157a312ce,2025-05-05T17:33:28.313646,2025-06-06T17:33:28.313646,completed
fedc8853-5642-479a-aa98-0bc59f0431ee,Operations - fedc88,Project of type operations,team-19,5a0a21bc-b54b-4a6b-b232-4b1bc940ae83,2025-09-05T17:33:28.313646,2025-10-21T17:33:28.313646,completed
3941f60d-7f4e-4582-bad9-5cff84f19396,Operations - 3941f6,Project of type operations,team-14,64397722-7571-4bc5-b4bc-dd9f865bea2a,2025-07-10T17:33:28.313646,2025-08-01T17:33:28.313646,active
8f6c6488-21e1-419e-a1f1-f24f31f73b10,Engineering - 8f6c64,Project of type engineering,team-8,8f809967-8980-427f-87cf-84235ba138ec,2025-04-25T17:33:28.313646,2025-05-18T17:33:28.313646,completed
f532f291-e628-412a-ba8e-b77f67bc9c91,Marketing - f532f2,Project of type marketing,team-16,40fd8cc3-42ca-4cd4-95d3-9e9dd0d573b3,2025-02-22T17:33:28.313646,2025-03-25T17:33:28.313646,active
e888c6ad-d1f7-4867-82b1-1d1af3c93cf2,Marketing - e888c6,Project of type marketing,team-10,608a7362-3ae6-40f9-af80-958e7832423b,2025-09-20T17:33:28.313646,2025-10-15T17:33:28.313646,active
980dd896-c9d3-4ffa-a686-f3225c2b2ccc,Operations - 980dd8,Project of type operations,team-1,0a025e79-5194-4757-bcb9-19d6fa5b3692,2025-11-15T17:33:28.313646,2025-12-09T17:33:28.313646,completed
d3ecca4d-9540-4cc8-a8ea-8c036e86591e,Engineering - d3ecca,Project of type engineering,team-16,32da8c01-b1b9-4357-b728-c13b34c09329,2025-12-27T17:33:28.313646,2026-01-10T17:33:28.313646,completed
64df0c59-7eb1-4a9c-ad9e-c8dd654e34bb,Engineering - 64df0c,Project of type engineering,team-1,db6ae4c4-9555-4064-bc3d-4d38472d1875,2025-10-09T17:33:28.313646,2025-11-11T17:33:28.313646,active
d8660cf0-ce51-4147-ba27-c39ccd4172db,Operations - d8660c,Project of type operations,team-1,9aa9fade-248a-4feb-92a7-63e47169e09e,2025-12-03T17:33:28.313646,2026-01-19T17:33:28.313646,active
58b01a64-1079-4c57-af5f-7fe8d4356869,Engineering - 58b01a,Project of type engineering,team-8,a4950411-2d57-4637-bc1b-77c4e52293e0,2025-06-04T17:33:28.313646,2025-07-25T17:33:28.313646,active
62eeb70f-08da-4082-92f1-21b82e825843,Engineering - 62eeb7,Project of type engineering,team-9,8184ffb6-fb19-4f59-90b7-d1e002de200f,2025-10-02T17:33:28.313646,2025-11-27T17:33:28.313646,active
91290dcb-ee14-4341-a7b8-11696ac75c03,Engineering - 91290d,Project of type engineering,team-15,8fe486b6-a119-4ff5-a640-b331bc80e69e,2025-10-19T17:33:28.313646,2026-01-15T17:33:28.313646,active
640c6b44-549f-4387-b236-576ef161628f,Marketing - 640c6b,Project of type marketing,team-11,f84ccaf7-4309-4713-a59d-1372a090d782,2025-10-01T17:33:28.313646,2025-11-01T17:33:28.313646,completed
661726fe-c017-4032-828d-70a98d311988,Marketing - 661726,Project of type marketing,team-12,865c1264-8852-4aa1-b157-feb8d80c342c,2025-08-09T17:33:28.313646,2025-10-31T17:33:28.313646,completed
b1b59a18-9c76-43e9-a54d-fcfd79246409,Engineering - b1b59a,Project of type engineering,team-17,d4f31e0b-192b-49a5-9f6d-96d9f55fa13f,2025-02-26T17:33:28.313646,2025-03-13T17:33:28.313646,completed
a129d094-7c1d-4ac2-be45-bd9ef85ed521,Operations - a129d0,Project of type operations,team-1,1215a73d-b8b6-4cc9-9c55-5a51b57006d5,2025-11-27T17:33:28.313646,2025-12-25T17:33:28.313646,active
eda3e5b3-5fc4-466d-b313-8be538ad60ef,Marketing - eda3e5,Project of type marketing,team-16,943fd0ca-6a3e-4025-8beb-84afc5422602,2025-07-04T17:33:28.313646,2025-09-12T17:33:28.313646,active
88494df1-96c7-4bee-bca0-178977cb143b,Engineering - 88494d,Project of type engineering,team-16,7cfd2508-50cc-4a65-a477-b97cb3e0ffec,2025-09-18T17:33:28.313646,2025-11-07T17:33:28.313646,active
65437aa7-923a-47ba-baf0-0e5beca98b43,Marketing - 65437a,Project of type marketing,team-6,1415436a-1083-4f48-9319-e01ef2f04f58,2025-03-13T17:33:28.313646,2025-05-14T17:33:28.313646,on_hold
8a0c6e4b-6da6-4110-b053-88af3631399a,Operations - 8a0c6e,Project of type operations,team-10,47f0193b-7550-4587-b26b-0ffca34a19bd,2025-06-06T17:33:28.313646,2025-07-09T17:33:28.313646,active
80822651-5d46-429e-8aa0-4c841f23750a,Engineering - 808226,Project of type engineering,team-6,aced6b29-c4d0-4073-894d-221b7531b2cd,2025-11-08T17:33:28.313646,2026-01-14T17:33:28.313646,active
9ba762b6-d508-4582-aecf-cc449307e091,Marketing - 9ba762,Project of type marketing,team-3,224b7b04-1864-4e0e-a9fe-199e215b1d14,2025-07-14T17:33:28.313646,2025-09-28T17:33:28.313646,active
ab3fb5df-f9ca-441a-aeeb-c7130e016f9c,Operations - ab3fb5,Project of type operations,team-1,83f452d8-df79-4da6-9da3-1ae92204d523,2025-01-23T17:33:28.313646,2025-02-13T17:33:28.313646,completed
abaa509b-4e79-4842-874e-d32a31fa86bf,Marketing - abaa50,Project of type marketing,team-14,8576354e-7696-4bc3-9ad7-fcf2e0f0db73,2025-03-09T17:33:28.313646,2025-04-30T17:33:28.313646,completed
9b252d1e-ac22-4054-b0f9-630c8f9a9e25,Engineering - 9b252d,Project of type engineering,team-1,0e28e84d-a72c-4fb8-881a-7742a53365ec,2025-07-13T17:33:28.313646,2025-08-01T17:33:28.313646,active
cae7003f-62b3-49a4-a46e-584250938e79,Marketing - cae700,Project of type marketing,team-10,eeb01d62-5338-4f74-8522-1e224c29fcfe,2025-09-15T17:33:28.313646,2025-10-02T17:33:28.313646,active
6b6be2bc-8371-461d-93f0-bb637b51c950,Marketing - 6b6be2,Project of type marketing,team-19,4010ffe8-cbf3-4d65-b28d-76c1839eff35,2025-09-20T17:33:28.313646,2025-11-27T17:33:28.313646,active
b0dc1c2a-1750-4357-a45e-6bf38ca75e83,Engineering - b0dc1c,Project of type engineering,team-8,9759e3ca-68b1-4ffe-aa50-8620f9f5973b,2025-01-09T17:33:28.313646,2025-02-06T17:33:28.313646,active
0b2c20c2-c319-4acd-aa07-cc6a2a5e2de2,Engineering - 0b2c20,Project of type engineering,team-18,6b1f491a-6840-4da2-8089-1a7f41143025,2025-10-06T17:33:28.313646,2025-10-26T17:33:28.313646,active
ee1b7ff8-532b-44e8-960f-a55c62d4cf61,Engineering - ee1b7f,Project of type engineering,team-16,2bc32fd0-4c59-4b64-b796-6f79e3e50dc9,2025-05-11T17:33:28.313646,2025-08-02T17:33:28.313646,completed
b856e84a-c2c6-4667-865c-98add77a245e,Engineering - b856e8,Project of type engineering,team-1,1b68d73f-a49d-422a-951b-d68629658d35,2025-08-17T17:33:28.313646,2025-09-23T17:33:28.313646,completed
a6dd4964-d5b0-47a3-9606-b8cfef7e7a65,Engineering - a6dd49,Project of type engineering,team-4,c9af88ae-1f82-4207-8105-608188368730,2025-04-12T17:33:28.313646,2025-04-26T17:33:28.313646,active
1bfae250-4128-4791-998a-726b306145b7,Engineering - 1bfae2,Project of type engineering,team-13,1b68d73f-a49d-422a-951b-d68629658d35,2025-03-28T17:33:28.313646,2025-04-20T17:33:28.313646,active
c3fab271-7fae-4307-825e-a03da625751c,Operations - c3fab2,Project of type operations,team-12,e925070b-14a4-44d7-b0a2-aac69446e5cd,2025-11-19T17:33:28.313646,2026-01-18T17:33:28.313646,completed
2ad9c48b-228e-477e-bf9f-c03411b70d71,Operations - 2ad9c4,Project of type operations,team-4,010fb82c-3ac6-411c-8680-5e3117d536b4,2025-06-26T17:33:28.313646,2025-08-08T17:33:28.313646,completed
e0f97d5e-c208-4e14-8833-36692571e6cb,Operations - e0f97d,Project of type operations,team-16,c032147b-cc0f-4620-bde7-ff1d6dbf6e4c,2025-04-07T17:33:28.313646,2025-05-03T17:33:28.313646,completed
4faad965-feae-4214-bc4f-b65a5ec576a6,Operations - 4faad9,Project of type operations,team-8,be14e7d8-08a9-4412-adce-8612aff057fe,2025-11-24T17:33:28.313646,2026-01-15T17:33:28.313646,active
09064377-851e-4aff-98f3-b74e79d9f5e3,Engineering - 090643,Project of type engineering,team-15,42179616-e9ea-4969-87de-5127bf6f44d4,2025-07-30T17:33:28.313646,2025-11-18T17:33:28.313646,active
878bbd50-16d1-4321-b87c-4af23e7578d6,Operations - 878bbd,Project of type operations,team-9,e7e42d00-0c36-48a6-bc01-81e0d8bf84b3,2025-02-22T17:33:28.313646,2025-03-14T17:33:28.313646,active
13891833-2f2a-4b27-9055-30be2627392d,Engineering - 138918,Project of type engineering,team-3,688d35e8-47e5-42da-8be0-ebaf27ab41a0,2025-08-27T17:33:28.313646,2025-11-19T17:33:28.313646,active
901384ad-e14b-45d8-bca7-c814735dd420,Engineering - 901384,Project of type engineering,team-13,5636bc18-f5b7-4041-9bd2-5f711a55119c,2025-07-31T17:33:28.313646,2025-10-13T17:33:28.313646,active
b33453c7-ba49-4e60-84c9-2c0999165d6f,Operations - b33453,Project of type operations,team-6,bbfd0fed-f7c2-4b24-a25a-f38508defc02,2025-06-15T17:33:28.313646,2025-07-05T17:33:28.313646,active
6f976909-7b1a-4a3b-8796-dcf87a049e32,Marketing - 6f9769,Project of type marketing,team-18,ca533a5f-048d-43a8-8391-374daad0d96d,2025-03-15T17:33:28.313646,2025-05-05T17:33:28.313646,active
3bd25093-06f8-4943-8330-1996507e4907,Engineering - 3bd250,Project of type engineering,team-19,f62d74d6-1ed5-42e8-a0d2-71a38dc8e7ad,2025-11-28T17:33:28.313646,2026-01-25T17:33:28.313646,active
8e5090f8-0b1b-4469-ab0d-663aafdd1075,Operations - 8e5090,Project of type operations,team-16,a1aa88ea-bfd4-4384-98a7-334196ef0de1,2025-02-15T17:33:28.313646,2025-03-22T17:33:28.313646,completed
b7feaec4-9880-4c05-a22b-699374f2445d,Operations - b7feae,Project of type operations,team-1,5bec2696-eacf-44e0-85c3-f57b4842e637,2025-11-25T17:33:28.313646,2025-12-27T17:33:28.313646,completed
f01e096e-6850-42eb-a1b6-e3c25cbe8caa,Operations - f01e09,Project of type operations,team-7,02504d2e-8a91-4a19-9ba7-b51ab7c25876,2025-03-15T17:33:28.313646,2025-05-07T17:33:28.313646,completed
8cec6ce6-b929-4116-9b16-ba89d5478662,Engineering - 8cec6c,Project of type engineering,team-5,292ea294-b2cb-4478-9ab2-a3be564fee64,2025-05-12T17:33:28.313646,2025-08-20T17:33:28.313646,active
bb796d41-71e1-40bd-8ca2-8a9802ce0e11,Engineering - bb796d,Project of type engineering,team-8,46f3a1a4-c549-44f3-be7e-b2317d348618,2025-07-12T17:33:28.313646,2025-11-05T17:33:28.313646,active
8866447a-2817-428d-8748-6b464b30b8e2,Engineering - 886644,Project of type engineering,team-18,5642122f-6194-4d07-aecf-cecca6839619,2025-09-08T17:33:28.313646,2025-11-21T17:33:28.313646,on_hold
00f13b4b-8748-44ea-9f0a-b37aba3eedd8,Operations - 00f13b,Project of type operations,team-18,591ae42d-cac3-42ac-901b-bc614463916e,2025-07-11T17:33:28.313646,2025-08-29T17:33:28.313646,completed
fe78bf15-5388-4560-a115-a1d41dbd794b,Operations - fe78bf,Project of type operations,team-12,a7599de4-6e97-482e-8f37-339aef8be3a3,2025-05-28T17:33:28.313646,2025-06-09T17:33:28.313646,active
25c9750f-ec7f-43bf-8ac7-16d6ddd2f5b8,Engineering - 25c975,Project of type engineering,team-7,72a1dec0-513d-483e-8fb8-c9b59055af9d,2025-12-27T17:33:28.313646,2026-04-19T17:33:28.313646,completed
590f9c81-0a4d-4e0d-8a21-1b093adb1fec,Engineering - 590f9c,Project of type engineering,team-5,03879484-e72f-4976-896b-088613870a61,2025-10-22T17:33:28.313646,2025-12-22T17:33:28.313646,on_hold
2afd8261-258a-4ebb-8ad3-83f1d834ae51,Operations - 2afd82,Project of type operations,team-16,b44d6086-8996-469c-90f6-3fc65596a027,2025-07-18T17:33:28.313646,2025-08-02T17:33:28.313646,active
a6ec5cc4-1ba0-419c-bf3c-2ca1b4eb3e6e,Engineering - a6ec5c,Project of type engineering,team-16,d0e140f1-bbe4-4cf4-8143-9ed60312f4aa,2025-09-01T17:33:28.313646,2025-12-08T17:33:28.313646,active
a4f63634-ed49-4b8f-a832-9c396215c69b,Marketing - a4f636,Project of type marketing,team-16,33a44802-5bda-4ce1-96cb-a6cb26e78281,2025-09-14T17:33:28.313646,2025-11-08T17:33:28.313646,active
db1968c3-6aa0-40d0-a4c7-f4a1c6f6d525,Marketing - db1968,Project of type marketing,team-9,8c23698e-656a-4ba1-ae0b-d5c5eb8321ed,2025-06-20T17:33:28.313646,2025-07-21T17:33:28.313646,active
e12c5ea3-f87f-4243-b3b1-669bc7f0fd88,Marketing - e12c5e,Project of type marketing,team-4,6da8f245-7497-4b2c-99a8-6a55c960b62c,2025-07-04T17:33:28.313646,2025-09-22T17:33:28.313646,active
83718e66-b584-484c-b25b-33a7378eb45e,Operations - 83718e,Project of type operations,team-7,959582c6-7719-47de-a04a-d41013b16eb6,2025-01-08T17:33:28.313646,2025-03-07T17:33:28.313646,completed
bafd8fc7-5d00-4edd-b5b0-2a6201c00f21,Operations - bafd8f,Project of type operations,team-10,7ab5f94a-971d-4849-a764-775430e4d824,2025-12-12T17:33:28.313646,2026-01-21T17:33:28.313646,on_hold
f71d6ee3-3387-4ea5-be19-ccfd205fe90e,Operations - f71d6e,Project of type operations,team-9,f21edf84-85be-4fc5-9a2f-06dce66838b4,2025-11-17T17:33:28.313646,2025-11-27T17:33:28.313646,completed
a194b509-a35b-4945-9000-caf2b3498bf2,Marketing - a194b5,Project of type marketing,team-4,230f4e89-390d-4949-a2ef-24c4ed767c2d,2025-04-07T17:33:28.313646,2025-06-03T17:33:28.313646,completed
dd0cfc9a-1e78-4c7d-9a9a-fa6598579b1f,Operations - dd0cfc,Project of type operations,team-5,01ddc600-31f1-45ba-87e4-e27cb503e14d,2025-08-16T17:33:28.313646,2025-10-12T17:33:28.313646,active
b9e17c4f-c024-4f12-9304-743f6365404a,Engineering - b9e17c,Project of type engineering,team-11,fe89b921-6585-485e-9ed5-86b332861ac9,2025-08-04T17:33:28.313646,2025-10-27T17:33:28.313646,active
e7075b66-ce06-44ff-b68d-dc510bfdecc8,Engineering - e7075b,Project of type engineering,team-4,3c143d85-70d0-4282-b002-8c22537eb97a,2025-03-11T17:33:28.313646,2025-05-09T17:33:28.313646,active
d51f2c9c-f4e7-48d0-9823-8c01d23ad0fd,Engineering - d51f2c,Project of type engineering,team-17,e31b2dee-32fe-4c08-b33b-16ea23fff8f9,2025-03-31T17:33:28.313646,2025-04-28T17:33:28.313646,active
66c8df1a-2650-4136-903f-20e414dfa59b,Operations - 66c8df,Project of type operations,team-11,62b77b8c-59f4-4831-bf1c-81ccdb6d19c2,2025-06-08T17:33:28.313646,2025-07-04T17:33:28.313646,active
c9a138ee-940e-45ab-b505-5323febc0e29,Marketing - c9a138,Project of type marketing,team-3,e1e0cd14-67dc-4e42-887f-d2f80294d240,2025-09-23T17:33:28.313646,2025-11-03T17:33:28.313646,active
68c76012-eda0-41fe-898f-de3ccd5ebfe0,Operations - 68c760,Project of type operations,team-13,37fa1d68-b8f6-404f-a468-a736948e1720,2025-04-26T17:33:28.313646,2025-06-16T17:33:28.313646,active
0de58ab6-d99f-42eb-ba31-bbedbb899822,Engineering - 0de58a,Project of type engineering,team-16,f5c97c7b-82c6-49af-b2f1-f4a06800cf33,2025-02-05T17:33:28.313646,2025-03-16T17:33:28.313646,active
4241f318-8397-45f4-ad31-0c3a4086c58e,Marketing - 4241f3,Project of type marketing,team-14,64b581ff-d083-45dc-ae98-e124b76408a1,2025-11-05T17:33:28.313646,2025-12-12T17:33:28.313646,completed
53bb8b16-da9a-4d4e-95c3-5615b1391582,Engineering - 53bb8b,Project of type engineering,team-19,aced6b29-c4d0-4073-894d-221b7531b2cd,2025-09-12T17:33:28.313646,2026-01-02T17:33:28.313646,completed
1f70c0b0-7c52-4b7c-a71a-1696da9a4350,Operations - 1f70c0,Project of type operations,team-3,57ec7b0f-3d6d-44eb-aed3-d593f41f1653,2025-03-31T17:33:28.313646,2025-04-22T17:33:28.313646,on_hold
b3202a35-ce3a-46d5-9c71-ff1fc780c818,Engineering - b3202a,Project of type engineering,team-16,3cf64133-89ff-4175-85d7-f0c1e89eb05f,2025-11-13T17:33:28.313646,2025-12-16T17:33:28.313646,active
7282b74d-c739-4121-88b5-155ffaada0ca,Marketing - 7282b7,Project of type marketing,team-2,83817125-090b-4aa2-bcf3-08f9e99afca1,2025-12-09T17:33:28.313646,2026-02-22T17:33:28.313646,active
63e1d4ec-2cd7-43a5-a982-8cf80a4c46aa,Engineering - 63e1d4,Project of type engineering,team-11,3f30904e-46c4-4022-8ea1-d92df9c43f34,2025-03-23T17:33:28.313646,2025-07-14T17:33:28.313646,active
124b9920-39e6-4830-a55c-3bb1ac39b330,Engineering - 124b99,Project of type engineering,team-14,303f96fe-5296-4610-81ca-135e383f87cd,2025-03-10T17:33:28.313646,2025-05-06T17:33:28.313646,active
5dea89e2-4a9a-4f3a-ac29-c2242fe9ac65,Engineering - 5dea89,Project of type engineering,team-18,be6a6c4e-631b-402d-9f50-795f6047ff2f,2025-03-06T17:33:28.313646,2025-04-08T17:33:28.313646,active
5f749432-476d-43eb-9eb2-98c23e3cbcb2,Operations - 5f7494,Project of type operations,team-5,51bf3aea-ee71-4dd5-af14-f588aaecf322,2025-08-27T17:33:28.313646,2025-10-22T17:33:28.313646,completed
306f51c4-c46c-4d6a-813d-781b8ed79662,Marketing - 306f51,Project of type marketing,team-6,622f4a3f-ea5d-4054-9f22-b8dabce481e5,2025-05-06T17:33:28.313646,2025-05-25T17:33:28.313646,on_hold
5087a0cc-7fc2-4e65-bcc7-4cf5b0978949,Engineering - 5087a0,Project of type engineering,team-19,f5bc0f28-daf8-4440-8671-c00160329acb,2025-10-03T17:33:28.313646,2025-12-02T17:33:28.313646,completed
c3b3719c-622d-4796-8196-d3180cf76f89,Marketing - c3b371,Project of type marketing,team-5,156e1097-f49c-441f-ab11-1473939edd95,2025-08-07T17:33:28.313646,2025-09-05T17:33:28.313646,completed
c9424f31-80e3-4ab6-9ed3-1f81492cfee1,Engineering - c9424f,Project of type engineering,team-19,845fbadc-242c-4d02-8146-883c004191b3,2025-08-18T17:33:28.313646,2025-09-22T17:33:28.313646,completed
0fe02bdc-5b65-4f4c-96aa-12cb11cd227c,Operations - 0fe02b,Project of type operations,team-15,1d549ae7-6281-47f4-8bdb-5ab454f4609f,2025-05-24T17:33:28.313646,2025-07-03T17:33:28.313646,active
3b3005d6-c206-4bb5-ac58-f0050bac25a7,Engineering - 3b3005,Project of type engineering,team-17,0e3fde2b-fa91-4d78-9f5e-b3191452fc5c,2025-03-02T17:33:28.313646,2025-06-04T17:33:28.313646,on_hold
6d0f8b96-3b3b-41bf-ad1c-381d91b39c42,Engineering - 6d0f8b,Project of type engineering,team-14,c8a4226e-2140-45fd-9db9-63909ab1904f,2025-05-13T17:33:28.313646,2025-08-09T17:33:28.313646,active
c942a784-765e-4748-b692-a4c92d5dd292,Marketing - c942a7,Project of type marketing,team-16,5a56dc04-6e53-4451-80b6-fc1b387afd38,2025-11-18T17:33:28.313646,2026-01-27T17:33:28.313646,active
d8c3edb6-c75d-47df-9125-e5a336e1f417,Marketing - d8c3ed,Project of type marketing,team-5,2a4f5fb7-5459-4b6c-b5b0-6a872b07e051,2025-05-25T17:33:28.313646,2025-07-13T17:33:28.313646,completed
0e87e639-00de-4305-8aa6-34b5bd672852,Marketing - 0e87e6,Project of type marketing,team-1,042e23a8-8288-4ef4-82d5-95da4aee22a2,2025-01-21T17:33:28.313646,2025-02-19T17:33:28.313646,completed
28f1057a-6610-449b-bb44-41e5ff34810d,Engineering - 28f105,Project of type engineering,team-0,589484bf-4c7f-42a0-9081-ebc06dd267b9,2025-10-06T17:33:28.313646,2025-11-29T17:33:28.313646,completed
6545d24b-f883-432c-9794-8c1f81c5b38d,Engineering - 6545d2,Project of type engineering,team-2,7eb968da-4034-4478-a104-bd29c0148516,2025-01-27T17:33:28.313646,2025-03-26T17:33:28.313646,completed
dc77866a-c4cc-4f56-bdb3-ac4cb13c59c2,Operations - dc7786,Project of type operations,team-5,2ba7a8e2-5cd7-4c83-9533-68974510aac6,2025-02-08T17:33:28.313646,2025-03-12T17:33:28.313646,completed
944e9c0a-311b-4556-8d29-7ac8d78393e9,Engineering - 944e9c,Project of type engineering,team-14,bb39451f-21ac-4cbe-a6d4-80808b7a7838,2025-06-25T17:33:28.313646,2025-09-14T17:33:28.313646,active
2c3dc980-7a97-42df-8edf-abd9c284e13b,Marketing - 2c3dc9,Project of type marketing,team-13,25c86038-1337-4d70-b7ea-93e3a27165ba,2025-08-11T17:33:28.313646,2025-10-25T17:33:28.313646,completed
0300262c-1af2-4c1c-bb96-a19c589cb2b3,Operations - 030026,Project of type operations,team-0,32a4eb80-7fef-4087-a046-ea58476b11dc,2025-10-24T17:33:28.313646,2025-12-17T17:33:28.313646,active
af90ddea-1d3a-4cd9-95a2-4bc16cd12817,Operations - af90dd,Project of type operations,team-16,cb9b250c-3c48-414c-b177-527af357be5e,2025-04-10T17:33:28.313646,2025-06-06T17:33:28.313646,active
57600ea1-5e75-4cd9-ac8d-78238e95b003,Operations - 57600e,Project of type operations,team-12,67159aa5-c713-4983-a606-cef151077558,2025-07-19T17:33:28.313646,2025-08-29T17:33:28.313646,active
f4e3da16-4998-4580-8808-20756106e3e1,Marketing - f4e3da,Project of type marketing,team-17,f5c97c7b-82c6-49af-b2f1-f4a06800cf33,2025-04-19T17:33:28.313646,2025-07-17T17:33:28.313646,active
0a99e1d9-d84b-45bf-9d00-53be6247cba1,Marketing - 0a99e1,Project of type marketing,team-9,c3131d30-3ced-489d-bb34-524924cce5b7,2025-10-26T17:33:28.313646,2026-01-03T17:33:28.313646,active
1db0729f-3a68-4751-ab12-5ed36f2232c6,Operations - 1db072,Project of type operations,team-19,a51dc294-2bb2-4359-91ab-13a213d06538,2025-12-02T17:33:28.313646,2025-12-09T17:33:28.313646,completed
ca060bed-168d-48e3-a38f-79a3bd99e982,Marketing - ca060b,Project of type marketing,team-5,b1ae033e-03d6-4d3d-b73a-94112a24180a,2025-11-21T17:33:28.313646,2026-01-18T17:33:28.313646,active
24f9710e-f327-4a27-b54f-10f2754c3a81,Engineering - 24f971,Project of type engineering,team-15,70272c44-0886-4935-b38d-0817b44cf098,2025-03-13T17:33:28.313646,2025-05-16T17:33:28.313646,completed
59bd83cf-bbbf-49bc-a4c7-b74a0ed52152,Engineering - 59bd83,Project of type engineering,team-11,4f737774-6be3-47ef-a9b4-55590f96bb74,2025-11-16T17:33:28.313646,2026-02-25T17:33:28.313646,active
3ca7efa9-0f46-45b7-a5c1-1286581ec1c4,Marketing - 3ca7ef,Project of type marketing,team-8,ce7aaf56-70f0-42ee-a9f9-26f54a4cac96,2025-10-03T17:33:28.313646,2025-10-28T17:33:28.313646,active
a7264021-171a-47e3-a533-d55778f21bb0,Marketing - a72640,Project of type marketing,team-2,1a6de2e1-34ff-4a54-95b2-ac0f9fc0d66e,2025-10-12T17:33:28.313646,2025-12-21T17:33:28.313646,completed
daee6cce-1aaa-423f-9e1d-e2201d2bcaff,Engineering - daee6c,Project of type engineering,team-18,bf3ccc78-e9c9-4ebd-8903-69d4c36c6c00,2025-08-26T17:33:28.313646,2025-10-21T17:33:28.313646,active
a5acdf2f-7314-493c-9f7d-c3773c3b2b4b,Marketing - a5acdf,Project of type marketing,team-12,8cf9e0a9-1392-42bd-a6ef-b7b22625170c,2025-08-09T17:33:28.313646,2025-10-05T17:33:28.313646,completed
9031bbb9-a0d4-4f57-93e1-195697886b53,Operations - 9031bb,Project of type operations,team-8,944f6560-af15-485d-8a09-96d5d5e42a9c,2026-01-01T17:33:28.313646,2026-02-08T17:33:28.313646,completed
ca86d02a-632f-4ac1-82de-3d490fe86cd9,Marketing - ca86d0,Project of type marketing,team-11,8c9269c0-911f-4e56-9571-5a281ae343cf,2025-03-27T17:33:28.313646,2025-05-20T17:33:28.313646,active
b2fd0c0d-e123-4560-ab0c-7b7e06f9e45e,Marketing - b2fd0c,Project of type marketing,team-15,1ae1e54b-5828-4e9c-8f2d-b24fb3b46c3e,2025-01-27T17:33:28.313646,2025-04-14T17:33:28.313646,on_hold
f48c4f53-9da2-4cb2-a797-fce6c4fd7377,Engineering - f48c4f,Project of type engineering,team-13,798be366-d5a1-4ada-86a4-a4f630a28262,2025-03-12T17:33:28.313646,2025-06-29T17:33:28.313646,active
9ae6a9b4-0544-4bba-95c8-0d14acd7fb70,Marketing - 9ae6a9,Project of type marketing,team-5,b63e154b-548f-413e-a21b-7419e1d07964,2025-04-29T17:33:28.313646,2025-05-20T17:33:28.313646,active
2bad07d1-e2b0-4d3c-be1a-bb3954ce1d33,Operations - 2bad07,Project of type operations,team-15,fa152a3b-89f5-4b0e-99ee-8238456bda5d,2025-11-09T17:33:28.313646,2025-12-10T17:33:28.313646,active
5106ae17-2204-4c01-bb3b-49a2a0db971e,Engineering - 5106ae,Project of type engineering,team-1,57fcf7f7-4365-43b5-be7c-4547a5aae976,2025-09-21T17:33:28.313646,2025-12-13T17:33:28.313646,active
2c859534-0659-44e3-bbb5-5e2e12921438,Engineering - 2c8595,Project of type engineering,team-0,14e0ffe9-acde-4f8f-a98c-86f5b42c376b,2025-09-22T17:33:28.313646,2026-01-11T17:33:28.313646,active
f1b3d013-fafb-43a2-993b-c02916b3a80f,Operations - f1b3d0,Project of type operations,team-8,ce8892d3-c3af-4cfb-97d8-0c0f586756c3,2025-05-17T17:33:28.313646,2025-05-27T17:33:28.313646,active
ffbba55a-27fc-4bc9-826b-f8a30ac6a263,Marketing - ffbba5,Project of type marketing,team-11,a99b9b62-d122-4c4a-bc74-6e59dc624194,2025-04-12T17:33:28.313646,2025-06-13T17:33:28.313646,completed
814fea66-58c8-497a-a6da-57fee2ada91a,Operations - 814fea,Project of type operations,team-11,30bcc5a1-cb30-480d-a7da-a4c6eb9d1f86,2025-12-12T17:33:28.313646,2025-12-27T17:33:28.313646,on_hold
2e90c6c8-5ea2-4fa7-a688-2bdc14189780,Operations - 2e90c6,Project of type operations,team-2,ca76f87f-a03a-4e86-8d7f-2b39d600114e,2025-07-07T17:33:28.313646,2025-07-23T17:33:28.313646,completed
ff6e9507-d74e-480e-9727-e5a83db6e821,Operations - ff6e95,Project of type operations,team-11,7a613233-45e3-40b1-b3ac-8609c9ff159c,2025-04-25T17:33:28.313646,2025-05-17T17:33:28.313646,on_hold
3a59445c-8901-4a59-b871-f417f9d90ead,Engineering - 3a5944,Project of type engineering,team-2,b9ec72a6-16f2-4fcc-a85c-787a53a65d7e,2025-04-23T17:33:28.313646,2025-07-27T17:33:28.313646,completed
2675b795-379f-42e4-a30b-b1788df8ea9f,Operations - 2675b7,Project of type operations,team-16,f609c834-e512-4cf5-ac1c-ccf779bf48e7,2025-05-29T17:33:28.313646,2025-06-11T17:33:28.313646,completed
a0c65330-091b-4d7d-96f7-2bb3a6188171,Operations - a0c653,Project of type operations,team-6,a7d568af-32b8-448a-ad26-a153cc15441d,2025-12-07T17:33:28.313646,2026-01-21T17:33:28.313646,active
8707a2e5-4868-4230-9468-174dbd06b0a5,Operations - 8707a2,Project of type operations,team-14,1637a2c8-d9c8-4281-918f-3116e8f6e887,2025-05-10T17:33:28.313646,2025-05-26T17:33:28.313646,active
703f50ac-51ae-4456-921b-400e2525e3d6,Operations - 703f50,Project of type operations,team-12,c4ad8241-432f-4f85-b611-43063f13da26,2025-11-24T17:33:28.313646,2025-12-25T17:33:28.313646,completed
d8faa295-3bce-482f-8956-47eb0d1655d3,Marketing - d8faa2,Project of type marketing,team-14,27b646e1-12f2-4d32-ad5e-59658bd2bc5a,2025-04-12T17:33:28.313646,2025-07-02T17:33:28.313646,completed
a915eac2-69cc-4dfe-b7f7-b46f4183f0bb,Marketing - a915ea,Project of type marketing,team-7,22b92945-704a-48dc-885c-0acb0983422c,2025-02-07T17:33:28.313646,2025-04-25T17:33:28.313646,completed
fd510d7e-2d04-4bc7-980f-23d0024785d0,Operations - fd510d,Project of type operations,team-11,102e55b9-e194-4560-84e6-5251ae8e5530,2025-07-13T17:33:28.313646,2025-08-23T17:33:28.313646,completed
783df50d-269e-4c3f-a6eb-7e9a6f338c2c,Operations - 783df5,Project of type operations,team-8,0615aba1-20e1-4829-b1ff-62f5861f8056,2025-08-15T17:33:28.313646,2025-10-02T17:33:28.313646,completed
3562e797-85a1-4990-970a-90d3a8a4f6e5,Marketing - 3562e7,Project of type marketing,team-15,d0a076cd-b34f-4a12-a1d8-69631e4db0a9,2025-02-04T17:33:28.313646,2025-03-26T17:33:28.313646,active
ae5a0529-0929-4f18-a43a-93dbb50efa06,Marketing - ae5a05,Project of type marketing,team-16,885d52b7-03c8-4598-8eae-3b24d5da1ff2,2025-08-15T17:33:28.313646,2025-11-01T17:33:28.313646,active
a095bfea-bedc-451e-a2b6-bf10be0c91ab,Engineering - a095bf,Project of type engineering,team-0,d673e544-7460-45c4-8352-f1374ef979e1,2025-11-27T17:33:28.313646,2026-02-18T17:33:28.313646,active
6c3670fe-1377-4a2f-ad82-ffc8b00c9325,Engineering - 6c3670,Project of type engineering,team-16,1d70d34a-cfb8-4caa-9d9a-989d89511619,2025-04-01T17:33:28.313646,2025-06-30T17:33:28.313646,active
c4cdee53-2a8a-4f2b-acb9-e7983490dbf2,Marketing - c4cdee,Project of type marketing,team-9,c1223ea5-5a1e-49b4-8570-d8e112c37534,2025-01-28T17:33:28.313646,2025-04-20T17:33:28.313646,completed
5e429c8d-1d53-4013-92d1-88f8e6e954de,Operations - 5e429c,Project of type operations,team-8,152c0121-6d74-49a9-bfed-10ffc029af56,2025-08-26T17:33:28.313646,2025-10-14T17:33:28.313646,active
3a0b7103-efc7-4fa8-a00d-63a8513bf511,Marketing - 3a0b71,Project of type marketing,team-0,07af20cd-9e70-43f4-9943-a93df86171a6,2025-08-30T17:33:28.313646,2025-09-18T17:33:28.313646,on_hold
c1bee178-6698-482b-889b-d10914825dfd,Engineering - c1bee1,Project of type engineering,team-6,0994c638-47a0-4238-8e94-282fa64e4eb1,2025-11-02T17:33:28.313646,2026-02-15T17:33:28.313646,active
b35e77d4-9065-42d6-92a9-b7cd4ab129a6,Engineering - b35e77,Project of type engineering,team-19,6b6b94cd-ab5a-47e0-8406-1c4361ee8068,2025-11-10T17:33:28.313646,2025-12-26T17:33:28.313646,active
e7b48165-c7f7-453c-b777-e51f33e65820,Marketing - e7b481,Project of type marketing,team-1,bf548ec6-7326-4819-80c6-89c969056dc3,2025-07-27T17:33:28.313646,2025-08-20T17:33:28.313646,completed
9eca03b1-135b-4c98-8af5-e44511c58f43,Operations - 9eca03,Project of type operations,team-16,64170e0c-824b-4a32-be63-fdafc45846b7,2025-06-12T17:33:28.313646,2025-07-03T17:33:28.313646,active
afec592b-95e4-4582-9a8b-954a5fcc8179,Engineering - afec59,Project of type engineering,team-3,e5ed69e1-9a37-445b-a603-9a75a856eb7e,2025-06-14T17:33:28.313646,2025-08-28T17:33:28.313646,active
1d9df9c3-7479-43bb-9714-cc2078c73058,Engineering - 1d9df9,Project of type engineering,team-17,ed94e404-fded-431b-9784-0fc5faf02a6b,2025-10-06T17:33:28.313646,2025-11-17T17:33:28.313646,active
c1a8b4dd-5b5d-44ff-a509-becc9bdde860,Operations - c1a8b4,Project of type operations,team-10,8a8ceb03-2472-446d-8656-8f5bab3ac39c,2025-10-12T17:33:28.313646,2025-11-23T17:33:28.313646,active
70937a1c-1412-48fe-a461-334dbb749d60,Engineering - 70937a,Project of type engineering,team-12,77b8481c-f7ec-499f-a621-196e98c201e4,2025-03-07T17:33:28.313646,2025-06-18T17:33:28.313646,active
3a81a141-0303-4bc4-a7c9-4a11e999d6f9,Operations - 3a81a1,Project of type operations,team-0,afd8fa3f-d5e3-42a5-90a1-d984b65a9f24,2025-05-28T17:33:28.313646,2025-06-20T17:33:28.313646,active
1b80ba0d-ecd0-4e92-851e-c11a5ca2f589,Marketing - 1b80ba,Project of type marketing,team-3,15b7d549-8476-42af-a0f1-bdd3d5074a45,2025-11-02T17:33:28.313646,2026-01-21T17:33:28.313646,active
a9d22c20-79aa-4921-8d79-00f9eed641ab,Marketing - a9d22c,Project of type marketing,team-15,e61c639a-b446-493d-8777-7da48af98aec,2025-02-25T17:33:28.313646,2025-03-16T17:33:28.313646,on_hold
c69dd999-01ea-4bf7-8874-41c83d6606d2,Marketing - c69dd9,Project of type marketing,team-10,2b187765-1488-4a0a-92f2-a0d7894548d6,2025-06-17T17:33:28.313646,2025-06-29T17:33:28.313646,completed
cc514026-4cb3-4924-9b68-c1a71862820b,Operations - cc5140,Project of type operations,team-18,7c4906d6-7b7f-4cd5-8810-1bab71246481,2025-08-05T17:33:28.313646,2025-08-30T17:33:28.313646,active
69c8118d-51fe-4b49-918e-540c7aa4faf9,Operations - 69c811,Project of type operations,team-8,c6591fb7-47e3-43d5-bdf3-364fe36d5ac4,2025-09-07T17:33:28.313646,2025-09-25T17:33:28.313646,active
7f81d7bf-3cee-4be2-bebd-0ff3bd9be7e4,Marketing - 7f81d7,Project of type marketing,team-1,387b9ea2-66c3-425f-b034-c79d9d69869c,2025-09-28T17:33:28.313646,2025-11-06T17:33:28.313646,completed
73506ae6-32a2-4e66-93af-6feaf606c1ea,Engineering - 73506a,Project of type engineering,team-14,99f9b07a-f809-4697-b6a5-73def56e6f6e,2025-05-28T17:33:28.313646,2025-09-24T17:33:28.313646,active
a44d523c-2ef9-4773-b008-0e9d3609a605,Marketing - a44d52,Project of type marketing,team-6,e5a7d669-0512-4c6c-a086-c7d031b0f58e,2025-02-18T17:33:28.313646,2025-03-12T17:33:28.313646,active
432c70d6-e472-48c3-a4f1-908d5b6e31ff,Operations - 432c70,Project of type operations,team-10,885d52b7-03c8-4598-8eae-3b24d5da1ff2,2025-10-02T17:33:28.313646,2025-11-22T17:33:28.313646,active
74a50315-f11a-45b9-9eb1-577da42d4d1b,Operations - 74a503,Project of type operations,team-4,a8a857fa-2fbe-4a04-9632-6e5677c4c1c7,2025-11-06T17:33:28.313646,2025-12-11T17:33:28.313646,on_hold
6a8a0075-af54-4fa7-80bf-6e35a00167bf,Engineering - 6a8a00,Project of type engineering,team-4,f5178d7d-284b-46a1-b93b-13fd29decc2b,2025-08-23T17:33:28.313646,2025-10-25T17:33:28.313646,completed
36be5e6e-c33b-4c40-9a5e-5b4875eeba28,Engineering - 36be5e,Project of type engineering,team-10,fd22a1a4-ae0b-4834-b17a-b09559f03e96,2025-10-31T17:33:28.313646,2026-01-20T17:33:28.313646,active
d3496f32-d241-4f13-b879-a64e7b1f5d7d,Engineering - d3496f,Project of type engineering,team-14,1d584179-8600-415c-9df6-f7dd47288e37,2025-10-20T17:33:28.313646,2026-01-02T17:33:28.313646,active
98b0f399-1b2a-4305-a6d8-64a6f7c99127,Engineering - 98b0f3,Project of type engineering,team-2,946f8069-efc3-44aa-8b38-9aec6c832152,2025-01-31T17:33:28.313646,2025-04-30T17:33:28.313646,completed
a399a512-e4a8-4ddf-87dd-344784971b83,Operations - a399a5,Project of type operations,team-18,dffa83be-5b7b-411f-a5ab-6d9119dab9b8,2025-06-01T17:33:28.313646,2025-06-15T17:33:28.313646,active
2ffc3e63-7c4b-465d-b432-72b86ac36ff9,Marketing - 2ffc3e,Project of type marketing,team-16,2da03915-7180-49aa-85be-be04f7d8dbe0,2025-01-06T17:33:28.313646,2025-01-23T17:33:28.313646,active
c11f5080-6675-4a9c-9c28-c701c287c574,Operations - c11f50,Project of type operations,team-4,b5235635-aa55-46c8-b2d7-f553ae8d1f35,2025-12-26T17:33:28.313646,2026-02-23T17:33:28.313646,completed
0bd6c5eb-d8be-4462-8934-1d014681cf03,Operations - 0bd6c5,Project of type operations,team-3,621a795f-dd7f-4a03-a07b-7ef30b3615eb,2025-12-27T17:33:28.313646,2026-02-06T17:33:28.313646,active
fc728a59-45d1-4953-8b99-8f4181b3aadf,Engineering - fc728a,Project of type engineering,team-11,dacdf5ca-b16c-47d7-ad57-b93a2830aa21,2025-12-25T17:33:28.313646,2026-04-03T17:33:28.313646,active
91010213-d4ee-43f2-9b3b-4206174cabee,Engineering - 910102,Project of type engineering,team-11,2e273a21-75f1-4125-bfdf-44dff990ac20,2025-11-23T17:33:28.313646,2026-02-01T17:33:28.313646,active
d33ad947-98a1-4b9a-a6bd-e5ccfe3a8b49,Marketing - d33ad9,Project of type marketing,team-2,dad6ffd8-971a-4403-a747-ca8c3c91645f,2025-07-30T17:33:28.313646,2025-08-28T17:33:28.313646,active
1b32eef9-619d-48a3-aeef-58a8b6705648,Operations - 1b32ee,Project of type operations,team-7,7c69ae78-7391-436d-9873-2d29e8e4445c,2025-09-10T17:33:28.313646,2025-10-11T17:33:28.313646,active
d772a2ce-8320-46dc-a089-0afc9124a7cf,Engineering - d772a2,Project of type engineering,team-11,cf35b20a-4449-4a75-9018-4f3a00aa05bd,2025-08-16T17:33:28.313646,2025-10-31T17:33:28.313646,on_hold
4d3328e0-9d56-4116-994d-7ed305c059e2,Marketing - 4d3328,Project of type marketing,team-19,5cd7dc32-a049-44e7-acf3-ca44bb8b58c6,2025-04-23T17:33:28.313646,2025-07-13T17:33:28.313646,completed
4f2f007f-c75b-4f80-b709-f49d4bd0d1d0,Engineering - 4f2f00,Project of type engineering,team-13,41674d50-4253-46c7-b6aa-4d260163b091,2025-03-13T17:33:28.313646,2025-03-30T17:33:28.313646,active
14017276-46d7-4c84-9653-a7630018831d,Marketing - 140172,Project of type marketing,team-16,54cbc908-ac5e-4398-bb88-f123d32e31f8,2025-12-11T17:33:28.313646,2026-01-07T17:33:28.313646,active
4aa4712b-8de1-4a7c-80dc-568b27385fb1,Operations - 4aa471,Project of type operations,team-7,e1723e5d-2060-46e1-90bb-30bbd03c2b89,2025-09-19T17:33:28.313646,2025-10-18T17:33:28.313646,active
458b676c-c6af-42b5-b3b1-3f4a7a26d2c7,Engineering - 458b67,Project of type engineering,team-13,4ce3002b-51c0-4c00-a18c-c8ad4431c195,2025-03-17T17:33:28.313646,2025-04-06T17:33:28.313646,on_hold
fcd5c0f5-6835-4f71-954d-5092003822b4,Operations - fcd5c0,Project of type operations,team-5,043b98ea-173c-40ef-a2dd-82e5aea857be,2025-11-08T17:33:28.313646,2025-12-31T17:33:28.313646,active
a5b1c22e-61f0-48eb-bf52-69e1a733bc6d,Operations - a5b1c2,Project of type operations,team-7,f7f4b483-31e0-4a4c-afab-3d4813a1bc3e,2025-03-12T17:33:28.313646,2025-04-06T17:33:28.313646,active
92271f34-0685-4ad6-ab54-fe649066600f,Operations - 92271f,Project of type operations,team-1,9189bc69-1fd2-4348-898f-35b03a933919,2025-09-06T17:33:28.313646,2025-09-30T17:33:28.313646,on_hold
656bb1f9-257d-4d8a-88ff-7f0cf46c7151,Operations - 656bb1,Project of type operations,team-13,a23da6d4-9ef4-443e-9e0f-23645fde29d4,2025-10-08T17:33:28.313646,2025-10-26T17:33:28.313646,completed
7bb10927-0e87-4447-8dd5-6eb65b961828,Operations - 7bb109,Project of type operations,team-10,991f0549-8d5f-4831-b8fa-babdc29ecc5a,2025-02-26T17:33:28.313646,2025-04-10T17:33:28.313646,active
49a92781-42b1-4868-b66e-9dece77a1dee,Engineering - 49a927,Project of type engineering,team-6,3c368d29-c346-4e3e-b36a-653acc9eb906,2025-07-16T17:33:28.313646,2025-10-02T17:33:28.313646,active
444570f3-16e3-4494-9234-489ad078e39b,Operations - 444570,Project of type operations,team-19,4d965d7b-abe3-487d-8451-f62d4fcf72ce,2025-11-26T17:33:28.313646,2025-12-29T17:33:28.313646,completed
0942a791-f6c9-423d-b198-433d11f1df39,Marketing - 0942a7,Project of type marketing,team-7,1f51cd44-1260-475b-8981-f41dc1c5fd00,2025-07-31T17:33:28.313646,2025-10-04T17:33:28.313646,active
5dfa61c9-906f-4474-b829-1d06a9e0091c,Operations - 5dfa61,Project of type operations,team-15,64f1bed0-5021-4742-92dc-1029d3b8c516,2025-12-07T17:33:28.313646,2026-01-10T17:33:28.313646,active
5533a18a-60a2-4bda-a9fb-5b07f24a47f4,Engineering - 5533a1,Project of type engineering,team-11,79b6f82a-5b55-4ed3-bdb7-fe741412d024,2025-07-07T17:33:28.313646,2025-08-08T17:33:28.313646,completed
db20b973-56b9-40e9-99d4-336ff8fdd2d9,Operations - db20b9,Project of type operations,team-10,c8a4226e-2140-45fd-9db9-63909ab1904f,2025-06-04T17:33:28.313646,2025-07-30T17:33:28.313646,active
1808c514-df70-492d-a24c-83f1329e162b,Operations - 1808c5,Project of type operations,team-3,92646470-6ead-469f-a3d9-edf0d97dc256,2025-11-04T17:33:28.313646,2025-12-28T17:33:28.313646,active
eefa852e-4daa-45df-8dca-128c9988a160,Marketing - eefa85,Project of type marketing,team-9,251650e9-223c-4191-a50c-8af019031e52,2025-12-03T17:33:28.313646,2026-01-21T17:33:28.313646,completed
b46bb832-aab9-48f2-90c4-b204d60128fb,Operations - b46bb8,Project of type operations,team-17,4efffcc0-d7a7-4eee-8c0f-19880da647a7,2025-04-08T17:33:28.313646,2025-05-31T17:33:28.313646,completed
a26122c1-3f29-4966-8d65-8ef57b0cabba,Engineering - a26122,Project of type engineering,team-17,8afb5151-3b4c-4139-94d5-bc4ca8fb158f,2025-07-01T17:33:28.313646,2025-10-26T17:33:28.313646,active
732886cb-4159-451e-aaa7-8c8b499dba34,Engineering - 732886,Project of type engineering,team-12,5bcbbd59-1d51-4a1d-a94e-b4a9aceb107b,2025-05-05T17:33:28.313646,2025-08-03T17:33:28.313646,active
63ea4130-f88d-4dea-ba34-24dff87dc660,Engineering - 63ea41,Project of type engineering,team-3,a98be90e-df16-4247-b672-42978da9ffac,2025-10-15T17:33:28.313646,2025-11-11T17:33:28.313646,active
0e6cf76e-5c54-42a3-9b97-7b60e14986da,Engineering - 0e6cf7,Project of type engineering,team-4,1c673791-7a34-46f4-a13b-48d144ef1f6c,2025-04-23T17:33:28.313646,2025-06-22T17:33:28.313646,active
fdb8e640-eeb7-4fa4-97f6-7dd2484d6473,Marketing - fdb8e6,Project of type marketing,team-18,7505df0e-accb-49e4-8069-f83bb394c5d6,2025-10-11T17:33:28.313646,2025-11-11T17:33:28.313646,active
c7b58ec2-51e1-47de-b7e9-1f612a97b7bc,Marketing - c7b58e,Project of type marketing,team-17,a51600e8-06ea-440c-a4a6-8b2176997bdc,2025-07-15T17:33:28.313646,2025-09-03T17:33:28.313646,active
8f725f40-1041-464c-92a2-25b7bc80f352,Marketing - 8f725f,Project of type marketing,team-19,b2722cef-e036-4612-aba9-4c353b0026ad,2025-08-10T17:33:28.313646,2025-10-17T17:33:28.313646,completed
c46a0798-055b-4312-820a-1c3d3fc80188,Marketing - c46a07,Project of type marketing,team-10,d1015cd2-6957-4e5a-913c-56576a5ca0fe,2025-09-21T17:33:28.313646,2025-12-15T17:33:28.313646,active
48679134-7de3-457c-bd6f-0629495d52cb,Marketing - 486791,Project of type marketing,team-19,5f255c7a-404f-4ed3-9be9-c1ff003166ee,2025-03-29T17:33:28.313646,2025-05-17T17:33:28.313646,active
b9750e1d-2166-49c8-b539-c6abef83d6ea,Operations - b9750e,Project of type operations,team-9,9640490d-697d-4d9f-9390-4c5e3e52db79,2025-08-30T17:33:28.313646,2025-10-02T17:33:28.313646,active
4ac31e6c-d0b5-4f85-adf3-3499b06fdc75,Marketing - 4ac31e,Project of type marketing,team-3,976d7b98-7007-4302-860a-f86cfbab6397,2025-06-15T17:33:28.313646,2025-06-25T17:33:28.313646,on_hold
81dc93e0-786f-491b-97c8-b4b854fc6041,Operations - 81dc93,Project of type operations,team-6,47a4bf91-1671-470e-9f12-3652c15806f1,2026-01-03T17:33:28.313646,2026-02-13T17:33:28.313646,on_hold
bd7078b6-253a-4af0-8cb0-5c075519d795,Engineering - bd7078,Project of type engineering,team-1,09b2ba6b-10b2-4df2-b1ec-79e93f36a800,2025-09-08T17:33:28.313646,2025-10-03T17:33:28.313646,active
0bf74889-93e6-4e4a-ab11-97f2dc86a268,Operations - 0bf748,Project of type operations,team-7,fe1f2b46-8c2c-4486-98f2-7cfa03f079d1,2025-11-09T17:33:28.325795,2025-11-26T17:33:28.325795,completed
ea7c4d1c-4a30-42d5-a9d1-580729b3b733,Marketing - ea7c4d,Project of type marketing,team-12,3bf1b259-9e73-4f5a-bebd-605795fd3837,2025-12-20T17:33:28.325795,2026-01-20T17:33:28.325795,on_hold
0d0d5002-5b6f-46b8-af3c-6253a7db62cf,Operations - 0d0d50,Project of type operations,team-5,5cd392c6-eb48-4381-93b6-eaa426a4baaf,2025-11-03T17:33:28.325795,2025-12-19T17:33:28.325795,completed
3055dca1-c179-4dba-b0ed-16362ddcd248,Marketing - 3055dc,Project of type marketing,team-14,2735dacd-0206-459a-9157-e136970ee8f3,2025-09-12T17:33:28.325795,2025-12-09T17:33:28.325795,completed
19bb112b-d2e7-4cfd-9363-6a2a87c29168,Engineering - 19bb11,Project of type engineering,team-18,46d14cd4-4c7f-401a-806f-9a4fc69ed18f,2025-01-18T17:33:28.325795,2025-03-03T17:33:28.325795,active
7066155d-53c7-485a-bfbb-24212b454403,Marketing - 706615,Project of type marketing,team-4,2c2c3c35-7819-44d6-bf50-e52b53448a87,2025-04-11T17:33:28.325795,2025-05-18T17:33:28.325795,active
9291fdd5-fdc0-4a0b-92b1-471cef636946,Marketing - 9291fd,Project of type marketing,team-10,e91c7281-49bb-497f-8759-b23d2320e489,2025-07-13T17:33:28.325795,2025-09-03T17:33:28.325795,completed
253d986d-4856-4465-875f-7b73f98c8743,Operations - 253d98,Project of type operations,team-7,81f32de2-f1e2-4e5c-bb36-f2b9f7dafa5a,2025-12-23T17:33:28.325795,2026-01-21T17:33:28.325795,completed
83623fd2-9ce3-402e-8b4f-f610ddedd7a0,Marketing - 83623f,Project of type marketing,team-19,7a3b611a-eb4c-4285-9ca4-315fefbaa17e,2025-04-17T17:33:28.325795,2025-05-27T17:33:28.325795,on_hold
fb8f8080-9e26-4bee-8b17-3c235d43fe50,Marketing - fb8f80,Project of type marketing,team-12,8c23698e-656a-4ba1-ae0b-d5c5eb8321ed,2025-08-05T17:33:28.325795,2025-10-05T17:33:28.325795,completed
e1d6efb4-1913-4d27-8bf5-f8798e6a7b68,Marketing - e1d6ef,Project of type marketing,team-9,f56d21c9-ed7f-4d5a-b00c-be035ed5da02,2025-01-27T17:33:28.325795,2025-04-05T17:33:28.325795,active
a22f769e-ef91-4048-b798-b9ab2fd6175c,Operations - a22f76,Project of type operations,team-19,9d1a10a2-5cc6-42e7-9f53-ea8ff6b0c73d,2025-11-09T17:33:28.325795,2026-01-01T17:33:28.325795,active
ee3745b6-ac7b-4e68-99e5-f224a990a93b,Marketing - ee3745,Project of type marketing,team-19,f97619db-85fe-4c02-a458-d3bb71136ed9,2025-10-12T17:33:28.325795,2025-10-25T17:33:28.325795,completed
73cbaeee-ecd9-4ddd-91a5-0eefa54429fc,Marketing - 73cbae,Project of type marketing,team-18,f8c10041-8ba7-4f35-8528-475983a85c92,2025-12-24T17:33:28.325795,2026-01-09T17:33:28.325795,active
8decf177-7b26-4201-bf14-1aa4bbdda98a,Marketing - 8decf1,Project of type marketing,team-18,fc0d4482-db95-4e74-9838-c3e176227761,2025-06-12T17:33:28.325795,2025-09-06T17:33:28.325795,active
6982328f-c5ef-47ec-8001-761e11728c89,Marketing - 698232,Project of type marketing,team-16,abfd4d9e-5dc0-4ac0-8ac3-5a2204fd08fd,2025-12-08T17:33:28.325795,2026-03-06T17:33:28.325795,completed
cc69aac4-321f-4db8-8f34-82a23fbe51fc,Marketing - cc69aa,Project of type marketing,team-18,14bf461b-e1d2-4d14-8569-a0f7c99e9631,2025-04-08T17:33:28.325795,2025-06-17T17:33:28.325795,active
c4ce1b31-fe35-4bc7-a716-c00fcd19b4c9,Engineering - c4ce1b,Project of type engineering,team-3,3284e8c6-47c4-4a97-8673-c86da4d8280f,2025-06-29T17:33:28.325795,2025-09-06T17:33:28.325795,completed
1ab7234e-bd46-4fa3-9975-58e9c75b91df,Engineering - 1ab723,Project of type engineering,team-13,8f809967-8980-427f-87cf-84235ba138ec,2025-08-25T17:33:28.325795,2025-11-12T17:33:28.325795,completed
c849cb50-db95-452e-b497-440eb1a3e639,Marketing - c849cb,Project of type marketing,team-16,eb00201c-172a-42db-9172-fce1c0abea19,2025-10-27T17:33:28.325795,2025-11-09T17:33:28.325795,completed
25bc5b19-bb35-45d8-99e0-034c4aeed43d,Engineering - 25bc5b,Project of type engineering,team-13,fadd9a1b-0b2b-4382-8992-1831137ea1d2,2025-04-15T17:33:28.325795,2025-08-01T17:33:28.325795,active
80bb412d-df70-4d9e-96d6-ff36cb9611ba,Engineering - 80bb41,Project of type engineering,team-17,43d3f959-d391-484e-bb52-8e99a8621161,2025-06-16T17:33:28.325795,2025-08-12T17:33:28.325795,completed
67cbc32f-c6dc-4462-bd00-9ef99a7d2ec3,Operations - 67cbc3,Project of type operations,team-17,1eacffe7-e6b0-41a2-91cf-788786f71ef2,2025-04-19T17:33:28.325795,2025-05-22T17:33:28.325795,active
7d861a4a-46ca-40d7-b86b-36a76a29e72f,Engineering - 7d861a,Project of type engineering,team-10,79c34473-9be9-4c3a-88eb-40f6be7844b9,2025-04-29T17:33:28.325795,2025-06-17T17:33:28.325795,active
1a2fdddc-d9d8-407b-970f-e6bbc5b6ac49,Marketing - 1a2fdd,Project of type marketing,team-5,1fd2b36f-ef64-445e-ab3f-02d430bceeb1,2025-03-30T17:33:28.325795,2025-06-19T17:33:28.325795,active
ca83c286-f3d0-44a6-8b85-f408dbc088de,Engineering - ca83c2,Project of type engineering,team-5,667a38b8-0a7a-468e-8f54-86771f0e0726,2025-11-05T17:33:28.325795,2025-11-29T17:33:28.325795,on_hold
06841f88-18a5-4723-ad62-0ce210eb8ec4,Marketing - 06841f,Project of type marketing,team-6,8790e9b8-6007-4787-a1e7-324b89f25ec3,2025-11-03T17:33:28.325795,2026-01-12T17:33:28.325795,on_hold
a648e5a0-b55d-4f9e-87ee-63d26b0d6d92,Engineering - a648e5,Project of type engineering,team-12,95a1473e-1fb1-4744-8b88-debfa2a0832f,2025-03-19T17:33:28.325795,2025-04-23T17:33:28.325795,active
ee854623-db45-4fe8-9f9c-97587c13d70e,Marketing - ee8546,Project of type marketing,team-12,7150820b-09be-4e3e-af2d-f60996e1fd57,2025-07-01T17:33:28.325795,2025-09-03T17:33:28.325795,active
a74d17e5-eb7d-43fb-aa50-8c9aaeb81afd,Operations - a74d17,Project of type operations,team-4,13a1db0e-16f3-4d32-a292-79b7ce58944b,2025-01-26T17:33:28.325795,2025-03-27T17:33:28.325795,active
22ec3753-6956-424d-a78e-f240eb524119,Operations - 22ec37,Project of type operations,team-13,f3f0551a-2526-4d8a-beb0-44abafbb0b28,2025-06-16T17:33:28.325795,2025-07-09T17:33:28.325795,completed
9d242407-d1ab-4127-94b7-6197f19582f9,Operations - 9d2424,Project of type operations,team-8,8f66dd72-c8bf-4f0f-be3e-60183b9a2b5f,2025-05-23T17:33:28.325795,2025-07-10T17:33:28.325795,completed
a06824d4-f93b-4737-bef1-524568b60871,Operations - a06824,Project of type operations,team-9,5d0f7bdb-39ea-4ea2-adcb-4b8d4ed2e1d2,2025-09-30T17:33:28.325795,2025-10-14T17:33:28.325795,active
999b1205-46e6-452a-931c-7788dc905c47,Marketing - 999b12,Project of type marketing,team-18,23f0e7dc-1e2f-41e7-ad48-ff857ca628b3,2025-10-09T17:33:28.325795,2025-11-05T17:33:28.325795,active
da2d6dab-9c05-4f2c-b819-c261678f7d21,Marketing - da2d6d,Project of type marketing,team-4,0aa1d856-f568-433b-99f2-69cea2044aca,2025-10-18T17:33:28.325795,2025-12-06T17:33:28.325795,completed
68c6f4c7-0b54-4fa2-8e61-ed33f3889168,Marketing - 68c6f4,Project of type marketing,team-2,59dd2ab5-8b5a-415f-8ec8-5518b57ba754,2025-06-26T17:33:28.325795,2025-08-12T17:33:28.325795,active
9b156d6a-50b2-4b18-9d60-6f45444c91de,Marketing - 9b156d,Project of type marketing,team-10,eabfd3d2-e561-4879-8dcf-07d4df83a049,2025-01-29T17:33:28.325795,2025-02-16T17:33:28.325795,completed
60a4c45c-253e-4d98-b66e-a7cbc87ecf95,Engineering - 60a4c4,Project of type engineering,team-0,11ed80f4-3b65-487c-b7af-e34702c784b8,2025-10-27T17:33:28.325795,2025-11-21T17:33:28.325795,active
fcfa6d25-ecd8-408f-a903-958477da116e,Engineering - fcfa6d,Project of type engineering,team-11,ea34e9b1-4fa1-4aed-aa9d-042df5598b21,2025-06-11T17:33:28.325795,2025-07-30T17:33:28.325795,active
bf433d46-cb65-409c-bad8-467bcd3acea9,Engineering - bf433d,Project of type engineering,team-8,01235d40-5f91-4c2b-a7cc-502665e03216,2025-08-29T17:33:28.325795,2025-10-18T17:33:28.325795,completed
e2a9eb02-6632-4cfc-b618-bc59997550d5,Marketing - e2a9eb,Project of type marketing,team-0,05c33f00-81c0-4b23-ad7c-4d0aae2fa3e3,2025-07-15T17:33:28.325795,2025-10-11T17:33:28.325795,completed
964a39c1-8325-4bcd-ba82-9045f0aa2231,Operations - 964a39,Project of type operations,team-11,95f6d4c3-a8d8-43de-8cf3-d47c07a3c8ac,2025-02-06T17:33:28.325795,2025-03-30T17:33:28.325795,completed
337e1c87-2c06-4575-b519-e8ecf50162ce,Marketing - 337e1c,Project of type marketing,team-11,a67259b3-bbf7-486e-a268-704f0319e72b,2025-03-25T17:33:28.325795,2025-05-10T17:33:28.325795,completed
033c5657-47e6-466c-93a7-0f27f826fbcb,Engineering - 033c56,Project of type engineering,team-6,c6f190ab-eaf4-4410-8bd6-f19e9e3f1245,2025-10-25T17:33:28.325795,2026-01-18T17:33:28.325795,completed
15e493fa-418a-41d6-981b-780feb4584b5,Engineering - 15e493,Project of type engineering,team-2,d828507b-41d8-479e-a46b-45913d0a1526,2025-06-30T17:33:28.325795,2025-08-21T17:33:28.325795,on_hold
fc7e5b39-b0c6-49ae-9b3f-d0386e8efbe6,Operations - fc7e5b,Project of type operations,team-8,468f0a6f-b6fa-4eb0-889b-e1ed51fd65e2,2025-06-27T17:33:28.325795,2025-07-06T17:33:28.325795,active
0320106e-f3e4-46da-9b79-f5987170b54d,Operations - 032010,Project of type operations,team-9,01503f6f-fe7e-4231-9363-ec8d68169e19,2025-05-01T17:33:28.325795,2025-05-18T17:33:28.325795,completed
ffd35ee6-fe0f-41a9-bd77-144c9154aff2,Operations - ffd35e,Project of type operations,team-10,58608e3c-ff6f-4000-80e2-df0359d28712,2025-06-24T17:33:28.325795,2025-07-31T17:33:28.325795,completed
fb2d53b9-5fc0-43b9-81ab-6fc1881ee732,Engineering - fb2d53,Project of type engineering,team-2,10960307-5105-4b81-a5e8-9bdf61dc9ef3,2025-08-10T17:33:28.325795,2025-11-29T17:33:28.325795,active
fee8a021-ba19-4f86-979b-4428d6aab46f,Engineering - fee8a0,Project of type engineering,team-0,492e2b91-108e-422e-a05e-98466b2c5b63,2025-05-27T17:33:28.325795,2025-08-06T17:33:28.325795,active
16244d70-224a-4d28-a5c5-faf6b1938e90,Engineering - 16244d,Project of type engineering,team-10,9134f4f2-06f3-4239-9463-0e81ee9de07c,2025-02-03T17:33:28.325795,2025-04-09T17:33:28.325795,active
d2778b37-cae5-4c70-928e-c203e54f362b,Engineering - d2778b,Project of type engineering,team-4,db88a010-6083-482f-8c74-2b6de511d1f4,2025-04-30T17:33:28.325795,2025-07-22T17:33:28.325795,active
70580c37-795b-4068-8c28-fe7884b56dbc,Engineering - 70580c,Project of type engineering,team-16,85d8b276-41a0-4103-a1f2-13de3c3b02de,2025-03-16T17:33:28.325795,2025-06-21T17:33:28.325795,active
ce1cfec8-6213-4d0e-ac9f-18d33ea718b1,Marketing - ce1cfe,Project of type marketing,team-10,b6ab967a-cf9d-47cf-9399-e279e4a34cef,2025-07-04T17:33:28.325795,2025-09-19T17:33:28.325795,completed
7f13eb67-b37b-4558-827c-2f369f646feb,Operations - 7f13eb,Project of type operations,team-0,ca1dee6f-ea7d-4463-b1f2-f08ffd2ef7f4,2025-02-01T17:33:28.325795,2025-02-18T17:33:28.325795,completed
0a34ef39-886a-4dbe-a343-3969ddc6e089,Engineering - 0a34ef,Project of type engineering,team-11,5a7efe56-ad93-4bbf-9a62-7b5e26fae043,2025-03-25T17:33:28.325795,2025-05-20T17:33:28.325795,active
6d01b197-ed60-47d3-9e24-624c07fcf1e1,Marketing - 6d01b1,Project of type marketing,team-7,34730030-b3ef-4d1e-bb4f-fc3e853e9cf7,2025-10-21T17:33:28.325795,2026-01-08T17:33:28.325795,active
e07c4dcb-c657-4fc0-adcf-bdb0c0f529d4,Marketing - e07c4d,Project of type marketing,team-3,2a12caa7-cdcb-40ce-88d1-701ca159673e,2025-10-29T17:33:28.325795,2025-11-05T17:33:28.325795,completed
df54d34c-e807-4e83-94a3-a7f5e8b26a65,Marketing - df54d3,Project of type marketing,team-17,20c5cb3d-6d33-4fef-b944-25ff8e550e1f,2025-01-12T17:33:28.325795,2025-02-11T17:33:28.325795,completed
19700a2d-0aa0-45a5-a38f-53a083c88f73,Marketing - 19700a,Project of type marketing,team-17,5adf5530-0475-4f2b-b64b-84e6ca9874e8,2025-06-06T17:33:28.325795,2025-08-07T17:33:28.325795,completed
a1ae92ea-92ff-4272-be9e-8e76f7307eaf,Marketing - a1ae92,Project of type marketing,team-7,60035f26-ca11-4aba-8742-398fd3e90a08,2025-06-23T17:33:28.325795,2025-08-05T17:33:28.325795,completed
8da42ea5-46d3-434f-bbd5-8b0c7fd95bb3,Operations - 8da42e,Project of type operations,team-0,93e94192-2fe0-416e-809c-0faac50f1dc8,2025-01-11T17:33:28.325795,2025-02-14T17:33:28.325795,completed
c8c8c32a-b95d-417f-85cb-f74376a324b6,Engineering - c8c8c3,Project of type engineering,team-5,0349cd42-c0ce-4741-b97b-3690ddea0a73,2025-04-26T17:33:28.325795,2025-07-10T17:33:28.325795,active
77be959d-2fae-4396-a061-f70cc27bdebd,Engineering - 77be95,Project of type engineering,team-18,4d006f9e-aa41-4833-b5ec-9036225a6ca2,2025-10-20T17:33:28.325795,2026-02-14T17:33:28.325795,active
889effa1-37b6-4644-ae89-22b7c22c937e,Engineering - 889eff,Project of type engineering,team-7,9c8a787e-af5f-4de9-baf0-7467cc99703d,2025-10-04T17:33:28.325795,2025-12-04T17:33:28.325795,active
44cc7e09-aee7-46fe-b230-4daafacf64f3,Marketing - 44cc7e,Project of type marketing,team-2,6c1fc803-55e9-4cb6-b7e9-e614e03df5eb,2025-08-30T17:33:28.325795,2025-10-13T17:33:28.325795,active
67355461-a1d2-43fb-85e6-01bf7d56f385,Marketing - 673554,Project of type marketing,team-17,13d64ce8-a338-412c-9587-4d7c9a5ffeae,2025-05-05T17:33:28.325795,2025-06-10T17:33:28.325795,active
5c4ad516-a5c3-46c3-83ee-e842834c0cb5,Operations - 5c4ad5,Project of type operations,team-0,58269d39-e524-4485-934f-7b4ecc16cfc7,2025-03-18T17:33:28.325795,2025-04-14T17:33:28.325795,on_hold
e488aa9d-2d51-47bb-81cc-e4a5cb4d638c,Marketing - e488aa,Project of type marketing,team-15,104d2fb8-f244-4010-897d-0f294050d12f,2025-08-28T17:33:28.325795,2025-10-17T17:33:28.325795,active
f28df707-0b5b-41ed-98eb-4b587a7d1834,Engineering - f28df7,Project of type engineering,team-5,346e69c3-571b-4036-bdd6-284e483ef354,2025-09-07T17:33:28.325795,2025-11-18T17:33:28.325795,active
d1d841ce-b546-4c07-ae4f-7f855a17e2f5,Marketing - d1d841,Project of type marketing,team-15,3d3e2343-0f5f-47e3-bfe2-cfbbf5033950,2025-10-07T17:33:28.325795,2025-10-25T17:33:28.325795,active
c71f6d5a-b6b9-4463-ae53-0268a16b0aee,Operations - c71f6d,Project of type operations,team-19,4c730d59-50ba-4acf-ac63-d29920ebe95d,2025-09-08T17:33:28.325795,2025-09-19T17:33:28.325795,active
e176fb72-5698-4f97-83e8-15654fc4ee68,Marketing - e176fb,Project of type marketing,team-6,52798811-665d-4e27-95af-599d01f93643,2025-07-07T17:33:28.325795,2025-09-17T17:33:28.325795,active
4d96ea00-ff24-47ff-95dd-76af5182d9a2,Marketing - 4d96ea,Project of type marketing,team-6,ff5be416-3b25-4f4d-bfe9-7c05c92c795c,2025-02-07T17:33:28.325795,2025-04-13T17:33:28.325795,active
b695c774-d3e1-4856-bc9e-912a56cbf6ce,Operations - b695c7,Project of type operations,team-10,2a5bda2a-5f82-4393-8852-3db97ef7658c,2025-06-30T17:33:28.325795,2025-08-04T17:33:28.325795,completed
eb99678e-1848-430e-aa1e-6b9199a6f8d1,Marketing - eb9967,Project of type marketing,team-19,4c305a8b-7058-46c6-a760-e984254f626d,2025-08-07T17:33:28.325795,2025-08-19T17:33:28.325795,active
1f68a12d-507e-46c6-835c-9f7e162e7d20,Engineering - 1f68a1,Project of type engineering,team-11,24f60128-87b7-40c0-a796-f5eb3ba8f7d1,2025-09-09T17:33:28.325795,2025-12-09T17:33:28.325795,active
863a3774-aced-4d71-80f7-c5512e39c297,Operations - 863a37,Project of type operations,team-12,1c4b9db2-5fde-4161-8e5b-283bf38097ee,2025-01-06T17:33:28.325795,2025-02-17T17:33:28.325795,active
b44d6ad0-7385-47f3-9f74-27304d7d986a,Operations - b44d6a,Project of type operations,team-5,5d61e7e0-4566-45a1-a1fc-56243cf265ce,2025-11-07T17:33:28.327408,2025-12-13T17:33:28.327408,active
01e89f89-da4e-43fb-9eb3-467d57ec1386,Marketing - 01e89f,Project of type marketing,team-5,1a3b4774-cd47-4d9a-a041-b88bb1191b1f,2025-10-04T17:33:28.327408,2025-11-06T17:33:28.327408,completed
bdb514a2-9535-4895-89fd-0c312f196c8e,Engineering - bdb514,Project of type engineering,team-10,218c197e-6556-4994-ac85-c69ec04b0051,2025-05-12T17:33:28.327408,2025-06-08T17:33:28.327408,on_hold
7696e219-d883-4cd6-9952-926c4d1bbf6e,Engineering - 7696e2,Project of type engineering,team-0,84d46971-943b-4beb-bc2a-c2c8c6f2bd56,2025-05-19T17:33:28.327408,2025-09-02T17:33:28.327408,completed
22a317cf-dce8-4aec-92c5-7697647f7be1,Operations - 22a317,Project of type operations,team-10,76e1f62b-0b3a-48f2-a0a4-368f66e26db3,2025-02-16T17:33:28.327408,2025-04-17T17:33:28.327408,active
7a373798-7f4e-46d3-8de8-4ee3fc157678,Engineering - 7a3737,Project of type engineering,team-5,eac0b36a-ecc3-47ca-9b47-cf3262f7cf7c,2025-06-15T17:33:28.327408,2025-09-09T17:33:28.327408,active
3b65bf5c-d1bc-4bde-91b1-85ac2f666509,Marketing - 3b65bf,Project of type marketing,team-10,b4502dbc-bafa-4f97-8f1c-929ea4caea84,2025-06-03T17:33:28.327408,2025-07-25T17:33:28.327408,on_hold
4e69ff36-e81c-43da-8b89-15c2b3ad33cc,Engineering - 4e69ff,Project of type engineering,team-8,26337614-557f-401e-8b88-8b5b1020f234,2025-09-27T17:33:28.327408,2026-01-18T17:33:28.327408,active
7cd48ac8-9e9c-4e1a-943c-0fe93fb2b578,Marketing - 7cd48a,Project of type marketing,team-7,70258477-5e00-4dc0-993a-5a7667b4e7ed,2025-11-16T17:33:28.327408,2025-12-05T17:33:28.327408,active
12cda634-e9f7-4f39-bdea-a1c3721b432b,Operations - 12cda6,Project of type operations,team-11,cd53ce0c-0771-4883-8e4e-a9acc79a0267,2025-12-21T17:33:28.327408,2026-01-05T17:33:28.327408,active
16609d78-26e4-4e16-97c4-681b198769a9,Engineering - 16609d,Project of type engineering,team-19,a9bcd9a7-a124-4556-a833-1528b1c5a87a,2025-07-03T17:33:28.327408,2025-09-24T17:33:28.327408,active
e63963c1-8101-43ee-8d7e-2708b21db1fa,Engineering - e63963,Project of type engineering,team-4,e65fb862-6574-4527-a0fb-cf313f192880,2025-10-26T17:33:28.327408,2026-01-10T17:33:28.327408,active
acd8c986-bc57-4fa5-ba48-8562245eec33,Operations - acd8c9,Project of type operations,team-14,d68c9485-862d-4b84-9dbf-48daa71d787a,2025-11-13T17:33:28.327408,2026-01-09T17:33:28.327408,completed
5813d1c1-a820-4e31-aa36-14af58d3b68b,Marketing - 5813d1,Project of type marketing,team-18,9f302fc8-945e-4b76-a200-602604dd9072,2025-08-15T17:33:28.327408,2025-10-22T17:33:28.327408,active
8f8498a7-f067-4042-99fc-1d071e54f3c3,Operations - 8f8498,Project of type operations,team-11,9df276ee-6b78-45d1-b792-401da6b5e4e6,2025-11-08T17:33:28.327408,2025-12-15T17:33:28.327408,active
dc37179b-985d-4b70-8183-a56a707ab9e1,Marketing - dc3717,Project of type marketing,team-1,99188323-e9f6-4196-8e83-f864f9f129ca,2025-03-26T17:33:28.327408,2025-06-15T17:33:28.327408,active
f07f7597-c28c-4e1b-9cf0-de7eaf1c7d25,Operations - f07f75,Project of type operations,team-13,621a795f-dd7f-4a03-a07b-7ef30b3615eb,2025-09-14T17:33:28.327408,2025-10-13T17:33:28.327408,completed
e0d65aa2-0ea6-4741-a90b-c7544a5d03d7,Marketing - e0d65a,Project of type marketing,team-8,0790925a-36d6-4d88-bc03-9f06cab1afa0,2025-04-16T17:33:28.327408,2025-06-20T17:33:28.327408,active
07a966a5-a926-49c8-a06d-a6ed865b9db9,Operations - 07a966,Project of type operations,team-4,c0897420-d521-4c22-9f92-d1892c70d2f1,2025-08-22T17:33:28.327408,2025-09-25T17:33:28.327408,active
70facc49-e2cb-4fd1-b923-ee274e5b70d0,Marketing - 70facc,Project of type marketing,team-2,b216d627-6dc1-409a-b41d-689d5dab9b9a,2025-07-14T17:33:28.327408,2025-09-08T17:33:28.327408,active
b9d72914-1c17-4bd9-8de5-c7e4ef873036,Marketing - b9d729,Project of type marketing,team-0,77f95eb3-df7d-4af4-a646-89e528449c4b,2025-05-18T17:33:28.327408,2025-05-26T17:33:28.327408,completed
15826fee-e262-4683-aadf-0ecab8ca3677,Marketing - 15826f,Project of type marketing,team-11,ada52d3f-3c5e-477d-89ca-4f364c7d5288,2026-01-03T17:33:28.327408,2026-03-03T17:33:28.327408,active
3f47f454-6b45-4bb1-9650-bbb2e0995215,Marketing - 3f47f4,Project of type marketing,team-7,7004e3bf-5f23-4ccb-ac0f-4382056ddd90,2025-08-25T17:33:28.327408,2025-10-13T17:33:28.327408,on_hold
ee6d96b1-b6ab-4e65-955e-169d029b0835,Engineering - ee6d96,Project of type engineering,team-12,ca687e63-6140-4c5b-8e07-a5f2bd7dc102,2025-05-03T17:33:28.327408,2025-05-25T17:33:28.327408,on_hold
591dbd52-68cf-4eaf-b615-928f2048eb37,Engineering - 591dbd,Project of type engineering,team-14,9433e568-aeed-4c13-9422-ee3c21068ad1,2025-01-18T17:33:28.327408,2025-02-09T17:33:28.327408,completed
d1a766fc-9b3f-48ae-8987-8ae52a0a6687,Marketing - d1a766,Project of type marketing,team-18,3a5c34e9-7e02-4dcb-a742-18f8d7ac1f9b,2025-03-28T17:33:28.327408,2025-05-18T17:33:28.327408,active
fc7c860f-dca4-4b56-988c-4f8ce848e76c,Operations - fc7c86,Project of type operations,team-16,3fd4d36e-ffb5-4fe2-a9e3-f72d78a3dd2a,2025-08-13T17:33:28.327408,2025-09-26T17:33:28.327408,completed
214b3057-845c-44de-b442-1e1eb8811b66,Marketing - 214b30,Project of type marketing,team-16,d5d54ad4-b2cb-4030-9884-cd2bdc9774c8,2025-04-09T17:33:28.327408,2025-06-02T17:33:28.327408,active
bde45391-85b8-4d41-a74d-6255ecc50986,Marketing - bde453,Project of type marketing,team-19,663402fd-5657-4bf4-8dc9-4e5c33117de9,2025-03-05T17:33:28.327408,2025-06-01T17:33:28.327408,on_hold
99b09c7f-6f46-4cb3-a851-fed7c196f3cb,Operations - 99b09c,Project of type operations,team-10,9798ee05-e79a-47a5-a587-a6fae24682c0,2025-12-09T17:33:28.327408,2025-12-16T17:33:28.327408,active
ce7ae237-c22b-49f0-adf6-4a69b252a92b,Marketing - ce7ae2,Project of type marketing,team-7,f4c5bd7d-71dd-4438-abb8-10d653d98037,2025-03-28T17:33:28.327408,2025-05-02T17:33:28.327408,active
e72f506d-9f82-4350-ada7-de8e81e71fb2,Engineering - e72f50,Project of type engineering,team-10,1b27449f-cee5-4adc-8402-d3e71adddbe8,2025-01-10T17:33:28.327408,2025-02-22T17:33:28.327408,completed
013c6b49-d365-4e2b-bd36-32118006250f,Engineering - 013c6b,Project of type engineering,team-7,0921fe1c-661f-4571-9591-d2af65dbaf70,2025-05-05T17:33:28.327408,2025-05-24T17:33:28.327408,active
f4b87ec2-4342-457b-b9c7-0f45efc4f0f6,Operations - f4b87e,Project of type operations,team-10,6da6e0f9-2ae8-4b22-bf35-df955889472c,2025-10-28T17:33:28.327408,2025-11-12T17:33:28.327408,active
9bdbd320-f578-4278-9cd0-6c4084104d02,Marketing - 9bdbd3,Project of type marketing,team-7,529a3a5d-3bd2-43e0-b2bc-239c219c819a,2025-07-20T17:33:28.327408,2025-09-21T17:33:28.327408,active
76918d93-822d-4ae6-a2f0-0d66c8872576,Operations - 76918d,Project of type operations,team-4,dac70e1c-82fe-435b-b3c2-3539d5c53123,2026-01-02T17:33:28.327408,2026-02-09T17:33:28.327408,completed
4b857c2e-b40a-45b1-a22a-d4845a925c4c,Engineering - 4b857c,Project of type engineering,team-11,b57a0728-2e44-4b17-b02f-98c90247a387,2025-05-21T17:33:28.327408,2025-09-17T17:33:28.327408,completed
51004aed-5261-4bb8-acd0-a22c95468247,Marketing - 51004a,Project of type marketing,team-4,122d9921-7f6b-407a-bd6e-05c064ff805c,2025-11-16T17:33:28.327408,2026-01-15T17:33:28.327408,active
d7d6cb2c-5098-41cf-8986-647ea6530c53,Engineering - d7d6cb,Project of type engineering,team-16,3a5c3f0c-0d4f-4459-b896-c9570427dc05,2025-12-21T17:33:28.327408,2026-01-30T17:33:28.327408,active
f77f688a-e94c-4f13-b68a-1ce047ab0168,Operations - f77f68,Project of type operations,team-14,bab977c4-9a44-4605-9f70-41b5917a9f2b,2025-12-10T17:33:28.327408,2026-01-21T17:33:28.327408,active
6e6f8df4-2be3-459a-950d-ec7ec5c4262c,Operations - 6e6f8d,Project of type operations,team-0,029bed09-9bb1-4683-93c9-4452224228ca,2025-10-28T17:33:28.327408,2025-12-25T17:33:28.327408,on_hold
ddd93abf-3c27-48e2-b471-20b4dd7c7b80,Operations - ddd93a,Project of type operations,team-0,857d523f-025a-443f-80fa-2c41b80d0ff7,2025-01-16T17:33:28.327408,2025-02-26T17:33:28.327408,active
31c2d37f-2265-4913-aba1-b4b0e1123c00,Engineering - 31c2d3,Project of type engineering,team-7,7184afb5-dc86-4ad0-981a-97b7d46bcad0,2025-04-06T17:33:28.327408,2025-05-17T17:33:28.327408,completed
d6b7ff43-cf10-42df-af1b-063bb3a991e2,Operations - d6b7ff,Project of type operations,team-6,5b32cacf-78c4-4e07-b367-a2495291de0d,2025-08-07T17:33:28.327408,2025-08-30T17:33:28.327408,active
7206aaa6-b0a3-452e-887d-e6ac4c160b8c,Operations - 7206aa,Project of type operations,team-18,e2e6ef4d-6927-4048-9ee0-a62ed4fd8185,2025-09-03T17:33:28.327408,2025-09-30T17:33:28.327408,active
baa7ecf5-9354-44e8-ac9a-0f02e652ca4d,Engineering - baa7ec,Project of type engineering,team-7,5a886690-499c-4916-8e3f-d9f81f49168e,2025-02-27T17:33:28.327408,2025-04-10T17:33:28.327408,completed
d797001f-0a13-40fa-a931-f1204091f02e,Engineering - d79700,Project of type engineering,team-0,845fbadc-242c-4d02-8146-883c004191b3,2025-09-23T17:33:28.327408,2025-12-11T17:33:28.327408,active
f9a609d1-c80b-4184-b4bb-9345c4dc4759,Operations - f9a609,Project of type operations,team-17,d1b617ec-0fc8-4b79-9bb6-fa274df393d5,2025-09-23T17:33:28.327408,2025-11-03T17:33:28.327408,on_hold
4e672da3-0491-47c7-9149-061fb94a9dc6,Engineering - 4e672d,Project of type engineering,team-16,a59340b9-664f-40f3-a104-deb07e0c1f6f,2025-05-29T17:33:28.327408,2025-07-02T17:33:28.327408,active
f37e315b-b56c-4a5b-8499-87ab290c84ae,Operations - f37e31,Project of type operations,team-7,b2e1e669-b975-486c-bb61-a5d4f1b56ea8,2025-05-12T17:33:28.327408,2025-06-18T17:33:28.327408,on_hold
6c23fd0f-05d1-4c62-8a96-96ac166e21b6,Engineering - 6c23fd,Project of type engineering,team-14,91a90443-f2cc-4cef-bb54-9151c7ea044b,2025-03-07T17:33:28.327408,2025-05-18T17:33:28.327408,active
8ac8f307-1f4a-4e06-8613-6863227667ec,Operations - 8ac8f3,Project of type operations,team-2,ff6e10b2-e629-47be-8762-853862467ade,2025-05-12T17:33:28.327408,2025-06-01T17:33:28.327408,completed
659ee8ca-fa97-4113-8f3b-d8449e9040a3,Operations - 659ee8,Project of type operations,team-2,55022c75-3ff4-4cd9-8db3-1fb8fe18122a,2025-12-15T17:33:28.327408,2026-01-09T17:33:28.327408,active
d9ea6d02-3196-4352-851d-caa7a4e81a45,Engineering - d9ea6d,Project of type engineering,team-4,deda0d4b-7f4b-41ad-9270-d1790240d62e,2025-05-11T17:33:28.327408,2025-09-01T17:33:28.327408,completed
a73f5138-0445-4e7e-a84b-2edde5852587,Marketing - a73f51,Project of type marketing,team-15,bbfa598a-0f0a-47ef-aa2a-aba166e71dde,2025-11-21T17:33:28.327408,2026-02-08T17:33:28.327408,active
077c48a7-9413-4ec6-aff8-e19b68a82739,Operations - 077c48,Project of type operations,team-14,5a2c3b13-e610-45f6-a9f2-c569ba78533f,2025-04-29T17:33:28.327408,2025-06-25T17:33:28.327408,active
9779b339-fec8-441a-a646-6f200b6fa4dc,Operations - 9779b3,Project of type operations,team-5,7826dbab-13b3-44bb-8c3c-2e58f00656e1,2025-05-22T17:33:28.327408,2025-06-21T17:33:28.327408,active
86fbcf3f-fd5c-41bc-9cea-c7440e7d10ee,Engineering - 86fbcf,Project of type engineering,team-17,ec6916a0-3e8f-4ad7-b85e-562c798eaa43,2025-11-18T17:33:28.327408,2025-12-23T17:33:28.327408,active
3cb8dea7-6a31-4823-be79-d0b6fb124154,Marketing - 3cb8de,Project of type marketing,team-10,34456d96-c9d6-4399-a254-4b754e316afa,2025-02-08T17:33:28.327408,2025-04-09T17:33:28.327408,active
f4d9523c-8143-4fd2-bdc7-8648f139d8ed,Operations - f4d952,Project of type operations,team-14,261502da-8320-4d49-af8a-321851dd642b,2025-10-31T17:33:28.327408,2025-12-16T17:33:28.327408,on_hold
e660f555-fd81-4a97-97d4-9b57d5503551,Marketing - e660f5,Project of type marketing,team-2,e312004f-3c66-41f2-a34b-dd6c0d34e74c,2025-04-13T17:33:28.327408,2025-07-09T17:33:28.327408,on_hold
be7a9b1b-3118-4294-b5c7-6b1a0ef38208,Engineering - be7a9b,Project of type engineering,team-11,1c0edd36-68d5-4a29-9362-e00998f242fb,2025-12-23T17:33:28.327408,2026-01-20T17:33:28.327408,completed
de861578-f680-42ba-b029-88a6cf663271,Marketing - de8615,Project of type marketing,team-6,46d80ebe-7f74-4016-b166-5074d2162170,2025-12-19T17:33:28.327408,2026-02-04T17:33:28.327408,completed
a271a366-f97c-4cb2-b18b-2de91f39c729,Operations - a271a3,Project of type operations,team-11,b0be39ba-961c-4c50-81f2-de5bc36cfc53,2025-11-28T17:33:28.327408,2026-01-01T17:33:28.327408,completed
f1fde2bc-614f-40f0-ad53-64542e4b6224,Engineering - f1fde2,Project of type engineering,team-11,d439367b-d295-450a-8537-395372e93e14,2025-09-24T17:33:28.327408,2025-10-29T17:33:28.327408,active
d003be40-e1ea-494b-ba8e-9a4d18e5ebce,Operations - d003be,Project of type operations,team-9,9759e3ca-68b1-4ffe-aa50-8620f9f5973b,2025-03-30T17:33:28.327408,2025-05-27T17:33:28.327408,active
dcced969-fd78-4835-9718-492b168ca3ee,Engineering - dcced9,Project of type engineering,team-8,6c9f3d47-c89a-4651-8e75-29d1bad42eae,2025-04-01T17:33:28.327408,2025-05-06T17:33:28.327408,active
766674ec-c580-49a8-ad21-8baf124710f2,Engineering - 766674,Project of type engineering,team-1,0f692320-ca1c-40a2-8aa8-dba10474b33a,2025-07-04T17:33:28.327408,2025-07-31T17:33:28.327408,active
247825b2-0db0-46cf-a321-21f52bd5516b,Operations - 247825,Project of type operations,team-3,5c999bf0-611a-48d0-9b34-0070707cc906,2025-07-07T17:33:28.327408,2025-07-29T17:33:28.327408,active
29e6418d-dc8a-4de2-9946-77352e78f036,Marketing - 29e641,Project of type marketing,team-13,9fec1dce-1e60-4acc-9a22-5f5c7af826ad,2025-11-03T17:33:28.327408,2025-11-29T17:33:28.327408,completed
b7a9b8cf-1856-4c93-b62c-e12e97969eb8,Engineering - b7a9b8,Project of type engineering,team-0,31d1ac46-1a80-44ac-9778-da93239cfa2c,2025-06-01T17:33:28.327408,2025-06-28T17:33:28.327408,completed
be646de1-0926-4226-92a1-17e3912211af,Operations - be646d,Project of type operations,team-9,a0704865-e3f5-4cdd-9bd8-e6e19f9dd721,2025-03-02T17:33:28.327408,2025-04-02T17:33:28.327408,completed
a617c578-b700-4c20-b6ab-e22e8c3f82b7,Marketing - a617c5,Project of type marketing,team-3,a8a792a7-a9b7-4098-a493-b35a97e26f3d,2025-08-25T17:33:28.327408,2025-09-26T17:33:28.327408,active
fa4fc653-7ff2-4e2a-84b7-e6ccbd429820,Engineering - fa4fc6,Project of type engineering,team-1,1b53391c-d695-4ca9-8f4b-786e35f9229b,2025-11-24T17:33:28.327408,2026-02-19T17:33:28.327408,active
3c170297-5c06-4768-9e77-5c21b6736b26,Operations - 3c1702,Project of type operations,team-19,4dd4fe24-d857-4bb0-b8bf-6fecda7c1b7b,2025-07-22T17:33:28.327408,2025-09-01T17:33:28.327408,on_hold
c7750a86-a6dc-41b9-9b84-af2393a8ddf7,Marketing - c7750a,Project of type marketing,team-14,d9b1b711-7c69-4c69-b177-8015c05f0975,2025-08-04T17:33:28.327408,2025-10-13T17:33:28.327408,completed
6133a193-63a4-4a25-9ed2-4c7ebdc6f60f,Marketing - 6133a1,Project of type marketing,team-16,e7b3f1aa-f020-479e-9838-b952f754b2ca,2025-06-09T17:33:28.327408,2025-07-13T17:33:28.327408,active
a82aaef8-8807-4dab-9004-1552bb04a462,Marketing - a82aae,Project of type marketing,team-7,edae9978-5030-4ba6-9375-de778105bc7e,2025-03-08T17:33:28.327408,2025-04-28T17:33:28.327408,completed
e63688cc-bc37-4afd-90a8-a28a2a04ab03,Marketing - e63688,Project of type marketing,team-11,adab82f6-99d4-4724-8df0-6799c8afc9c0,2025-06-26T17:33:28.327408,2025-09-21T17:33:28.327408,active
228fac7f-0801-403a-bd00-8e4e5f72453b,Operations - 228fac,Project of type operations,team-0,b3a5508b-63e0-4d15-873a-9c125bcc5159,2025-12-10T17:33:28.327408,2025-12-24T17:33:28.327408,active
f9da3d48-65a8-4898-b169-c382cdb4e54c,Marketing - f9da3d,Project of type marketing,team-16,cb2e9754-efac-4255-8434-3f4de587fff4,2025-11-26T17:33:28.327408,2026-01-27T17:33:28.327408,active
505645d9-1a63-4e53-8da9-1767af1c4290,Marketing - 505645,Project of type marketing,team-4,09ede6fb-d5d1-4f35-b76b-c70eccd5d2ed,2025-09-09T17:33:28.327408,2025-10-13T17:33:28.327408,active
2e6706cc-30ff-412e-a8bd-4fe4f3dcb49e,Engineering - 2e6706,Project of type engineering,team-4,a4545683-ed58-4e77-af32-736854709656,2025-05-29T17:33:28.327408,2025-06-22T17:33:28.327408,active
9e61f16a-5965-4263-822c-fed47d42dbe4,Marketing - 9e61f1,Project of type marketing,team-13,774d3dde-8a79-4294-aed2-107866a06d94,2025-08-21T17:33:28.327408,2025-11-02T17:33:28.327408,completed
3448b118-958c-4659-b6d1-5b1609625f9c,Operations - 3448b1,Project of type operations,team-4,865c1264-8852-4aa1-b157-feb8d80c342c,2025-04-21T17:33:28.327408,2025-06-14T17:33:28.327408,completed
a8d40843-6655-49a0-8739-da1bd4ff32a9,Operations - a8d408,Project of type operations,team-7,de8b35b7-19f0-4c75-9f0e-889f79cf44e7,2025-08-26T17:33:28.327408,2025-10-15T17:33:28.327408,completed
9666d06c-c725-46cd-949d-8bee4bd8f20c,Marketing - 9666d0,Project of type marketing,team-8,9bfd700a-37b3-43db-9b21-9c7b002837af,2025-05-26T17:33:28.327408,2025-06-04T17:33:28.327408,completed
a4a52a02-a790-4929-a2b3-e6df6b27c96e,Operations - a4a52a,Project of type operations,team-19,b7afc467-50ce-43d0-b59a-b56dd7d22a77,2025-02-12T17:33:28.327408,2025-02-27T17:33:28.327408,completed
2fc862d7-ebef-4504-bda6-a3e3cbc6586d,Engineering - 2fc862,Project of type engineering,team-4,7c39411a-88ee-4d32-9e3d-cb19e1cfa577,2025-06-08T17:33:28.327408,2025-07-08T17:33:28.327408,on_hold
54625852-0c54-4e01-9132-515224f3b6ac,Engineering - 546258,Project of type engineering,team-13,423f5021-1c39-4906-b760-c28156269f8a,2025-11-26T17:33:28.327408,2025-12-30T17:33:28.327408,active
54f22a10-33f5-49a7-a7a2-4db8c08bbe21,Engineering - 54f22a,Project of type engineering,team-9,222abaf8-2dce-4c1e-8044-a967b699e059,2025-07-30T17:33:28.327408,2025-10-30T17:33:28.327408,active
6bc157b7-8e31-408c-a776-230536959c44,Operations - 6bc157,Project of type operations,team-3,18c18fb1-3449-4324-8a4f-406975763a7b,2025-05-10T17:33:28.327408,2025-06-07T17:33:28.327408,completed
850319e2-0afd-41ce-8948-2e2e09337b5a,Engineering - 850319,Project of type engineering,team-18,d25cb8cb-35fa-46d8-af31-ea5784735162,2025-02-01T17:33:28.327408,2025-05-30T17:33:28.327408,completed
384b9176-ca2d-4009-adbe-574ccfb73291,Engineering - 384b91,Project of type engineering,team-16,1bf7240f-3dde-40e9-83ee-1603ac8a3d11,2025-12-18T17:33:28.327408,2026-01-25T17:33:28.327408,completed
185a50c4-8edf-47cb-8a18-c01d6b6d2a43,Operations - 185a50,Project of type operations,team-11,409749e3-8f1a-44eb-9417-bc0b9eab3ae2,2025-12-10T17:33:28.327408,2026-01-13T17:33:28.327408,active
aca4bf92-3c85-4f02-a637-757cc0bfe175,Operations - aca4bf,Project of type operations,team-12,8135e820-9975-4f75-9b28-ab38903ef66c,2025-11-11T17:33:28.327408,2025-12-11T17:33:28.327408,on_hold
9f82adca-fbf9-4164-b5bd-dfa1f5793a57,Marketing - 9f82ad,Project of type marketing,team-15,943fd0ca-6a3e-4025-8beb-84afc5422602,2025-09-14T17:33:28.327408,2025-12-09T17:33:28.327408,completed
92d5a793-89e9-4e9c-a6ea-d921e592603e,Operations - 92d5a7,Project of type operations,team-5,041d2cc3-a499-40d4-8ced-23ae2ad02a69,2025-01-23T17:33:28.327408,2025-03-19T17:33:28.327408,active
16e6413b-dacb-40c3-b066-e88e67f3b3bd,Operations - 16e641,Project of type operations,team-0,4f8466c7-b0e0-4a53-80b5-df2f2cc80084,2025-12-24T17:33:28.327408,2026-01-28T17:33:28.327408,active
21d56342-6bce-434f-947b-e59211a2db6e,Engineering - 21d563,Project of type engineering,team-11,fa4e1384-6fdb-44c7-ad3c-da94fb53dff8,2025-11-23T17:33:28.327408,2026-01-14T17:33:28.327408,active
34a139ff-885b-4077-8d60-554656291434,Engineering - 34a139,Project of type engineering,team-19,3e77364d-f638-4978-845b-23447f34d407,2025-02-23T17:33:28.327408,2025-04-24T17:33:28.327408,active
2809aac3-e503-4e77-8eca-85fe413364c4,Marketing - 2809aa,Project of type marketing,team-10,2318a858-19a1-45e6-91ad-12350a82af35,2025-07-31T17:33:28.327408,2025-09-12T17:33:28.327408,active
a5441afb-0626-4628-ae45-fd18dee34a45,Engineering - a5441a,Project of type engineering,team-19,6c633f5c-51f6-4c2a-9786-37d853c30adf,2025-12-23T17:33:28.327408,2026-01-31T17:33:28.327408,active
940bbe6a-7ae1-48d9-95e4-6e3e414ddf18,Operations - 940bbe,Project of type operations,team-14,95f6d4c3-a8d8-43de-8cf3-d47c07a3c8ac,2025-05-19T17:33:28.327408,2025-06-09T17:33:28.327408,active
6e443d17-036f-40a8-b75e-eed96420610a,Marketing - 6e443d,Project of type marketing,team-0,26887100-c87f-4a5d-8011-1a2dae0bd0ef,2025-02-18T17:33:28.327408,2025-02-26T17:33:28.327408,active
eb429424-4473-40d7-8ec4-6eca9aa9b074,Operations - eb4294,Project of type operations,team-0,585e589d-685f-4a26-b63b-fbf215a95afb,2025-04-12T17:33:28.327408,2025-05-14T17:33:28.327408,completed
2c374fcc-1de7-4f46-8be0-95944adedde1,Marketing - 2c374f,Project of type marketing,team-5,5e38a201-1daf-4801-ae50-62ab71792c07,2025-01-27T17:33:28.327408,2025-03-27T17:33:28.327408,active
d17e019a-21e7-48cb-9f0d-6fdfab9f9a0a,Marketing - d17e01,Project of type marketing,team-12,1b388d57-0922-46f8-a01a-c1fa8801deb1,2025-04-01T17:33:28.327408,2025-04-26T17:33:28.327408,active
c4855e17-69bb-4c19-b7ab-6297b23c3cb9,Marketing - c4855e,Project of type marketing,team-7,6668a26d-4b6f-4743-ac0e-01b75a9e1d67,2025-09-28T17:33:28.327408,2025-11-09T17:33:28.327408,active
1e6b486e-7887-4a13-8bd2-4b484aa4e177,Marketing - 1e6b48,Project of type marketing,team-1,18edb61a-1e73-489f-8f0d-646fe9ff5e91,2025-06-11T17:33:28.327408,2025-08-17T17:33:28.327408,active
879bfaff-756c-4e56-abcf-e8aa036a65c3,Operations - 879bfa,Project of type operations,team-5,2424e63e-d6ce-40f8-ae23-0e7b90a63d6a,2025-04-19T17:33:28.327408,2025-06-16T17:33:28.327408,active
fd1919ef-2118-4bb8-bcab-16e9f3b1cf26,Operations - fd1919,Project of type operations,team-11,00afc5e3-a509-40ca-a2bc-96e1ed20cc5a,2025-06-06T17:33:28.327408,2025-07-20T17:33:28.327408,active
7029e4ff-8a0a-4932-8e89-0c4115de7c1c,Engineering - 7029e4,Project of type engineering,team-8,b877b29c-8c40-4125-b202-33ac8195dd70,2025-11-08T17:33:28.327408,2026-01-08T17:33:28.327408,active
f4a0f7e6-a3de-4562-995e-1cd6f9a59161,Engineering - f4a0f7,Project of type engineering,team-9,1e98951f-809f-4bbc-b6a4-7a6de4125e61,2025-01-24T17:33:28.327408,2025-03-04T17:33:28.327408,active
527820e1-64d8-484a-b4b6-ea8639a24587,Operations - 527820,Project of type operations,team-4,92646470-6ead-469f-a3d9-edf0d97dc256,2025-12-22T17:33:28.327408,2026-01-07T17:33:28.327408,active
49aec5e4-7ac6-472c-bbd5-14518d04b075,Operations - 49aec5,Project of type operations,team-14,2491d4b3-6e46-45e2-90dc-f4bf43f7ec29,2025-12-06T17:33:28.327408,2026-01-04T17:33:28.327408,completed
da43d25f-1f09-4cfa-b25e-9d09e6f3773f,Operations - da43d2,Project of type operations,team-5,e586c26b-ab03-4ef4-a7eb-c06b8a549f07,2025-07-03T17:33:28.327408,2025-08-28T17:33:28.327408,completed
ef503dd3-cec6-4a51-b67b-037807ad2b05,Operations - ef503d,Project of type operations,team-8,338f8dfc-3851-4a11-a9dc-f3ed14eb0f4c,2025-04-28T17:33:28.327408,2025-05-11T17:33:28.327408,completed
583b1153-e78c-4f5b-b582-5a6245b755b4,Marketing - 583b11,Project of type marketing,team-16,fb3f4067-eb5b-4f38-87a8-b718c98e2721,2025-12-14T17:33:28.327408,2026-02-26T17:33:28.327408,active
f002b100-910a-4c4d-8e4f-fe134c6433fc,Engineering - f002b1,Project of type engineering,team-10,e9393bb6-ccc6-474f-97bc-a7de938a9272,2025-04-18T17:33:28.327408,2025-06-07T17:33:28.327408,on_hold
8184a08b-c11d-46e0-87b7-1ec05cb3b556,Marketing - 8184a0,Project of type marketing,team-3,5a3800f1-e63a-420a-a51f-4ceeb85e8638,2025-12-21T17:33:28.327408,2026-02-04T17:33:28.327408,on_hold
44249c6a-70d4-422f-96fd-2105e2609efb,Operations - 44249c,Project of type operations,team-7,7912b94d-7b70-40dc-93c5-8908ccee2379,2025-09-28T17:33:28.327408,2025-11-14T17:33:28.327408,active
950b689a-e4d2-420f-82a6-a01bcf6876b4,Marketing - 950b68,Project of type marketing,team-12,04575ac0-d398-47ca-be5b-7196f9c64e8a,2025-05-04T17:33:28.327408,2025-08-02T17:33:28.327408,completed
154d776d-c3d6-4567-a5aa-7ee37217eca1,Marketing - 154d77,Project of type marketing,team-18,c4341cc3-33bb-4308-adfd-eb770c3af7c6,2025-05-11T17:33:28.327408,2025-06-27T17:33:28.327408,active
620c6e3b-7e56-44c3-9c67-1b714e631b6b,Engineering - 620c6e,Project of type engineering,team-16,2a359652-e7ec-4456-a87f-eeae03780700,2025-06-07T17:33:28.327408,2025-07-21T17:33:28.327408,active
8277551b-c011-4fcf-990e-d07f80741f41,Marketing - 827755,Project of type marketing,team-17,abb10a89-487f-46ed-aca1-dcd9ffea9bcf,2025-04-30T17:33:28.327408,2025-06-12T17:33:28.327408,completed
4466752d-bb17-4298-9fa1-212bad638410,Marketing - 446675,Project of type marketing,team-9,08a38fa2-b655-4bf1-a510-a434350d21ec,2025-01-06T17:33:28.327408,2025-03-23T17:33:28.327408,active
69a93841-8ff8-491d-861a-1b08771fc4aa,Operations - 69a938,Project of type operations,team-0,8767ed22-9f77-4685-94fa-ba575140ba26,2025-05-10T17:33:28.327408,2025-05-24T17:33:28.327408,active
7dad4ed2-9184-4748-a342-33c231cacfe4,Marketing - 7dad4e,Project of type marketing,team-11,597e3d44-41a6-4f17-9eff-e951b6c79802,2025-11-30T17:33:28.327408,2026-01-29T17:33:28.327408,active
2f68d743-e3a3-4ecb-b6a9-30ede4174b3f,Engineering - 2f68d7,Project of type engineering,team-14,d776f412-d4ca-483d-9f83-ca08aa909df3,2025-10-11T17:33:28.327408,2025-12-26T17:33:28.327408,completed
d02e6bad-5bc6-4c9d-953d-eb44e1ee421c,Engineering - d02e6b,Project of type engineering,team-14,6b11d908-5fdb-4be6-aa37-3bd947c7a50c,2025-12-13T17:33:28.327408,2026-01-30T17:33:28.327408,on_hold
4a8d1a5d-ce93-41c5-a9c7-0edcb3ccf677,Engineering - 4a8d1a,Project of type engineering,team-4,63cf8584-22b5-49b9-80dd-9192ad06be00,2025-09-11T17:33:28.327408,2025-10-08T17:33:28.327408,active
8ed1e995-c9bd-4d75-883e-79f065286fa1,Marketing - 8ed1e9,Project of type marketing,team-15,6eca5845-de80-4688-a15d-da876fc4e0e6,2025-12-31T17:33:28.327408,2026-02-03T17:33:28.327408,active
ee2f5308-5817-4f22-938e-636c2e373de8,Engineering - ee2f53,Project of type engineering,team-2,c4aba351-3993-4222-9bb8-30329d42f1bc,2025-10-24T17:33:28.327408,2026-02-16T17:33:28.327408,active
6e1e9745-6cab-46f7-936e-b0ab9edeb849,Engineering - 6e1e97,Project of type engineering,team-16,1b388d57-0922-46f8-a01a-c1fa8801deb1,2025-08-30T17:33:28.327408,2025-12-15T17:33:28.327408,completed
7522451a-eb00-4917-a9bb-e5bc2ec0ac88,Marketing - 752245,Project of type marketing,team-11,c4aba351-3993-4222-9bb8-30329d42f1bc,2025-03-28T17:33:28.327408,2025-05-15T17:33:28.327408,active
4fbad551-22ad-4a12-b4db-859784797142,Operations - 4fbad5,Project of type operations,team-1,00afc5e3-a509-40ca-a2bc-96e1ed20cc5a,2025-11-02T17:33:28.327408,2025-11-18T17:33:28.327408,completed
26e65a52-2e2a-4075-9afa-9853811ab522,Marketing - 26e65a,Project of type marketing,team-12,fba2a306-bfdb-4cdf-82ab-d54739b61bb5,2025-07-23T17:33:28.327408,2025-10-05T17:33:28.327408,on_hold
c10ab852-04f5-46b8-8c1b-edd306807710,Operations - c10ab8,Project of type operations,team-10,0550e9aa-e782-41c4-b0f4-4b9e0917ab0d,2025-11-29T17:33:28.327408,2026-01-18T17:33:28.327408,active
e70f1236-e30c-4eb2-b9f0-8c56a359dca1,Marketing - e70f12,Project of type marketing,team-3,0921fe1c-661f-4571-9591-d2af65dbaf70,2025-10-14T17:33:28.327408,2025-10-29T17:33:28.327408,completed
d800eee5-1f48-47d0-89f5-df6609110d48,Operations - d800ee,Project of type operations,team-7,e4229414-1e9b-4ce0-878a-5a3d2024b0e1,2025-03-05T17:33:28.327408,2025-04-12T17:33:28.327408,completed
d17d9cca-a0c9-4355-9bff-ff343b1c5875,Marketing - d17d9c,Project of type marketing,team-13,657e4e96-ae95-4bdd-b0dd-9a4a352a3a8d,2025-01-23T17:33:28.327408,2025-04-11T17:33:28.327408,active
09c3e8f7-79dc-4378-9e0c-0978a3a69973,Engineering - 09c3e8,Project of type engineering,team-9,66e0ee6c-87a5-4fc6-a892-e627e14d1fb0,2025-02-02T17:33:28.327408,2025-03-17T17:33:28.327408,active
9222068b-a37a-4af1-830d-184c4caa69d0,Engineering - 922206,Project of type engineering,team-16,b579834d-48cd-45c0-88c9-a0b23d2a61eb,2025-05-16T17:33:28.327408,2025-08-02T17:33:28.327408,active
f72cb4aa-d616-48ae-a2a9-80162f338d56,Marketing - f72cb4,Project of type marketing,team-15,bc9548c0-b10e-443c-b2a8-a562aa472b7d,2025-02-06T17:33:28.327408,2025-04-19T17:33:28.327408,active
3c0235aa-afa2-474b-9384-a55b3c244307,Operations - 3c0235,Project of type operations,team-6,9391d85c-3927-4af7-be5a-a2d3209c75df,2025-08-25T17:33:28.327408,2025-10-08T17:33:28.327408,on_hold
78005757-f8f7-43a7-9f02-ae7451618713,Engineering - 780057,Project of type engineering,team-4,9b713a23-7f07-4a7e-b821-e2616550a8bb,2025-01-20T17:33:28.327408,2025-03-22T17:33:28.327408,completed
b62afb0a-91ce-4489-a4d4-1bc5b6086b8e,Operations - b62afb,Project of type operations,team-9,79cb2034-1b74-426e-a151-4bdd4f88f3fd,2025-05-21T17:33:28.327408,2025-06-11T17:33:28.327408,completed
72786b99-3050-4d21-bcf8-533a733f43b1,Operations - 72786b,Project of type operations,team-2,e74b4d67-24a6-488d-8b3b-6b8ee5d54b2a,2025-09-27T17:33:28.327408,2025-11-12T17:33:28.327408,active
4729c507-8d2c-44ac-9046-4c0edfea7765,Operations - 4729c5,Project of type operations,team-15,0bf413b6-b66e-4c3f-a0c7-2f57c04a5b76,2025-04-10T17:33:28.327408,2025-04-29T17:33:28.327408,active
c31d3f2c-8475-4e9f-963b-385d4b55ec4b,Marketing - c31d3f,Project of type marketing,team-13,da542f2e-6c6c-448c-b205-6340ed23fe81,2025-07-12T17:33:28.327408,2025-09-20T17:33:28.327408,active
b02833a7-d818-4268-9717-c9f62c4632b5,Marketing - b02833,Project of type marketing,team-5,447e4c31-54af-4d16-8500-2c0946b00082,2025-08-08T17:33:28.327408,2025-09-01T17:33:28.327408,active
1d31a3e1-756c-4af1-9bd4-a2655926e5bb,Operations - 1d31a3,Project of type operations,team-4,0371a185-4cea-4ef6-b3ec-d215cd32c7b3,2025-12-23T17:33:28.327408,2026-01-16T17:33:28.327408,active
d884f62e-b716-4929-99b7-d4a9e2bad1da,Engineering - d884f6,Project of type engineering,team-3,0d18d473-815d-4cb0-9a13-3c7d10f8365f,2025-09-24T17:33:28.327408,2025-11-09T17:33:28.327408,active
eb628128-d566-4657-8f7c-b923f5ad9726,Engineering - eb6281,Project of type engineering,team-1,01235d40-5f91-4c2b-a7cc-502665e03216,2025-02-18T17:33:28.327408,2025-04-14T17:33:28.327408,active
cf33d06d-9a9e-418a-a38f-eea091646aab,Engineering - cf33d0,Project of type engineering,team-15,9b382d07-8d6e-4e13-824f-4a916d00c2b5,2025-09-21T17:33:28.327408,2025-12-17T17:33:28.327408,completed
82f55220-d503-4c94-8cf9-a8ce03f0fba3,Marketing - 82f552,Project of type marketing,team-13,c284342f-ac62-4a6d-9361-d0fce575bc34,2025-09-13T17:33:28.327408,2025-10-28T17:33:28.327408,active
323bd90d-4617-4b11-b0ad-6857804ee2c4,Operations - 323bd9,Project of type operations,team-3,58a95c1d-6e40-48d4-86a1-d7453e29c150,2025-03-20T17:33:28.327408,2025-05-10T17:33:28.327408,active
d481f8b5-a500-46d6-93e5-edff591d8791,Engineering - d481f8,Project of type engineering,team-2,601a5d1c-f3c2-4c45-9941-f4e746bf3161,2025-02-25T17:33:28.327408,2025-06-23T17:33:28.327408,active
9cf43676-dba2-4c1c-8228-ab77caaba35f,Operations - 9cf436,Project of type operations,team-16,1b27449f-cee5-4adc-8402-d3e71adddbe8,2025-08-02T17:33:28.327408,2025-09-12T17:33:28.327408,active
5f8beadc-7f8d-41c9-b810-83fd4d18c4d2,Engineering - 5f8bea,Project of type engineering,team-16,5ba526ed-026c-467f-91b9-c099f44e7c92,2025-01-14T17:33:28.327408,2025-02-27T17:33:28.327408,completed
04588d5d-9a93-4542-92a0-b0d160655eb8,Marketing - 04588d,Project of type marketing,team-13,408544dd-858a-4fc8-969b-44c63002f442,2025-02-06T17:33:28.327408,2025-03-19T17:33:28.327408,active
29cf4475-b72c-498f-87db-f64317aa1e6b,Engineering - 29cf44,Project of type engineering,team-0,663402fd-5657-4bf4-8dc9-4e5c33117de9,2025-08-17T17:33:28.327408,2025-10-28T17:33:28.327408,completed
c036a606-5701-47a5-8089-d12e27376de5,Marketing - c036a6,Project of type marketing,team-1,c24c712d-5e76-4442-8f21-ca900462129c,2025-12-28T17:33:28.327408,2026-03-26T17:33:28.327408,active
802373f7-a923-45b5-8ba8-b818a7c89246,Marketing - 802373,Project of type marketing,team-3,4c7affb4-d975-4684-8fd8-2cfa865a3669,2025-07-02T17:33:28.327408,2025-09-18T17:33:28.327408,active
4d79787c-bef6-4019-a7e2-c0b42c6056e8,Engineering - 4d7978,Project of type engineering,team-3,58a95c1d-6e40-48d4-86a1-d7453e29c150,2025-09-05T17:33:28.327408,2025-09-26T17:33:28.327408,active
d82d5f11-26df-48dd-b68a-c229c1f923ac,Marketing - d82d5f,Project of type marketing,team-5,73e104d0-6d6a-499f-b5bf-429b03ef916f,2025-09-15T17:33:28.327408,2025-10-05T17:33:28.327408,active
1aed30c4-d32f-4181-92de-eeab77a562ad,Operations - 1aed30,Project of type operations,team-19,4cb8245e-9f82-4d78-b17e-0929f7db9093,2025-01-10T17:33:28.327408,2025-01-23T17:33:28.327408,completed
3d2b955f-5c8d-42ba-9c5d-38702ffe45d8,Operations - 3d2b95,Project of type operations,team-11,b51b6476-46bf-4319-a986-619d8d7d2d67,2025-09-25T17:33:28.327408,2025-11-12T17:33:28.327408,active
8c286289-25f3-4d87-a1de-323059a20827,Operations - 8c2862,Project of type operations,team-8,ae6d949d-d1d6-4979-a50b-32b8ebfa2086,2025-09-09T17:33:28.327408,2025-10-14T17:33:28.327408,completed
3ca84fab-1dd6-4aa7-8063-443d93166eb8,Engineering - 3ca84f,Project of type engineering,team-5,e2b1a96c-0fb5-4679-8f10-2dd14bac2e50,2025-02-09T17:33:28.327408,2025-06-05T17:33:28.327408,on_hold
8b5f983e-542b-4551-90cc-b994050152f5,Engineering - 8b5f98,Project of type engineering,team-3,5d61e7e0-4566-45a1-a1fc-56243cf265ce,2025-10-09T17:33:28.327408,2025-11-25T17:33:28.327408,active
0af17d9e-27af-4411-99dc-1fab6838377e,Engineering - 0af17d,Project of type engineering,team-6,b299a3a5-4728-47b2-9db0-8ffb91d0e3d7,2025-07-25T17:33:28.327408,2025-10-05T17:33:28.327408,active
7582e610-7243-4d80-bd8e-d6081a0bc069,Operations - 7582e6,Project of type operations,team-13,e73b536d-15fe-4035-86c4-d8c9c44ebe7e,2025-10-16T17:33:28.327408,2025-10-28T17:33:28.327408,completed
f2537542-8292-4183-9f64-6cc6c0b68803,Marketing - f25375,Project of type marketing,team-3,2f54ff22-7b40-48f2-97fb-e5d758ff6fdb,2025-11-03T17:33:28.327408,2025-12-08T17:33:28.327408,completed
f1f70eea-e7f0-4c93-8a55-684932bf6d83,Operations - f1f70e,Project of type operations,team-2,f4d3ba67-42a4-4849-b420-9878ce51d5bb,2025-09-25T17:33:28.327408,2025-10-15T17:33:28.327408,active
f3de75ed-20ed-416c-a20b-52616b4ca77a,Marketing - f3de75,Project of type marketing,team-10,fb54987a-1f8d-4e42-944f-ad98e9b143d4,2025-05-14T17:33:28.327408,2025-07-08T17:33:28.327408,on_hold
8584e38a-f518-4719-85c2-e3dac61a9743,Engineering - 8584e3,Project of type engineering,team-14,33a6cff6-ba7a-4754-aa68-3a2aa7a9c2bc,2025-12-04T17:33:28.327408,2026-01-20T17:33:28.327408,active
0a25bc2d-5cf3-4acd-b083-b0440d28b8a3,Operations - 0a25bc,Project of type operations,team-16,d926cbb1-7b59-4791-b403-866cdf1d481c,2025-06-05T17:33:28.327408,2025-08-04T17:33:28.327408,active
a43ed120-35aa-4011-ac28-810b47b753f4,Marketing - a43ed1,Project of type marketing,team-16,09dc04ef-cf96-4222-bc4c-64ab75122320,2025-06-17T17:33:28.327408,2025-08-29T17:33:28.327408,active
075360b7-b50c-4209-9359-0041901387b6,Operations - 075360,Project of type operations,team-19,0d9f3d1a-8a67-41c5-aaaa-5d04a8211085,2025-01-16T17:33:28.327408,2025-02-28T17:33:28.327408,on_hold
366351fa-c41a-4088-9aab-25f0a11834a2,Operations - 366351,Project of type operations,team-7,48da9872-2e2b-4a0c-afdf-450dd1466d6a,2025-07-24T17:33:28.327408,2025-09-04T17:33:28.327408,active
bfce9f90-ba3d-4496-9bf6-b8a59a4221b9,Operations - bfce9f,Project of type operations,team-12,37828230-464b-431e-bdac-c706cf21cbfd,2025-02-19T17:33:28.327408,2025-04-16T17:33:28.327408,active
1a82d95f-299b-4215-92a0-7afe023e04b1,Operations - 1a82d9,Project of type operations,team-11,24e6b414-a056-4c04-9eea-0144dbc8f257,2025-03-17T17:33:28.327408,2025-04-01T17:33:28.327408,completed
95a72c5d-80f5-4016-be4d-eb306410a621,Operations - 95a72c,Project of type operations,team-16,785eb6cc-12a7-44f3-9991-ee8fadd51f62,2025-04-22T17:33:28.327408,2025-05-02T17:33:28.327408,active
53bfc81e-fbda-42a3-9dc3-45b2fc7422d0,Marketing - 53bfc8,Project of type marketing,team-0,f22f6fb6-0861-4ec1-95f0-261ea11ec0ec,2025-11-10T17:33:28.327408,2025-11-21T17:33:28.327408,active
49920a0e-f125-4967-b2ee-281e7068a6e2,Operations - 49920a,Project of type operations,team-13,3f76048e-9b7b-40e3-9851-4581aace99be,2025-07-02T17:33:28.327408,2025-07-19T17:33:28.327408,active
7d2a510c-74b1-4784-ba8a-369fc234378e,Operations - 7d2a51,Project of type operations,team-12,88ebccc2-437a-49e8-95cc-bd51b0600e07,2025-12-12T17:33:28.327408,2026-01-29T17:33:28.327408,on_hold
b4e74654-a0d9-417f-bdf9-6577576ad88c,Engineering - b4e746,Project of type engineering,team-12,9e94f613-a0a6-4e23-b6a0-57f89f762162,2025-11-21T17:33:28.327408,2026-03-11T17:33:28.327408,active
f28fb542-61e2-4f4a-9bfc-4919d4dc0e90,Marketing - f28fb5,Project of type marketing,team-6,5c25591d-20e0-4768-a573-e23ebcf3c566,2025-10-31T17:33:28.327408,2025-12-27T17:33:28.327408,on_hold
365c379c-4012-4c59-8a67-c54dcb7b0965,Engineering - 365c37,Project of type engineering,team-6,90c034e4-946e-47d3-a146-3844b4d453fd,2025-01-06T17:33:28.327408,2025-02-19T17:33:28.327408,on_hold
7fd4747f-881f-491e-9c66-8f09ad9a8d8c,Marketing - 7fd474,Project of type marketing,team-4,c725c0e9-b48d-41c4-88b7-bebe58a0d5b2,2025-03-24T17:33:28.327408,2025-04-30T17:33:28.327408,completed
f046d441-71d2-47ee-aded-7c36cad7657f,Engineering - f046d4,Project of type engineering,team-14,54096ace-375b-447a-888c-8473971fe8c4,2025-01-16T17:33:28.327408,2025-04-09T17:33:28.327408,completed
61142ec5-993c-44f9-b95a-6aae3eaf4415,Marketing - 61142e,Project of type marketing,team-10,c4ad8241-432f-4f85-b611-43063f13da26,2025-02-17T17:33:28.327408,2025-04-06T17:33:28.327408,active
8cde360a-5a2f-4b61-9724-fd416acc4712,Marketing - 8cde36,Project of type marketing,team-2,2c983b2b-80e6-4664-9825-fb6151c50ae2,2025-03-01T17:33:28.327408,2025-05-25T17:33:28.327408,completed
56475a80-7bde-4cc1-b767-2eafd9859cbc,Marketing - 56475a,Project of type marketing,team-5,973d2561-e27b-4aff-8ced-d01a6fb4133f,2025-05-18T17:33:28.327408,2025-07-21T17:33:28.327408,active
9d69786e-cb6f-46ef-9a75-aa3d28c77f22,Marketing - 9d6978,Project of type marketing,team-6,d01eaa7a-4920-4e78-9543-9cd622c5121f,2025-10-12T17:33:28.327408,2026-01-02T17:33:28.327408,active
fb8cfd3d-0b5f-4b69-9152-35872ce43fea,Engineering - fb8cfd,Project of type engineering,team-4,3bc88bf3-97e3-408a-86b0-058a2a4efb2a,2025-02-11T17:33:28.327408,2025-04-16T17:33:28.327408,active
451bdabc-6298-4ba1-b1ea-700ed563019c,Marketing - 451bda,Project of type marketing,team-2,202af98c-f8d3-4263-a10d-a359d9b7187a,2025-10-26T17:33:28.327408,2026-01-07T17:33:28.327408,active
fff883bc-e050-47e7-972c-df2b4be97388,Operations - fff883,Project of type operations,team-15,c2c0082f-ff27-40d5-98b1-0b50a4118356,2025-04-15T17:33:28.327408,2025-04-27T17:33:28.327408,active
1ed2cfd3-dfe0-434d-9776-f682c90889bc,Engineering - 1ed2cf,Project of type engineering,team-18,e2e6ef4d-6927-4048-9ee0-a62ed4fd8185,2025-03-19T17:33:28.327408,2025-06-03T17:33:28.327408,completed
aa9ede2b-6590-4451-af25-3851e480e40e,Marketing - aa9ede,Project of type marketing,team-5,5cda1e91-df03-4be9-a31e-96ddd80ce4b1,2025-05-04T17:33:28.327408,2025-06-10T17:33:28.327408,active
6d7d4da0-1f35-4b81-8436-4d9ddfdd2854,Engineering - 6d7d4d,Project of type engineering,team-5,9b2842ea-4a6e-4b46-b1a3-76f594a35748,2025-11-05T17:33:28.327408,2026-03-02T17:33:28.327408,active
1fc8bac0-9c23-40f6-9067-51e5cb33b2bd,Operations - 1fc8ba,Project of type operations,team-16,d9e458f0-8738-4bb1-ac2f-9f29aa1d40ea,2025-02-15T17:33:28.327408,2025-03-19T17:33:28.327408,completed
e2523f51-7825-4fb9-b140-038693ff9306,Operations - e2523f,Project of type operations,team-1,98f24e40-86c4-4d5d-934b-783250d28621,2025-06-14T17:33:28.327408,2025-07-15T17:33:28.327408,active
cb7960bd-ccd9-4fee-b2fc-23415b120b23,Engineering - cb7960,Project of type engineering,team-11,f24d39c0-ba28-4467-8dea-e89efa952054,2025-09-05T17:33:28.327408,2025-10-06T17:33:28.327408,completed
2468aeec-ad54-4e48-94f2-9d1c698c99b9,Operations - 2468ae,Project of type operations,team-9,dc25ab06-b434-4ea8-83e6-7bf04c620fea,2025-12-26T17:33:28.327408,2026-02-19T17:33:28.327408,active
fc95bedd-e3c4-4135-b69d-f093f0b3a022,Engineering - fc95be,Project of type engineering,team-6,0711a532-a186-46e7-b0b3-e82c94afd4f9,2025-08-14T17:33:28.327408,2025-11-21T17:33:28.327408,completed
823970a0-5d79-4577-a641-df0a1efa5938,Engineering - 823970,Project of type engineering,team-8,d0e140f1-bbe4-4cf4-8143-9ed60312f4aa,2025-05-22T17:33:28.327408,2025-08-30T17:33:28.327408,active
375a2e2b-1604-4282-8487-8112a673d601,Operations - 375a2e,Project of type operations,team-15,e73b536d-15fe-4035-86c4-d8c9c44ebe7e,2025-04-24T17:33:28.327408,2025-05-16T17:33:28.327408,on_hold
6800cfbb-f620-4d8b-8c49-4fe5c0ffe52d,Operations - 6800cf,Project of type operations,team-2,1f42bfb0-68ad-47d9-9257-59a4bef983a5,2025-11-10T17:33:28.327408,2025-12-02T17:33:28.327408,on_hold
b610238f-bf30-4467-842f-5fb39bd6c3d1,Marketing - b61023,Project of type marketing,team-10,200d33e7-262f-4497-b2bf-0efb13bfd21d,2025-11-25T17:33:28.327408,2026-01-27T17:33:28.327408,completed
38b425aa-adec-47ec-b1cd-2ac603c0cf98,Operations - 38b425,Project of type operations,team-0,c25420a5-4738-4496-ad50-e3b9979fed1d,2025-12-10T17:33:28.327408,2026-01-11T17:33:28.327408,active
2a4be956-ab71-43b3-8dea-cccadb5369b8,Engineering - 2a4be9,Project of type engineering,team-10,7895cb0a-6a20-4438-ab05-83f646d9334d,2025-04-27T17:33:28.327408,2025-06-15T17:33:28.327408,on_hold
f42d68c0-100d-495a-813d-8da3b6461b47,Marketing - f42d68,Project of type marketing,team-8,f9690b09-7315-4dcc-a4b0-dad2b01d7074,2025-06-05T17:33:28.327408,2025-07-01T17:33:28.327408,on_hold
57bbafd0-95f7-46f9-9ddc-08cfa57513d6,Engineering - 57bbaf,Project of type engineering,team-15,16aa583e-27f2-4d16-8635-22090bf1cf75,2025-07-28T17:33:28.327408,2025-10-29T17:33:28.327408,active
145029cd-5168-4140-b632-f6d3bcad3f9a,Operations - 145029,Project of type operations,team-10,bc768152-18c8-4fdc-9ef2-8d558a34aee6,2025-02-26T17:33:28.327408,2025-03-06T17:33:28.327408,active
885eab8e-cf32-4c99-bbb6-883827b3935e,Operations - 885eab,Project of type operations,team-1,d776f412-d4ca-483d-9f83-ca08aa909df3,2025-05-14T17:33:28.327408,2025-07-05T17:33:28.327408,active
5a88fe43-6b4b-45c9-b4e3-ce9ee7656449,Engineering - 5a88fe,Project of type engineering,team-8,661154e6-5d69-4bcc-ac01-41ef31b97441,2025-10-22T17:33:28.327408,2026-02-11T17:33:28.327408,active
23ef27a2-eb70-4762-be06-9dff96e8ca8a,Engineering - 23ef27,Project of type engineering,team-9,83a8943f-64e0-45a7-914e-0b6b77de92b6,2025-04-24T17:33:28.327408,2025-07-04T17:33:28.327408,active
d595f0a1-f20a-4164-9984-ec7250c5467d,Marketing - d595f0,Project of type marketing,team-14,ef52ed00-3a70-4eb5-9e61-d14fc230659e,2025-05-30T17:33:28.327408,2025-07-22T17:33:28.327408,completed
90d33d36-f243-4e2f-95ed-8ac8c2c9f9f8,Operations - 90d33d,Project of type operations,team-4,3812409b-2659-45c0-9600-3666b5f9752b,2025-09-01T17:33:28.327408,2025-10-15T17:33:28.327408,active
fccae8f5-dc15-4e37-be7a-700f9ccb3fa4,Marketing - fccae8,Project of type marketing,team-19,bba120d1-517e-4286-b5b5-9d5b540dda5a,2025-07-07T17:33:28.327408,2025-08-27T17:33:28.327408,active
96a1a5fb-29b6-40fa-8941-5b9628d97b81,Operations - 96a1a5,Project of type operations,team-4,7de2a1fc-14fe-4c46-b4f8-b3491981a471,2025-06-05T17:33:28.327408,2025-07-25T17:33:28.327408,active
256fd41a-739b-4de6-8f50-d398710a1bd7,Operations - 256fd4,Project of type operations,team-5,fa64e3cc-2d54-4630-b959-62a0eeb8044c,2025-11-04T17:33:28.327408,2025-11-19T17:33:28.327408,active
b599a68f-6e9f-457f-be48-228852f90837,Operations - b599a6,Project of type operations,team-16,6b6a7053-b634-4db0-8db3-8ac16b92833e,2025-10-23T17:33:28.327408,2025-11-29T17:33:28.327408,active
ce1ef91b-acbe-4575-9a3e-764d825c1731,Engineering - ce1ef9,Project of type engineering,team-16,cb3b3cda-45a8-4a71-9a85-ae82bcf0c096,2025-12-27T17:33:28.327408,2026-01-23T17:33:28.327408,completed
471915e4-db20-4150-ba87-573cdf9aafed,Engineering - 471915,Project of type engineering,team-14,0615aba1-20e1-4829-b1ff-62f5861f8056,2025-06-01T17:33:28.327408,2025-07-06T17:33:28.327408,completed
fd1319e2-18db-40e3-aefe-a416af3a0c93,Operations - fd1319,Project of type operations,team-12,1c949099-856d-410a-aef3-ddac33cc8999,2025-08-03T17:33:28.327408,2025-08-21T17:33:28.327408,active
7eec7914-fef2-4676-8254-25fa9200b8a4,Marketing - 7eec79,Project of type marketing,team-17,33960a79-d15c-47d5-b2bd-8e21d2c133ab,2025-02-20T17:33:28.327408,2025-03-13T17:33:28.327408,completed
8ee3618c-41cd-4bce-8de8-5e8b341e4335,Operations - 8ee361,Project of type operations,team-7,bef0fd34-bc69-4870-a9db-50c318292a3d,2025-03-01T17:33:28.327408,2025-04-10T17:33:28.327408,active
f8e8a7c2-4088-4e4a-a8d6-ff171fc87f70,Operations - f8e8a7,Project of type operations,team-15,3bf570e9-fdd0-43e0-ae4d-da2dc551e57b,2025-09-13T17:33:28.327408,2025-09-30T17:33:28.327408,active
ff5c18bf-6b88-4702-94ea-21e4399d519c,Marketing - ff5c18,Project of type marketing,team-16,01a22bf1-b591-4a43-8e19-099dce1b222e,2025-04-26T17:33:28.327408,2025-05-28T17:33:28.327408,active
f37889c0-27f4-43d5-bfaf-e847cd21789c,Operations - f37889,Project of type operations,team-12,e57d4c50-3f22-48c4-9f11-3f02f42895be,2025-02-05T17:33:28.327408,2025-02-28T17:33:28.327408,active
fa35fceb-0835-4c41-bb4c-c47e443e3b31,Engineering - fa35fc,Project of type engineering,team-18,1f472122-2783-4cc6-936d-eb633268d967,2025-03-23T17:33:28.327408,2025-04-16T17:33:28.327408,active
810a2e97-cd75-4079-b43e-6ca5d99a2f1f,Engineering - 810a2e,Project of type engineering,team-17,95d0fd76-fe5d-4c61-b3bd-a91a2095f3bb,2025-07-20T17:33:28.327408,2025-08-13T17:33:28.327408,active
560f4f31-daf2-494f-8c42-21b04b22faf7,Marketing - 560f4f,Project of type marketing,team-1,99f0e847-ea0c-4369-82ba-4bbea7800a21,2025-12-06T17:33:28.327408,2026-02-01T17:33:28.327408,active
b7401f63-ead4-4509-b021-02f1e926a7bf,Engineering - b7401f,Project of type engineering,team-13,c65fd236-8e74-42e3-b9a2-0abf0ac00afe,2025-10-26T17:33:28.327408,2025-11-29T17:33:28.327408,active
c00991f7-fad1-44ce-9959-f4d0732417bf,Operations - c00991,Project of type operations,team-5,c3672dbf-40c2-4d7c-8396-5d1b63c07d39,2025-02-26T17:33:28.327408,2025-04-06T17:33:28.327408,active
b44251dc-d937-425d-b93d-65be9cfd177b,Operations - b44251,Project of type operations,team-7,0e42d8fb-4bc1-405f-88dd-c48281e46e6e,2025-05-01T17:33:28.327408,2025-05-21T17:33:28.327408,active
cf967ed8-cada-44a9-87e3-aa9bfcf3db54,Marketing - cf967e,Project of type marketing,team-17,ba3ebc99-eae5-41ea-adc6-79b835ff595f,2025-03-31T17:33:28.327408,2025-04-28T17:33:28.327408,on_hold
1d04020c-d1f4-4972-85a9-3b194db54c5f,Engineering - 1d0402,Project of type engineering,team-12,879494a6-ed1c-4ec7-93f8-b2cac879696b,2025-11-05T17:33:28.327408,2026-01-25T17:33:28.327408,active
adbb883f-2e01-483c-97d5-38697a967ff6,Operations - adbb88,Project of type operations,team-18,0b55a9af-17a0-4baf-859e-dd2f62d8016f,2025-12-03T17:33:28.327408,2026-01-19T17:33:28.327408,active
4e38a70f-6361-41d9-a916-d3c54b2db398,Marketing - 4e38a7,Project of type marketing,team-2,c640d5d7-ea78-4c0e-ba28-6a6e8331f138,2025-11-28T17:33:28.327408,2025-12-13T17:33:28.327408,completed
fd0c35cc-b5b5-4d2c-ac10-4e530ac489a0,Operations - fd0c35,Project of type operations,team-12,4203b215-8a07-4eae-a37a-6dda26207e17,2025-12-06T17:33:28.327408,2026-01-18T17:33:28.327408,active
6fafcb9b-568d-4ca6-a91c-bb5d2af49984,Marketing - 6fafcb,Project of type marketing,team-12,0f9577c0-7a65-449a-a68a-c12ebdfdf985,2025-07-22T17:33:28.327408,2025-09-27T17:33:28.327408,active
314eaac6-f385-499f-b2aa-250025256d45,Marketing - 314eaa,Project of type marketing,team-4,cad0d1c4-0b07-4598-9247-ed6c08bf9a51,2025-01-14T17:33:28.327408,2025-03-04T17:33:28.327408,active
82c3de2f-3875-45ef-ac4e-2aa26cd3e49d,Operations - 82c3de,Project of type operations,team-10,ba956001-7e28-46ce-9f7d-cb5f1009e039,2025-07-14T17:33:28.327408,2025-08-08T17:33:28.327408,active
b45dc19e-c163-42b2-9a50-3d4291094492,Operations - b45dc1,Project of type operations,team-17,5d5501eb-2fbc-4139-b37d-3460ae1f00b8,2025-02-04T17:33:28.327408,2025-04-02T17:33:28.327408,active
208c7d93-aa9b-403c-81cb-cbe1c2f1ca17,Operations - 208c7d,Project of type operations,team-9,10960307-5105-4b81-a5e8-9bdf61dc9ef3,2025-02-05T17:33:28.327408,2025-02-16T17:33:28.327408,active
c7bdf4f6-8ed3-4c74-b016-1bf09c80f287,Operations - c7bdf4,Project of type operations,team-10,505a90d6-45fa-4a73-8ab9-3918418e2f18,2025-11-21T17:33:28.327408,2025-12-09T17:33:28.327408,completed
842b0145-3720-408c-ab19-0f2fe78b7cb5,Marketing - 842b01,Project of type marketing,team-12,3519fc03-11bf-4415-8808-3c3dde057c97,2025-10-17T17:33:28.327408,2025-11-20T17:33:28.327408,active
1c0a66c7-fa35-4921-bb39-72f299a0cdd4,Operations - 1c0a66,Project of type operations,team-5,0379ef57-41b0-4d50-b4d8-eb423a52ff93,2025-04-05T17:33:28.327408,2025-04-25T17:33:28.327408,completed
b303eda8-8463-4c3f-8083-233d57585898,Marketing - b303ed,Project of type marketing,team-8,9d4486a8-5875-4d62-beef-f571d4b33cb1,2025-05-03T17:33:28.327408,2025-05-29T17:33:28.327408,active
ad777146-38d7-4828-b43d-4de503bcc92c,Marketing - ad7771,Project of type marketing,team-12,2e2533df-0da2-4814-b841-973cbbbce7fd,2025-04-16T17:33:28.327408,2025-06-20T17:33:28.327408,active
94cd34e5-d459-4b1e-849b-53f327a5448e,Operations - 94cd34,Project of type operations,team-3,d791c90e-d1f4-4e4d-a691-caf8f24bb1f2,2025-08-18T17:33:28.327408,2025-09-16T17:33:28.327408,completed
c72611d7-8103-4bd3-9786-664b3d7c83e1,Marketing - c72611,Project of type marketing,team-6,ca69b2f8-fa02-4f7d-876b-f718c888a5e4,2025-06-27T17:33:28.327408,2025-08-13T17:33:28.327408,completed
c29ffcca-31ba-4a78-88f1-030a75a929a6,Engineering - c29ffc,Project of type engineering,team-5,3e5913a9-96cd-42d5-8a62-185eda6b079d,2025-08-06T17:33:28.327408,2025-11-24T17:33:28.327408,active
ba09386a-653c-4f7a-8a92-65da33fad1ab,Marketing - ba0938,Project of type marketing,team-5,67a4f14f-8e7b-4da0-a8b2-6e6baeb01891,2025-03-10T17:33:28.327408,2025-05-20T17:33:28.327408,completed
e72df82c-921f-4f6f-9958-0db14b9a7895,Operations - e72df8,Project of type operations,team-7,f3b8649e-fc34-405f-bc60-b43e1b787841,2025-09-26T17:33:28.327408,2025-10-15T17:33:28.327408,active
0512d37c-a048-4a92-a6ce-a3c870e867b4,Marketing - 0512d3,Project of type marketing,team-0,573876a9-46fe-41ae-8dc4-0ce37dd554ac,2025-05-23T17:33:28.327408,2025-06-04T17:33:28.327408,active
abde7a8f-3f5f-4fdc-b26a-745985c81afe,Engineering - abde7a,Project of type engineering,team-19,2184bc25-eefc-4ded-8823-26f43fa902b2,2025-05-26T17:33:28.327408,2025-06-29T17:33:28.327408,active
fce75f91-c110-43ed-9874-0f6645729bcc,Operations - fce75f,Project of type operations,team-1,779a217b-d757-4281-b7b7-aa206d214915,2025-10-25T17:33:28.327408,2025-12-01T17:33:28.327408,active
5c8ae343-4d23-40d9-bf3e-62ed20b39235,Engineering - 5c8ae3,Project of type engineering,team-8,9080666b-d580-4f2d-97d7-8ed1fe7b99a4,2025-05-22T17:33:28.327408,2025-07-07T17:33:28.327408,active
247109b7-f85a-47f9-bd7d-858de044c4d4,Engineering - 247109,Project of type engineering,team-17,ab2cb2d1-0ed5-4e93-943f-5737d72c1e93,2025-11-18T17:33:28.327408,2026-03-03T17:33:28.327408,active
905e5912-b9f2-4157-abda-6f25b09d51bc,Engineering - 905e59,Project of type engineering,team-5,f1b61f24-8bd9-4077-bc2d-d389514729e0,2025-01-13T17:33:28.327408,2025-02-05T17:33:28.327408,active
ebe16fe7-a817-47a7-8703-3d4c80c86e61,Engineering - ebe16f,Project of type engineering,team-6,46106b6a-1620-4876-a79e-62d08ddb6734,2025-10-06T17:33:28.327408,2025-12-06T17:33:28.327408,completed
e7f0c061-dec2-4240-83c7-def26480ca81,Marketing - e7f0c0,Project of type marketing,team-10,68053c74-d46c-43f0-b6bf-ce62c9677920,2025-12-15T17:33:28.327408,2026-03-13T17:33:28.327408,active
0bb57917-b4a8-4d3a-99e6-56e802918f8d,Engineering - 0bb579,Project of type engineering,team-5,c8baffe7-010a-49b1-9e86-73358cd969cd,2025-09-21T17:33:28.327408,2025-12-04T17:33:28.327408,active
7f4a7b05-662c-471a-9d2e-0fc1088875a8,Marketing - 7f4a7b,Project of type marketing,team-8,25c86038-1337-4d70-b7ea-93e3a27165ba,2025-06-24T17:33:28.327408,2025-09-01T17:33:28.327408,on_hold
0286f275-a171-47d5-ab88-68a440d52e65,Marketing - 0286f2,Project of type marketing,team-8,dd5aaa8c-de28-4f07-b85d-3ea5d4c4ad52,2025-09-23T17:33:28.327408,2025-11-01T17:33:28.327408,completed
fab6c01a-4e37-434f-9160-0abe01595d3c,Operations - fab6c0,Project of type operations,team-15,bf167954-2a8f-474e-a81d-b5d136dd0a37,2025-03-27T17:33:28.327408,2025-05-14T17:33:28.327408,active
4c72a8f5-1b81-45df-9d66-f5cf0f960826,Marketing - 4c72a8,Project of type marketing,team-15,03879484-e72f-4976-896b-088613870a61,2025-09-06T17:33:28.327408,2025-09-30T17:33:28.327408,completed
98e67117-0346-440b-a566-7124dc4d325b,Engineering - 98e671,Project of type engineering,team-18,62589bc3-29d7-4cec-850a-7b16a82a1178,2025-07-09T17:33:28.327408,2025-10-15T17:33:28.327408,active
a568aec2-1f89-4285-8444-546c4f8fd9a1,Operations - a568ae,Project of type operations,team-16,da069ac5-19c7-45a5-a494-57ca453a0deb,2025-05-08T17:33:28.327408,2025-06-04T17:33:28.327408,completed
61561e00-be4a-4e0b-a6cb-f688f1f4e507,Engineering - 61561e,Project of type engineering,team-11,a3b2ab18-5df4-4fc8-8ea3-02cfe99d32c1,2025-05-26T17:33:28.327408,2025-06-18T17:33:28.327408,active
5b573446-65d9-4d0b-9bd2-7656036ed213,Marketing - 5b5734,Project of type marketing,team-19,a73c9ed5-8f2b-4944-b682-c8923ffdb49b,2025-12-21T17:33:28.327408,2026-02-26T17:33:28.327408,active
18fdb63b-fbc0-408e-b2d4-d9e73bcea2c5,Engineering - 18fdb6,Project of type engineering,team-14,4532b139-14c1-43d9-b34a-c3bfd0370023,2025-02-02T17:33:28.327408,2025-03-15T17:33:28.327408,completed
bf778f84-6064-4993-91bb-97ebcadddc53,Engineering - bf778f,Project of type engineering,team-12,38bd36a3-f897-486b-ac25-884be6f1005a,2025-09-21T17:33:28.327408,2025-11-16T17:33:28.327408,active
736db807-f053-49a0-8939-524e0730789b,Marketing - 736db8,Project of type marketing,team-7,400827be-0445-4bac-9536-2e870debac63,2025-02-27T17:33:28.327408,2025-04-13T17:33:28.327408,active
225c2ac1-ec7b-4b7d-8844-c2723d90a049,Marketing - 225c2a,Project of type marketing,team-5,60d30b19-c79f-4ac3-80f4-36c8456348b2,2025-11-28T17:33:28.327408,2026-02-13T17:33:28.327408,completed
ce260dbe-2dff-416a-bda0-30f1243e36de,Operations - ce260d,Project of type operations,team-18,c9cd6f4d-7741-4413-a3be-2e884fa5a198,2025-03-25T17:33:28.327408,2025-04-23T17:33:28.327408,completed
00c020a9-038f-43aa-bb81-5ccdf7679a82,Operations - 00c020,Project of type operations,team-16,fc9b67d7-f5af-467c-9861-efc7e9f21764,2025-11-12T17:33:28.327408,2026-01-02T17:33:28.327408,active
4c5b8f6b-89fb-4913-a27f-6f25307ce57f,Marketing - 4c5b8f,Project of type marketing,team-1,1c3178c9-77d9-4899-9e48-39750e7b6462,2025-07-27T17:33:28.327408,2025-09-10T17:33:28.327408,active
a31adbcb-098e-40e1-9b02-a9f7871d92fd,Engineering - a31adb,Project of type engineering,team-16,95f0c93d-9189-44e0-96f6-fd38146eb399,2025-03-13T17:33:28.327408,2025-06-09T17:33:28.327408,active
70c42aa8-e8c1-4aab-9e40-e7a978bfaf80,Marketing - 70c42a,Project of type marketing,team-13,e438312e-b03d-45df-9d0a-3707d516bb74,2025-10-16T17:33:28.327408,2026-01-07T17:33:28.327408,completed
52e92a8f-3f86-404f-a0bd-1d1f1254a00c,Engineering - 52e92a,Project of type engineering,team-19,7fa52da3-2622-403f-a172-71a33d73ca56,2025-06-02T17:33:28.327408,2025-06-24T17:33:28.327408,active
2ad053e7-3699-404f-b20b-b7086df6c0a9,Marketing - 2ad053,Project of type marketing,team-14,dc981706-9548-43ac-9665-4ad178a489e6,2025-01-25T17:33:28.327408,2025-04-10T17:33:28.327408,completed
80fc9664-c7e9-41a8-bdc7-cdb48a1baa70,Marketing - 80fc96,Project of type marketing,team-5,5ca389cb-efe5-483a-a893-ef7caa76172f,2025-01-25T17:33:28.327408,2025-04-06T17:33:28.327408,active
5166251d-da77-48d2-bc34-462aba2dca55,Operations - 516625,Project of type operations,team-12,9d3ae849-f7f4-4043-a8a2-c8295951c0c3,2025-05-21T17:33:28.327408,2025-06-25T17:33:28.327408,active
12babf45-8990-4abf-8108-29276d930dc0,Marketing - 12babf,Project of type marketing,team-17,5bad8847-9fc8-47ce-b0c9-d09d0ee31698,2025-08-17T17:33:28.327408,2025-11-11T17:33:28.327408,active
90ea4a1c-b00b-4bd7-9e28-2b901f5605b2,Engineering - 90ea4a,Project of type engineering,team-9,76b0625d-bb7a-4949-9af9-9d4f9429180e,2025-04-09T17:33:28.327408,2025-06-04T17:33:28.327408,completed
88ef08b0-c4c2-4f40-8cc7-605569d49ede,Engineering - 88ef08,Project of type engineering,team-11,f7b9cbc9-4c22-4c84-bb58-e8172bf84427,2025-01-29T17:33:28.327408,2025-05-15T17:33:28.327408,active
bac6c9e4-2d2c-4868-8c2d-20732eff86b0,Engineering - bac6c9,Project of type engineering,team-17,e306255a-385f-4de1-b075-c166d24d3a1b,2025-01-11T17:33:28.327408,2025-03-14T17:33:28.327408,completed
6b6c5018-ec6c-4727-865d-13e354c70372,Engineering - 6b6c50,Project of type engineering,team-16,ad177a26-5672-4d2d-9b6b-2a496cb677b9,2025-06-18T17:33:28.327408,2025-10-03T17:33:28.327408,completed
3f452e2d-e6cd-43eb-97d4-82998b8df4f6,Marketing - 3f452e,Project of type marketing,team-0,5dd942ec-2642-4fa1-a6d2-a0e52925d9c4,2025-11-27T17:33:28.327408,2026-01-21T17:33:28.327408,completed
a8a24f97-edc2-4578-8daf-f4b63f310615,Marketing - a8a24f,Project of type marketing,team-3,63ff5038-7b63-4f73-8a44-b8d52be6feb9,2025-05-24T17:33:28.327408,2025-06-28T17:33:28.327408,completed
b370c584-4cad-4945-bd17-e2b181321ed8,Engineering - b370c5,Project of type engineering,team-9,122d9921-7f6b-407a-bd6e-05c064ff805c,2025-09-06T17:33:28.327408,2025-10-25T17:33:28.327408,on_hold
64b68754-9c34-47a3-979f-ece4835e0bdb,Operations - 64b687,Project of type operations,team-4,50f1c151-a324-4966-bd0c-d127f4ecf15a,2025-06-26T17:33:28.327408,2025-08-21T17:33:28.327408,active
f8e5771d-5cf9-4b11-8998-aba5ea666d0f,Engineering - f8e577,Project of type engineering,team-8,8236e9de-168d-4fe9-a93f-078f775e0336,2025-07-12T17:33:28.327408,2025-09-28T17:33:28.327408,active
bf4fbcc0-731e-44a6-a4a5-572469bc9ee0,Engineering - bf4fbc,Project of type engineering,team-8,4cacb187-53ad-4e70-b6ff-b8823ecfb760,2025-01-14T17:33:28.327408,2025-03-04T17:33:28.327408,active
753fd5be-fbf9-46ea-a6f9-dbee804dbed6,Marketing - 753fd5,Project of type marketing,team-19,2d1b95ea-1894-45ea-95b5-426f01b0d30e,2025-03-21T17:33:28.327408,2025-04-26T17:33:28.327408,active
6afd7473-6832-4bb6-8430-7cf31f344c6f,Engineering - 6afd74,Project of type engineering,team-6,e1b93d44-b42f-4f01-b516-b662bc7da052,2025-09-17T17:33:28.327408,2025-12-22T17:33:28.327408,on_hold
e312ce56-1810-4611-ae81-0c3bcb180520,Engineering - e312ce,Project of type engineering,team-7,d83db8d0-18fc-4517-9076-ce7d79ef2518,2025-07-23T17:33:28.327408,2025-09-08T17:33:28.327408,active
80a20fbc-57df-4b51-a950-fa7b620a11d9,Engineering - 80a20f,Project of type engineering,team-1,9bbe3a0f-c87f-404d-bcfa-4c3224eaca26,2025-08-24T17:33:28.327408,2025-12-16T17:33:28.327408,active
ad3608bc-e106-40e9-a27f-c92e8d65599e,Operations - ad3608,Project of type operations,team-16,f0713fe9-c425-4b9d-b61e-88127fff0e62,2025-04-23T17:33:28.327408,2025-05-26T17:33:28.327408,active
025db309-d3cb-4e9e-ab91-15d3258c4349,Engineering - 025db3,Project of type engineering,team-12,8dc3c8a3-ce1d-4fa7-b8de-a4f705a14a82,2025-01-31T17:33:28.327408,2025-03-27T17:33:28.327408,active
70cb2ec8-84aa-4def-9638-8631b697a866,Operations - 70cb2e,Project of type operations,team-14,47323b79-4a29-403d-b2b8-8f420a9644c7,2025-05-27T17:33:28.327408,2025-06-11T17:33:28.327408,active
412a0270-ce2a-41d2-bca7-6c7522661d7e,Marketing - 412a02,Project of type marketing,team-3,b7a385e1-e255-454d-a1bc-218a02cbccca,2025-02-16T17:33:28.327408,2025-05-05T17:33:28.327408,completed
ec44acdb-8d13-43d1-a795-b810a34b16fe,Engineering - ec44ac,Project of type engineering,team-1,2da03915-7180-49aa-85be-be04f7d8dbe0,2025-12-31T17:33:28.327408,2026-04-16T17:33:28.327408,on_hold
859cc897-69ad-45f0-9c58-1050640bdd1e,Marketing - 859cc8,Project of type marketing,team-3,c2a0afcd-80a4-418b-b334-c6491ebb0d70,2025-06-05T17:33:28.327408,2025-06-29T17:33:28.327408,active
7dbc111d-f460-438b-943c-7f0784b2fecc,Engineering - 7dbc11,Project of type engineering,team-9,6f1f573d-3f0f-4d7a-8773-895b2073c076,2025-04-23T17:33:28.327408,2025-05-07T17:33:28.327408,active
f5cf396d-9113-4b49-977e-91e3c743c4e3,Marketing - f5cf39,Project of type marketing,team-3,3e6939e3-e0e3-4bbd-b9da-10f48fa27585,2025-12-17T17:33:28.327408,2026-02-28T17:33:28.327408,completed
04098bbe-80b7-46df-8258-5032246081b9,Engineering - 04098b,Project of type engineering,team-13,8dee6cc0-84c1-4409-948b-7c0ffc84c72d,2025-09-16T17:33:28.327408,2025-11-10T17:33:28.327408,completed
b11d947d-5276-40b6-9d6f-0c49e6785e87,Marketing - b11d94,Project of type marketing,team-2,d6477aee-31a6-4aaf-900a-61f4b6ea9077,2025-04-19T17:33:28.327408,2025-07-18T17:33:28.327408,active
26e37e3b-5f8e-4d55-b2fc-6e859f5ed8f9,Marketing - 26e37e,Project of type marketing,team-5,d0d0864a-5a40-4dbd-b7ee-20ea0a4a39ad,2025-05-07T17:33:28.327408,2025-06-06T17:33:28.327408,active
4edade7b-fdb2-41e2-bdaf-432615a81eea,Marketing - 4edade,Project of type marketing,team-8,5dd0c61c-43e7-4d25-acf5-10d49e8df910,2025-09-25T17:33:28.327408,2025-11-03T17:33:28.327408,completed
03171a70-b48a-4aa1-9800-8820693d2091,Marketing - 03171a,Project of type marketing,team-11,00a1e347-abbb-42d7-ac79-819d4ee04e53,2025-02-11T17:33:28.327408,2025-03-12T17:33:28.327408,active
1f67e2ca-8b3f-4897-a9a3-c6020272b4d0,Engineering - 1f67e2,Project of type engineering,team-19,060fd540-c711-48e5-a431-4df21f07d539,2025-05-03T17:33:28.327408,2025-06-07T17:33:28.327408,active
f9942780-2985-45c2-bf3b-04309b1d7fd0,Operations - f99427,Project of type operations,team-10,ccf58ec5-34c7-43f8-8d9e-3246ea507b04,2025-04-11T17:33:28.327408,2025-05-27T17:33:28.327408,completed
00b27cb8-d65f-4648-97e9-03186ba89161,Marketing - 00b27c,Project of type marketing,team-12,cd22e08e-574f-49cf-b4f5-74b6e589702a,2025-05-25T17:33:28.327408,2025-06-02T17:33:28.327408,on_hold
2a3e21c0-5459-4d26-b082-360ea8f2ea88,Operations - 2a3e21,Project of type operations,team-16,08fb4cbf-df4e-4a09-880e-466680040d8a,2025-12-02T17:33:28.327408,2025-12-24T17:33:28.327408,completed
5aa559bf-bee6-47a4-8afd-bf3de6afb51b,Operations - 5aa559,Project of type operations,team-19,6b79c2e8-a5de-4877-bd14-03e55a4268de,2025-03-10T17:33:28.327408,2025-03-28T17:33:28.327408,active
26571cf4-6ae2-4039-ae61-07027a8a0b99,Operations - 26571c,Project of type operations,team-3,9ab3f553-c979-4f76-b948-195d1ed17e80,2025-12-13T17:33:28.327408,2026-01-18T17:33:28.327408,active
7d3acc60-55f8-49bf-a1c5-0198f1a5e5e6,Operations - 7d3acc,Project of type operations,team-17,8e1897f4-bf53-4212-82b7-9235b0754274,2025-06-06T17:33:28.327408,2025-07-21T17:33:28.327408,active
545f46ed-e629-4166-a987-a9d6826919e7,Engineering - 545f46,Project of type engineering,team-10,10f51757-d3f1-482f-b5fd-3d2d6e638e5f,2025-05-12T17:33:28.327408,2025-06-21T17:33:28.327408,active
3b891cf4-613e-4447-85f9-871daabdc63e,Marketing - 3b891c,Project of type marketing,team-7,1a18884e-6af6-4438-8591-ba60996e88e9,2025-12-03T17:33:28.327408,2026-01-26T17:33:28.327408,completed
16ada830-3093-4eca-94f6-2ab97d7fd8b9,Operations - 16ada8,Project of type operations,team-11,0e238039-81d3-48ad-ab07-9bcbf59343ec,2025-10-05T17:33:28.327408,2025-11-02T17:33:28.327408,completed
b89b7522-fb5a-4b94-9041-359481b84b96,Engineering - b89b75,Project of type engineering,team-13,35d863ee-fd89-4642-a5a5-df09f6f85067,2025-05-16T17:33:28.327408,2025-07-05T17:33:28.327408,active
b16e7d80-3293-453c-b173-9e326acfc78b,Engineering - b16e7d,Project of type engineering,team-1,b9b7fbc4-adbf-4bbf-8ab4-58d0649f9e11,2025-09-28T17:33:28.327408,2025-11-30T17:33:28.327408,completed
5cbcf32e-270f-4258-b532-e065e52fd910,Engineering - 5cbcf3,Project of type engineering,team-5,be9600a3-328a-4b04-bcbf-2c6157a312ce,2025-07-12T17:33:28.327408,2025-08-19T17:33:28.327408,completed
1905d692-2175-4f8c-89b3-bd8748dd6965,Engineering - 1905d6,Project of type engineering,team-7,a7999faf-4e5b-4e4a-9a83-66bc99556611,2025-10-09T17:33:28.327408,2026-01-28T17:33:28.327408,active
428a4068-1c13-4c66-9fe7-7a55751f94de,Engineering - 428a40,Project of type engineering,team-6,2eb27ba2-2fb1-4b08-b6c3-7be1e77ff9ef,2025-09-04T17:33:28.327408,2025-12-11T17:33:28.327408,completed
2844168e-2064-4eba-b976-64d786e216d1,Engineering - 284416,Project of type engineering,team-4,92e0cf98-7ad6-4f18-9c19-ca33c4829361,2025-06-06T17:33:28.327408,2025-06-23T17:33:28.327408,active
81f28c03-72c4-42c8-b1ad-d108adf81aa2,Engineering - 81f28c,Project of type engineering,team-16,0e238039-81d3-48ad-ab07-9bcbf59343ec,2025-02-08T17:33:28.327408,2025-05-23T17:33:28.327408,completed
9425e149-3ce9-45ae-a6bf-2677d56f3fd2,Operations - 9425e1,Project of type operations,team-4,b2d8f2ff-dcc5-4429-bf0c-059ca119db96,2025-05-11T17:33:28.327408,2025-06-12T17:33:28.327408,active
4823068e-c321-4be3-baca-2d8b4b59fe8a,Marketing - 482306,Project of type marketing,team-9,1f12aba8-0682-4e20-b7f6-44f2bc594ef3,2025-07-12T17:33:28.327408,2025-09-10T17:33:28.327408,active
706ae080-77d6-49a6-9962-be62bb0199aa,Marketing - 706ae0,Project of type marketing,team-10,7895cb0a-6a20-4438-ab05-83f646d9334d,2025-07-27T17:33:28.327408,2025-08-16T17:33:28.327408,active
fa1225d7-b25a-47c5-951e-9d8d1da67b43,Operations - fa1225,Project of type operations,team-9,b1080c4b-c158-4840-bc69-b773dcc0cd37,2025-03-10T17:33:28.327408,2025-04-06T17:33:28.327408,on_hold
1c9c6e36-5d87-45b4-a59b-e7a4abf0cc5b,Operations - 1c9c6e,Project of type operations,team-3,d9b1b711-7c69-4c69-b177-8015c05f0975,2025-05-17T17:33:28.327408,2025-05-26T17:33:28.327408,active
869aeaba-75f3-45af-a51f-75bc8d4ed584,Engineering - 869aea,Project of type engineering,team-11,f5c10f4d-eed2-4fbb-90af-7c7c7839a0c1,2025-05-14T17:33:28.327408,2025-09-09T17:33:28.327408,active
4de2d6fa-b725-4369-8fb6-0c4a571b4123,Marketing - 4de2d6,Project of type marketing,team-5,68c034e0-fb33-4fa1-b33d-94221016b578,2025-07-29T17:33:28.327408,2025-08-27T17:33:28.327408,active
9e25a8ba-3184-4522-adb4-bdbcf49efb95,Engineering - 9e25a8,Project of type engineering,team-4,b20b9539-de5f-4418-bc2f-ec35b188040d,2025-05-31T17:33:28.327408,2025-06-25T17:33:28.327408,active
363641a0-0220-441d-a55f-5c520029e4b4,Marketing - 363641,Project of type marketing,team-11,308a640f-1ce2-4e63-933a-10ade55c3316,2025-02-13T17:33:28.327408,2025-02-24T17:33:28.327408,completed
91817cb8-489a-4b4b-b48a-e3d88ead6d84,Marketing - 91817c,Project of type marketing,team-8,b92d2b45-302e-403d-b940-d56c662c7814,2025-09-09T17:33:28.327408,2025-09-22T17:33:28.327408,active
7a5d9f4e-1944-4ca6-8915-4e5ef3e5321f,Operations - 7a5d9f,Project of type operations,team-13,1c73d2ac-69aa-47a2-955f-6118a7d55a2c,2025-02-28T17:33:28.327408,2025-04-27T17:33:28.327408,active
eb7f92b9-6f14-4aed-8760-652942c23069,Operations - eb7f92,Project of type operations,team-2,4ead64bc-b5d6-49ea-b623-f9f6b825a69b,2025-05-27T17:33:28.327408,2025-07-06T17:33:28.327408,active
f84a3683-d816-4d72-8166-d4d8910e088a,Engineering - f84a36,Project of type engineering,team-1,0f66dd6d-06b5-4553-84eb-498424b2005f,2025-06-27T17:33:28.327408,2025-10-01T17:33:28.327408,active
dc8df2e5-3b6e-49bd-a227-81aecf8a0d27,Operations - dc8df2,Project of type operations,team-11,abb10a89-487f-46ed-aca1-dcd9ffea9bcf,2025-08-11T17:33:28.327408,2025-10-01T17:33:28.327408,active
41d4f827-0348-45b2-9de0-b7e7310284cd,Operations - 41d4f8,Project of type operations,team-6,15f25000-67ba-4926-864f-fe093711ac12,2025-01-13T17:33:28.327408,2025-03-05T17:33:28.327408,active
2b8bd535-c612-4400-bc4f-087dedb86f42,Marketing - 2b8bd5,Project of type marketing,team-3,85bbb0e0-836e-486c-8460-9be15f532e40,2025-04-12T17:33:28.327408,2025-06-24T17:33:28.327408,active
d00c4a35-1354-42e2-a474-7e06a8ccd5d4,Engineering - d00c4a,Project of type engineering,team-19,7bc2ea41-0a41-4578-be2b-9c2544c80ef6,2025-05-04T17:33:28.327408,2025-06-21T17:33:28.327408,active
91b4d6ef-857f-4c7d-bfe5-4d126dff5a52,Operations - 91b4d6,Project of type operations,team-8,2932b96b-4f31-47f0-97a0-8fd9691fac50,2025-01-31T17:33:28.327408,2025-03-30T17:33:28.327408,active
5cacc52c-95e1-4e30-b415-ddbb63c0bb1c,Marketing - 5cacc5,Project of type marketing,team-10,6495ea33-61f9-42db-b589-4734e230450e,2025-01-11T17:33:28.327408,2025-02-09T17:33:28.327408,completed
7cd7a326-4b26-4ec6-890f-083878e0cce8,Operations - 7cd7a3,Project of type operations,team-1,76d1070d-2f1e-4687-9d62-c1e562cf9345,2025-11-15T17:33:28.327408,2026-01-05T17:33:28.327408,on_hold
74646580-851b-4a3e-86d5-f3365178bcd8,Marketing - 746465,Project of type marketing,team-3,4f824f75-ee0c-4056-9534-7d9babdf1345,2025-06-20T17:33:28.327408,2025-07-17T17:33:28.327408,on_hold
a57750a0-a231-4a82-baf9-ac68b92823e7,Marketing - a57750,Project of type marketing,team-2,c05689d7-ea5a-4378-8a5b-6384ae4d17b8,2025-05-17T17:33:28.327408,2025-07-19T17:33:28.327408,active
9d1aac17-3ebe-49f1-a3ae-fbe06ba43461,Marketing - 9d1aac,Project of type marketing,team-10,6cee871c-9bd8-45da-8cb7-1b018cb1c61a,2025-02-20T17:33:28.327408,2025-05-21T17:33:28.327408,active
ee5307fc-f307-49df-a30c-8745ef9716fb,Operations - ee5307,Project of type operations,team-3,9982d68e-41bb-4016-aa4a-9334afcb93d3,2025-11-18T17:33:28.327408,2025-12-13T17:33:28.327408,active
fadc951a-bf73-4d2c-a6aa-101ad4e56934,Marketing - fadc95,Project of type marketing,team-15,5b8712af-5e12-469e-9097-0ddd79436c8f,2025-02-02T17:33:28.327408,2025-04-05T17:33:28.327408,active
102111d1-e08e-4965-acd3-d2a8b2d786d4,Operations - 102111,Project of type operations,team-3,94e28bdd-ddf1-4e7e-ac5e-4678354f86cb,2025-11-17T17:33:28.327408,2025-12-08T17:33:28.327408,completed
d99ecfd6-557e-405c-8af7-ad1b71a0a2f7,Operations - d99ecf,Project of type operations,team-0,a95fea49-2e90-42bd-9387-85ae3ce7d320,2025-11-28T17:33:28.327408,2025-12-12T17:33:28.327408,active
b08b2beb-65e6-4787-9867-ad54f63a5f93,Marketing - b08b2b,Project of type marketing,team-0,d2ffd3bb-9624-45c2-91e4-2f45c7c5ec41,2025-05-17T17:33:28.327408,2025-06-18T17:33:28.327408,active
a6017ef9-f96b-45ed-99fc-b4b2999a0040,Operations - a6017e,Project of type operations,team-16,a5dc3d48-e4fe-4ae2-acde-da2824db3206,2025-09-26T17:33:28.327408,2025-10-11T17:33:28.327408,active
1d112091-890c-40d9-9a62-2a22a008ec73,Engineering - 1d1120,Project of type engineering,team-6,160d89ca-e695-429a-8d34-2a102d17a827,2025-12-14T17:33:28.327408,2026-01-14T17:33:28.327408,active
3c15b8ff-5c67-4713-af3c-8c162e71df8f,Operations - 3c15b8,Project of type operations,team-15,d9635788-d48a-4312-a4f5-2981d5ca18fe,2025-06-03T17:33:28.327408,2025-06-24T17:33:28.327408,completed
d17560cd-a594-4048-bacc-ba18c393a142,Operations - d17560,Project of type operations,team-11,30ea2920-64d6-41e0-9f47-69e5e5bbfac6,2025-08-14T17:33:28.327408,2025-08-30T17:33:28.327408,completed
374e4e31-f895-4fc2-8376-0302f43d5afb,Operations - 374e4e,Project of type operations,team-5,76d1070d-2f1e-4687-9d62-c1e562cf9345,2025-05-25T17:33:28.327408,2025-07-22T17:33:28.327408,active
29d370f2-f5f1-4c42-856d-41865d383f6b,Marketing - 29d370,Project of type marketing,team-8,9d51fc7f-ed8c-489a-8dd1-b4d022c1457c,2025-03-24T17:33:28.327408,2025-04-06T17:33:28.327408,active
c84067a6-4e64-47f5-9522-dd865c218cfb,Marketing - c84067,Project of type marketing,team-11,2989ca96-8705-49fe-ad5c-41b3d0596790,2025-09-05T17:33:28.327408,2025-11-28T17:33:28.327408,completed
86dd83b9-9f1f-4602-b999-b97b91e30693,Operations - 86dd83,Project of type operations,team-12,ceea0af5-b612-4ae4-b8c6-3b4c2933ebf4,2025-05-20T17:33:28.327408,2025-05-28T17:33:28.327408,active
a384e8fe-df6c-428f-83cc-376169a6577f,Operations - a384e8,Project of type operations,team-13,060fd540-c711-48e5-a431-4df21f07d539,2025-08-11T17:33:28.327408,2025-08-18T17:33:28.327408,on_hold
9e212722-7c11-4f73-992a-6145dc9a0f6d,Engineering - 9e2127,Project of type engineering,team-8,f5c10f4d-eed2-4fbb-90af-7c7c7839a0c1,2025-05-13T17:33:28.327408,2025-08-22T17:33:28.327408,active
2fcefd7f-f100-4bc4-b759-121cc8acb5b8,Marketing - 2fcefd,Project of type marketing,team-8,3cf8cde5-c145-4742-bbc1-cf2de94a4db6,2025-06-12T17:33:28.327408,2025-07-31T17:33:28.327408,active
c28c7459-d7be-42aa-8593-4c9f4971b70a,Operations - c28c74,Project of type operations,team-17,9efdc242-4f50-4872-a368-e27bceab3df7,2026-01-03T17:33:28.327408,2026-02-08T17:33:28.327408,active
e6ed97f2-dd03-4f64-bafa-2471cbf724d6,Engineering - e6ed97,Project of type engineering,team-16,a538968d-3904-46e2-a532-68fb845f931c,2025-06-06T17:33:28.327408,2025-08-21T17:33:28.327408,on_hold
668fc45d-5748-429f-b3f3-889087e51f2d,Engineering - 668fc4,Project of type engineering,team-3,ba882df3-7fef-4ee8-9711-b058e94ccbe8,2025-12-19T17:33:28.327408,2026-02-07T17:33:28.327408,active
db6bd791-39e2-4118-8866-a33234e45be1,Operations - db6bd7,Project of type operations,team-0,de557007-4d06-45ff-9ae1-cbe05a611f93,2025-03-29T17:33:28.327408,2025-04-15T17:33:28.327408,active
5a562c2c-8013-4cd8-818c-3fdb9b1422c1,Operations - 5a562c,Project of type operations,team-0,2d87aff7-92ac-4566-ac66-5a135f5e960d,2025-04-29T17:33:28.327408,2025-05-12T17:33:28.327408,active
d4069455-0d59-4aa0-9e9f-05ec7aedd312,Engineering - d40694,Project of type engineering,team-14,9112f276-969a-4778-9dba-e8802486baee,2025-01-25T17:33:28.327408,2025-02-28T17:33:28.327408,active
21842afc-e56a-440e-9a3e-dd76b80a3ab0,Engineering - 21842a,Project of type engineering,team-19,7a485953-2e04-4e10-846a-c85aae8a72ae,2025-08-10T17:33:28.327408,2025-08-27T17:33:28.327408,active
25822491-01bc-49b1-a667-7ba043033dca,Marketing - 258224,Project of type marketing,team-7,f4713894-9f6a-404f-bddf-fcd12947f9b0,2025-09-26T17:33:28.327408,2025-10-11T17:33:28.327408,on_hold
83935b8b-2295-464e-a018-a6a88e404d5a,Engineering - 83935b,Project of type engineering,team-9,5c89879d-afea-4349-9323-b03d9932d508,2025-09-20T17:33:28.327408,2025-12-23T17:33:28.327408,completed
83707092-b754-468f-8f3b-2011fd484393,Marketing - 837070,Project of type marketing,team-6,7129f22c-a0f1-4901-b886-6878d1e642f6,2025-01-24T17:33:28.327408,2025-02-08T17:33:28.327408,on_hold
f5fd0ca3-fb13-4553-974b-1514e82a178e,Marketing - f5fd0c,Project of type marketing,team-4,1885ac4b-7a90-45f8-b267-d6c05d5e9a2d,2025-06-26T17:33:28.327408,2025-09-06T17:33:28.327408,completed
a5bf147b-b36b-43d5-a5a3-568e8103e75e,Operations - a5bf14,Project of type operations,team-11,b109cf1e-bd17-4783-8172-50a05b3223cd,2025-09-21T17:33:28.327408,2025-09-30T17:33:28.327408,completed
e7433b3c-6c45-4ac3-a79d-d568e348b525,Operations - e7433b,Project of type operations,team-15,bbbbf3fd-66bc-4328-a66c-235bbacf49c3,2025-07-07T17:33:28.327408,2025-08-19T17:33:28.327408,completed
24a7ea01-84f2-42aa-b3cf-875d8f9f4666,Marketing - 24a7ea,Project of type marketing,team-6,94ea87a7-86bd-490e-b181-4302e336c325,2025-04-08T17:33:28.327408,2025-05-03T17:33:28.327408,completed
78d1f591-3207-49ba-b069-1b5c518e580a,Operations - 78d1f5,Project of type operations,team-7,4c730d59-50ba-4acf-ac63-d29920ebe95d,2025-06-28T17:33:28.327408,2025-08-24T17:33:28.327408,active
324e9392-55d4-492e-b893-a1d6e231989e,Operations - 324e93,Project of type operations,team-7,8f66dd72-c8bf-4f0f-be3e-60183b9a2b5f,2025-10-11T17:33:28.327408,2025-12-07T17:33:28.327408,active
1d0f5be2-51da-4277-a58b-d50a9fc093e0,Operations - 1d0f5b,Project of type operations,team-12,e77b1d69-9586-4b20-bee5-cdd3fe5718db,2025-11-22T17:33:28.327408,2026-01-04T17:33:28.327408,completed
efc5a92f-8b68-4a5c-8f87-b76de61a3c7e,Operations - efc5a9,Project of type operations,team-11,87d899a0-241c-45fc-abed-47541befb0d3,2025-08-12T17:33:28.327408,2025-09-11T17:33:28.327408,active
b894dc5b-8587-47b9-94e3-7275a3e35b1e,Operations - b894dc,Project of type operations,team-18,eb244c24-fd59-4a16-9ede-39040da9fa02,2025-05-06T17:33:28.327408,2025-06-18T17:33:28.327408,completed
33f20d1e-6047-47ac-a674-3648d28e0501,Operations - 33f20d,Project of type operations,team-0,4ef29c6e-8dd5-48bc-b855-8826f9571137,2025-09-02T17:33:28.327408,2025-09-14T17:33:28.327408,on_hold
7362cb8c-0f0e-420e-a1d2-c65523cd887e,Engineering - 7362cb,Project of type engineering,team-17,cdf7fb7b-ad0a-4a1c-b8f9-de98c89aebc3,2025-06-29T17:33:28.327408,2025-09-10T17:33:28.327408,on_hold
fa438af3-9e03-4e73-99f3-6d137d8450b6,Marketing - fa438a,Project of type marketing,team-16,a637e22a-f9ac-484c-aa27-579394e01d8a,2025-07-20T17:33:28.327408,2025-09-21T17:33:28.327408,completed
e579700a-3f94-4235-bcf9-33a03aa70b40,Marketing - e57970,Project of type marketing,team-8,35099e64-4c35-4ddd-9643-e58efc0c7f5f,2025-10-04T17:33:28.327408,2025-11-22T17:33:28.327408,completed
ed6acac3-7c81-4cf1-b7a7-41c10b46f9a5,Engineering - ed6aca,Project of type engineering,team-19,f9e2cd1a-4735-46dc-8da0-946a73ee4b95,2025-11-01T17:33:28.327408,2026-01-03T17:33:28.327408,completed
b2211d29-b5ee-426f-a68c-0271676c1cb7,Operations - b2211d,Project of type operations,team-0,d7ec7017-9ce4-4dc1-b5d8-3b922160c00f,2025-10-30T17:33:28.327408,2025-11-24T17:33:28.327408,active
10c7eda4-0a63-4415-a711-05eb85810610,Marketing - 10c7ed,Project of type marketing,team-12,c2da6245-598f-4304-a855-6a2d871330ed,2025-04-17T17:33:28.327408,2025-05-13T17:33:28.327408,completed
f56ec4d1-1357-4a64-9e42-ef09bbb5a8a9,Marketing - f56ec4,Project of type marketing,team-13,292363cf-3495-41f6-9532-44a0f32ea9bc,2025-02-25T17:33:28.327408,2025-05-04T17:33:28.327408,completed
2a7fd962-c6eb-4e8b-ab7e-122197f6833b,Engineering - 2a7fd9,Project of type engineering,team-11,e73ce84b-1655-49f4-8466-5dce678be770,2025-09-26T17:33:28.327408,2026-01-15T17:33:28.327408,active
60390bba-fc55-4b11-8015-7d08770a497f,Engineering - 60390b,Project of type engineering,team-17,f110ce4d-e304-4bc8-acdb-78b4e7ccc2ad,2025-11-16T17:33:28.327408,2025-12-12T17:33:28.327408,active
16cb93d5-31e7-46be-a184-0ad74c0788c0,Operations - 16cb93,Project of type operations,team-4,6d23e585-4dc3-4e67-b5d5-47d445e65063,2025-11-05T17:33:28.327408,2026-01-03T17:33:28.327408,completed
cf9198d3-b35a-4de6-8a54-7deb51b48b71,Marketing - cf9198,Project of type marketing,team-9,af0ed1d7-9f1b-414d-bab8-bdcb7b3c5ab7,2025-07-19T17:33:28.327408,2025-08-04T17:33:28.327408,active
5a81f948-45d7-436f-884a-71c4eab44d28,Operations - 5a81f9,Project of type operations,team-14,bdd19b50-37c0-45c6-af1b-b25768ff304b,2025-08-27T17:33:28.327408,2025-09-17T17:33:28.327408,active
d32c00b8-bdbb-490c-bb9e-b4e3dae86a5a,Marketing - d32c00,Project of type marketing,team-4,8ba5d1b5-a6d1-499a-8b64-dc1bc9f51f23,2025-03-21T17:33:28.327408,2025-06-18T17:33:28.327408,active
60b6fbf9-60d5-43a8-a52a-c4d304fbc674,Operations - 60b6fb,Project of type operations,team-3,52c18593-f108-4a2c-bf95-0e32a055cc7c,2025-08-10T17:33:28.327408,2025-09-25T17:33:28.327408,active
9e795d28-e830-406b-9f4a-d85566507ce5,Engineering - 9e795d,Project of type engineering,team-11,0aca2035-ce51-455b-90e7-03d18569c262,2025-04-16T17:33:28.327408,2025-06-22T17:33:28.327408,active
c738160f-ab2b-4de0-9e69-34d1dc676629,Engineering - c73816,Project of type engineering,team-11,6a2352c7-220c-4d8d-9e4a-b47d0c04eece,2025-03-10T17:33:28.327408,2025-04-03T17:33:28.327408,active
