id,name,project_id
b0efab02-62d3-4a4b-9551-0053aa614345,In Progress,075354a5-7a0a-4adf-8c78-0e3c18c88324
b7168707-9eac-4f71-a2d3-ac3605cb117a,Code Review,075354a5-7a0a-4adf-8c78-0e3c18c88324
48d2defe-70e5-4623-8559-ee71764bd275,Done,075354a5-7a0a-4adf-8c78-0e3c18c88324
d3fe64d8-249e-46c3-8813-45a3beaee50a,Backlog,5b5653db-f483-4788-a2d9-0ecdd47f2615
9e017fb5-7d05-4cb1-b9ec-ee32d254e3bc,In Progress,5b5653db-f483-4788-a2d9-0ecdd47f2615
2610c908-13e6-4dd7-aa3d-dbbe89262990,Testing,5b5653db-f483-4788-a2d9-0ecdd47f2615
22888274-63b3-47a7-8173-297013c15a27,To Do,9b251c03-ad3a-4c26-8a95-6e3b165873f3
c53033c9-227a-44f2-b1e3-c6d42b854ebb,In Progress,9b251c03-ad3a-4c26-8a95-6e3b165873f3
b224e6ce-a952-48d6-be39-3420ec3b2a5d,Done,9b251c03-ad3a-4c26-8a95-6e3b165873f3
140c999b-de87-41c5-936d-ffe08eb54009,Design,62f7a4a7-f7a4-4607-841c-a0c671200b9f
ac27720a-e7b2-492e-af10-01806c94f459,Development,62f7a4a7-f7a4-4607-841c-a0c671200b9f
df8da608-f03b-4e28-a493-a8427e27d7e4,QA,62f7a4a7-f7a4-4607-841c-a0c671200b9f
57e4aefe-121c-4215-806e-d7ecb1aabf81,Backlog,43b8311a-e5df-430b-bd81-d506d5095c70
22df09e1-f5b1-417a-95b9-4d629f0b9728,In Progress,43b8311a-e5df-430b-bd81-d506d5095c70
2b7c94cc-be14-40b0-91e7-d7d2effc066c,Done,43b8311a-e5df-430b-bd81-d506d5095c70
8b3ea97d-ca44-4741-8ba6-2ec093d394ff,Planning,49921aa8-6586-4b93-bb80-66ea60bf7a49
f744278c-cce6-4811-b3dc-bdc1e6dca3c3,Implementation,49921aa8-6586-4b93-bb80-66ea60bf7a49
ec3eac03-1c41-4695-bf15-4fed9bcdb3d9,Deployed,49921aa8-6586-4b93-bb80-66ea60bf7a49
57b2dbd4-f1ad-47a7-ada8-71fd926a0220,Analysis,a362e16a-a8fb-4a7a-8b57-30f5ceaa8799
2606dbb9-f374-474a-b3b0-9e909deadb80,Migration,a362e16a-a8fb-4a7a-8b57-30f5ceaa8799
1b20e6e9-9dc8-4880-8020-39bf8f9afcf4,Validation,a362e16a-a8fb-4a7a-8b57-30f5ceaa8799
3d61160f-63b4-47ac-84bd-2b22fdb36e3c,Setup,1f02cc78-cda1-48a9-9a32-50e819166026
1cbef8be-3902-4c1c-adbe-9c0b42659813,Configuration,1f02cc78-cda1-48a9-9a32-50e819166026
54b8ae2b-12b2-44a9-8351-dcfb7d8af3ac,Documentation,1f02cc78-cda1-48a9-9a32-50e819166026
1fc90ffc-b542-49ef-afcf-961e9d20534b,Research,185bca69-8dfb-4102-a7bd-c2c8d8233edf
1058700f-1b79-4bd2-bbba-1fbb4bd31a3b,Prioritization,185bca69-8dfb-4102-a7bd-c2c8d8233edf
6882d095-83a8-4da8-a964-2bb931da2ea2,Approved,185bca69-8dfb-4102-a7bd-c2c8d8233edf
59019a11-8786-4c3f-8980-93e5f619b664,Interviews,7d0b63d2-a90c-4084-ab52-3b3ba94231d4
73984102-d8a2-4d42-a090-7a897fd3daeb,Analysis,7d0b63d2-a90c-4084-ab52-3b3ba94231d4
1627444f-f4c2-4bfc-bfea-67629aab7e99,Reports,7d0b63d2-a90c-4084-ab52-3b3ba94231d4
60ec9812-d72e-49e0-a892-7af96fbda1cc,Data Preparation,ed4c43d9-7b5c-44df-a52a-128e5988df30
70160b65-8c3f-4499-bedf-fa1f728eb08b,Model Training,ed4c43d9-7b5c-44df-a52a-128e5988df30
220d9437-e4ee-4ea1-8cb9-24532f1532be,Evaluation,ed4c43d9-7b5c-44df-a52a-128e5988df30
e6468f7d-be8a-4de5-a080-b959e302d84c,Feature Engineering,bb8a8bb3-d2a2-47a8-b1e3-7dab9b6851c7
c6e4552d-1807-439d-9456-9ccb8db8382b,Training,bb8a8bb3-d2a2-47a8-b1e3-7dab9b6851c7
26d161a6-8a5d-424a-9fb0-de9606f8a2e6,Deployment,bb8a8bb3-d2a2-47a8-b1e3-7dab9b6851c7
86cc8204-5b19-47d7-b25e-80f611d8ad62,Design,fb4dc51f-3898-4613-8ac7-f6bf251cccb0
80e99c5d-4e76-4122-a78e-659ac5273f90,Implementation,fb4dc51f-3898-4613-8ac7-f6bf251cccb0
2ccc0bd5-030f-4b4f-ab2b-b60cbabce50a,Testing,fb4dc51f-3898-4613-8ac7-f6bf251cccb0
9619597a-b020-4eef-ba41-ec62af2a1150,Features,2a14d954-56b0-40e6-8dee-0fef79104227
d81e6352-d733-49c6-af6e-3e305adb375d,Bug Fixes,2a14d954-56b0-40e6-8dee-0fef79104227
3d2db407-c59d-4093-9b9a-16400f6f0754,Release Prep,2a14d954-56b0-40e6-8dee-0fef79104227
f963e34c-31f9-4131-b057-afb2c3037c47,Profiling,4b6feac2-85a4-4587-8678-32ee8929ca65
a769577d-48fc-4ebc-878c-68d573ed5f59,Optimization,4b6feac2-85a4-4587-8678-32ee8929ca65
59948259-862b-495f-b717-3ec4c42b7c47,Verification,4b6feac2-85a4-4587-8678-32ee8929ca65
b0828cee-4f45-4448-a3b0-7827521071dc,Planning,e134de9c-e8f3-4cae-b9ab-7df04dc42ddd
ba41123a-6e69-48af-ac44-0c3c5ef0e8d5,Deployment,e134de9c-e8f3-4cae-b9ab-7df04dc42ddd
3e87d1fb-e0e5-44dd-927a-3f82f1791005,Monitoring,e134de9c-e8f3-4cae-b9ab-7df04dc42ddd
6beb8b48-9f22-4e18-9859-847a9fd6b891,Design,bfd644b6-8646-4a1d-b3c0-ede9258e5d8f
b66dff63-16c5-43d5-ab77-faeaa66c8ffa,Development,bfd644b6-8646-4a1d-b3c0-ede9258e5d8f
6e635d55-d140-40ce-9aeb-df0d18706473,Beta,bfd644b6-8646-4a1d-b3c0-ede9258e5d8f
4fa60fa0-0d37-45b7-aa5c-8d69286f352d,Scanning,c656808d-4370-4f63-80cb-830913583fc3
5ca987d1-4cc7-46fd-8aee-e701cbcb2f5f,Remediation,c656808d-4370-4f63-80cb-830913583fc3
0a42c7b6-7371-4657-bcb8-ab6a2b63739c,Verification,c656808d-4370-4f63-80cb-830913583fc3
b541514c-87aa-40a8-8444-293c473e64e3,Architecture,7bdcae19-21e6-4e05-9b22-12b5161294e9
f4eafc21-6d3f-4576-8382-cde1753fa598,Implementation,7bdcae19-21e6-4e05-9b22-12b5161294e9
171628cb-b951-428d-abbb-e66a8fe06b09,Rollout,7bdcae19-21e6-4e05-9b22-12b5161294e9
121d88e6-641b-4026-b5ab-f7c9fe0587a0,Requirements,ba2bcd0c-47ce-4cef-af2b-0e6106894651
06cc68be-134d-4d60-8136-f6a1f0fbfaa4,Automation,ba2bcd0c-47ce-4cef-af2b-0e6106894651
40cd3b77-29d7-4e3b-a337-22b793194538,Validation,ba2bcd0c-47ce-4cef-af2b-0e6106894651
f7907869-9284-48b8-97b3-2aeb33220bc7,Framework Setup,bb09b22a-e93f-4e8c-bfe7-9aa1df8a6bec
228daa57-c710-4b3a-be95-630c1287ac4d,Test Development,bb09b22a-e93f-4e8c-bfe7-9aa1df8a6bec
003b18f8-8965-4967-9f69-342a6f0ca28e,CI Integration,bb09b22a-e93f-4e8c-bfe7-9aa1df8a6bec
41a74f13-d947-4da5-a490-596d35eca3ba,Baseline,eaedd710-3c10-4351-be36-f943c3462854
1ecd608c-58e1-443a-ba62-aea32908aaf7,Test Scripts,eaedd710-3c10-4351-be36-f943c3462854
bc9dfe31-3728-4a8d-9808-ec64b305d535,Reports,eaedd710-3c10-4351-be36-f943c3462854
90d51d49-aece-4884-9738-253fcb2f816a,Strategy,ada8d33d-d139-4190-908d-0ecdca982e3d
0ed46036-5c74-4d1a-922e-f9d7901bdceb,Implementation,ada8d33d-d139-4190-908d-0ecdca982e3d
822b7a93-bf03-4c13-9acb-2f9a0d36587e,Testing,ada8d33d-d139-4190-908d-0ecdca982e3d
f8575cb2-f2a4-41d6-ac1c-60d97cf66890,Planning,32807199-cb57-436a-b072-03c5cf51d167
b61347df-537b-4fba-850c-76016f4799c5,Setup,32807199-cb57-436a-b072-03c5cf51d167
99776951-418f-48f8-8dc5-2c58c661dd1f,Drills,32807199-cb57-436a-b072-03c5cf51d167
bea9453e-3b69-4c81-98ab-2f86e9ba3be5,Data Collection,56f7bacf-0b48-4f11-863c-67ebefeded25
e9602a07-396c-4694-9047-d34b9bdba313,Pipeline Build,56f7bacf-0b48-4f11-863c-67ebefeded25
f8472125-81cc-4e40-8b2d-f0753162bcd8,Validation,56f7bacf-0b48-4f11-863c-67ebefeded25
1b3863a8-4d4a-41dd-a1bd-eb441f06d38d,Infrastructure,b52d7584-3f04-4df2-898c-713457f4c3de
28ef53c9-0898-4e56-b7e2-84715fe037e7,API Development,b52d7584-3f04-4df2-898c-713457f4c3de
95d605ef-ac54-493f-9155-21a68d4f55b7,Load Testing,b52d7584-3f04-4df2-898c-713457f4c3de
4d389d21-bfcc-44e4-89e9-ddf3ead47fd3,Research,8e90bc10-c1d2-4ab0-b7e1-a0eff1493041
55b4e029-7d7a-4f30-92a8-1d2dd9573621,POC Development,8e90bc10-c1d2-4ab0-b7e1-a0eff1493041
c16bf15b-ba03-404c-be51-1342d02c8ec0,Demo,8e90bc10-c1d2-4ab0-b7e1-a0eff1493041
d841a349-b4b0-4df2-a157-a6ac107f4459,Process Mapping,f73eab5a-a6fb-4e7d-824f-3c33d6ab31e4
7feb2387-009a-4683-b977-8eb1c2cb1ea8,Improvements,f73eab5a-a6fb-4e7d-824f-3c33d6ab31e4
37108c18-ff7a-4dfc-9c0e-d8a7064f1387,Rollout,f73eab5a-a6fb-4e7d-824f-3c33d6ab31e4
249a7f64-af0e-46f2-bf6d-1fe96ca78fcc,Content Creation,470e24ab-3f65-441f-bf91-01fa74ad2d1d
b2d5b20c-3382-445a-b5d2-d259f369debc,Platform Setup,470e24ab-3f65-441f-bf91-01fa74ad2d1d
053248e7-2079-4b55-91d6-9fd9c7ad2c87,Launch,470e24ab-3f65-441f-bf91-01fa74ad2d1d
dcb9774c-1af0-4fec-a59c-3512a6103a53,Requirements,16d4d90a-2c9c-4a9d-8edd-f7f2b9c6fb6c
8ae539cd-c7c3-4e6f-8fcb-ec8cce405883,Development,16d4d90a-2c9c-4a9d-8edd-f7f2b9c6fb6c
b6a79cef-7a1d-4430-a72c-9a29304ce997,Beta Testing,16d4d90a-2c9c-4a9d-8edd-f7f2b9c6fb6c
c592ff4f-8d7d-45d1-8292-c7efe1c3a5bb,Backlog,1cc9eb79-28bd-4ae6-95d7-ce7b04d4478f
41a32bbb-ed8e-4557-8c6b-9397a1fa75ad,Sprint Backlog,1cc9eb79-28bd-4ae6-95d7-ce7b04d4478f
93874c58-c4ec-42cb-9a5a-f0da22131154,In Progress,1cc9eb79-28bd-4ae6-95d7-ce7b04d4478f
e8bbcd07-2009-4439-af7c-ab890603c924,Review,1cc9eb79-28bd-4ae6-95d7-ce7b04d4478f
16a0d26c-d104-4c7e-a86f-7ebe7c9d2a75,Done,1cc9eb79-28bd-4ae6-95d7-ce7b04d4478f
59171752-e69e-4470-8d4c-6054dff82cb9,Backlog,1a8ae430-9f65-444f-8f4f-884701da8b3e
7c471b8f-051f-45f6-926a-e3a59cdf9b0b,Sprint Backlog,1a8ae430-9f65-444f-8f4f-884701da8b3e
b5f03efc-73ec-4431-b0f5-6894a87514e5,In Progress,1a8ae430-9f65-444f-8f4f-884701da8b3e
ce94de2f-0616-4e0d-aefc-0ce90e249f12,Review,1a8ae430-9f65-444f-8f4f-884701da8b3e
98d84853-d8b7-4ae5-93d8-84ba8bbc944a,Done,1a8ae430-9f65-444f-8f4f-884701da8b3e
9e58c0b2-b573-4874-870d-e24a74f2e1f8,Backlog,25276083-d473-4b21-8b37-074f07c24403
df6a2b2a-c642-48ff-88f1-f164f14af3ab,Sprint Backlog,25276083-d473-4b21-8b37-074f07c24403
da8969ec-7e63-43e6-bb42-ab9c7f7fe56f,In Progress,25276083-d473-4b21-8b37-074f07c24403
ae4baf49-bb7d-4353-ac80-095b96331a82,Review,25276083-d473-4b21-8b37-074f07c24403
930790d8-18a1-4b09-9f0f-fe8490e54c0e,Done,25276083-d473-4b21-8b37-074f07c24403
f7e779f2-335f-49eb-83a2-f63069a0f99c,To Do,f931b915-7ce4-41b8-a42a-f8abbfd66c07
f8892e9a-02e2-4b20-8dc4-fa61925183f6,In Progress,f931b915-7ce4-41b8-a42a-f8abbfd66c07
7c13c66d-a0fe-4be9-89ef-09cbd695db83,Waiting,f931b915-7ce4-41b8-a42a-f8abbfd66c07
a4517b15-d5a6-440e-9948-c273bca210a4,Completed,f931b915-7ce4-41b8-a42a-f8abbfd66c07
dbff564a-5327-4033-8f5c-ab0610c97d25,To Do,b8b18b3e-51a2-40c4-9276-b31b1df8fd3d
3c93db6b-0f6d-440e-85e9-fa5485516bd4,In Progress,b8b18b3e-51a2-40c4-9276-b31b1df8fd3d
765fe16c-6e55-4320-9e8d-71a5d4d4b7f7,Waiting,b8b18b3e-51a2-40c4-9276-b31b1df8fd3d
312fb034-6bbe-4772-862b-5acffa180d45,Completed,b8b18b3e-51a2-40c4-9276-b31b1df8fd3d
a0cb2a53-3fcf-49d8-b32e-2aaf1cf01a37,Backlog,f3eba55d-d338-4471-88af-c9c812f05b28
cd8677b9-9a0b-481e-abcd-3e3beadf1d50,Sprint Backlog,f3eba55d-d338-4471-88af-c9c812f05b28
e1659a18-1375-4e68-83ff-26a6afdb19d0,In Progress,f3eba55d-d338-4471-88af-c9c812f05b28
67c17c60-8993-491a-9227-399dc042c152,Review,f3eba55d-d338-4471-88af-c9c812f05b28
552c004a-5c2a-4bdb-8416-182e31660d5b,Done,f3eba55d-d338-4471-88af-c9c812f05b28
0c94730c-e363-4841-92a5-2da52948aa82,Backlog,6f371b68-ce3e-4581-88ab-8ca15c614876
17e7728b-7e36-4b4e-942e-2872e2844784,Sprint Backlog,6f371b68-ce3e-4581-88ab-8ca15c614876
ad126484-17c1-4aaf-9a63-f7d3d9463e22,In Progress,6f371b68-ce3e-4581-88ab-8ca15c614876
7fe54b0b-712e-4e23-be7f-067defd0517a,Review,6f371b68-ce3e-4581-88ab-8ca15c614876
b7402208-5abc-4bd7-a5c9-4148cd30f3d2,Done,6f371b68-ce3e-4581-88ab-8ca15c614876
6ad69dc7-a78d-4505-9a5b-56f69d25e087,Ideas,9ce9f3b6-ffc7-47a4-9b18-9a2269696f6e
0055330c-0d3e-4e3d-951c-74066465001b,Planning,9ce9f3b6-ffc7-47a4-9b18-9a2269696f6e
f018279a-76ed-4e62-ba3a-bc1305706053,Assets,9ce9f3b6-ffc7-47a4-9b18-9a2269696f6e
91d280f9-0df6-4db6-90a3-00d66bc02f61,Scheduled,9ce9f3b6-ffc7-47a4-9b18-9a2269696f6e
5685e266-ee88-4578-888a-29595f96fab5,Launched,9ce9f3b6-ffc7-47a4-9b18-9a2269696f6e
80af5eb6-8c8f-424b-9870-229bbe8357a3,To Do,753cfa3f-e1a2-4c9e-917f-1f9a4bdb06a0
97af7382-e6cb-4fee-a025-c543c9e56c3b,In Progress,753cfa3f-e1a2-4c9e-917f-1f9a4bdb06a0
d4b7db89-b8b4-4ca3-88b7-303fb7eaf8fe,Waiting,753cfa3f-e1a2-4c9e-917f-1f9a4bdb06a0
b14d67bc-1613-4ed1-82d0-ba54eb5a90bb,Completed,753cfa3f-e1a2-4c9e-917f-1f9a4bdb06a0
05c88671-15dd-4748-9f98-a7185a9cac6c,Backlog,e4751862-2332-43d5-b091-d8c6f2fc6417
5b9f48d6-9a98-4196-9576-4fb662e20724,Sprint Backlog,e4751862-2332-43d5-b091-d8c6f2fc6417
ec293048-11d5-438f-aac3-bd353c36b908,In Progress,e4751862-2332-43d5-b091-d8c6f2fc6417
09c5f1e2-ec9f-4e40-9d68-dfc545b5e0d5,Review,e4751862-2332-43d5-b091-d8c6f2fc6417
321ec014-531c-406d-9fb5-52b4077a5879,Done,e4751862-2332-43d5-b091-d8c6f2fc6417
6df49305-f4e4-48d4-9b53-169c58662003,Backlog,91e9e4be-da38-44f8-8fd4-c3e81aa7e2fb
16e6e87e-69c1-4cc4-b45c-c51e47517b4d,Sprint Backlog,91e9e4be-da38-44f8-8fd4-c3e81aa7e2fb
2a4055e3-b59a-4f65-b085-a0b90c27a20a,In Progress,91e9e4be-da38-44f8-8fd4-c3e81aa7e2fb
e30e1fc5-2691-4916-8466-ad0bad139ffa,Review,91e9e4be-da38-44f8-8fd4-c3e81aa7e2fb
9c5249de-832e-42ca-98cf-a7cdc2386d50,Done,91e9e4be-da38-44f8-8fd4-c3e81aa7e2fb
9767e1b4-bce3-4abd-b9ce-1e670689a2ca,Backlog,3ec7ca9a-4a92-4bde-b99d-b001dccae154
5deb2239-5f08-48b7-a89a-38205205ff62,Sprint Backlog,3ec7ca9a-4a92-4bde-b99d-b001dccae154
1f6b4f92-d95a-4126-81f6-9c1957311f91,In Progress,3ec7ca9a-4a92-4bde-b99d-b001dccae154
aad39cc5-f3ba-47e2-8484-80a1f7758b9d,Review,3ec7ca9a-4a92-4bde-b99d-b001dccae154
ad09bcae-75f3-4004-b4d1-128498161efa,Done,3ec7ca9a-4a92-4bde-b99d-b001dccae154
9d0cc112-c6cf-4662-9855-4af4c60d2444,Ideas,00a33c8c-2922-4547-a293-7b48aa9e3dd7
eaac14de-e0d9-43e9-b28f-dea625b492df,Planning,00a33c8c-2922-4547-a293-7b48aa9e3dd7
646c28c0-250b-44bb-a6e5-e29702c58ec5,Assets,00a33c8c-2922-4547-a293-7b48aa9e3dd7
c57e6022-98d1-4341-bd07-e15292f7d447,Scheduled,00a33c8c-2922-4547-a293-7b48aa9e3dd7
072e6b45-19bc-45ed-ba36-6e57d8224ce7,Launched,00a33c8c-2922-4547-a293-7b48aa9e3dd7
347af4ae-3ba4-4842-9a2b-cb3f45542a08,Backlog,caf59b76-9682-4476-8aba-bc7016a4a242
55f654b5-c508-4e7a-81de-392bc6e4957c,Sprint Backlog,caf59b76-9682-4476-8aba-bc7016a4a242
16c34a8c-9536-4f25-a128-1858e1df21bc,In Progress,caf59b76-9682-4476-8aba-bc7016a4a242
789c377d-c4d9-4bb7-a06d-794240b41e66,Review,caf59b76-9682-4476-8aba-bc7016a4a242
612ff967-bdc8-4a8b-8b4a-2aa63683d555,Done,caf59b76-9682-4476-8aba-bc7016a4a242
03331da0-8227-4698-85d9-c1391db3b898,Ideas,f9ac31cf-b0c6-4b40-b97b-4718737be9eb
abf0d214-d81a-4a27-b56f-bcd6d584b62d,Planning,f9ac31cf-b0c6-4b40-b97b-4718737be9eb
72d12a66-5d80-4719-b7ef-7eb1c993df7a,Assets,f9ac31cf-b0c6-4b40-b97b-4718737be9eb
64678ab5-7fce-4507-bbf6-7652ccf5c397,Scheduled,f9ac31cf-b0c6-4b40-b97b-4718737be9eb
2819176b-80eb-4e89-8fa1-6ab196807600,Launched,f9ac31cf-b0c6-4b40-b97b-4718737be9eb
f2fd64a7-cf4c-40be-856d-1b75f78576d5,Ideas,00e7b3fb-95e4-4d10-ae57-8ed5747c919e
5d1df574-4593-4bc7-baf7-77aab799ca4b,Planning,00e7b3fb-95e4-4d10-ae57-8ed5747c919e
d70ae9ec-4994-41c2-9768-9589ccf17778,Assets,00e7b3fb-95e4-4d10-ae57-8ed5747c919e
03988b04-1a9e-496f-bfbf-9ae586a1b12d,Scheduled,00e7b3fb-95e4-4d10-ae57-8ed5747c919e
799e2682-3d27-4532-95cd-c909547f3536,Launched,00e7b3fb-95e4-4d10-ae57-8ed5747c919e
3cb3896d-63c7-45f4-957b-01e80788fe64,To Do,807527f8-6fa9-4f70-b810-946530758308
5e45a3ab-c0d4-4112-93fc-64a860d81f8a,In Progress,807527f8-6fa9-4f70-b810-946530758308
19b1b6df-e812-4944-bd37-4ecae6d1c1d3,Waiting,807527f8-6fa9-4f70-b810-946530758308
387f36f7-1a05-4d34-a39d-c887c45f033b,Completed,807527f8-6fa9-4f70-b810-946530758308
47701869-c57e-4341-a76a-479bfff56213,Backlog,b19065c4-e76b-46b3-a78b-327cc942ac29
2aeda545-3d5d-4275-bc85-4bf869b11b20,Sprint Backlog,b19065c4-e76b-46b3-a78b-327cc942ac29
dfb9453c-a8f8-4c21-a923-d15d4ff240bb,In Progress,b19065c4-e76b-46b3-a78b-327cc942ac29
94865738-3524-4cf4-80e3-bcc9ba417820,Review,b19065c4-e76b-46b3-a78b-327cc942ac29
f132ce9b-77f6-4b52-8dce-28d3be50647e,Done,b19065c4-e76b-46b3-a78b-327cc942ac29
d7a209e3-038b-4f9c-99a3-6997b9451ba2,To Do,cf8c34be-af61-47c0-a7d4-1c0ba64e995d
99d0522f-97cc-44f1-8e52-fbe954b98096,In Progress,cf8c34be-af61-47c0-a7d4-1c0ba64e995d
0ab70061-725f-4f0a-b68f-9294416bfe69,Waiting,cf8c34be-af61-47c0-a7d4-1c0ba64e995d
010a393c-4c9c-472c-9a0b-6f8699c6018f,Completed,cf8c34be-af61-47c0-a7d4-1c0ba64e995d
09d23e36-0239-45b5-bc69-876f496cd987,To Do,6d50caec-b810-46df-9b54-06a9a471152f
2b48b695-1713-44d4-8871-df5c917704b6,In Progress,6d50caec-b810-46df-9b54-06a9a471152f
7ba035db-f8b9-4553-9ad4-c0daefd4b541,Waiting,6d50caec-b810-46df-9b54-06a9a471152f
5992256b-55c3-4f65-8de7-c55f722e0fa8,Completed,6d50caec-b810-46df-9b54-06a9a471152f
c19bb0cf-d653-48d5-8261-ac65bb154b31,Backlog,41983702-d449-4eb2-a2d0-169270133d49
710d7df8-4957-4b83-a825-68f00863f8a1,Sprint Backlog,41983702-d449-4eb2-a2d0-169270133d49
db752593-272c-4f7a-b58f-ac970b7826a6,In Progress,41983702-d449-4eb2-a2d0-169270133d49
8bce9a7e-f25a-4bcb-ab82-a355d571d5b6,Review,41983702-d449-4eb2-a2d0-169270133d49
d5336bdc-2b90-4726-82ec-fdc6e7f1cde2,Done,41983702-d449-4eb2-a2d0-169270133d49
a5a9f9f4-7f7e-4776-866c-9d790e647c1f,Ideas,13598d29-3941-4388-85e6-366efcc3475e
276e7285-f888-4c87-ac38-27743c71a93f,Planning,13598d29-3941-4388-85e6-366efcc3475e
3cbadbff-332a-4576-a27d-771e02d6d19c,Assets,13598d29-3941-4388-85e6-366efcc3475e
dd87442f-49ef-4642-a59d-f9b700c72b41,Scheduled,13598d29-3941-4388-85e6-366efcc3475e
b2d79b48-e277-479d-b3ee-6c5fe9bcb7a0,Launched,13598d29-3941-4388-85e6-366efcc3475e
1fdaaaf1-5806-4b91-a489-b6a744f43307,Ideas,db8dc450-a163-4e4a-9aed-2e6376b3af34
7cd67966-6edf-451e-ab55-972846bf082e,Planning,db8dc450-a163-4e4a-9aed-2e6376b3af34
c953857f-2dea-4fa9-a43a-9115b12e4d45,Assets,db8dc450-a163-4e4a-9aed-2e6376b3af34
0e923df7-3cb1-42d4-9953-febdbc3eab00,Scheduled,db8dc450-a163-4e4a-9aed-2e6376b3af34
9b8a2829-1eba-49a5-b9f8-eba30ddfde53,Launched,db8dc450-a163-4e4a-9aed-2e6376b3af34
90d01d5d-2685-4c8a-a985-b8fb8dc0d71f,To Do,95e7913e-ab0a-49e1-8059-84db30d6f9b2
695e56d3-51ec-440c-bad4-34d66c25bd6d,In Progress,95e7913e-ab0a-49e1-8059-84db30d6f9b2
5d34f0fa-6dd6-4a0a-8ed0-56dd1b4e1242,Waiting,95e7913e-ab0a-49e1-8059-84db30d6f9b2
ea4edd9d-4fc4-4dc8-8bfa-4b3bd4a92030,Completed,95e7913e-ab0a-49e1-8059-84db30d6f9b2
4604fa6a-6006-4892-b3bf-2cdf5e73e3be,Backlog,f38f48b6-5c9b-40ea-9186-3c7d98154883
adc33cba-9b7a-4a58-b723-98a444299eed,Sprint Backlog,f38f48b6-5c9b-40ea-9186-3c7d98154883
b119aa6d-ce08-4bbf-8d28-d237ed0a5630,In Progress,f38f48b6-5c9b-40ea-9186-3c7d98154883
7731c8dd-042f-468b-bac5-4e85188d8592,Review,f38f48b6-5c9b-40ea-9186-3c7d98154883
4f7c0b8f-19fb-4879-a1f2-0fb9046188e0,Done,f38f48b6-5c9b-40ea-9186-3c7d98154883
39ac1d72-4b4b-4567-81c3-acf7740ca060,To Do,6d27509a-58d5-44ab-ac66-0fdeaf701900
c4172f5f-5e51-4b55-bd85-f96c324637f4,In Progress,6d27509a-58d5-44ab-ac66-0fdeaf701900
92d9b004-0099-438d-b2da-f4e65b1399a9,Waiting,6d27509a-58d5-44ab-ac66-0fdeaf701900
ad99a13e-6de2-46fe-9b4d-cbf57f8095ab,Completed,6d27509a-58d5-44ab-ac66-0fdeaf701900
030323ce-1de0-486a-b5fc-335f2f304999,Ideas,6442151f-79c7-49f5-957a-82e0f53b9a53
5d71e8ae-0d73-46c6-acf0-37949bf73344,Planning,6442151f-79c7-49f5-957a-82e0f53b9a53
257cbfe3-d9cd-4222-8dbc-14849f4ac7e2,Assets,6442151f-79c7-49f5-957a-82e0f53b9a53
aa1e15d2-ecc2-4a40-a8db-c0ffec929cb6,Scheduled,6442151f-79c7-49f5-957a-82e0f53b9a53
ace50d9d-9e29-4d95-8aa9-51d160bd37d8,Launched,6442151f-79c7-49f5-957a-82e0f53b9a53
1096860d-d11d-4584-9228-ef71fd18d86a,Backlog,95ec0ebf-aeac-4091-acbd-9dd287f1e695
45f8f7f0-367c-4139-a4f8-301b7ff100e1,Sprint Backlog,95ec0ebf-aeac-4091-acbd-9dd287f1e695
de85f154-181a-4de4-ba6a-d2bb16644fed,In Progress,95ec0ebf-aeac-4091-acbd-9dd287f1e695
8bae5416-fbb2-49b8-bc44-efcf37058656,Review,95ec0ebf-aeac-4091-acbd-9dd287f1e695
c02045f3-ed81-44bd-a4a9-097440a956cc,Done,95ec0ebf-aeac-4091-acbd-9dd287f1e695
6b41ff4a-0e4c-462c-96cc-ea71f3a2d2e6,Backlog,8168e66b-340f-4bb8-b73d-1bc712b014da
b92a3ec5-2cb3-4215-b6a8-c0278c628c90,Sprint Backlog,8168e66b-340f-4bb8-b73d-1bc712b014da
8f73ad85-553a-4366-94fc-abf9d2077c54,In Progress,8168e66b-340f-4bb8-b73d-1bc712b014da
6ea54a28-b821-49e3-b815-76a39449bcbd,Review,8168e66b-340f-4bb8-b73d-1bc712b014da
1efc27e8-b2e2-48f6-8f08-cc3f85074270,Done,8168e66b-340f-4bb8-b73d-1bc712b014da
b8ea6ca5-99b4-4fd9-ba4b-145b4ac7963b,To Do,7d914a55-7174-4f35-ab6f-61f881941ed2
0c11527c-69bc-44d0-85f7-f5a8f41f068d,In Progress,7d914a55-7174-4f35-ab6f-61f881941ed2
3f8a930c-1bfa-459b-97fe-4396a388e92d,Waiting,7d914a55-7174-4f35-ab6f-61f881941ed2
25f7b085-4eb6-4587-8c73-f2d90e5aa075,Completed,7d914a55-7174-4f35-ab6f-61f881941ed2
837b47ee-41a0-4cf1-aeb8-e4a5cfa57fa0,Ideas,d7cc7c89-430e-43b3-a79a-45def8badd92
3ab832df-1fbb-4194-97df-d9ef29f7eb9f,Planning,d7cc7c89-430e-43b3-a79a-45def8badd92
2f22a080-7ee4-4e75-9939-ed39d6188262,Assets,d7cc7c89-430e-43b3-a79a-45def8badd92
367fec55-3989-4894-ba19-0bb7e8f37cef,Scheduled,d7cc7c89-430e-43b3-a79a-45def8badd92
c38ea04f-375e-40b2-a7a1-89b7c7d9931a,Launched,d7cc7c89-430e-43b3-a79a-45def8badd92
d95c2dbe-7b3d-4313-a282-767faf213422,Ideas,f451ef12-2122-4819-80dc-54e4d727bd6a
0e6d899c-f638-48b8-8e21-017850fa1d42,Planning,f451ef12-2122-4819-80dc-54e4d727bd6a
2bd0614c-e44a-4878-95d3-3143bd42669b,Assets,f451ef12-2122-4819-80dc-54e4d727bd6a
e2cbd0b8-5934-4484-9b5e-89a486c808a2,Scheduled,f451ef12-2122-4819-80dc-54e4d727bd6a
0387520e-7dc2-4604-a374-ed3ba956ddfb,Launched,f451ef12-2122-4819-80dc-54e4d727bd6a
d39def4d-33e4-41c4-aa6b-10d2d74c828e,Backlog,1f262b55-3617-4082-8ac2-6b2e10de7091
1fa74bf4-ecde-40f7-9c44-6ede1ab51c9c,Sprint Backlog,1f262b55-3617-4082-8ac2-6b2e10de7091
ad7daf79-fc83-4205-83ff-227aaf135db1,In Progress,1f262b55-3617-4082-8ac2-6b2e10de7091
e2c38bda-0456-494b-9f96-4c381542b8b6,Review,1f262b55-3617-4082-8ac2-6b2e10de7091
41630e62-83bc-4326-aa4c-b56d8098e646,Done,1f262b55-3617-4082-8ac2-6b2e10de7091
a20c0dd1-1f01-45f3-bcf0-b8ed670dd222,Backlog,6727553c-1142-4b6d-af86-7a62d9a1a390
22b71dcc-421d-44c4-8182-6f1325e0378f,Sprint Backlog,6727553c-1142-4b6d-af86-7a62d9a1a390
3d5c2780-2124-4f09-9308-a15037d03dde,In Progress,6727553c-1142-4b6d-af86-7a62d9a1a390
d9fcac10-cd07-4099-bc2c-e613380121e4,Review,6727553c-1142-4b6d-af86-7a62d9a1a390
2094d27e-d38f-4135-9f06-a7e9784071cd,Done,6727553c-1142-4b6d-af86-7a62d9a1a390
b0f0c7db-f11e-4d99-ac5f-f68922ec7174,To Do,8532971b-1dc4-4d5f-8aa7-a840610cf98f
97376787-8c19-4f57-a181-bc85d073c6f4,In Progress,8532971b-1dc4-4d5f-8aa7-a840610cf98f
fa536812-76d0-464a-91a3-b92b2340a4b5,Waiting,8532971b-1dc4-4d5f-8aa7-a840610cf98f
b7831f9b-01a8-4796-869f-1301f18ccd36,Completed,8532971b-1dc4-4d5f-8aa7-a840610cf98f
e76a2d18-7991-4776-a963-c1526f7e2c52,Backlog,0ce3d371-d4b9-425c-8d2a-bdaea4767a9f
b7d3b686-3192-4098-ac04-a94afb067bb2,Sprint Backlog,0ce3d371-d4b9-425c-8d2a-bdaea4767a9f
5b127e49-e535-4920-8250-a29d5fd71035,In Progress,0ce3d371-d4b9-425c-8d2a-bdaea4767a9f
2b0eea8f-0613-4dd3-9640-05a27fa709c1,Review,0ce3d371-d4b9-425c-8d2a-bdaea4767a9f
96411da2-f9d2-4243-bedb-d32edaaac669,Done,0ce3d371-d4b9-425c-8d2a-bdaea4767a9f
e0c7074a-79b1-42c2-9c80-65bca3146462,Backlog,e4b6d60a-dfac-41f4-88ec-369fbb12b206
edcb3cba-bf89-4984-b725-171d89898f84,Sprint Backlog,e4b6d60a-dfac-41f4-88ec-369fbb12b206
7665bbc9-87b6-4c17-ad9e-328069b82b56,In Progress,e4b6d60a-dfac-41f4-88ec-369fbb12b206
eafd17cf-9a7f-4093-b697-472db81b270b,Review,e4b6d60a-dfac-41f4-88ec-369fbb12b206
1c2e1397-9e3a-4b5d-b27d-e38ec90d5117,Done,e4b6d60a-dfac-41f4-88ec-369fbb12b206
189321b4-e322-49a2-aee3-2915657453ba,To Do,b067d130-ebc6-4c4a-a90f-ec538b7a79fa
4d42a571-2d8a-4af5-870a-7c84e4f17556,In Progress,b067d130-ebc6-4c4a-a90f-ec538b7a79fa
07ebef42-3b4c-4755-a632-555031c9bf99,Waiting,b067d130-ebc6-4c4a-a90f-ec538b7a79fa
f1f71c84-eb37-4719-acdf-ef64e29f527b,Completed,b067d130-ebc6-4c4a-a90f-ec538b7a79fa
07e7f823-6a7c-4130-83b8-d2c910b324e3,To Do,f2135caa-402a-4b66-a23d-a7741acb6b30
a89ae831-37d6-4d4a-b623-3ac0aa7da96a,In Progress,f2135caa-402a-4b66-a23d-a7741acb6b30
04d89c62-219b-4a08-844d-8a1aad6f5952,Waiting,f2135caa-402a-4b66-a23d-a7741acb6b30
0449da81-4141-4937-82a3-2ea8de7e4b5b,Completed,f2135caa-402a-4b66-a23d-a7741acb6b30
2090c90b-07ab-40dd-be79-e941516dcca7,Ideas,d4e000ed-79ab-4327-9f5c-c1a5a1c5844e
29404f77-ea37-4dcc-8f4b-ebdcc5ede38b,Planning,d4e000ed-79ab-4327-9f5c-c1a5a1c5844e
e01ad581-c03e-47a0-b966-589d15d939a1,Assets,d4e000ed-79ab-4327-9f5c-c1a5a1c5844e
51f8a14e-c67f-4c00-a012-8f53a315b303,Scheduled,d4e000ed-79ab-4327-9f5c-c1a5a1c5844e
02b369bc-9a57-4edc-8d02-b684ddfaf7b2,Launched,d4e000ed-79ab-4327-9f5c-c1a5a1c5844e
d673150c-b00c-4c23-afda-7368128741ed,Ideas,6f3e270c-afbd-4600-a705-5394db99973e
7ffa5ee2-b8a6-405f-9e44-06cb27aa0e78,Planning,6f3e270c-afbd-4600-a705-5394db99973e
853ab808-fdf0-460b-87f5-064540e87556,Assets,6f3e270c-afbd-4600-a705-5394db99973e
3e224e93-40a4-4ba5-a691-2c3f5c47dd95,Scheduled,6f3e270c-afbd-4600-a705-5394db99973e
6e769c17-98d2-4e51-8207-ba4c5953d8c8,Launched,6f3e270c-afbd-4600-a705-5394db99973e
b7e3f218-b7eb-4182-81e9-fca7a3e9e981,To Do,5e670da5-edab-4c3e-9b0d-155eb864c2a3
5bd3d511-61a7-4997-97bf-9ae211ea39ee,In Progress,5e670da5-edab-4c3e-9b0d-155eb864c2a3
9943c411-2701-463f-a46f-21166fdb2f85,Waiting,5e670da5-edab-4c3e-9b0d-155eb864c2a3
3aec7ad8-b85c-4b25-ba1a-616350d27b67,Completed,5e670da5-edab-4c3e-9b0d-155eb864c2a3
ab5c121d-4a85-4655-b765-1da9e48d161f,Backlog,ee4ac93d-a269-42bc-9c9c-d77191398191
816ba3f5-67e5-4d72-960c-f8b533c01597,Sprint Backlog,ee4ac93d-a269-42bc-9c9c-d77191398191
dedf5225-d437-4003-87b0-9b6553508b34,In Progress,ee4ac93d-a269-42bc-9c9c-d77191398191
4f8c3d85-b3c2-4700-9ef8-138a0545073d,Review,ee4ac93d-a269-42bc-9c9c-d77191398191
e8f38d36-cc11-4ca9-89d9-cb76a5e3d237,Done,ee4ac93d-a269-42bc-9c9c-d77191398191
3f8c3364-107b-40ab-a621-ba1f186d8f03,Ideas,fb78844c-30c1-4387-a63f-5474ebbed1c0
67ce3699-a35e-4e1b-bd75-d02c02c5d8c8,Planning,fb78844c-30c1-4387-a63f-5474ebbed1c0
01ef2167-ff71-4415-bd3c-c0a5e9f3dd86,Assets,fb78844c-30c1-4387-a63f-5474ebbed1c0
865bdd4f-2de3-43c2-994a-0038e786f320,Scheduled,fb78844c-30c1-4387-a63f-5474ebbed1c0
715bdaf9-32e6-4ae3-96a5-54db3deb8630,Launched,fb78844c-30c1-4387-a63f-5474ebbed1c0
06c7bf92-34f5-4ac1-8cf8-d1c984be2893,To Do,a373e15a-01b3-42a6-888a-60a568402e84
b2e13d55-84a0-40eb-bc21-29bba6dcb22d,In Progress,a373e15a-01b3-42a6-888a-60a568402e84
27d1cd06-4a7d-4cb3-a21e-74831a9ec039,Waiting,a373e15a-01b3-42a6-888a-60a568402e84
7598584b-69f7-449b-82de-7eb922908709,Completed,a373e15a-01b3-42a6-888a-60a568402e84
19dd31c6-9bca-446e-880e-f0d4bcefca60,Backlog,6e8b2dc5-e1a7-46b0-b711-2dab424bc193
f91eee69-16c1-4e7a-8c8a-520996e8f9f7,Sprint Backlog,6e8b2dc5-e1a7-46b0-b711-2dab424bc193
c382ccbe-b01d-44f7-9b8f-218f091be9b6,In Progress,6e8b2dc5-e1a7-46b0-b711-2dab424bc193
eeea8e51-8f66-47a7-a42f-fe382b70e8d5,Review,6e8b2dc5-e1a7-46b0-b711-2dab424bc193
538eeefd-f687-4e33-95a6-51ce92bc839b,Done,6e8b2dc5-e1a7-46b0-b711-2dab424bc193
44bbbb9b-5910-4fb9-b99c-bc8dc47625c3,Ideas,0c6c7823-f808-443d-ae4e-8c45198d6e75
fcaa64b5-8c5a-4079-9ad0-43e2bde9e03c,Planning,0c6c7823-f808-443d-ae4e-8c45198d6e75
19e33203-0429-4baf-8522-0516f220cd67,Assets,0c6c7823-f808-443d-ae4e-8c45198d6e75
36e58b5c-fe92-4bd2-a2da-623fb7aaa9f5,Scheduled,0c6c7823-f808-443d-ae4e-8c45198d6e75
71ef9275-9ac3-4e54-9ddb-962faee317ac,Launched,0c6c7823-f808-443d-ae4e-8c45198d6e75
df8ad8d4-e5e9-45fe-9e21-9d5b342d0cb0,To Do,8e105b51-180d-4e91-abcc-a09e2fdcb7bc
21ba2763-af50-4965-b2a1-f8d743e6d057,In Progress,8e105b51-180d-4e91-abcc-a09e2fdcb7bc
7278f2dc-6b80-4955-aeec-f50e4d9feea3,Waiting,8e105b51-180d-4e91-abcc-a09e2fdcb7bc
faee7af1-be24-4358-9d40-e3a4043be76a,Completed,8e105b51-180d-4e91-abcc-a09e2fdcb7bc
a4e1576f-b44c-40bc-be78-55825d3deff2,To Do,9b17922f-4166-487a-8721-d69a9f15bf54
f2f2683e-f7be-4fd4-a73b-a4e9721c9128,In Progress,9b17922f-4166-487a-8721-d69a9f15bf54
f1e3c20c-fe89-4ba4-b1bc-8226030f9801,Waiting,9b17922f-4166-487a-8721-d69a9f15bf54
ec71856a-3201-4503-b0e4-769eb07c0a5f,Completed,9b17922f-4166-487a-8721-d69a9f15bf54
209bd0a6-e8a1-457d-943c-6cc20395fe10,Backlog,b0f9e2b0-7a51-4f51-8f78-338e0dd48785
4db1cf7b-e0c0-4585-9f54-4b58115694f9,Sprint Backlog,b0f9e2b0-7a51-4f51-8f78-338e0dd48785
a2717d43-e95b-4213-a7ef-85bd86348284,In Progress,b0f9e2b0-7a51-4f51-8f78-338e0dd48785
a449ff43-4851-41d1-888b-106c9296e559,Review,b0f9e2b0-7a51-4f51-8f78-338e0dd48785
23d9b129-0868-40bc-8d33-fa422f17aaf8,Done,b0f9e2b0-7a51-4f51-8f78-338e0dd48785
926a68bc-08ee-45aa-9449-8fb811b83c31,Backlog,0ff0af91-3f16-46e4-85ee-243a7eaad4d7
d86651da-0c13-4374-b569-84e3bd48d487,Sprint Backlog,0ff0af91-3f16-46e4-85ee-243a7eaad4d7
121bf470-8db9-4de6-94c8-a161f09e3240,In Progress,0ff0af91-3f16-46e4-85ee-243a7eaad4d7
b18e4550-1f26-4a3d-86cd-0d6c26f73d0e,Review,0ff0af91-3f16-46e4-85ee-243a7eaad4d7
dce78ba5-88a0-435d-82db-533091a01496,Done,0ff0af91-3f16-46e4-85ee-243a7eaad4d7
c1b6d418-34a8-44c9-8931-2ba0da094077,Backlog,0de61c8c-b8a2-47c0-84db-43acf2764b0a
3ec6b0de-4c87-4178-ac20-6fcc5030690f,Sprint Backlog,0de61c8c-b8a2-47c0-84db-43acf2764b0a
86ef65bd-b7fc-44cb-b969-3600ca904c38,In Progress,0de61c8c-b8a2-47c0-84db-43acf2764b0a
26269939-4e00-4512-a972-e00519a7362a,Review,0de61c8c-b8a2-47c0-84db-43acf2764b0a
09aea9e7-4d3a-4693-b37a-3e4b4f5a4e7a,Done,0de61c8c-b8a2-47c0-84db-43acf2764b0a
b41e3eab-d6d6-4944-ad55-af56f56cb23f,Backlog,b940885c-dee8-4a0d-9e6d-9a8c69b7739d
14888868-9b88-4ccb-ad6f-c185c748bef9,Sprint Backlog,b940885c-dee8-4a0d-9e6d-9a8c69b7739d
97a4c75a-c3ac-401a-a447-e9a02bcbd498,In Progress,b940885c-dee8-4a0d-9e6d-9a8c69b7739d
80aeadd1-485b-48f4-ba00-a7e8ef9afe6d,Review,b940885c-dee8-4a0d-9e6d-9a8c69b7739d
744404b5-8d07-4c7c-a74a-d6289168d5ae,Done,b940885c-dee8-4a0d-9e6d-9a8c69b7739d
a37b13f9-d222-4f12-869e-1647e496b505,To Do,82963e0e-a338-4b84-9e1c-92cadf63084b
7fbe284d-0e55-4574-9e0f-0296430919e6,In Progress,82963e0e-a338-4b84-9e1c-92cadf63084b
8be1a520-f82e-4c90-9391-c2dd0fcae654,Waiting,82963e0e-a338-4b84-9e1c-92cadf63084b
f08699a6-d04f-4b51-b6cf-069994459214,Completed,82963e0e-a338-4b84-9e1c-92cadf63084b
8d02b38d-d535-4568-8535-010371a52273,Backlog,9fa91d21-c31f-481d-bd00-cb4ad3582aab
38c774d2-98f0-4efe-9e2d-212ecc4a2524,Sprint Backlog,9fa91d21-c31f-481d-bd00-cb4ad3582aab
a737e76b-f185-4e61-aa67-f5ac6a30ea92,In Progress,9fa91d21-c31f-481d-bd00-cb4ad3582aab
820c54af-8186-4186-860e-7852bf150a75,Review,9fa91d21-c31f-481d-bd00-cb4ad3582aab
7244ee1f-7d42-44db-bdac-328da6ab3e8d,Done,9fa91d21-c31f-481d-bd00-cb4ad3582aab
4c137fe3-50d8-4571-82c7-19cb190a9186,Backlog,c5c4b321-be7d-467c-8371-98b15d800bc5
f92a1d0b-428e-473f-86c1-49c04d176a62,Sprint Backlog,c5c4b321-be7d-467c-8371-98b15d800bc5
36d86324-9d9d-469e-b8a6-52ffa80a518b,In Progress,c5c4b321-be7d-467c-8371-98b15d800bc5
6b2e59da-65b4-4a39-9fd8-7864cbad6b7b,Review,c5c4b321-be7d-467c-8371-98b15d800bc5
376c344d-347a-4fa7-891e-df435577e4b4,Done,c5c4b321-be7d-467c-8371-98b15d800bc5
8633c088-8b76-4b54-8f57-4723f230fd0e,Ideas,b1bd32ca-0584-4b70-97e8-be1f1b7dccd8
24709da5-94c4-43dd-95ff-f1b06a65c774,Planning,b1bd32ca-0584-4b70-97e8-be1f1b7dccd8
7a0c99ac-8767-4800-a295-8c420b067c13,Assets,b1bd32ca-0584-4b70-97e8-be1f1b7dccd8
8e2cb9d5-1c9a-4711-a772-a18036222df1,Scheduled,b1bd32ca-0584-4b70-97e8-be1f1b7dccd8
ca44c527-0aa8-441b-a16c-46cb0160c1a9,Launched,b1bd32ca-0584-4b70-97e8-be1f1b7dccd8
463f564e-bd62-4d61-b923-0f8969504fc4,Ideas,421c4015-de88-4dc4-9d28-82390dd019a1
ae12c46d-524e-4b52-aa7c-ba338a83484e,Planning,421c4015-de88-4dc4-9d28-82390dd019a1
83d88ef7-3304-4a6b-b054-99c69634a2bc,Assets,421c4015-de88-4dc4-9d28-82390dd019a1
5edc1c28-45f2-4963-b702-169b426bb911,Scheduled,421c4015-de88-4dc4-9d28-82390dd019a1
54c650f1-8ab0-43f7-a24b-59f0a17487b6,Launched,421c4015-de88-4dc4-9d28-82390dd019a1
a6e58a87-9125-40e2-9313-b1c6e2d59266,Ideas,fb29f72f-f328-40f7-ab78-d289f0aafecd
aca2a97f-126f-4be1-903f-2e953a474923,Planning,fb29f72f-f328-40f7-ab78-d289f0aafecd
1c7078ba-efc5-4d8c-ade8-86faddd45018,Assets,fb29f72f-f328-40f7-ab78-d289f0aafecd
9e8026e3-6115-4e56-bb5d-38e4744d479f,Scheduled,fb29f72f-f328-40f7-ab78-d289f0aafecd
3c7270b0-be87-4294-828c-e03630445e4f,Launched,fb29f72f-f328-40f7-ab78-d289f0aafecd
02362977-c661-4fae-9438-86c94624818c,Ideas,9b3fc073-274e-41b1-8133-5b345ac3c143
63de7786-21f6-4d55-a0cd-5a70a6a9f9d8,Planning,9b3fc073-274e-41b1-8133-5b345ac3c143
a4265a62-23be-4293-ae13-305161b9504e,Assets,9b3fc073-274e-41b1-8133-5b345ac3c143
9e57def1-2339-45b0-9e26-e400858fb950,Scheduled,9b3fc073-274e-41b1-8133-5b345ac3c143
ff158ecb-29d0-4e8d-961a-3272c4ee6582,Launched,9b3fc073-274e-41b1-8133-5b345ac3c143
3a3462fd-8e21-46ef-a372-d09daeba158d,Backlog,141ac2ed-1008-4cfc-ba6a-cf8d856f9942
cb1dded6-f406-4084-b534-3bf603b20abb,Sprint Backlog,141ac2ed-1008-4cfc-ba6a-cf8d856f9942
1fc212ee-9277-47cc-99b4-5198045dc27b,In Progress,141ac2ed-1008-4cfc-ba6a-cf8d856f9942
ed9091c3-a036-4e79-b4ee-6b09c0db9125,Review,141ac2ed-1008-4cfc-ba6a-cf8d856f9942
7b96dc6c-b4cd-4be4-bde7-4a9d61409b1a,Done,141ac2ed-1008-4cfc-ba6a-cf8d856f9942
92e28bc4-46f9-40b3-bf82-77da2513e3b8,To Do,3fcb9cc4-12eb-4a28-8fdc-45dbcee379e9
969fcbb1-3b29-4da9-aa97-df9290a37b21,In Progress,3fcb9cc4-12eb-4a28-8fdc-45dbcee379e9
9e19ee46-1c58-4b0c-b5b4-39daab87247b,Waiting,3fcb9cc4-12eb-4a28-8fdc-45dbcee379e9
26d3fb1b-9057-4258-b109-e5e051654d3d,Completed,3fcb9cc4-12eb-4a28-8fdc-45dbcee379e9
1f6de268-ab62-4650-9193-1de5ec202a50,Backlog,57e5aaca-f84a-47dc-9886-846872902180
4318f06a-e1bb-49d7-a9b1-103ad3217869,Sprint Backlog,57e5aaca-f84a-47dc-9886-846872902180
2e8ce32a-c15d-4b5d-b8da-158ed850e42b,In Progress,57e5aaca-f84a-47dc-9886-846872902180
c20bf80a-8c18-4dba-9001-769fe7f4cfc6,Review,57e5aaca-f84a-47dc-9886-846872902180
b23f58a2-edc8-4ed6-bebf-b5cda7a977eb,Done,57e5aaca-f84a-47dc-9886-846872902180
a6c78d17-c92f-4a75-b703-13c4cee54c8c,Backlog,0acff221-9e0e-48b9-80bd-3e586ebd5415
8104acaf-92a0-4972-99e4-6e23299f54e1,Sprint Backlog,0acff221-9e0e-48b9-80bd-3e586ebd5415
7ae589fb-39cf-49e9-9dad-8367726b71ee,In Progress,0acff221-9e0e-48b9-80bd-3e586ebd5415
ac70b2bd-7c5d-476b-9666-7f32520c741b,Review,0acff221-9e0e-48b9-80bd-3e586ebd5415
84da3ddb-f16c-47a2-9f75-7b5808f0473d,Done,0acff221-9e0e-48b9-80bd-3e586ebd5415
c65e9f87-8211-4252-bdd4-f83b82ff8008,Ideas,15af8a01-fc76-478d-9451-0102fa35b5c8
d99f018f-d6e6-4136-85a0-3c173d64d888,Planning,15af8a01-fc76-478d-9451-0102fa35b5c8
d63c8843-86aa-4004-89c8-9e213e7d8ee4,Assets,15af8a01-fc76-478d-9451-0102fa35b5c8
bfca57b5-65d2-4109-ae9b-db976f42a106,Scheduled,15af8a01-fc76-478d-9451-0102fa35b5c8
7d357912-1d1c-4887-8b2f-7d40f708e2cb,Launched,15af8a01-fc76-478d-9451-0102fa35b5c8
2911cd1d-a31f-48e9-9312-1d5aea0ca6bd,Backlog,773718bd-0887-4ccb-96b2-59c159dc6940
cb4bf030-10d0-4a49-a10a-317e80b577d0,Sprint Backlog,773718bd-0887-4ccb-96b2-59c159dc6940
325d2c12-3b43-4d14-a53b-1c789dee3df8,In Progress,773718bd-0887-4ccb-96b2-59c159dc6940
8be5b8dd-28e1-4a24-a3ea-ccb790cd2b0e,Review,773718bd-0887-4ccb-96b2-59c159dc6940
4da32822-265f-4dd3-bd81-07cd9883816b,Done,773718bd-0887-4ccb-96b2-59c159dc6940
89793392-10ef-4619-9577-a967432f114c,Ideas,33d2fd15-b7dd-4058-b3e8-abc1a47d9ad4
314bc536-51d8-460e-adfa-d517fd480c80,Planning,33d2fd15-b7dd-4058-b3e8-abc1a47d9ad4
b3cd4b15-fee7-46d9-8a06-6907cbe23e52,Assets,33d2fd15-b7dd-4058-b3e8-abc1a47d9ad4
92c04e23-6448-4ce5-a4b3-4d1be6708b58,Scheduled,33d2fd15-b7dd-4058-b3e8-abc1a47d9ad4
c2144737-c896-4e3f-b7f4-2c4458210c78,Launched,33d2fd15-b7dd-4058-b3e8-abc1a47d9ad4
836c0f92-d6c6-47ea-9f5c-fa6540966a0c,Ideas,21ab16c1-a30e-449b-b731-60c4d597e771
0df9ebcf-5a67-412a-b7fe-3b0a4e5c0fc5,Planning,21ab16c1-a30e-449b-b731-60c4d597e771
e1b91678-e6dc-4e73-bf8a-753cda31b1b9,Assets,21ab16c1-a30e-449b-b731-60c4d597e771
560d0a68-16f5-489a-8f75-a832d163360e,Scheduled,21ab16c1-a30e-449b-b731-60c4d597e771
af5fbaf3-77a8-40cc-b940-549864aaa333,Launched,21ab16c1-a30e-449b-b731-60c4d597e771
19809468-98af-4de7-958c-7f54b8ea1317,Backlog,acca4dbe-cb22-4f52-8097-7ee3d5d43b57
7bf0c504-4887-4366-bf2b-d550d651746e,Sprint Backlog,acca4dbe-cb22-4f52-8097-7ee3d5d43b57
02cc8210-7a4e-467f-a36a-6260b11d8b80,In Progress,acca4dbe-cb22-4f52-8097-7ee3d5d43b57
ad4e7030-0f81-4eaf-894b-ddee26262352,Review,acca4dbe-cb22-4f52-8097-7ee3d5d43b57
7d1f91dd-9021-4a9b-a534-ca8c2125c05f,Done,acca4dbe-cb22-4f52-8097-7ee3d5d43b57
0a946afb-21cb-4450-b6d4-62711cf51661,To Do,59b2d5d6-1604-4950-b36d-af6800ec8855
ff41f601-f10e-4674-a4d6-1bf52c4cfb40,In Progress,59b2d5d6-1604-4950-b36d-af6800ec8855
0b49bb70-28a4-4847-89cd-bf2765f478ea,Waiting,59b2d5d6-1604-4950-b36d-af6800ec8855
f08fa084-6712-4f27-b681-0512739161b2,Completed,59b2d5d6-1604-4950-b36d-af6800ec8855
859d7ef6-6d4a-4749-9a3a-125b3519e3c2,Ideas,3048c709-7de1-431f-907c-d49e6d0b5328
5290ec06-22c4-4604-afc2-6e4f663a135f,Planning,3048c709-7de1-431f-907c-d49e6d0b5328
aad5bdb0-1493-4810-a455-7d055bf1c6d5,Assets,3048c709-7de1-431f-907c-d49e6d0b5328
cd08f6f3-5d37-4120-bba4-b71646d59de1,Scheduled,3048c709-7de1-431f-907c-d49e6d0b5328
2c1177e5-f5c2-4c91-8adc-235e16b92b4c,Launched,3048c709-7de1-431f-907c-d49e6d0b5328
161cc126-5576-4d98-a85f-1e4ff7d29f0b,Ideas,988688c4-c6e8-4637-8f83-f53fefae98b9
eeabd080-781e-4ca3-9b1e-48054ec913c8,Planning,988688c4-c6e8-4637-8f83-f53fefae98b9
3072028a-4f4a-4e70-81ae-cee20f1b2f45,Assets,988688c4-c6e8-4637-8f83-f53fefae98b9
77347e9f-9053-4684-b62e-f31310f9168b,Scheduled,988688c4-c6e8-4637-8f83-f53fefae98b9
ccf247c5-0126-4d46-a33d-bc1c089440c4,Launched,988688c4-c6e8-4637-8f83-f53fefae98b9
687789cd-657a-48e7-80de-e4dded381440,Backlog,7f725d3d-fda5-4f6e-b47a-904aa4999d72
fe978261-2e13-4799-9c34-2b5303f03e64,Sprint Backlog,7f725d3d-fda5-4f6e-b47a-904aa4999d72
14763bf5-641c-4ee4-8c4e-82f4821a85e2,In Progress,7f725d3d-fda5-4f6e-b47a-904aa4999d72
cdc30899-1466-47b6-8707-067ab39d8aef,Review,7f725d3d-fda5-4f6e-b47a-904aa4999d72
1630a4bf-4967-4711-b86b-406da3bc3027,Done,7f725d3d-fda5-4f6e-b47a-904aa4999d72
bf69ec7a-971b-41ba-a50e-3a885a01f65f,To Do,b3d28994-a94c-4d5e-93c4-01c68108ace4
be236803-14d6-4b7c-9d93-a95d1fb451ed,In Progress,b3d28994-a94c-4d5e-93c4-01c68108ace4
6d20d799-0695-4565-bd35-3eb3545b37e7,Waiting,b3d28994-a94c-4d5e-93c4-01c68108ace4
baebdab5-16e4-47da-a0c8-bf7f89e5bb36,Completed,b3d28994-a94c-4d5e-93c4-01c68108ace4
b5f7e79a-7898-4e97-9d0f-e4f6e36a4cf6,Backlog,3c627d1d-56da-4f9b-93e6-a7dad3e7014a
8467b2d2-a5e2-4948-9c92-f8f91219a89b,Sprint Backlog,3c627d1d-56da-4f9b-93e6-a7dad3e7014a
3a6bac0f-11cc-4295-8cb1-7d40bf53aaa6,In Progress,3c627d1d-56da-4f9b-93e6-a7dad3e7014a
6bad1dae-dd83-4fb0-ab29-5917f5733360,Review,3c627d1d-56da-4f9b-93e6-a7dad3e7014a
8f211840-8b8e-4115-8ce9-3b9f24a3735e,Done,3c627d1d-56da-4f9b-93e6-a7dad3e7014a
98d00618-7935-44c7-85fb-6d4283b7c292,Backlog,4c98eaf3-30ce-447f-baad-8bf94cf307d2
373bc3c5-dd57-4489-9b87-76ae221dbe18,Sprint Backlog,4c98eaf3-30ce-447f-baad-8bf94cf307d2
d275a482-e716-4300-800f-9095f4d1db24,In Progress,4c98eaf3-30ce-447f-baad-8bf94cf307d2
95fc4f92-0fa5-4423-90b7-b7d4614ba78f,Review,4c98eaf3-30ce-447f-baad-8bf94cf307d2
eb97fa5d-e4c5-432e-bd18-472840a414dc,Done,4c98eaf3-30ce-447f-baad-8bf94cf307d2
adecb56a-3c40-4fed-a1ff-1f55dec0a525,Ideas,c09ce835-c7c9-47e8-b137-f81e44828764
d386b3d2-ed43-4038-9a6c-4031be070ed4,Planning,c09ce835-c7c9-47e8-b137-f81e44828764
9e9e447f-99a4-4098-8a9e-e7e6a3ad59cc,Assets,c09ce835-c7c9-47e8-b137-f81e44828764
13133799-4eba-4fd7-be8b-ed42088243f3,Scheduled,c09ce835-c7c9-47e8-b137-f81e44828764
0b551af7-374a-4c5f-a2b6-6ff1c8608cc6,Launched,c09ce835-c7c9-47e8-b137-f81e44828764
4debe7fc-23cd-49ea-83a6-7ece630d3d8c,Backlog,86dc176e-19cd-4c1f-b07a-3841ec2ac043
12404e0a-9865-41ec-b47e-9839629bc688,Sprint Backlog,86dc176e-19cd-4c1f-b07a-3841ec2ac043
4bc76dc6-d914-47c0-9bac-212ebd4c1676,In Progress,86dc176e-19cd-4c1f-b07a-3841ec2ac043
90d2310e-423f-461b-979d-26e01c13461c,Review,86dc176e-19cd-4c1f-b07a-3841ec2ac043
67978a39-7e0f-4c4c-b67a-24bee6eef826,Done,86dc176e-19cd-4c1f-b07a-3841ec2ac043
aad6d03d-4ab3-4f75-a34f-ecf2fc6f2846,Ideas,e1cae09c-22c7-48ec-9218-e955948271a5
098c25d0-4799-4d36-a73d-742dd20be2c2,Planning,e1cae09c-22c7-48ec-9218-e955948271a5
2dc1cc67-dda9-4d69-a730-bd6af2ad02b7,Assets,e1cae09c-22c7-48ec-9218-e955948271a5
be99883f-5ed7-4ebc-8d97-d743106d66da,Scheduled,e1cae09c-22c7-48ec-9218-e955948271a5
082118f0-88c3-4be1-91c3-ac92b0fddc97,Launched,e1cae09c-22c7-48ec-9218-e955948271a5
5c92b0d5-7583-49c6-a0d3-327f8961986e,To Do,b3cdbeab-4c09-4969-996f-f88e24be6f00
7912a45a-de85-4f2b-ad1d-18a9aaa4f97b,In Progress,b3cdbeab-4c09-4969-996f-f88e24be6f00
d8f5ef1e-27eb-41a3-b914-7ff805953a4b,Waiting,b3cdbeab-4c09-4969-996f-f88e24be6f00
5c9518ba-2cdb-42e3-9f3f-293bbf3aa37c,Completed,b3cdbeab-4c09-4969-996f-f88e24be6f00
593dce3b-f413-401d-b90e-da4b8bac9d9a,Backlog,3375be20-93c1-41be-af4e-606575e13032
2f6209ea-1589-4958-ac2d-8e6093c21d17,Sprint Backlog,3375be20-93c1-41be-af4e-606575e13032
d49291dc-2af0-4251-b2fd-231dd2389457,In Progress,3375be20-93c1-41be-af4e-606575e13032
0f5f25ad-6d2d-4543-b647-40fe1832cd2e,Review,3375be20-93c1-41be-af4e-606575e13032
8cb20d98-3e19-4d9d-be8b-ecfe5aecf80a,Done,3375be20-93c1-41be-af4e-606575e13032
b27ddaef-33b2-41e4-a87e-ccf76c6a19c2,Ideas,65199012-4e25-42a8-8363-c2edf28deb00
ccdc3791-9bbb-4c61-8f4f-147aae7aadb8,Planning,65199012-4e25-42a8-8363-c2edf28deb00
7cda201b-e6d5-441a-b8b0-ad7123ee5f04,Assets,65199012-4e25-42a8-8363-c2edf28deb00
5ee72399-2d2a-4853-b4c4-2006031d25bd,Scheduled,65199012-4e25-42a8-8363-c2edf28deb00
72a98174-b43a-4780-937a-a791e6ba6d7e,Launched,65199012-4e25-42a8-8363-c2edf28deb00
2e09f479-b02c-4af6-a7ad-62a5619dd13e,Backlog,fca49e25-82a4-48a1-95d8-b1aa8f60b880
ecc9d23f-b56f-4a5b-8f28-ebe3f8998e62,Sprint Backlog,fca49e25-82a4-48a1-95d8-b1aa8f60b880
17bc2e6b-77ea-4683-be40-493a246de135,In Progress,fca49e25-82a4-48a1-95d8-b1aa8f60b880
8741629c-aaeb-4cc5-ba63-a9f1bb377077,Review,fca49e25-82a4-48a1-95d8-b1aa8f60b880
8e9f2564-be18-411a-b4ad-bc96b442a097,Done,fca49e25-82a4-48a1-95d8-b1aa8f60b880
58c97f8c-203a-4a86-8dee-8c19b11f4848,To Do,d6d93722-77d4-4826-9033-93222e42eddd
aa0116c5-b797-4157-a6d8-809c7f9d1d23,In Progress,d6d93722-77d4-4826-9033-93222e42eddd
6083486b-20c3-4e59-b75a-aad769523e20,Waiting,d6d93722-77d4-4826-9033-93222e42eddd
2dfbb1c0-8793-45ac-a91f-dd64332a3a0f,Completed,d6d93722-77d4-4826-9033-93222e42eddd
88423250-b4f6-4b66-8010-0d3b89491938,Ideas,b294f378-9cb6-4730-ac61-7aeced6dbec0
d12721a8-5d71-4732-8f37-4e2c75adfb36,Planning,b294f378-9cb6-4730-ac61-7aeced6dbec0
b5ac4d2c-fcd2-47e8-ad5e-d9b654048e67,Assets,b294f378-9cb6-4730-ac61-7aeced6dbec0
5c70f4a5-d236-4323-99e4-6c4e61a3d81b,Scheduled,b294f378-9cb6-4730-ac61-7aeced6dbec0
fbf8ec39-524b-40b9-91a3-f634d829f688,Launched,b294f378-9cb6-4730-ac61-7aeced6dbec0
982c9a22-a584-405f-a419-550390f43ef3,Ideas,ecf7d84a-259d-4d1a-90de-e2669d8c2d02
d1548962-ac73-4d5d-8771-010aa74060e4,Planning,ecf7d84a-259d-4d1a-90de-e2669d8c2d02
16d45e6f-23be-43b8-bcfc-369769af74de,Assets,ecf7d84a-259d-4d1a-90de-e2669d8c2d02
5dd56c4a-0e41-40be-abb7-e115f686968f,Scheduled,ecf7d84a-259d-4d1a-90de-e2669d8c2d02
77c792e3-d8e3-4141-b1e0-d31816a8000c,Launched,ecf7d84a-259d-4d1a-90de-e2669d8c2d02
5902b141-332b-4931-9267-731fa5e979a9,Backlog,c7d54e0d-5b56-48a6-9b56-64a4368811fb
63dcd96f-1202-4263-8869-1673af4d37bd,Sprint Backlog,c7d54e0d-5b56-48a6-9b56-64a4368811fb
cc5e1229-6e36-4377-bca2-0112bae06037,In Progress,c7d54e0d-5b56-48a6-9b56-64a4368811fb
8458a983-398a-47fe-b559-02d37ba9dbbc,Review,c7d54e0d-5b56-48a6-9b56-64a4368811fb
f985c3bb-5961-4dcf-88ed-2f01b0f29727,Done,c7d54e0d-5b56-48a6-9b56-64a4368811fb
171956e0-3671-4063-b758-e8838e96aa6c,Backlog,6e511dff-de96-45b8-9fae-539b2680c533
2616e2f8-4db2-488e-bfe6-9da8663ece75,Sprint Backlog,6e511dff-de96-45b8-9fae-539b2680c533
cc6ba88b-a77b-439e-84b3-3424221c05e7,In Progress,6e511dff-de96-45b8-9fae-539b2680c533
03349627-eda1-4187-b20a-a988d616c97d,Review,6e511dff-de96-45b8-9fae-539b2680c533
02cdec4b-419d-473d-834f-79f8661d21bb,Done,6e511dff-de96-45b8-9fae-539b2680c533
f8372e22-d0d8-4dca-a26a-612b6fd503a1,Backlog,696870cf-6567-4eff-afc8-2600d2271423
4d52920e-4c6b-411c-90b0-31397316ce06,Sprint Backlog,696870cf-6567-4eff-afc8-2600d2271423
f4d72ced-7cfa-44fb-b803-70fb0df2895d,In Progress,696870cf-6567-4eff-afc8-2600d2271423
bd5759df-5315-4ce2-bcef-3a090bdcd0da,Review,696870cf-6567-4eff-afc8-2600d2271423
5b33dcb0-ad6e-4621-87e8-29bc03d09eb7,Done,696870cf-6567-4eff-afc8-2600d2271423
10883d09-f219-409a-b1f5-4c0f37451842,Ideas,c1a8b3e6-93fc-428e-bcee-d0411b4ed76f
aa9557a3-a166-4978-ae15-aa62d53f7517,Planning,c1a8b3e6-93fc-428e-bcee-d0411b4ed76f
d106eae0-c597-4aab-a798-23879973fd42,Assets,c1a8b3e6-93fc-428e-bcee-d0411b4ed76f
14a5d524-b340-49ad-bf6e-fb7c05b56243,Scheduled,c1a8b3e6-93fc-428e-bcee-d0411b4ed76f
b590046b-318e-4887-b066-ff8ab5d866ec,Launched,c1a8b3e6-93fc-428e-bcee-d0411b4ed76f
8604cbc9-6f2b-49ca-9708-a638f1b1decb,To Do,27cff1ed-776e-430b-a7dc-85c53fa965c6
cdfad23d-5b9b-4e3e-a69f-094c10c7766b,In Progress,27cff1ed-776e-430b-a7dc-85c53fa965c6
e9cf0ad2-ffe6-4298-98cd-db5c4715721d,Waiting,27cff1ed-776e-430b-a7dc-85c53fa965c6
40e5ef10-c8fc-43c4-aa7f-dbab67c0bbbd,Completed,27cff1ed-776e-430b-a7dc-85c53fa965c6
fe956f00-3b31-4d26-a191-9380d93afaed,Ideas,fe09b1f3-a313-493a-bcdb-f5df234d78cc
bdfb5be8-8454-4662-b410-e865c8665801,Planning,fe09b1f3-a313-493a-bcdb-f5df234d78cc
d663da02-2901-45dd-87a8-569e82615d92,Assets,fe09b1f3-a313-493a-bcdb-f5df234d78cc
02e4bc43-5f90-47f3-919c-18be62905301,Scheduled,fe09b1f3-a313-493a-bcdb-f5df234d78cc
8fb474ca-2ef6-4bba-97e5-8bdb0c4db3ed,Launched,fe09b1f3-a313-493a-bcdb-f5df234d78cc
236383cb-1672-4ea1-8fc2-18cb616a3016,Ideas,d56a34d6-b9c6-4469-8a23-66403d652ad4
78b48b9c-35bf-47f9-85a5-60ea55a58343,Planning,d56a34d6-b9c6-4469-8a23-66403d652ad4
d54c39a8-98f9-4e61-ab35-36bdd9ee98cc,Assets,d56a34d6-b9c6-4469-8a23-66403d652ad4
c8f2cde2-48af-42ca-b5c6-efe0f41ba0de,Scheduled,d56a34d6-b9c6-4469-8a23-66403d652ad4
30fdf789-74df-489e-8c65-933e478e0e57,Launched,d56a34d6-b9c6-4469-8a23-66403d652ad4
b7f7baec-de49-45fb-bf5e-1e8414594416,Backlog,f3fccaae-3e6d-4571-8a19-a1b8f7f7772a
4f3517ac-932e-4ec4-becd-c5d05041cd51,Sprint Backlog,f3fccaae-3e6d-4571-8a19-a1b8f7f7772a
f7874bab-3494-4cd6-9115-c6bbb2e57d28,In Progress,f3fccaae-3e6d-4571-8a19-a1b8f7f7772a
fe4191fe-0e17-4e30-b1ab-4bf8b614045d,Review,f3fccaae-3e6d-4571-8a19-a1b8f7f7772a
500bb0ac-0748-4291-b361-2db6d1ebd6e7,Done,f3fccaae-3e6d-4571-8a19-a1b8f7f7772a
8424cf9c-a43c-45ed-943e-58c309d8e970,Ideas,3658177c-8d5b-4cf2-9a5d-227a99fe2f34
d05e36d0-c989-476e-9c8e-7f35f896127c,Planning,3658177c-8d5b-4cf2-9a5d-227a99fe2f34
d053f9d3-e6de-4909-b17e-411fdadcd266,Assets,3658177c-8d5b-4cf2-9a5d-227a99fe2f34
c6685d84-743d-408a-805e-c0114c7c5078,Scheduled,3658177c-8d5b-4cf2-9a5d-227a99fe2f34
699ad6cd-4172-4036-92db-d47837bb2556,Launched,3658177c-8d5b-4cf2-9a5d-227a99fe2f34
0397abf5-c178-40a6-ad29-cb50fc08363a,To Do,5acd7b8d-a902-45a7-b2fc-237d30c007f0
57c3a51e-4b0a-4ff6-9cdc-51a684300564,In Progress,5acd7b8d-a902-45a7-b2fc-237d30c007f0
e2b4e283-b5d9-4f58-b816-d2944e504477,Waiting,5acd7b8d-a902-45a7-b2fc-237d30c007f0
11405ba9-ebe2-4532-9dc9-d158415b2f2b,Completed,5acd7b8d-a902-45a7-b2fc-237d30c007f0
ec1fe239-f9ed-4c47-a7b4-e98a1fecf399,Backlog,7b1dbf95-a3d1-4ca4-8270-a3eb7a86726a
6840b083-bd97-4b8e-87d8-90471d29104c,Sprint Backlog,7b1dbf95-a3d1-4ca4-8270-a3eb7a86726a
5454d8f2-5c76-4f7b-a911-674943f1a037,In Progress,7b1dbf95-a3d1-4ca4-8270-a3eb7a86726a
7486a55c-1f6f-4177-bc31-12ac541a48f0,Review,7b1dbf95-a3d1-4ca4-8270-a3eb7a86726a
5e41169e-a0f0-4a6c-8e6a-9747fa6eaf77,Done,7b1dbf95-a3d1-4ca4-8270-a3eb7a86726a
efac8d23-40a7-4851-9aaa-a68cc6729783,Backlog,b4e6afd6-ad18-415f-903c-e265fec4b01f
a6db89b4-d377-439b-acae-231de9302cea,Sprint Backlog,b4e6afd6-ad18-415f-903c-e265fec4b01f
8ab8c899-9aed-4438-907c-24f0c940ea96,In Progress,b4e6afd6-ad18-415f-903c-e265fec4b01f
e0a170c8-454c-443b-b4ba-5083fe890631,Review,b4e6afd6-ad18-415f-903c-e265fec4b01f
ed3a8342-44f7-4c87-886b-b1f85c129c80,Done,b4e6afd6-ad18-415f-903c-e265fec4b01f
0598349f-2dc7-4dda-a112-3d918916a42c,To Do,c6a86a50-e849-4efb-a380-b1a8b4621f75
1e946de2-4e69-48ff-9493-73a91c173634,In Progress,c6a86a50-e849-4efb-a380-b1a8b4621f75
0c5a08f6-6661-4fb3-92e2-41167df15e25,Waiting,c6a86a50-e849-4efb-a380-b1a8b4621f75
cbf31aff-2efb-4f8d-9722-50597d8d1eb1,Completed,c6a86a50-e849-4efb-a380-b1a8b4621f75
e29b9934-a9a2-4eba-99e0-20658e2726cb,Backlog,8e2adac3-dfc9-457c-b96f-554ba70c7f4c
b26dca4d-19e2-4432-aa30-0ea9e3e5121e,Sprint Backlog,8e2adac3-dfc9-457c-b96f-554ba70c7f4c
3e5a0ba6-98ef-468d-88b6-9964d33e85b9,In Progress,8e2adac3-dfc9-457c-b96f-554ba70c7f4c
9c8b8dee-3a89-44af-9a7e-152b23043fb9,Review,8e2adac3-dfc9-457c-b96f-554ba70c7f4c
7e95408c-7aa5-4d8d-8624-72e158a587b8,Done,8e2adac3-dfc9-457c-b96f-554ba70c7f4c
892cc1b5-5e10-4724-ae5d-8bc960f51a7a,Ideas,9164d532-8783-40c5-90c1-b82634db0f96
e582f786-8d76-47fe-9afb-f7c0161b0d38,Planning,9164d532-8783-40c5-90c1-b82634db0f96
9ce191dd-d80a-408a-a5a0-9e7bf7e8dd01,Assets,9164d532-8783-40c5-90c1-b82634db0f96
7998b466-1fb6-404c-8c55-cf90d27c08ec,Scheduled,9164d532-8783-40c5-90c1-b82634db0f96
35379909-adc9-458a-87c5-50402b7f243e,Launched,9164d532-8783-40c5-90c1-b82634db0f96
44044219-bcad-4205-be66-b372aae569be,Ideas,63525d8e-46c5-4bb3-b0e7-a1c1d6cf1f81
5958e43c-c5ea-4626-b3cd-e6715eb43df6,Planning,63525d8e-46c5-4bb3-b0e7-a1c1d6cf1f81
b30163d9-5cd3-476c-b640-cc0e35efe731,Assets,63525d8e-46c5-4bb3-b0e7-a1c1d6cf1f81
de2e4fca-ab10-40ce-b43d-4f5da48b9330,Scheduled,63525d8e-46c5-4bb3-b0e7-a1c1d6cf1f81
9c7debe9-11bb-4eaf-86f3-1b76cfe0b5c9,Launched,63525d8e-46c5-4bb3-b0e7-a1c1d6cf1f81
5ec3d8db-990e-4c42-93c6-15555335deb7,Ideas,71864d35-ffc2-4ad1-9986-faf0c7bde96c
6543193b-2bc2-4bf6-9200-155ecd2d1907,Planning,71864d35-ffc2-4ad1-9986-faf0c7bde96c
f7f76890-c35f-4d42-b806-27dc51a9f916,Assets,71864d35-ffc2-4ad1-9986-faf0c7bde96c
e89c0211-6506-40ab-aa9a-086cfac9f2a8,Scheduled,71864d35-ffc2-4ad1-9986-faf0c7bde96c
386f757e-9b95-4531-8fc9-7d544b0f01b5,Launched,71864d35-ffc2-4ad1-9986-faf0c7bde96c
00db1481-3cef-48f1-a194-9a5fd5758cd0,Ideas,24c26a52-ab08-4f6d-9682-8c6d67f068e8
3cb92e97-bbbc-46b3-baeb-7a644722742f,Planning,24c26a52-ab08-4f6d-9682-8c6d67f068e8
a3f31fd2-64a6-4627-8065-1d9cc1940307,Assets,24c26a52-ab08-4f6d-9682-8c6d67f068e8
e145b288-891b-4d53-a198-df8964ca568f,Scheduled,24c26a52-ab08-4f6d-9682-8c6d67f068e8
e02f669c-6731-4849-ad85-a343f2351ec3,Launched,24c26a52-ab08-4f6d-9682-8c6d67f068e8
6c6ffef0-02e5-4cfd-bb05-6bed1621b617,Ideas,c2f10311-a83b-4a7d-b0cb-114db59d4701
9a56a964-b9a4-429a-b489-f3f6037b7f88,Planning,c2f10311-a83b-4a7d-b0cb-114db59d4701
0d1d001c-25f7-43df-8258-4b1fec028685,Assets,c2f10311-a83b-4a7d-b0cb-114db59d4701
60b72a70-84e6-44f2-87c3-4be87fe9597e,Scheduled,c2f10311-a83b-4a7d-b0cb-114db59d4701
8c8a4634-94b9-4d74-9b02-0542ed728b15,Launched,c2f10311-a83b-4a7d-b0cb-114db59d4701
3195539a-1cf2-46bd-aaa3-e2b5556a47cf,To Do,1606e991-dc03-48f6-8643-80811ca215cd
48a1d6cf-f08a-495d-a511-68654c7998ee,In Progress,1606e991-dc03-48f6-8643-80811ca215cd
0177559a-7e98-49d3-bf1d-30ee9fc88d71,Waiting,1606e991-dc03-48f6-8643-80811ca215cd
2b924237-91b7-4cfd-a4ac-1d80077a3910,Completed,1606e991-dc03-48f6-8643-80811ca215cd
85ebd0ca-c689-45fe-801a-64019f682a42,Ideas,0532495c-f14f-407b-b89d-c67c7e9ca65d
86bf7f71-77e3-4693-a211-745323cab7f3,Planning,0532495c-f14f-407b-b89d-c67c7e9ca65d
9f04b9c0-5a82-4a6e-9aeb-a496eca48cee,Assets,0532495c-f14f-407b-b89d-c67c7e9ca65d
eba3da5c-347a-4d53-ac24-622bb6a2c1c8,Scheduled,0532495c-f14f-407b-b89d-c67c7e9ca65d
a83f9f6e-7b7f-43d7-bd5b-de4b2f1ed112,Launched,0532495c-f14f-407b-b89d-c67c7e9ca65d
b926d1dc-057f-462a-b661-1133e35f7f37,Backlog,e6872aca-211c-4e17-acca-8970ef8abc44
8a4052f2-5065-430a-9d05-ac46d2859491,Sprint Backlog,e6872aca-211c-4e17-acca-8970ef8abc44
4f20e262-9d94-4bf0-8fd8-0ad93f0e5ca9,In Progress,e6872aca-211c-4e17-acca-8970ef8abc44
6fa02440-611d-4a26-b70f-95e8fd5d23a1,Review,e6872aca-211c-4e17-acca-8970ef8abc44
735edfac-2c1a-4f86-9c28-498ec546c7df,Done,e6872aca-211c-4e17-acca-8970ef8abc44
16e206df-4f12-4c03-9c56-1f792f3fc083,Backlog,a2e2ca51-d82d-4c63-8976-21e442414b53
60ecce8e-656d-4d14-9bbe-e356843c3f1d,Sprint Backlog,a2e2ca51-d82d-4c63-8976-21e442414b53
954a359b-8e8c-47ab-bc22-51f26b112671,In Progress,a2e2ca51-d82d-4c63-8976-21e442414b53
d0232b9e-3fb0-4185-bcd2-e07788e72383,Review,a2e2ca51-d82d-4c63-8976-21e442414b53
ba3f5138-fbf8-4484-9d1c-23d3f499601b,Done,a2e2ca51-d82d-4c63-8976-21e442414b53
42cd84d2-0f04-4321-baee-135138169e1f,Backlog,8d19bd64-16c4-4062-9096-d5e3be7a532d
265bf35e-198e-4f6e-b66d-701b7a62afb2,Sprint Backlog,8d19bd64-16c4-4062-9096-d5e3be7a532d
74f04501-af98-4ca1-9932-bba9e51cf09a,In Progress,8d19bd64-16c4-4062-9096-d5e3be7a532d
79d944d8-9917-43d1-bdea-f7541fcca372,Review,8d19bd64-16c4-4062-9096-d5e3be7a532d
cf2a1aa6-1c55-4fa5-b06c-a4b22399b3ad,Done,8d19bd64-16c4-4062-9096-d5e3be7a532d
c6cd8cd4-121d-4dc5-b517-26eb1a6494a1,Ideas,6c822efa-208a-4bf5-905e-96e62f53d812
2a02bd41-ba27-485a-9d3a-327245c8e99b,Planning,6c822efa-208a-4bf5-905e-96e62f53d812
8cdb3cd1-aa40-4a28-8d6e-681b2fc198fc,Assets,6c822efa-208a-4bf5-905e-96e62f53d812
cb31de68-27d0-4a25-913e-e113d47bda07,Scheduled,6c822efa-208a-4bf5-905e-96e62f53d812
833b265c-ee18-4809-be13-6e75c36ea696,Launched,6c822efa-208a-4bf5-905e-96e62f53d812
4ea85f3e-dac3-4c91-a5e7-ec3e98d4b7c5,Backlog,efa9c43f-1503-4cca-a448-6b1b9fefa636
957b09fe-41bc-4c1f-9b55-459b79b41e19,Sprint Backlog,efa9c43f-1503-4cca-a448-6b1b9fefa636
774a7da5-3966-4179-b402-681e1ea30c36,In Progress,efa9c43f-1503-4cca-a448-6b1b9fefa636
1ec53417-6dca-4f4d-84ad-5b7363e71fee,Review,efa9c43f-1503-4cca-a448-6b1b9fefa636
c52125b8-2d7d-406c-b7c6-839b47797fde,Done,efa9c43f-1503-4cca-a448-6b1b9fefa636
1afb7ee8-2b74-447b-aace-60cf00ca4004,To Do,e7ebb9e1-1aee-4993-866c-fe064bb59d22
41be0443-d510-449e-a14a-a6e0b8378ab6,In Progress,e7ebb9e1-1aee-4993-866c-fe064bb59d22
5b3a135d-0f2a-4182-ab0d-c23f33860398,Waiting,e7ebb9e1-1aee-4993-866c-fe064bb59d22
186216ad-1fb9-4032-a1bf-58a9c1e8578b,Completed,e7ebb9e1-1aee-4993-866c-fe064bb59d22
8c5c39a6-4455-4a04-ac40-21a355ebf1cb,To Do,6a0af047-05c7-44ee-ade6-9fc04db94208
0d4617c3-48a4-4d7d-bd87-9f4bb5f47076,In Progress,6a0af047-05c7-44ee-ade6-9fc04db94208
f4a52873-2dde-4a39-b254-2f751fe612ea,Waiting,6a0af047-05c7-44ee-ade6-9fc04db94208
73878382-dd17-4b63-ab5b-511df5a92c75,Completed,6a0af047-05c7-44ee-ade6-9fc04db94208
2885a61b-755b-4202-ac89-5fb0c29df2d9,Backlog,7e0360ef-854f-4c83-bdc8-2cef561fd7df
fcad1c84-74d3-416c-902a-dee37114f411,Sprint Backlog,7e0360ef-854f-4c83-bdc8-2cef561fd7df
824d83b1-40e9-4a9a-a093-918bab33025d,In Progress,7e0360ef-854f-4c83-bdc8-2cef561fd7df
49c147f7-21c2-476e-bbd7-c4c1806a3755,Review,7e0360ef-854f-4c83-bdc8-2cef561fd7df
0caee0d4-ac83-4f8e-b05f-8040700817d0,Done,7e0360ef-854f-4c83-bdc8-2cef561fd7df
d4f446a0-8f6b-4be4-8d14-630b0e392943,To Do,b1ac9e9b-3360-42bf-b96f-7bf41d9e3a46
6d65f7ba-6566-4e51-9542-e06f572fd795,In Progress,b1ac9e9b-3360-42bf-b96f-7bf41d9e3a46
f38dc9f0-fa64-4a47-bef5-8169405cf46a,Waiting,b1ac9e9b-3360-42bf-b96f-7bf41d9e3a46
e1058d93-a8f5-4099-8ab3-68fe8d811f55,Completed,b1ac9e9b-3360-42bf-b96f-7bf41d9e3a46
8d16f518-34b1-4d52-8a8c-eebe28cc2048,Ideas,f5675170-a893-481d-be78-0a0688f38369
2c8f6aff-9147-44b5-ad7e-2e9fbdf6cc16,Planning,f5675170-a893-481d-be78-0a0688f38369
99b62b39-42cb-4a6e-b033-13d75930c628,Assets,f5675170-a893-481d-be78-0a0688f38369
7382c057-96f2-4ed3-be91-faca96c5ceee,Scheduled,f5675170-a893-481d-be78-0a0688f38369
319e1544-44af-4cd2-b396-869dcb6c6897,Launched,f5675170-a893-481d-be78-0a0688f38369
a479e2c2-64a6-4bce-885e-5e68b6614e2f,To Do,064c95c0-a4a2-460d-8b15-57ea63c24d53
92f0eee4-b5ee-42d6-bdbe-22023c93f8cf,In Progress,064c95c0-a4a2-460d-8b15-57ea63c24d53
b8b63b84-9cfa-4800-b4c9-f34b72d38979,Waiting,064c95c0-a4a2-460d-8b15-57ea63c24d53
1e6dec05-5d1e-4d59-804a-bf41e96f4797,Completed,064c95c0-a4a2-460d-8b15-57ea63c24d53
4d0a9e10-837a-4a57-bcb9-232ca7c0ad3e,To Do,0eb5acaf-5dd2-459a-8075-3f3ded313077
e468e542-ef0d-44bc-a3ad-fee41a0a985e,In Progress,0eb5acaf-5dd2-459a-8075-3f3ded313077
9c65da0b-e9fb-4d1c-be59-2dd571007902,Waiting,0eb5acaf-5dd2-459a-8075-3f3ded313077
b993c7d0-f9a7-438f-ba0d-89a556888627,Completed,0eb5acaf-5dd2-459a-8075-3f3ded313077
382fe952-eddc-418d-a80e-4ad1e058ea01,Ideas,dea14caa-9fda-4865-bdce-53dce70d9e93
2fbdd505-a1b4-4d5a-bf89-eb81e744bd71,Planning,dea14caa-9fda-4865-bdce-53dce70d9e93
8e385e48-e8d6-4583-a499-644869b38427,Assets,dea14caa-9fda-4865-bdce-53dce70d9e93
d00f9682-c029-4465-8ea4-0fd39b6f6eb5,Scheduled,dea14caa-9fda-4865-bdce-53dce70d9e93
447bd956-4604-4406-8a5a-077f9e812e77,Launched,dea14caa-9fda-4865-bdce-53dce70d9e93
fe212066-0456-4c44-a784-44b443fd0b1b,To Do,2ad1c4a0-a9f2-4940-bf72-215cae657810
21c8ded9-1378-42e5-919b-8bf5958a0c62,In Progress,2ad1c4a0-a9f2-4940-bf72-215cae657810
7a96eb94-de76-47ac-b490-7c9ddcebec5f,Waiting,2ad1c4a0-a9f2-4940-bf72-215cae657810
84162f41-6ed7-4307-bfe6-b8282ae06213,Completed,2ad1c4a0-a9f2-4940-bf72-215cae657810
b54156ad-f233-42a0-b311-92e8a2b8851d,To Do,f8067df7-37d9-421c-bd2d-bd41f9a1bb28
bb5b5887-699f-417b-8817-8ee54b17c3c7,In Progress,f8067df7-37d9-421c-bd2d-bd41f9a1bb28
e1135ce8-1839-44bc-9968-17087aa76d04,Waiting,f8067df7-37d9-421c-bd2d-bd41f9a1bb28
a1d24a0b-6c24-42d1-a2f5-23d6d58d3737,Completed,f8067df7-37d9-421c-bd2d-bd41f9a1bb28
772d3e50-deaf-4ead-b588-d6a3762fe226,Backlog,b6e24dbd-77db-4cd1-97ec-a0d487d355b5
9074b00a-b111-4942-81a1-5b900c4d112a,Sprint Backlog,b6e24dbd-77db-4cd1-97ec-a0d487d355b5
a2a99629-3e28-41e2-825f-85824a28c70c,In Progress,b6e24dbd-77db-4cd1-97ec-a0d487d355b5
cfa6cb20-392f-4d69-8975-005cb1fe5c2c,Review,b6e24dbd-77db-4cd1-97ec-a0d487d355b5
d205974d-92c0-45c5-9dd4-2904ff1781f1,Done,b6e24dbd-77db-4cd1-97ec-a0d487d355b5
ab80a437-9500-463e-afe9-71e7af9591b1,Ideas,8f015772-c272-4132-9448-016ce6ac2584
4b38e3c4-8947-42d6-be2f-b0b6cd282d13,Planning,8f015772-c272-4132-9448-016ce6ac2584
316d080e-07ba-4c59-9c0c-dda4583d0847,Assets,8f015772-c272-4132-9448-016ce6ac2584
a89eaa62-e88c-448d-afa6-e775857a5701,Scheduled,8f015772-c272-4132-9448-016ce6ac2584
869e6150-af4e-4376-a458-e662d7922462,Launched,8f015772-c272-4132-9448-016ce6ac2584
2764ff50-4709-4dec-814d-9101acd975dd,Backlog,5160a2c8-4c85-48b5-bf09-f1fcc963bb57
e6480c64-0f55-4932-8d18-349facc8a16d,Sprint Backlog,5160a2c8-4c85-48b5-bf09-f1fcc963bb57
cbc3b2ea-f3ef-43e5-8802-1937a198ddba,In Progress,5160a2c8-4c85-48b5-bf09-f1fcc963bb57
7d986a0f-e535-420a-b899-4b421218c0e4,Review,5160a2c8-4c85-48b5-bf09-f1fcc963bb57
ac5c8c92-87dc-439d-b2a3-c0610e2ecdd8,Done,5160a2c8-4c85-48b5-bf09-f1fcc963bb57
1cbcdc83-3c46-4711-82ca-a7b135cfb778,Backlog,fe795829-8277-433a-a361-cd84b59fa8ed
97540188-9919-43b4-ad9f-a2cfc6c2474b,Sprint Backlog,fe795829-8277-433a-a361-cd84b59fa8ed
72f7a559-bf64-42cd-b2f4-1861ed1626ca,In Progress,fe795829-8277-433a-a361-cd84b59fa8ed
730cefdf-3ef9-4455-b895-6338671f0c20,Review,fe795829-8277-433a-a361-cd84b59fa8ed
0f7ac29c-0aa0-476f-ab01-5bbb3def3e1d,Done,fe795829-8277-433a-a361-cd84b59fa8ed
bf1e2e98-0df1-4a0a-aefc-506e7b3193d8,Backlog,16899a42-af25-41b9-aa7c-059cdde91d95
b59918c0-af87-48be-a0ab-d1f232173413,Sprint Backlog,16899a42-af25-41b9-aa7c-059cdde91d95
a6b3e83f-2864-4794-9bc7-f171ee0651eb,In Progress,16899a42-af25-41b9-aa7c-059cdde91d95
9fbbd8cd-e937-4fb8-96dd-87edc8cc4f8f,Review,16899a42-af25-41b9-aa7c-059cdde91d95
d5002e09-f2cf-4901-aa34-676cb93dbcd4,Done,16899a42-af25-41b9-aa7c-059cdde91d95
550bdb9f-31f7-45a3-a76f-cb4ce1ab1438,Ideas,0d612a33-cb19-4936-912c-b7e17f4214d1
7b0f09db-3d7e-43a6-9895-dc24ca9f4af7,Planning,0d612a33-cb19-4936-912c-b7e17f4214d1
f9063c4f-af5c-4afd-98bd-65d333040a0e,Assets,0d612a33-cb19-4936-912c-b7e17f4214d1
1bee491e-7800-4407-a1b2-4fec17031768,Scheduled,0d612a33-cb19-4936-912c-b7e17f4214d1
bc12ee7c-8d95-4504-a38b-e35f0ee2e183,Launched,0d612a33-cb19-4936-912c-b7e17f4214d1
46478cd4-1656-44a6-b7ad-c9efb6f3c4b5,Ideas,f0a2b0d0-177e-455b-8d9d-c62c81df175f
f7510de7-feae-49c2-b87c-cf3400bde948,Planning,f0a2b0d0-177e-455b-8d9d-c62c81df175f
eab1ed32-9791-477b-b671-c3f04caf5758,Assets,f0a2b0d0-177e-455b-8d9d-c62c81df175f
b14ead91-cfeb-47b5-afc9-a5d9426b1942,Scheduled,f0a2b0d0-177e-455b-8d9d-c62c81df175f
875db4ac-3cbd-4251-9b71-bd8a00dc81c4,Launched,f0a2b0d0-177e-455b-8d9d-c62c81df175f
72d65f5f-f273-49c0-a611-65b9c88a2422,Backlog,c42ceb0b-5d57-4f28-9ed2-2b6c987dbab9
d0c74f6a-9eb0-401e-a318-7c00b9426433,Sprint Backlog,c42ceb0b-5d57-4f28-9ed2-2b6c987dbab9
0177fa2f-5544-4430-92da-c29d48b90e43,In Progress,c42ceb0b-5d57-4f28-9ed2-2b6c987dbab9
b4d9a6d0-b717-4481-8782-479e2d516dfd,Review,c42ceb0b-5d57-4f28-9ed2-2b6c987dbab9
9b3c005b-e812-47be-929a-40fe4da42b16,Done,c42ceb0b-5d57-4f28-9ed2-2b6c987dbab9
8c5dd046-bf11-4815-a06e-4877e2c24214,To Do,d2f83635-dc4f-4738-92f0-bdde0246956c
3555b022-05a6-4029-b84f-2abcd1e4fedc,In Progress,d2f83635-dc4f-4738-92f0-bdde0246956c
a68913bd-0268-4fda-935e-adc564ec5dbb,Waiting,d2f83635-dc4f-4738-92f0-bdde0246956c
6e6c0dfc-4e99-43b6-ac95-780f6fef1fc8,Completed,d2f83635-dc4f-4738-92f0-bdde0246956c
b155a566-6514-4fd0-89d2-88ab313624ce,Backlog,464a3705-f75d-40a1-b712-0e199c325f26
00e1592a-9576-42a3-b843-68cae365bd81,Sprint Backlog,464a3705-f75d-40a1-b712-0e199c325f26
d7a83de5-23c5-4f56-a0b7-454b5b47b389,In Progress,464a3705-f75d-40a1-b712-0e199c325f26
5fd5c864-96a3-4f8a-b626-e168ebe6d37b,Review,464a3705-f75d-40a1-b712-0e199c325f26
813afd3b-8826-4466-bb66-893a19a1b36e,Done,464a3705-f75d-40a1-b712-0e199c325f26
185dc13d-be0e-49f4-8a1e-884285c03f11,To Do,ed02cf5e-2792-47e2-864c-e5d30b037bde
da05e97d-4a50-4188-9f73-adf7a0c68107,In Progress,ed02cf5e-2792-47e2-864c-e5d30b037bde
c3b3b571-102a-4b49-88c3-1be46ce71075,Waiting,ed02cf5e-2792-47e2-864c-e5d30b037bde
f7f807c6-4d14-464e-ac15-7892ba058e15,Completed,ed02cf5e-2792-47e2-864c-e5d30b037bde
3d9a3037-c125-4af4-ad2e-8300a3be3aef,Backlog,1940a7f1-3412-4c23-a73f-4b6d32b00d9d
12363c17-ac4b-4a5d-bd5c-0807aec9283e,Sprint Backlog,1940a7f1-3412-4c23-a73f-4b6d32b00d9d
7cd64be5-de30-4d3f-89d4-3fe75449be2e,In Progress,1940a7f1-3412-4c23-a73f-4b6d32b00d9d
932377df-b1f5-4207-94d7-488e08c15fce,Review,1940a7f1-3412-4c23-a73f-4b6d32b00d9d
e4ab4ae1-96a9-400e-909f-81bd4f4bc74d,Done,1940a7f1-3412-4c23-a73f-4b6d32b00d9d
43d51957-22ec-44cd-801a-1817e14556b9,Ideas,ae08ab37-0f94-436a-a1a9-fc2a880a9ca4
ac494e37-5b82-4b47-9623-a4706e2242e3,Planning,ae08ab37-0f94-436a-a1a9-fc2a880a9ca4
9b38367e-146e-4b88-ad4e-3c8554f3f32d,Assets,ae08ab37-0f94-436a-a1a9-fc2a880a9ca4
08ce79a2-35da-416b-9024-48081b52e38a,Scheduled,ae08ab37-0f94-436a-a1a9-fc2a880a9ca4
1a7b2946-4a71-42eb-9f3a-97eefeba853d,Launched,ae08ab37-0f94-436a-a1a9-fc2a880a9ca4
1140002c-2db3-4dd8-a48e-717e428dab6b,Backlog,1986356d-64c1-408b-bfa8-71b25162d360
834fa190-759b-4d30-af19-5798f6bff36b,Sprint Backlog,1986356d-64c1-408b-bfa8-71b25162d360
fa830462-7447-49ce-a5bb-ce64aebed88b,In Progress,1986356d-64c1-408b-bfa8-71b25162d360
ef4a7880-41bc-4165-b0f8-31419cdc0d47,Review,1986356d-64c1-408b-bfa8-71b25162d360
d0eadd2e-5501-467e-92c2-f7dfbaede972,Done,1986356d-64c1-408b-bfa8-71b25162d360
bdba931d-259a-478a-a529-f174d775bb65,Backlog,f29b6f06-977f-4e34-b8cd-792c6d2a3b06
9fb01653-f0f3-44ad-961d-d7939f48a27f,Sprint Backlog,f29b6f06-977f-4e34-b8cd-792c6d2a3b06
353d42b0-5e66-4718-a4b1-c0c00e90f97d,In Progress,f29b6f06-977f-4e34-b8cd-792c6d2a3b06
3eae2927-54f7-465f-8e28-6b6416e9ead9,Review,f29b6f06-977f-4e34-b8cd-792c6d2a3b06
4d1acc1f-a8b0-430a-91af-2af5e04a9e7f,Done,f29b6f06-977f-4e34-b8cd-792c6d2a3b06
888479d8-b509-4c21-8dcc-6323a4868b8d,Ideas,a36a471d-24b9-4e85-a4a7-3086cbf979bc
cb79e94d-a6da-4684-8fc8-d9c3b04406d6,Planning,a36a471d-24b9-4e85-a4a7-3086cbf979bc
06d6789b-5e85-4896-89a3-b43235cd217e,Assets,a36a471d-24b9-4e85-a4a7-3086cbf979bc
a8278f86-ba9d-4bb7-8dde-f8d8876f57ff,Scheduled,a36a471d-24b9-4e85-a4a7-3086cbf979bc
769d22f7-a75a-4f17-83cb-e566a5e8cdba,Launched,a36a471d-24b9-4e85-a4a7-3086cbf979bc
9af14b9a-afcd-4ead-aafe-b185c35a3d0c,Backlog,80ec0ae3-c27a-415b-a390-506599faa9e0
6d676707-e0e9-4ebb-a721-38eb205850f0,Sprint Backlog,80ec0ae3-c27a-415b-a390-506599faa9e0
6dfacfbf-f6cc-4331-9bfd-db8cf2c4f9af,In Progress,80ec0ae3-c27a-415b-a390-506599faa9e0
21a14b4a-4721-4f24-a0bc-92f169bfa7ff,Review,80ec0ae3-c27a-415b-a390-506599faa9e0
3163673c-9bfd-4a79-8f1c-21e0cb76e4cc,Done,80ec0ae3-c27a-415b-a390-506599faa9e0
a4b66740-eddc-4058-9770-c115b3888403,Ideas,095a0755-aba7-44f1-a16e-eab0ef0235a2
d9e3f299-5143-4f20-ae6d-fe770ba47eb8,Planning,095a0755-aba7-44f1-a16e-eab0ef0235a2
46ed85be-dcb4-4660-9701-cf7b2f2dcade,Assets,095a0755-aba7-44f1-a16e-eab0ef0235a2
0c5df45e-969e-4bd7-97c2-4412134a23a8,Scheduled,095a0755-aba7-44f1-a16e-eab0ef0235a2
31f2d784-46d2-41a0-9fe3-ac5e6413dcd2,Launched,095a0755-aba7-44f1-a16e-eab0ef0235a2
79c15ca0-afaa-4960-869e-e4b377c8b611,Ideas,bec92f3b-bf35-44be-bd0b-c3eaab044b59
9a36e613-33ed-424c-812d-6de79631a984,Planning,bec92f3b-bf35-44be-bd0b-c3eaab044b59
a129a881-366d-490a-8198-410f06d7fc85,Assets,bec92f3b-bf35-44be-bd0b-c3eaab044b59
94c4db7b-c8e9-4d71-a2b7-e2ac4c9daaf1,Scheduled,bec92f3b-bf35-44be-bd0b-c3eaab044b59
f2b5ab43-426a-45ed-bd9a-0ca0e8ea4048,Launched,bec92f3b-bf35-44be-bd0b-c3eaab044b59
21960cea-eee6-43d9-aed1-0a6e2a49d887,Backlog,507551b0-1898-4fdd-96c4-7b72a17fa957
d2226dc9-52f3-40cc-aa66-abdb2c1d2c4b,Sprint Backlog,507551b0-1898-4fdd-96c4-7b72a17fa957
3a23600f-0751-4502-80b4-190ce70090f9,In Progress,507551b0-1898-4fdd-96c4-7b72a17fa957
0a8b234a-e117-4c86-811b-7321a0a96bd3,Review,507551b0-1898-4fdd-96c4-7b72a17fa957
a0082c8c-66f3-48bd-92e9-c77f4ca95fd7,Done,507551b0-1898-4fdd-96c4-7b72a17fa957
24047f72-88a9-46bf-b2cc-392905f7a9f3,Ideas,c630f6a9-f520-4123-bea7-fd94483bc1bd
1ecc3355-21ab-4694-9b9d-98df105cd35c,Planning,c630f6a9-f520-4123-bea7-fd94483bc1bd
816174c7-1695-46f2-9535-9e0bf3b49730,Assets,c630f6a9-f520-4123-bea7-fd94483bc1bd
07d6de24-a74d-4e54-9c53-10143d941501,Scheduled,c630f6a9-f520-4123-bea7-fd94483bc1bd
bce38059-7577-4c57-ac8e-f580f9648fd0,Launched,c630f6a9-f520-4123-bea7-fd94483bc1bd
dc31f960-2849-4a89-ba55-7741627b76ab,Ideas,94c3b8b4-884e-4bb5-ba0b-e131753e2704
36b31d32-813a-452c-b9ea-7cdd19cc7708,Planning,94c3b8b4-884e-4bb5-ba0b-e131753e2704
58c8f819-f734-4cf4-9857-a57157aa73dd,Assets,94c3b8b4-884e-4bb5-ba0b-e131753e2704
1482f0c1-cb48-4cab-8d8a-c86d1f936a5a,Scheduled,94c3b8b4-884e-4bb5-ba0b-e131753e2704
5f4a809a-cfd9-4554-b2e8-35e1ae73136e,Launched,94c3b8b4-884e-4bb5-ba0b-e131753e2704
8c1be745-870d-4a6a-b9b8-7dda41f66f66,To Do,5e14c0fb-1903-4dac-b75d-5684a28e20d3
82fac719-d91a-4035-8f0a-a29a6d6e069f,In Progress,5e14c0fb-1903-4dac-b75d-5684a28e20d3
f4506259-0325-4bf7-9020-0913c8c69e9c,Waiting,5e14c0fb-1903-4dac-b75d-5684a28e20d3
d6dc9b89-e62e-43b3-a726-4059ccdf130e,Completed,5e14c0fb-1903-4dac-b75d-5684a28e20d3
4c80ebcc-b551-4386-88e6-90dff1afb02e,Backlog,eddd3c1a-1af4-4af3-80a1-4bc0bfb59b98
32b4291d-4080-4f35-b858-49895cd93a30,Sprint Backlog,eddd3c1a-1af4-4af3-80a1-4bc0bfb59b98
3bae1a03-505f-4577-a9f0-7cef9a606131,In Progress,eddd3c1a-1af4-4af3-80a1-4bc0bfb59b98
01c7abcf-d5fe-422f-9c2d-48250298286d,Review,eddd3c1a-1af4-4af3-80a1-4bc0bfb59b98
57e0f1ba-fceb-40bb-8534-881b6535f001,Done,eddd3c1a-1af4-4af3-80a1-4bc0bfb59b98
0383eeb3-ed34-48d6-acab-7a9cf95ec25a,To Do,b0158404-275c-41be-8881-a4f3e9721d9f
214848d7-b81c-4a83-9e18-f6b64cbfeff0,In Progress,b0158404-275c-41be-8881-a4f3e9721d9f
5c15f668-b5e0-4ab4-8f43-169efa4bc4ae,Waiting,b0158404-275c-41be-8881-a4f3e9721d9f
516b9d64-5e33-4833-b171-eec94df6e58f,Completed,b0158404-275c-41be-8881-a4f3e9721d9f
25e8028f-cb2a-4643-856c-6e8bf093344e,Backlog,4f079415-2474-48eb-95d2-b4d13c5c2352
1d88819c-0c3d-4a44-9de8-0b37276d57bb,Sprint Backlog,4f079415-2474-48eb-95d2-b4d13c5c2352
b94bb5b3-b629-4ac3-a3f1-7c65b49d3522,In Progress,4f079415-2474-48eb-95d2-b4d13c5c2352
9bf80e4d-5002-433e-b7a4-1867828f5a60,Review,4f079415-2474-48eb-95d2-b4d13c5c2352
9b825459-922c-4194-9286-0ace6e9ce731,Done,4f079415-2474-48eb-95d2-b4d13c5c2352
891f8dbb-e7f3-4208-be3b-4c1bfd4e005a,Ideas,4649a1ea-5e48-49ee-893c-70e42ea3e54d
12145191-bbee-4eb4-997b-40f89bac059a,Planning,4649a1ea-5e48-49ee-893c-70e42ea3e54d
133602f6-748b-488b-a3e5-0d84aef6c61c,Assets,4649a1ea-5e48-49ee-893c-70e42ea3e54d
359340ca-0b3c-40bb-b516-3b9a57039c4b,Scheduled,4649a1ea-5e48-49ee-893c-70e42ea3e54d
9840ba3f-ff9f-4723-8de6-3f3249bfa7ad,Launched,4649a1ea-5e48-49ee-893c-70e42ea3e54d
f0635da4-996f-437c-b61a-31437f696c38,To Do,6a9af356-d139-4349-958f-892948858e0c
389d2ce9-3b30-4ae3-b9d4-e238832f3e1c,In Progress,6a9af356-d139-4349-958f-892948858e0c
ce492825-427a-422a-963a-24bc4ad5bc5c,Waiting,6a9af356-d139-4349-958f-892948858e0c
5daf2c71-76f9-4920-b52b-5fdc2a18cb6c,Completed,6a9af356-d139-4349-958f-892948858e0c
ebcb12d3-4970-4049-9574-9ad1e916e2de,To Do,3a0d4469-330e-4b7a-8ad3-89023cd74d1f
4e2f58fc-5ad3-4168-865e-9292cf23740b,In Progress,3a0d4469-330e-4b7a-8ad3-89023cd74d1f
bd1f317d-117e-459a-9539-43147637fc00,Waiting,3a0d4469-330e-4b7a-8ad3-89023cd74d1f
4c412bc6-d076-461b-bfb0-7017665e8e6c,Completed,3a0d4469-330e-4b7a-8ad3-89023cd74d1f
b58dbb39-cac5-473d-97c9-90a4010ac563,Backlog,60623a8c-d21b-42a2-b2ab-5b96646501f0
1bbf2928-fc9f-4256-a5a4-1c17ded3d41a,Sprint Backlog,60623a8c-d21b-42a2-b2ab-5b96646501f0
27a8d6fb-83fe-4f04-9371-94ab928b24c9,In Progress,60623a8c-d21b-42a2-b2ab-5b96646501f0
bcb9f55b-902f-4594-b56a-0887d7102c71,Review,60623a8c-d21b-42a2-b2ab-5b96646501f0
8201059e-f407-4b8d-b74a-5d1e02d6cc36,Done,60623a8c-d21b-42a2-b2ab-5b96646501f0
57550a13-8f51-4b6c-9335-10bdc524d8f6,Backlog,9670d125-d7a1-4862-8d72-089b1bd43768
4d020421-ec17-4a50-9c70-5f8a87e7cfac,Sprint Backlog,9670d125-d7a1-4862-8d72-089b1bd43768
417121ae-b80d-4a92-9db0-8f811df9bbaf,In Progress,9670d125-d7a1-4862-8d72-089b1bd43768
c9812a19-d4d0-4e35-81a0-668701d8b676,Review,9670d125-d7a1-4862-8d72-089b1bd43768
8d8cdf3b-8a72-4e94-96a8-d007a4bf5071,Done,9670d125-d7a1-4862-8d72-089b1bd43768
ab972d6a-93f1-4675-8f66-ca9c89144d7f,Backlog,c32f379e-26f7-46ff-a133-0886f8b96cfc
372b4c80-1f79-4ee0-a10b-5236d1889cd6,Sprint Backlog,c32f379e-26f7-46ff-a133-0886f8b96cfc
9bd38251-6321-4698-9a20-0132f84e53a9,In Progress,c32f379e-26f7-46ff-a133-0886f8b96cfc
d5245932-4014-4b05-b86f-ef83886e70a1,Review,c32f379e-26f7-46ff-a133-0886f8b96cfc
4372e394-568c-4c4e-8112-786606047686,Done,c32f379e-26f7-46ff-a133-0886f8b96cfc
793e1e85-a6f9-435e-817a-01226f409bc0,Ideas,8519a432-0a2d-4fd7-9e29-fccf8de7fb7e
a5653339-f395-49d2-ae60-2cb0d26d3dff,Planning,8519a432-0a2d-4fd7-9e29-fccf8de7fb7e
b5091704-6ed2-4bb9-b281-fe6ef039dad8,Assets,8519a432-0a2d-4fd7-9e29-fccf8de7fb7e
60249801-06c9-497b-882b-bec5594ee68b,Scheduled,8519a432-0a2d-4fd7-9e29-fccf8de7fb7e
5b3ac939-9fc6-4ff1-aa1b-69149b7bc911,Launched,8519a432-0a2d-4fd7-9e29-fccf8de7fb7e
737c3336-5abf-4220-b8cb-3ad1f0ac2c29,Ideas,1e018f9e-66c7-4d20-8c7f-1906db9bec69
c4771bb1-f18d-4a5b-9efc-fedd224a469b,Planning,1e018f9e-66c7-4d20-8c7f-1906db9bec69
24e40c58-5e7f-405d-8304-ae98c4d878c7,Assets,1e018f9e-66c7-4d20-8c7f-1906db9bec69
4fb8841c-435e-4764-a9f2-b79268905b4e,Scheduled,1e018f9e-66c7-4d20-8c7f-1906db9bec69
dc523df7-ec7c-4e08-a5a6-875f7d89ffec,Launched,1e018f9e-66c7-4d20-8c7f-1906db9bec69
f9cbb28f-ca79-4e7e-ac49-62a7858d6074,Backlog,711f8f41-fe77-454d-94bf-82cea861091a
26917b73-368c-4c50-95c0-eb1fba1edc67,Sprint Backlog,711f8f41-fe77-454d-94bf-82cea861091a
577cbfd7-9de5-42b5-a6d6-837851f93d03,In Progress,711f8f41-fe77-454d-94bf-82cea861091a
e63603bf-d68c-4525-85a3-0411ac776614,Review,711f8f41-fe77-454d-94bf-82cea861091a
77356043-c3fb-4705-911a-261600b1d293,Done,711f8f41-fe77-454d-94bf-82cea861091a
dedf0b83-95a7-47d3-8ddf-d947a94a5ed3,Backlog,2b39e2d2-99fc-48ba-a641-7e4ac3b41c9b
0dceaeae-53c7-4e7a-892d-f19dd8e4f08a,Sprint Backlog,2b39e2d2-99fc-48ba-a641-7e4ac3b41c9b
603dc28f-c778-4100-86ec-574149230532,In Progress,2b39e2d2-99fc-48ba-a641-7e4ac3b41c9b
88226eb3-1d8d-48c1-af15-c5c8ae8bb354,Review,2b39e2d2-99fc-48ba-a641-7e4ac3b41c9b
54b6adba-e65d-4755-b46e-6a82777c191e,Done,2b39e2d2-99fc-48ba-a641-7e4ac3b41c9b
40139719-9a84-4164-93a0-deeb30d4df24,Backlog,32c84a41-b775-4963-aa85-9ee1c255d32f
6e86e456-22fd-4d5f-899e-114a4ddd2a43,Sprint Backlog,32c84a41-b775-4963-aa85-9ee1c255d32f
18670e85-dec7-4e8f-acf0-029ec60d9920,In Progress,32c84a41-b775-4963-aa85-9ee1c255d32f
4787adce-20ad-4917-aeac-06be5ddc81a9,Review,32c84a41-b775-4963-aa85-9ee1c255d32f
8932d060-64bb-499e-9a13-e5d001b38eb5,Done,32c84a41-b775-4963-aa85-9ee1c255d32f
92b1c82e-1dbe-433d-ba9c-617c3ea5b95e,Ideas,735bf434-a345-46bd-b81c-5f45c27629bc
362b03c5-9457-441e-8dae-bea2427dee81,Planning,735bf434-a345-46bd-b81c-5f45c27629bc
c9fd3897-3513-4fb0-b7a5-c3afd60f8f22,Assets,735bf434-a345-46bd-b81c-5f45c27629bc
17a609db-55c4-4a19-b1c6-062ae6b13670,Scheduled,735bf434-a345-46bd-b81c-5f45c27629bc
72e49102-00a7-443e-9904-a86674f95937,Launched,735bf434-a345-46bd-b81c-5f45c27629bc
b9f862b8-76ce-4b06-b088-87786c382b4e,Backlog,162ba8a0-42bd-419b-bf86-9e2121908f0a
06379d34-e9ed-477f-b7af-fea201aa9d6f,Sprint Backlog,162ba8a0-42bd-419b-bf86-9e2121908f0a
179e177d-e9b8-4f77-a265-0134bf9b4628,In Progress,162ba8a0-42bd-419b-bf86-9e2121908f0a
254b1516-fbff-493e-bdec-06d4d48b301e,Review,162ba8a0-42bd-419b-bf86-9e2121908f0a
942bc86c-de6b-4b96-ba32-44dc7bd491d7,Done,162ba8a0-42bd-419b-bf86-9e2121908f0a
8d9404cc-7f00-4325-84ac-61d8692e656a,Backlog,65fdc553-4a27-4cdd-b932-fcfe2c456f6c
979dc0a8-aee1-419d-8df8-44d22f6ed078,Sprint Backlog,65fdc553-4a27-4cdd-b932-fcfe2c456f6c
db812871-c23a-4bcf-9854-c5a444487004,In Progress,65fdc553-4a27-4cdd-b932-fcfe2c456f6c
04ed109c-18cd-4d65-ba67-4a610cb31264,Review,65fdc553-4a27-4cdd-b932-fcfe2c456f6c
1016dbbb-bc21-450e-8407-749fa9dac465,Done,65fdc553-4a27-4cdd-b932-fcfe2c456f6c
f1af0f8f-7680-44fb-9749-47703e5d529c,Backlog,3efc1922-002c-4710-8bed-f779c0ac17bb
3d5dec66-0646-4099-b752-7f7bec8b906e,Sprint Backlog,3efc1922-002c-4710-8bed-f779c0ac17bb
adff56ca-175c-4dda-bea4-39d527fd8bb9,In Progress,3efc1922-002c-4710-8bed-f779c0ac17bb
417419ff-13ae-404a-80d3-cab8846473ef,Review,3efc1922-002c-4710-8bed-f779c0ac17bb
1b6f868b-48b1-407a-bec5-3ae0f7cf2f04,Done,3efc1922-002c-4710-8bed-f779c0ac17bb
c6f3f669-12df-405a-8e44-1a0264d4ed04,Ideas,29ac1bd5-de4d-4c9c-a887-608e9687e366
6142ae7b-cf04-4020-a5ff-5384d0c3678e,Planning,29ac1bd5-de4d-4c9c-a887-608e9687e366
905fc121-5ca9-493d-8b15-6c6f54eda1b7,Assets,29ac1bd5-de4d-4c9c-a887-608e9687e366
c5eef47d-39dc-43d5-9ba8-f370a8591187,Scheduled,29ac1bd5-de4d-4c9c-a887-608e9687e366
a1b36f7d-a92b-4755-a7ea-2c27f16ed54c,Launched,29ac1bd5-de4d-4c9c-a887-608e9687e366
143d2fe7-b669-4711-baca-74c10e82f00d,Ideas,5daa2dc5-6a8e-494b-8e40-2114f3a669ee
a8e1dbfa-72f1-465d-8b8d-317220129d99,Planning,5daa2dc5-6a8e-494b-8e40-2114f3a669ee
859664ed-cc0f-4e26-a0f0-1a762d37ce0d,Assets,5daa2dc5-6a8e-494b-8e40-2114f3a669ee
a835f030-0baa-4aac-8465-a1e5942333da,Scheduled,5daa2dc5-6a8e-494b-8e40-2114f3a669ee
69d958ab-64e1-4572-bf94-5028d45090ab,Launched,5daa2dc5-6a8e-494b-8e40-2114f3a669ee
315c9bee-f8bb-4375-8094-7402ed0171bf,To Do,e519ca30-1f43-462f-ba46-cd2d3cd5b6df
b538f5d1-d7b4-421d-845f-f4650cf4a48c,In Progress,e519ca30-1f43-462f-ba46-cd2d3cd5b6df
104735e9-d651-42c3-ad39-9d0bdead53c3,Waiting,e519ca30-1f43-462f-ba46-cd2d3cd5b6df
1a469893-0ac0-4ed9-b02b-34e8d180d780,Completed,e519ca30-1f43-462f-ba46-cd2d3cd5b6df
88a9d950-e81e-42c5-b921-d06f7a32dcc3,Ideas,709856ac-a164-49d5-8277-9bc5cfad5adf
c96b811b-3c4f-4f27-b3bc-1f5611aa4ec0,Planning,709856ac-a164-49d5-8277-9bc5cfad5adf
53271c85-0a5e-429c-8833-c04537891368,Assets,709856ac-a164-49d5-8277-9bc5cfad5adf
aa3f8309-8b60-4bd9-b1b6-678f4a32ad9d,Scheduled,709856ac-a164-49d5-8277-9bc5cfad5adf
84923751-84c7-4552-9230-c89e503af332,Launched,709856ac-a164-49d5-8277-9bc5cfad5adf
2d884da2-6e7a-4299-9b21-dce07fe6321e,To Do,3d6854cf-cef1-42f2-80bb-d24993a565bc
34f941ad-8a40-4430-92d0-b0787ff74d8d,In Progress,3d6854cf-cef1-42f2-80bb-d24993a565bc
6cb3d4e1-8208-42c5-9592-1d966dcb68e5,Waiting,3d6854cf-cef1-42f2-80bb-d24993a565bc
7ecacdb5-6af1-4fdc-a094-a1547381e0d3,Completed,3d6854cf-cef1-42f2-80bb-d24993a565bc
301ca5f1-4471-4210-8047-4fc36da107e8,Backlog,d21549e2-c358-4da6-b16c-509cbbd8be0f
14a96f03-aa6d-42cb-8706-57966a71b1be,Sprint Backlog,d21549e2-c358-4da6-b16c-509cbbd8be0f
2d01744a-2c7c-434e-9afa-ab2c292b2af1,In Progress,d21549e2-c358-4da6-b16c-509cbbd8be0f
baf73a2f-b5f7-4c41-b61f-2ecaa88eecb9,Review,d21549e2-c358-4da6-b16c-509cbbd8be0f
621dcd63-6edb-4e59-a54f-99d265f81111,Done,d21549e2-c358-4da6-b16c-509cbbd8be0f
2a810e5e-e8ad-4a90-b42c-424b6aa86e6b,To Do,67266ffb-b9f4-42f2-9c9e-c2e17c80b5a8
46340c48-276e-4f43-a80a-08f6c9e39f6d,In Progress,67266ffb-b9f4-42f2-9c9e-c2e17c80b5a8
baef922e-756b-47a4-aac2-4e160950c30f,Waiting,67266ffb-b9f4-42f2-9c9e-c2e17c80b5a8
28c9f862-72f1-4b80-ab95-9ded855eb9f1,Completed,67266ffb-b9f4-42f2-9c9e-c2e17c80b5a8
2a9be5d7-aeda-44b7-ac63-a2d3e3df7b86,Backlog,7ffe593d-b440-4aeb-89da-8046b9b193a4
d7e90a1d-916c-417d-8712-7a70acd2c94e,Sprint Backlog,7ffe593d-b440-4aeb-89da-8046b9b193a4
04083847-7732-43b8-90af-4e747b7c837c,In Progress,7ffe593d-b440-4aeb-89da-8046b9b193a4
95ed5cf0-aa5e-454c-8f34-bf8bef7666c3,Review,7ffe593d-b440-4aeb-89da-8046b9b193a4
b5a24277-e1fe-4da5-93a1-560cf10c2b97,Done,7ffe593d-b440-4aeb-89da-8046b9b193a4
b530c5a3-ed13-4a2e-8679-2ea2f21a80dc,Backlog,56cc6e5f-6c0a-48ca-8d7b-4655410538e5
9f5e59d3-ff1b-417e-b4e1-0b92fefc01e8,Sprint Backlog,56cc6e5f-6c0a-48ca-8d7b-4655410538e5
742010aa-7d8a-4863-b8b6-18b4ab8c9cc7,In Progress,56cc6e5f-6c0a-48ca-8d7b-4655410538e5
48251267-0a6c-4dab-8c5e-33707f7f4488,Review,56cc6e5f-6c0a-48ca-8d7b-4655410538e5
4cb0af07-4a70-45fa-ba4c-3cc001b095ba,Done,56cc6e5f-6c0a-48ca-8d7b-4655410538e5
9f7a55fb-4ae2-4eb2-b662-a2b973bb4aa4,Ideas,08f9d44a-86f5-48b5-8935-7a2de76ca62e
2621a039-e3da-4146-bbba-fea60cf2c713,Planning,08f9d44a-86f5-48b5-8935-7a2de76ca62e
9f7096f3-f4a3-4730-9bc2-52f80af22d6a,Assets,08f9d44a-86f5-48b5-8935-7a2de76ca62e
e559412b-c7b8-4cb7-a257-828a7faf0e1c,Scheduled,08f9d44a-86f5-48b5-8935-7a2de76ca62e
b28dd4ae-0d06-44f9-a013-0a1fdbbbfa8b,Launched,08f9d44a-86f5-48b5-8935-7a2de76ca62e
71ed8373-4221-4736-baf3-657561f2752e,To Do,62b6060e-24b2-4457-80f6-3ffc4869d1d3
dbdedaaf-3482-466a-a50a-4b6ad5a82a93,In Progress,62b6060e-24b2-4457-80f6-3ffc4869d1d3
7b0a88b9-bc8c-4778-b153-540efe506ad0,Waiting,62b6060e-24b2-4457-80f6-3ffc4869d1d3
18f760ff-d8d6-41a5-9cfc-ffe95f6139f3,Completed,62b6060e-24b2-4457-80f6-3ffc4869d1d3
33cd4b09-e3fd-403f-a803-4128d30dbe17,Ideas,7cee4f77-abf6-4f8f-b3ee-3bb3dfce0373
a71a9754-ed93-4dc1-8e07-60a1be0d3b48,Planning,7cee4f77-abf6-4f8f-b3ee-3bb3dfce0373
53e9afc3-3e04-4460-9584-c29636243280,Assets,7cee4f77-abf6-4f8f-b3ee-3bb3dfce0373
b18a44f5-d15f-4541-88b3-57d7395fad58,Scheduled,7cee4f77-abf6-4f8f-b3ee-3bb3dfce0373
8a9edd2c-8e35-4ad7-b375-9b69be4f0b1b,Launched,7cee4f77-abf6-4f8f-b3ee-3bb3dfce0373
0fff0db8-d05a-4e01-8fec-457fab34ffc6,Ideas,34151545-2bc1-4abd-b23b-1aa3cf42d24a
e2710dfb-463b-4e86-922d-63af49d95dbf,Planning,34151545-2bc1-4abd-b23b-1aa3cf42d24a
4ce1a6e6-fa11-457b-b9d8-27b9530e94f8,Assets,34151545-2bc1-4abd-b23b-1aa3cf42d24a
bc32b1ec-a76b-4a51-a2e7-81a53e3cb052,Scheduled,34151545-2bc1-4abd-b23b-1aa3cf42d24a
ae637bbf-9885-41fc-ad8d-45ed38f88f9f,Launched,34151545-2bc1-4abd-b23b-1aa3cf42d24a
46a50f7d-ca4c-4789-b53c-49073dd93efb,To Do,5665074a-21a2-4b04-9722-cc49f13880a9
d1794367-47cd-482a-b743-14c39c799c32,In Progress,5665074a-21a2-4b04-9722-cc49f13880a9
f16df7d2-461d-4c7c-a989-18683a60a0cd,Waiting,5665074a-21a2-4b04-9722-cc49f13880a9
8c264233-7230-4a0e-8004-3d4b919e6f7b,Completed,5665074a-21a2-4b04-9722-cc49f13880a9
cf756314-63ae-418b-abd7-c7cc2d98ce1c,Ideas,96eec227-28e6-45de-b017-951cde5d5fb0
8807c8b9-2785-4dd4-b40e-483173b31385,Planning,96eec227-28e6-45de-b017-951cde5d5fb0
db302455-f813-4058-8080-d6a7af74ff5b,Assets,96eec227-28e6-45de-b017-951cde5d5fb0
a7eb79ed-a430-431e-8d11-0269f98f492d,Scheduled,96eec227-28e6-45de-b017-951cde5d5fb0
054c3013-5222-4632-bc06-5089be6789d5,Launched,96eec227-28e6-45de-b017-951cde5d5fb0
35804822-9171-41c5-80f9-7afdf4145ba6,Ideas,97119077-9884-470e-925c-de12b2deefaa
f2848e4c-b5b4-481c-923e-24107752aac6,Planning,97119077-9884-470e-925c-de12b2deefaa
30c6de17-cd20-44d4-8bf8-0cdfd4e5963b,Assets,97119077-9884-470e-925c-de12b2deefaa
d3a7d994-d964-4230-9921-69f495b90372,Scheduled,97119077-9884-470e-925c-de12b2deefaa
d73b6a77-f55b-4336-a6e9-a147dd575e41,Launched,97119077-9884-470e-925c-de12b2deefaa
2410ee0c-adb4-4afb-a9de-69eccecec86d,Backlog,1a531b4b-e892-4d57-8833-04fa62fdbf6f
51ebd4ff-f37a-4c9c-b254-3a3be937aad8,Sprint Backlog,1a531b4b-e892-4d57-8833-04fa62fdbf6f
b341a8b4-0af5-4d19-95d7-2966a070d12a,In Progress,1a531b4b-e892-4d57-8833-04fa62fdbf6f
74884183-6759-45a7-8c3e-04858f253ed5,Review,1a531b4b-e892-4d57-8833-04fa62fdbf6f
0d4d4be8-bc5e-4a2a-9139-a1ca93975e82,Done,1a531b4b-e892-4d57-8833-04fa62fdbf6f
8c0db1b2-d217-48d4-8784-a3691b322686,To Do,0925b773-508f-4dba-8538-4374a79e71b7
1358e1b1-6ff1-4c44-ba4a-87048cf7a208,In Progress,0925b773-508f-4dba-8538-4374a79e71b7
57a44e59-218c-4217-9b1d-a828abf0aa62,Waiting,0925b773-508f-4dba-8538-4374a79e71b7
2159482a-7a6f-458f-a46e-50eb787675fe,Completed,0925b773-508f-4dba-8538-4374a79e71b7
f899810f-2254-45d9-81f3-4cf33562e919,Backlog,c0ee8f5c-c11a-4629-a48d-6b761404650d
9b5a8596-5253-4ae8-b807-0571bffd2382,Sprint Backlog,c0ee8f5c-c11a-4629-a48d-6b761404650d
d62ab7cf-f429-4ee9-a77a-1dacf59f6840,In Progress,c0ee8f5c-c11a-4629-a48d-6b761404650d
a41d82c3-f114-482e-976f-81c314c83de3,Review,c0ee8f5c-c11a-4629-a48d-6b761404650d
e6f85d10-cdbd-476a-9549-b287994f9178,Done,c0ee8f5c-c11a-4629-a48d-6b761404650d
3cc82ac9-2751-46e1-afbe-096754c8aed1,Backlog,ef45293b-82a9-455f-8514-2aa59e79f35a
62313530-2cfa-4954-9b20-c24759c5e58c,Sprint Backlog,ef45293b-82a9-455f-8514-2aa59e79f35a
011b78e0-0155-4199-9fd3-0ece12a27541,In Progress,ef45293b-82a9-455f-8514-2aa59e79f35a
3e8aba89-a8db-4f4f-ac70-040a71558ce7,Review,ef45293b-82a9-455f-8514-2aa59e79f35a
9a727b64-05de-4efc-adf4-0b5e2a9ea68c,Done,ef45293b-82a9-455f-8514-2aa59e79f35a
6d6b0169-79e6-4607-9b27-027ef30f629e,Ideas,32000c85-f394-49d8-839f-7d09f00c6aa7
2a140d3f-de6b-4ccd-a8f0-d9ec667f32a2,Planning,32000c85-f394-49d8-839f-7d09f00c6aa7
59913e74-bb6d-470c-9915-31fcb0f5e4d5,Assets,32000c85-f394-49d8-839f-7d09f00c6aa7
d3638f34-f701-45a3-acfe-5f7679b5716a,Scheduled,32000c85-f394-49d8-839f-7d09f00c6aa7
bbd6f9e1-b267-466f-a90a-35c34f876fb2,Launched,32000c85-f394-49d8-839f-7d09f00c6aa7
ffef0e69-94bf-49f7-9a47-f7deeae83f9f,Ideas,be5faaee-56e7-42d5-a688-579e15453a34
0e8fb97c-c740-4471-8cbf-de24950a109b,Planning,be5faaee-56e7-42d5-a688-579e15453a34
91a4119c-854e-4ecf-9d91-985d9f6fe5a8,Assets,be5faaee-56e7-42d5-a688-579e15453a34
eea783ae-e29b-4c0c-9f58-5e8938578b89,Scheduled,be5faaee-56e7-42d5-a688-579e15453a34
871f9e24-7bf8-417a-8f24-abf2d6042014,Launched,be5faaee-56e7-42d5-a688-579e15453a34
7bda0078-16d9-410c-8774-89cee8cc52f8,Backlog,4998b24e-d1db-4f9d-8911-a1a29f175983
84e68265-b196-489e-9c05-3c0578e90b66,Sprint Backlog,4998b24e-d1db-4f9d-8911-a1a29f175983
a3c14f61-9d9a-4166-9d8a-e783d32c72bf,In Progress,4998b24e-d1db-4f9d-8911-a1a29f175983
07fe669e-d276-474f-8b99-beacbcd388f3,Review,4998b24e-d1db-4f9d-8911-a1a29f175983
e11c370d-9ce4-4121-8ca0-725d63818db1,Done,4998b24e-d1db-4f9d-8911-a1a29f175983
1cfd4984-5468-4806-948f-ff3c042c47ea,Ideas,d280b12c-1f9d-4cce-8d87-4a0f922b7f9d
f694f50b-ba38-4c79-9663-c84bf4cb35fd,Planning,d280b12c-1f9d-4cce-8d87-4a0f922b7f9d
f6041b6b-388e-4245-9533-3250b3e6e3bd,Assets,d280b12c-1f9d-4cce-8d87-4a0f922b7f9d
80e6bb76-e952-4466-8bdd-b8631a6127ba,Scheduled,d280b12c-1f9d-4cce-8d87-4a0f922b7f9d
ed244c23-71ed-445b-b6cd-fee5631934fc,Launched,d280b12c-1f9d-4cce-8d87-4a0f922b7f9d
44f08f6b-23b8-41e1-9372-2e7d663f83fd,To Do,3347402d-1125-4fee-81ea-0637a6f4f8b2
71b8a00e-e2cd-4aad-9d54-201c0cc686ba,In Progress,3347402d-1125-4fee-81ea-0637a6f4f8b2
0917aea9-09b7-4c56-a30a-8805e077b2a3,Waiting,3347402d-1125-4fee-81ea-0637a6f4f8b2
8df58d10-6a61-474f-bcd9-07a4bb2a7176,Completed,3347402d-1125-4fee-81ea-0637a6f4f8b2
376e2b1a-e34c-4acd-af28-dd28b889607d,Ideas,95844a02-1a45-4a24-bb38-e487760c9092
d1bf7cb2-4310-4c03-9123-e940fa2f43d7,Planning,95844a02-1a45-4a24-bb38-e487760c9092
624ae3d8-7386-4500-9b15-96a586866b67,Assets,95844a02-1a45-4a24-bb38-e487760c9092
426ffed6-b85b-4fb2-8eb4-21c48d77364f,Scheduled,95844a02-1a45-4a24-bb38-e487760c9092
12a0d267-0f9b-4531-80e4-52bd3d0b376a,Launched,95844a02-1a45-4a24-bb38-e487760c9092
e83a85f2-c04a-4a90-b197-bf7f634196fa,To Do,a10cc0f7-747b-4c5a-aace-cbe151323e1e
c7e13ea6-ec94-4bb5-80d8-8a0b04d19988,In Progress,a10cc0f7-747b-4c5a-aace-cbe151323e1e
1be4a870-7673-4cc7-9539-f052f6e461d7,Waiting,a10cc0f7-747b-4c5a-aace-cbe151323e1e
4f71a297-0355-472c-a02b-e158daa083fb,Completed,a10cc0f7-747b-4c5a-aace-cbe151323e1e
65bbe331-f4d0-4f89-8e5e-b4b203ade2fa,To Do,8de7836f-2bcf-46f3-a3e4-224c362f240d
359aeb1a-d5af-4d0a-9658-bcc58720f4d2,In Progress,8de7836f-2bcf-46f3-a3e4-224c362f240d
8b002250-e814-447d-a300-bb531b83d2fb,Waiting,8de7836f-2bcf-46f3-a3e4-224c362f240d
02b4a768-dd2f-4add-9815-0f22197fc6d0,Completed,8de7836f-2bcf-46f3-a3e4-224c362f240d
102922a6-c33f-450d-be36-204d5b2d75de,Ideas,ec17113a-2bab-48c2-9835-87024f4a7f0e
cf6250b0-52a2-4c9d-a703-37bece95b3e0,Planning,ec17113a-2bab-48c2-9835-87024f4a7f0e
b6c7495f-1ff9-4f13-8d33-52f0f8d0a98e,Assets,ec17113a-2bab-48c2-9835-87024f4a7f0e
83f72990-c2f1-4090-9da6-484bfaec268a,Scheduled,ec17113a-2bab-48c2-9835-87024f4a7f0e
15028629-be69-4da3-9189-817c37e8ed59,Launched,ec17113a-2bab-48c2-9835-87024f4a7f0e
41605740-d801-4381-9083-da2f775c5a79,Backlog,8342cd6a-0791-461a-a2cf-0313051a814e
c43dddac-6a90-4c82-83dc-5421730ced4d,Sprint Backlog,8342cd6a-0791-461a-a2cf-0313051a814e
7890931c-1e7f-4116-935c-8adb25cbb370,In Progress,8342cd6a-0791-461a-a2cf-0313051a814e
382254e9-c050-4d75-9bc5-190002a1d7f7,Review,8342cd6a-0791-461a-a2cf-0313051a814e
445b1ad8-c7d5-4f36-8cc3-329d1e73568a,Done,8342cd6a-0791-461a-a2cf-0313051a814e
7104d85f-0a4e-49f2-b683-c959ea0909ee,Backlog,4cf53e43-3d9e-4862-a525-91ea02bdeafc
90d049dc-c89b-413c-a49a-f6e5451263e8,Sprint Backlog,4cf53e43-3d9e-4862-a525-91ea02bdeafc
729d9f92-6346-44a3-a174-237c8c9f0791,In Progress,4cf53e43-3d9e-4862-a525-91ea02bdeafc
8137f553-1952-4e90-a342-c6706ce5c425,Review,4cf53e43-3d9e-4862-a525-91ea02bdeafc
0caa6c49-d256-4be7-83a5-7bfb8a33b5bb,Done,4cf53e43-3d9e-4862-a525-91ea02bdeafc
1708c2ba-a21f-4478-8b6e-566bc61028bc,To Do,48f85f80-4caa-4903-aaf0-dfc8f29b4c64
6c091847-3348-4cde-9222-0db7cda91c1a,In Progress,48f85f80-4caa-4903-aaf0-dfc8f29b4c64
c7f98a91-558f-4167-8f4d-acc3c10d536a,Waiting,48f85f80-4caa-4903-aaf0-dfc8f29b4c64
c132904a-f7ad-478d-be7c-6fb98a14d793,Completed,48f85f80-4caa-4903-aaf0-dfc8f29b4c64
ec3634de-2d9d-47af-846e-e6f8904494c3,To Do,db838e52-ace1-4485-9cde-37ae8cdb4d6c
30132bcb-c122-4d26-8ae5-b6900c323801,In Progress,db838e52-ace1-4485-9cde-37ae8cdb4d6c
e493cd2b-5504-42f4-9db1-2b652f02c0e5,Waiting,db838e52-ace1-4485-9cde-37ae8cdb4d6c
b3273af9-b2e1-4e46-91d3-10b4a25ef026,Completed,db838e52-ace1-4485-9cde-37ae8cdb4d6c
d9eb2d25-83b2-48d1-9e46-d7c6de8da6a6,Ideas,accbfe36-35b7-4bc4-abb6-d6a1948a7ef0
423249fd-c410-4ae4-80b4-732a97646b03,Planning,accbfe36-35b7-4bc4-abb6-d6a1948a7ef0
5c8ac007-dd2e-4d89-bc63-f4dbda60fc63,Assets,accbfe36-35b7-4bc4-abb6-d6a1948a7ef0
7406eccf-ea04-41b7-bb66-462fd9aeb386,Scheduled,accbfe36-35b7-4bc4-abb6-d6a1948a7ef0
2684c19c-1776-4b0f-8cd7-63484de706fc,Launched,accbfe36-35b7-4bc4-abb6-d6a1948a7ef0
af6902e2-54bd-43df-af08-7c69095e79e6,To Do,094c1126-5fad-40f5-b793-663d8e700e94
07df22e9-4435-4f38-a4e1-0c477e2fabf7,In Progress,094c1126-5fad-40f5-b793-663d8e700e94
643551a9-989b-4bac-97ae-cbb12c2df567,Waiting,094c1126-5fad-40f5-b793-663d8e700e94
7cc81aab-98ed-40b4-82fe-336597a9b0eb,Completed,094c1126-5fad-40f5-b793-663d8e700e94
280d2ad3-8a1a-4a9f-b621-f43008372515,Ideas,747faa53-fa34-49da-897a-0966c08bbb71
c38d7707-86fe-4a80-bdf1-69e4a3dd8302,Planning,747faa53-fa34-49da-897a-0966c08bbb71
50f2f7aa-611a-471f-850b-f37ebff2df80,Assets,747faa53-fa34-49da-897a-0966c08bbb71
83253acd-75e0-45fd-a00d-61bfa149d8b7,Scheduled,747faa53-fa34-49da-897a-0966c08bbb71
acde8460-f54c-47dc-baed-06781bbd3c3f,Launched,747faa53-fa34-49da-897a-0966c08bbb71
4294e35b-d021-4129-82c5-8a735307dfa9,To Do,6ba1b74b-37be-4d64-b62f-beb6c394ecd4
5a84da4d-09fc-4ffc-9abc-4f382282e989,In Progress,6ba1b74b-37be-4d64-b62f-beb6c394ecd4
8f86e91f-1d7d-4eab-9985-073f236db3e1,Waiting,6ba1b74b-37be-4d64-b62f-beb6c394ecd4
da567aa0-1346-4ae1-9c78-95cf9276921b,Completed,6ba1b74b-37be-4d64-b62f-beb6c394ecd4
ebcad7df-0308-4e05-becb-d34f5ff5ee7d,Ideas,7c742eca-17af-4176-b18d-2f3b3931cdc1
7ef6d082-8a07-4d70-b1ef-2add8eeb80be,Planning,7c742eca-17af-4176-b18d-2f3b3931cdc1
288c2214-864d-4c3b-874d-6a99d51edeae,Assets,7c742eca-17af-4176-b18d-2f3b3931cdc1
523ee844-883c-47d2-a85e-0d989331c131,Scheduled,7c742eca-17af-4176-b18d-2f3b3931cdc1
f45a7ce4-4938-4cbd-a0df-c9c5d61abd25,Launched,7c742eca-17af-4176-b18d-2f3b3931cdc1
f0008788-cf0f-46f6-a4ee-b7bae3df8f61,Ideas,74aef9d0-4bae-4a94-be14-77daf10a983b
49b3d7d7-e3cb-4f80-bcfa-900faaea6601,Planning,74aef9d0-4bae-4a94-be14-77daf10a983b
8b14ce85-09b4-4e71-8937-4df7cfffb2c4,Assets,74aef9d0-4bae-4a94-be14-77daf10a983b
1311feb0-43a6-4a6a-9a35-3e9274fec543,Scheduled,74aef9d0-4bae-4a94-be14-77daf10a983b
9c56832b-2586-4ab5-9b65-a960decc15af,Launched,74aef9d0-4bae-4a94-be14-77daf10a983b
75df9cad-6769-44b1-9238-9a77227e45d0,To Do,23cac561-1492-4112-b29c-5bf8b81e5769
37176433-31e4-4a2b-95d3-0a3e86803e59,In Progress,23cac561-1492-4112-b29c-5bf8b81e5769
753362aa-7cb5-431d-996a-0972a121a78d,Waiting,23cac561-1492-4112-b29c-5bf8b81e5769
355e66cb-8709-4fea-9776-6320ed65a51a,Completed,23cac561-1492-4112-b29c-5bf8b81e5769
f62f98dc-c182-4964-ab7a-857a6b90db58,Ideas,2915540d-7264-4e43-80ee-b2be0e325395
770c4e1f-6b1e-4d56-99a9-4bedf3d39137,Planning,2915540d-7264-4e43-80ee-b2be0e325395
e44268dd-61d2-4a26-895e-a9e28c4d28d4,Assets,2915540d-7264-4e43-80ee-b2be0e325395
c231aef0-ef67-4e99-9c3e-3fc5ab053467,Scheduled,2915540d-7264-4e43-80ee-b2be0e325395
77485972-b2aa-4473-a18c-d0f0c46aa6cd,Launched,2915540d-7264-4e43-80ee-b2be0e325395
fb350840-5dcd-4863-9aac-39078f9680f9,Backlog,843a0fc9-9145-4b1c-b48d-e43fc6445076
b076e257-7d18-45c9-ae61-600036a245af,Sprint Backlog,843a0fc9-9145-4b1c-b48d-e43fc6445076
c363a91f-68e2-4467-9b0a-0cfa5d57ac87,In Progress,843a0fc9-9145-4b1c-b48d-e43fc6445076
23fde459-362a-401e-920e-743d14abd8cb,Review,843a0fc9-9145-4b1c-b48d-e43fc6445076
073bc7e1-4040-4b4a-b2b2-3c57cfd5d00d,Done,843a0fc9-9145-4b1c-b48d-e43fc6445076
c2eb98c9-82a6-4e2a-a812-c9c66c02eaca,Ideas,99e8c8d3-80cb-461e-966a-bb44199522b5
b546a631-3745-4170-8060-3ff43dfe4109,Planning,99e8c8d3-80cb-461e-966a-bb44199522b5
07e1fbb4-d96b-4f07-81d5-a9c7d1a8fade,Assets,99e8c8d3-80cb-461e-966a-bb44199522b5
0a06f20b-2dc1-409c-99fc-788dbda0366b,Scheduled,99e8c8d3-80cb-461e-966a-bb44199522b5
3a761dec-32a7-4044-8fcb-c7522303f5c5,Launched,99e8c8d3-80cb-461e-966a-bb44199522b5
79557337-be29-486a-b856-82cca45ba037,To Do,be4cbc0a-fbd9-4600-ad10-c6b73a775e2d
ed844321-3d1e-470a-912b-115bf200f8cb,In Progress,be4cbc0a-fbd9-4600-ad10-c6b73a775e2d
94d33e93-0895-4205-bdeb-0bcb6085a7fe,Waiting,be4cbc0a-fbd9-4600-ad10-c6b73a775e2d
323baf62-a64d-4e6a-9ed9-83ef940a00a4,Completed,be4cbc0a-fbd9-4600-ad10-c6b73a775e2d
37faa964-b2a6-421e-a11d-5de164477109,Ideas,69e4f957-8fb9-414a-b020-16866b1eccbf
18d256b0-1e6f-4777-a372-d882b6e65a6a,Planning,69e4f957-8fb9-414a-b020-16866b1eccbf
8d24e8c7-655c-4eff-9c92-bf0f14b38b54,Assets,69e4f957-8fb9-414a-b020-16866b1eccbf
6608ae70-ba39-4b2a-a99b-f1a9630d6ecc,Scheduled,69e4f957-8fb9-414a-b020-16866b1eccbf
c1f17c7f-cb02-4305-90e6-e7db377c86ff,Launched,69e4f957-8fb9-414a-b020-16866b1eccbf
04151ac2-8d7c-4e30-b61c-8c2aeec61c68,Backlog,c09879a0-f8d2-45a5-aba3-e40d2c424ca8
86107d7a-e0b0-4e53-abba-90458dd43935,Sprint Backlog,c09879a0-f8d2-45a5-aba3-e40d2c424ca8
ee26826f-cb57-4792-b53e-31c43fd44a31,In Progress,c09879a0-f8d2-45a5-aba3-e40d2c424ca8
75655ddc-c84b-463d-8c05-57dc4d6e1851,Review,c09879a0-f8d2-45a5-aba3-e40d2c424ca8
93eac6a1-704a-4151-9634-89961785cf23,Done,c09879a0-f8d2-45a5-aba3-e40d2c424ca8
c1490413-cda5-4296-933b-70fcfb671904,Backlog,14a85736-167d-4ded-a665-47fa89a1d513
d5c90b98-a4bd-464e-b331-089802131d32,Sprint Backlog,14a85736-167d-4ded-a665-47fa89a1d513
0453bc8d-b5eb-407d-bea8-41ac64b68685,In Progress,14a85736-167d-4ded-a665-47fa89a1d513
62af24c6-1f18-44bb-885d-8637cd7611ab,Review,14a85736-167d-4ded-a665-47fa89a1d513
6c97cd0e-332e-453b-96ae-262ec230b2de,Done,14a85736-167d-4ded-a665-47fa89a1d513
8d7539d5-d602-4e42-9c9c-f4b37770fe3f,To Do,5202fcd2-6966-4d14-bb31-4b763d60df0b
cd4d4813-caff-4440-b10a-5ce487523d56,In Progress,5202fcd2-6966-4d14-bb31-4b763d60df0b
8b5e67e2-6f0c-490e-a828-0f35225227f2,Waiting,5202fcd2-6966-4d14-bb31-4b763d60df0b
6a2be382-622b-4232-97a5-659d3d3031c0,Completed,5202fcd2-6966-4d14-bb31-4b763d60df0b
9efa8560-809a-4dae-ab8b-e0e4f45d5c92,To Do,50b883db-046a-4256-9186-98bb901fc945
62448b0b-6184-411e-92c7-0288c23bea2b,In Progress,50b883db-046a-4256-9186-98bb901fc945
f16b8b7b-f8ee-4385-8f83-026f8a2917f6,Waiting,50b883db-046a-4256-9186-98bb901fc945
7587800b-0151-471a-87a1-204afd9cc157,Completed,50b883db-046a-4256-9186-98bb901fc945
5b67c090-dbbe-44cb-9880-dd3d7a87c4c2,To Do,6f02e491-53e9-4ea7-9189-0ea30bb74c54
4c7d96c2-8bad-42b2-a223-972d70be9a14,In Progress,6f02e491-53e9-4ea7-9189-0ea30bb74c54
f0f4ee20-1a35-4727-9085-ee5a6eadf95b,Waiting,6f02e491-53e9-4ea7-9189-0ea30bb74c54
422dc10e-e9c9-423b-8cac-e4e33e767b28,Completed,6f02e491-53e9-4ea7-9189-0ea30bb74c54
32826a07-71d6-4eda-9ff1-4a080dfa7f59,Ideas,2d0ab6db-7be0-4f09-a8d2-f53500136354
0d10b598-8f80-48ef-8e86-c8495ad7c7cc,Planning,2d0ab6db-7be0-4f09-a8d2-f53500136354
9d700773-ad63-422b-8521-624d54d62ac1,Assets,2d0ab6db-7be0-4f09-a8d2-f53500136354
14d5a829-0d4b-46b5-9769-8522227a6d68,Scheduled,2d0ab6db-7be0-4f09-a8d2-f53500136354
e3bdb19d-ed0d-4f32-86ee-99b4decd4111,Launched,2d0ab6db-7be0-4f09-a8d2-f53500136354
3ff58db6-e2db-4f31-9ef9-212be31b0732,Ideas,1962e13c-9477-48ba-8ccf-1e05815b71f0
7d6ff15d-76ab-4053-9a75-90e6679cff25,Planning,1962e13c-9477-48ba-8ccf-1e05815b71f0
9cffbcc2-70ab-4bf2-8625-4b6582744c55,Assets,1962e13c-9477-48ba-8ccf-1e05815b71f0
f3ce9e23-c974-4bce-9b95-c6dfe8df92b7,Scheduled,1962e13c-9477-48ba-8ccf-1e05815b71f0
6cb4bd1a-997c-42dc-be5b-5bf59ae4e794,Launched,1962e13c-9477-48ba-8ccf-1e05815b71f0
e3b972ff-bcfd-4de6-9a3c-91e7aab99236,To Do,6591eb45-f2c9-418c-b069-6baafab7122e
1f23408d-fa68-49b8-bac4-65eb595183ef,In Progress,6591eb45-f2c9-418c-b069-6baafab7122e
70312823-ef32-469a-9159-50e6a3ac2e74,Waiting,6591eb45-f2c9-418c-b069-6baafab7122e
af1e61cd-bb20-4240-825d-d8d0672e1506,Completed,6591eb45-f2c9-418c-b069-6baafab7122e
0f51595e-ba3e-4e98-a27d-8af563e90fba,Ideas,fab61bd5-498f-4651-8633-aff9854f22cd
d849665b-3f78-4b9c-af95-86891a5a9d21,Planning,fab61bd5-498f-4651-8633-aff9854f22cd
6b945133-e07f-4c0e-80d9-0940603711ec,Assets,fab61bd5-498f-4651-8633-aff9854f22cd
78b05bbc-da67-45cc-9ed4-169cea04c193,Scheduled,fab61bd5-498f-4651-8633-aff9854f22cd
8337f9e1-fc2c-4c0f-bcd0-3f7331b382cd,Launched,fab61bd5-498f-4651-8633-aff9854f22cd
efea4a61-bbb2-42e1-8a75-9e61fc0ac53d,To Do,a802e15e-3b5e-4ea0-b063-c84c18d3940b
6d015f02-7204-49f1-98fe-e660b93667c4,In Progress,a802e15e-3b5e-4ea0-b063-c84c18d3940b
ffbc8733-b65f-450b-97f5-0d576b68a6e6,Waiting,a802e15e-3b5e-4ea0-b063-c84c18d3940b
90f9470c-6e8c-4d1c-867f-0abdcdff8bf0,Completed,a802e15e-3b5e-4ea0-b063-c84c18d3940b
bddfd41e-6c17-449a-92bb-b877413a443b,To Do,87688816-8883-4ce3-96e3-00aa984e6ddc
eeae333d-3511-4e76-a1f0-4dd835cd87f9,In Progress,87688816-8883-4ce3-96e3-00aa984e6ddc
4ecb376a-0b0c-4f27-b5d5-c2cc97b148bc,Waiting,87688816-8883-4ce3-96e3-00aa984e6ddc
85103c90-77b7-404c-9c54-021fcf9b9b7f,Completed,87688816-8883-4ce3-96e3-00aa984e6ddc
8cb24d4a-2491-4a4e-9856-80bee3f604c2,Ideas,b26f725f-4b67-4b34-aaee-77425ab96d89
a41be8ed-e648-491b-9f33-c55cbab9fe2c,Planning,b26f725f-4b67-4b34-aaee-77425ab96d89
23a48cc6-2fa8-4dd5-bf94-a28d30e6f1c6,Assets,b26f725f-4b67-4b34-aaee-77425ab96d89
efd562f1-531b-42fe-9bd4-e8987fd74409,Scheduled,b26f725f-4b67-4b34-aaee-77425ab96d89
0b9c3390-5e08-48b1-8e67-8965fb89d214,Launched,b26f725f-4b67-4b34-aaee-77425ab96d89
5ebf289c-6466-4763-b151-8e510eea7268,Backlog,3f7cdd2e-c523-4220-99c7-543d515aeab7
f872e82d-e0d8-41bd-ae2c-af155590f376,Sprint Backlog,3f7cdd2e-c523-4220-99c7-543d515aeab7
2e5a24b2-a5c7-415a-a9d2-52cd44444c03,In Progress,3f7cdd2e-c523-4220-99c7-543d515aeab7
552c87e6-5ca8-40f7-af76-1591519559b2,Review,3f7cdd2e-c523-4220-99c7-543d515aeab7
5d0e392d-c7dd-42fc-a7ba-477ef35044de,Done,3f7cdd2e-c523-4220-99c7-543d515aeab7
38a62bed-e147-4d07-af9b-765c08c4f140,Ideas,c0fa63a5-2b98-42e4-93ea-3321ad2724be
690e2bb0-1750-477b-8378-f7d1c847f200,Planning,c0fa63a5-2b98-42e4-93ea-3321ad2724be
ecceac54-b601-41a3-a022-cc884f7839b1,Assets,c0fa63a5-2b98-42e4-93ea-3321ad2724be
e2738130-fe1d-49ab-830b-dffe296e28e7,Scheduled,c0fa63a5-2b98-42e4-93ea-3321ad2724be
3f4e39b0-18cb-4f1a-a998-0aeec388eccc,Launched,c0fa63a5-2b98-42e4-93ea-3321ad2724be
0550f417-34af-45a2-9d72-e02c5ade67b2,Backlog,6b0c711c-7518-4afb-bb2c-d7fd5fa14843
594235d3-c612-4b10-a1ee-f9e0a648d309,Sprint Backlog,6b0c711c-7518-4afb-bb2c-d7fd5fa14843
4a6c3a25-7a08-4479-95fc-d7742ed6562e,In Progress,6b0c711c-7518-4afb-bb2c-d7fd5fa14843
a0168753-1886-4e84-aad6-ce75bd9a1a1e,Review,6b0c711c-7518-4afb-bb2c-d7fd5fa14843
475ee314-2aeb-462f-903f-4fd88be706ea,Done,6b0c711c-7518-4afb-bb2c-d7fd5fa14843
82f2a344-8544-4007-acef-3749dcea8c01,Backlog,8b936503-3e47-4bbc-98da-63e01d618369
56326940-ae4a-4030-8e2d-da0ea62230f4,Sprint Backlog,8b936503-3e47-4bbc-98da-63e01d618369
562ee74c-6d88-4a78-8bb3-f28efa9b6740,In Progress,8b936503-3e47-4bbc-98da-63e01d618369
4e5bd629-3fc7-4b69-b0d1-d225db625c25,Review,8b936503-3e47-4bbc-98da-63e01d618369
24b95af8-26a6-4e5d-b336-ed79a8495889,Done,8b936503-3e47-4bbc-98da-63e01d618369
d6a45687-4cc8-4af6-97e6-d317a3bcdc21,To Do,4610ba4e-8ed2-45a1-9e16-c365b315fbce
d5947e69-e006-49f0-8501-77732c4e9f16,In Progress,4610ba4e-8ed2-45a1-9e16-c365b315fbce
284d295f-94bd-42ef-a498-a78af5b6c0b7,Waiting,4610ba4e-8ed2-45a1-9e16-c365b315fbce
6f8bfcf9-d77a-4279-bca6-f1407b948127,Completed,4610ba4e-8ed2-45a1-9e16-c365b315fbce
8f075c6b-0c38-40b4-9e09-969c7e619e67,Backlog,d791cc1d-2a7d-40ad-a3f7-6d573a625fdc
e5f74478-8431-456e-b924-b36de0867029,Sprint Backlog,d791cc1d-2a7d-40ad-a3f7-6d573a625fdc
b6508df4-9f55-4712-b8aa-7f81bd40f036,In Progress,d791cc1d-2a7d-40ad-a3f7-6d573a625fdc
475b1163-d948-4e1b-9156-39f0fb5c818b,Review,d791cc1d-2a7d-40ad-a3f7-6d573a625fdc
140998d8-dacb-4f4c-b1e6-668650405505,Done,d791cc1d-2a7d-40ad-a3f7-6d573a625fdc
737f2520-c5ca-406e-8e7d-eecea13ab932,To Do,ea8cac67-1690-4f6e-8848-77fdec4c0cb4
04e151e6-8ce3-4e56-9a16-eedc87931882,In Progress,ea8cac67-1690-4f6e-8848-77fdec4c0cb4
3933ca38-15cc-400b-853f-63e083155350,Waiting,ea8cac67-1690-4f6e-8848-77fdec4c0cb4
42d33dcb-ff99-4f59-8576-1a4ead96e38c,Completed,ea8cac67-1690-4f6e-8848-77fdec4c0cb4
601f603c-b8d9-448c-a859-f753b008d7dd,Backlog,f08187da-fe2a-4c02-9923-0866154e2153
7e0ffbce-c10d-436a-9727-1248c5458b46,Sprint Backlog,f08187da-fe2a-4c02-9923-0866154e2153
ea46ab17-296d-458c-9b2e-f8ddfcbd6cc8,In Progress,f08187da-fe2a-4c02-9923-0866154e2153
ce4d4b56-36ac-41fd-a5c2-946b5502deb8,Review,f08187da-fe2a-4c02-9923-0866154e2153
c5a95a3e-091e-47f4-b232-79ea1de2879d,Done,f08187da-fe2a-4c02-9923-0866154e2153
f3531a65-3006-4e48-8343-bf264f15aee1,To Do,d4288578-73e7-42b4-a8d3-96ac8e30128d
ba385464-03f3-4151-8bb9-5995b9efa478,In Progress,d4288578-73e7-42b4-a8d3-96ac8e30128d
82631af4-1c81-4104-b8ba-758d54905ea3,Waiting,d4288578-73e7-42b4-a8d3-96ac8e30128d
ecdf209e-0d07-4c29-9bb3-59a656b76586,Completed,d4288578-73e7-42b4-a8d3-96ac8e30128d
67516512-04ed-4ebe-96ce-3fe73f84e886,To Do,a5cb9e23-59de-40d0-820d-7a1c70ba6073
74722c78-ea72-43d3-9b1b-56cdad36e37c,In Progress,a5cb9e23-59de-40d0-820d-7a1c70ba6073
7c376271-bbc7-40a8-a23e-398eaeb37b9c,Waiting,a5cb9e23-59de-40d0-820d-7a1c70ba6073
0ad82cb3-2c9f-48e2-ade8-599cfc0a2365,Completed,a5cb9e23-59de-40d0-820d-7a1c70ba6073
0505d120-f23a-4e06-a1bb-93fab7ae31cd,Backlog,badc612a-50ef-4cd5-854d-85471fa65cc7
db1041b6-e40d-4022-8136-3e19cfbedf6d,Sprint Backlog,badc612a-50ef-4cd5-854d-85471fa65cc7
d63e61c4-41c6-421e-9434-e59dbd2b994d,In Progress,badc612a-50ef-4cd5-854d-85471fa65cc7
ed38819d-2706-47ba-858d-9556b11ce24f,Review,badc612a-50ef-4cd5-854d-85471fa65cc7
281c84d9-22aa-411a-a560-985ec81ab8e8,Done,badc612a-50ef-4cd5-854d-85471fa65cc7
e6a8a2cc-ab47-4fdc-8966-ead68a08810b,To Do,ccd60b11-4621-4ff9-9b30-19d9071cf59c
78ac4df2-9f5d-42a5-a67a-eb99002847d9,In Progress,ccd60b11-4621-4ff9-9b30-19d9071cf59c
e97d0578-8697-437e-a243-0d8fe5f89f93,Waiting,ccd60b11-4621-4ff9-9b30-19d9071cf59c
2ad262e0-8024-435d-99a4-e56e8ccfeef6,Completed,ccd60b11-4621-4ff9-9b30-19d9071cf59c
6152d7f5-82e5-44e1-8eec-0793aa4f145a,Ideas,bb0025a0-02bf-496a-bb30-0a7e9260e96d
90bbcda2-0573-4f4d-8da1-7fc9c7d7ea04,Planning,bb0025a0-02bf-496a-bb30-0a7e9260e96d
5c5de2ae-c781-41e9-a701-2f04a41f280b,Assets,bb0025a0-02bf-496a-bb30-0a7e9260e96d
be020308-0e7b-4d8c-9aad-71b39be00f5a,Scheduled,bb0025a0-02bf-496a-bb30-0a7e9260e96d
502fd874-3dce-4f10-8953-26bfcc5375f1,Launched,bb0025a0-02bf-496a-bb30-0a7e9260e96d
dc24a40b-79ff-45a9-96b0-fad03c93cf9a,Backlog,87f43e00-2881-4e77-895a-53beb13fae06
f0a1ff26-029a-4f4d-b9d0-52888284e4a5,Sprint Backlog,87f43e00-2881-4e77-895a-53beb13fae06
3f8f6eee-4f1b-4537-be50-86c83b33301c,In Progress,87f43e00-2881-4e77-895a-53beb13fae06
9418b105-0aea-454c-97e8-d7ae68251a1f,Review,87f43e00-2881-4e77-895a-53beb13fae06
79d2d54f-86bf-4fbb-bc83-31ff2511309c,Done,87f43e00-2881-4e77-895a-53beb13fae06
97ad9e95-4cc5-4e24-97ac-91937be3617b,Ideas,0e6a40b0-8555-4fb0-8bb4-e1b304f81876
f29d3ecf-b0dd-4dd4-ab4e-3dac0e28c1bb,Planning,0e6a40b0-8555-4fb0-8bb4-e1b304f81876
695cdf82-30a6-43a7-8c62-3818a5a3ab61,Assets,0e6a40b0-8555-4fb0-8bb4-e1b304f81876
175f2884-dad8-439b-8e35-d9731373065e,Scheduled,0e6a40b0-8555-4fb0-8bb4-e1b304f81876
13c4833e-6780-4daf-a6b2-841e64e3d552,Launched,0e6a40b0-8555-4fb0-8bb4-e1b304f81876
92f75109-a7db-470d-a25c-1dff478a9968,Ideas,037b6309-896e-4517-89e0-11d89bfdae1b
56b78b86-a230-49a1-8959-00e5aeb1c45c,Planning,037b6309-896e-4517-89e0-11d89bfdae1b
81b2420e-a64a-4665-a749-f626e978db93,Assets,037b6309-896e-4517-89e0-11d89bfdae1b
5b25a34d-1979-4bd3-9cd5-665e3cb633b3,Scheduled,037b6309-896e-4517-89e0-11d89bfdae1b
2e941150-e993-40d9-bbaf-248e2e6fd7e0,Launched,037b6309-896e-4517-89e0-11d89bfdae1b
6e822f8d-dd2e-4774-b514-9489701aa283,To Do,b9d09607-2155-43bf-add7-e060527ada37
3cd16ae1-cde3-4ce4-92c1-2fce890a6b5e,In Progress,b9d09607-2155-43bf-add7-e060527ada37
70a3ee9d-bd70-4282-a80b-2da3b87a76e1,Waiting,b9d09607-2155-43bf-add7-e060527ada37
e2a4e2f5-e8e1-485c-8f6b-91a5596a7c0f,Completed,b9d09607-2155-43bf-add7-e060527ada37
49f79fb7-c842-40ad-b612-8914a96e9c94,Ideas,ff1907b4-2d50-4b85-8349-1303e8f249fd
c84c3564-79ed-4015-96cf-eccead199dd7,Planning,ff1907b4-2d50-4b85-8349-1303e8f249fd
ebe7ee57-52e2-4589-9b48-18c8483ad65f,Assets,ff1907b4-2d50-4b85-8349-1303e8f249fd
7da6c087-a967-47b3-940b-ef94f7cc02bb,Scheduled,ff1907b4-2d50-4b85-8349-1303e8f249fd
25992ec2-dccc-4a79-abe1-963bc8f59b15,Launched,ff1907b4-2d50-4b85-8349-1303e8f249fd
13f2094b-77b0-44e9-8d38-8056f5168d54,Ideas,98e3981f-3757-451b-a9e5-32f2dc21d55d
cfd1f230-236f-4476-be3c-f6f2c846d5a6,Planning,98e3981f-3757-451b-a9e5-32f2dc21d55d
37c277bd-291f-46dc-a607-39b94114a76d,Assets,98e3981f-3757-451b-a9e5-32f2dc21d55d
950c641d-3c4a-4dae-98d7-060190c74887,Scheduled,98e3981f-3757-451b-a9e5-32f2dc21d55d
43e1a761-4437-40b4-8219-bb5f97022b30,Launched,98e3981f-3757-451b-a9e5-32f2dc21d55d
fcb73a96-f447-4c1a-aed1-160a01fa25d3,To Do,8c94c2c5-221f-4348-9034-563552ade7c6
c4de46bd-0032-4738-897a-9a00eb87049b,In Progress,8c94c2c5-221f-4348-9034-563552ade7c6
790efede-2c96-4951-bf10-0e2316668f63,Waiting,8c94c2c5-221f-4348-9034-563552ade7c6
26ecb622-6b44-49cf-8930-8ef9980ac0ac,Completed,8c94c2c5-221f-4348-9034-563552ade7c6
147f9391-f392-44a2-aaf1-07cd1189c81e,Ideas,604a58d1-470a-46e1-89ce-1bbad3cae0e1
fd4e7a53-f8a0-4e81-ac82-0a08440ad97c,Planning,604a58d1-470a-46e1-89ce-1bbad3cae0e1
4863589a-abfd-4fed-b4e5-46967d207028,Assets,604a58d1-470a-46e1-89ce-1bbad3cae0e1
fa4687e7-e512-4b31-b971-84b17030d7a8,Scheduled,604a58d1-470a-46e1-89ce-1bbad3cae0e1
7f4fd14f-a6af-4da4-8c8c-59bcc416a9e5,Launched,604a58d1-470a-46e1-89ce-1bbad3cae0e1
aa042ed6-b31a-4237-ae09-0f5696ea9e3c,To Do,419e3034-fe1d-4d7e-ad9f-504912fbb082
4603d739-7c48-4b57-81a0-41cb9dd9fdda,In Progress,419e3034-fe1d-4d7e-ad9f-504912fbb082
13c143c5-a51e-4f91-ae18-8696e72ec29f,Waiting,419e3034-fe1d-4d7e-ad9f-504912fbb082
02a9b06b-ea81-4303-9e62-609ea0f29915,Completed,419e3034-fe1d-4d7e-ad9f-504912fbb082
9737dcf3-d09f-45b8-9a76-b0c0dac8d0ba,Backlog,17357c00-fb10-4301-b90a-9cc5cf901b1b
fab0fcca-d93d-44db-a362-5690a8b3d0e9,Sprint Backlog,17357c00-fb10-4301-b90a-9cc5cf901b1b
21a4689c-bd8a-4349-b387-1adbed08a07b,In Progress,17357c00-fb10-4301-b90a-9cc5cf901b1b
4143dc4f-b0b9-4757-afae-b7a298cc3ef4,Review,17357c00-fb10-4301-b90a-9cc5cf901b1b
deabc60d-1f33-4595-8387-5b602c868888,Done,17357c00-fb10-4301-b90a-9cc5cf901b1b
116c8ec7-cb79-404b-914f-a6e3573f5247,To Do,5de27aad-2dfc-4d0a-b14a-38875c32a293
85cd7ddb-108d-47e1-95a0-2ae5a81f78ba,In Progress,5de27aad-2dfc-4d0a-b14a-38875c32a293
30286fef-72af-4508-b9ba-295d6fd4a803,Waiting,5de27aad-2dfc-4d0a-b14a-38875c32a293
1e2eb545-078a-4ca5-a156-4bd155f1dfdb,Completed,5de27aad-2dfc-4d0a-b14a-38875c32a293
f525485f-baf9-46b8-b408-7002bd156107,Ideas,31762073-9d47-4c2a-b9e4-e93ff78b780e
91e183b5-118f-422c-bcf1-09a3a9cae011,Planning,31762073-9d47-4c2a-b9e4-e93ff78b780e
f2b7102b-3078-47de-89d7-7abcd7fc0960,Assets,31762073-9d47-4c2a-b9e4-e93ff78b780e
802c1d69-e599-474a-83ad-2575baa4a46a,Scheduled,31762073-9d47-4c2a-b9e4-e93ff78b780e
0741d70f-15d3-4323-bfa8-de8ea0123821,Launched,31762073-9d47-4c2a-b9e4-e93ff78b780e
93e7bbd7-3901-4347-b225-9cc5ab231e5d,Ideas,84e4e9a5-6281-434a-bc89-35a9fe006c1c
f240624e-59fe-414f-a9f8-467218a2414f,Planning,84e4e9a5-6281-434a-bc89-35a9fe006c1c
9a3351e5-1152-4d8e-8c11-623f0c20b7ea,Assets,84e4e9a5-6281-434a-bc89-35a9fe006c1c
24d07602-70bc-46e3-ad77-155a0a51ece7,Scheduled,84e4e9a5-6281-434a-bc89-35a9fe006c1c
41860e68-e9ba-4f09-a493-b9855862aa0d,Launched,84e4e9a5-6281-434a-bc89-35a9fe006c1c
614bcdb2-3ef6-471a-bb44-355ce5367283,To Do,4292e89a-03ea-4b0a-9a9c-f555fcb424cc
0eb3ed28-62bc-45d0-9ff2-f59440d333af,In Progress,4292e89a-03ea-4b0a-9a9c-f555fcb424cc
d6b104e4-055c-4e6a-b0cd-aed4bd0b2b3e,Waiting,4292e89a-03ea-4b0a-9a9c-f555fcb424cc
4e6130b0-fd6f-42c4-a5fb-61eaf839d993,Completed,4292e89a-03ea-4b0a-9a9c-f555fcb424cc
6c63fedb-bf61-4152-b346-f6e3a83324eb,Backlog,bca60621-aaa6-46e2-ac7a-77cd2528bcb6
4436ed9f-11ca-4ec8-8738-8e292cc02479,Sprint Backlog,bca60621-aaa6-46e2-ac7a-77cd2528bcb6
ef4f15d3-f6a9-4104-958b-8743ff8dcd35,In Progress,bca60621-aaa6-46e2-ac7a-77cd2528bcb6
187494da-3bf3-45c0-aa9b-3a74437cf1fb,Review,bca60621-aaa6-46e2-ac7a-77cd2528bcb6
2873830c-c28f-4fc3-be39-5862026908c4,Done,bca60621-aaa6-46e2-ac7a-77cd2528bcb6
6e54aeeb-297f-48b7-aafc-591a0a138502,Backlog,7f4fc4e7-52f7-49a2-b4cb-1497e0f20c37
918a03e1-ea36-433f-b4e1-4e8eb038d418,Sprint Backlog,7f4fc4e7-52f7-49a2-b4cb-1497e0f20c37
dc4ada75-ca9f-4ff5-9da8-90721be7cbfe,In Progress,7f4fc4e7-52f7-49a2-b4cb-1497e0f20c37
0f6cce8b-e8aa-435c-b57b-fb4acd1c7473,Review,7f4fc4e7-52f7-49a2-b4cb-1497e0f20c37
eec1c104-270e-4579-a15b-464978203138,Done,7f4fc4e7-52f7-49a2-b4cb-1497e0f20c37
c40bf507-a8f4-4439-8df7-78ce073a97fa,Ideas,b42a3c7d-befb-479b-a9e8-f91d0b6c7aa2
a2f474da-6420-49cc-987b-3dfd7662f09b,Planning,b42a3c7d-befb-479b-a9e8-f91d0b6c7aa2
b999a946-1143-4b0d-badf-e0ee7938c32e,Assets,b42a3c7d-befb-479b-a9e8-f91d0b6c7aa2
3047b3f7-44d9-4074-b65e-34a9bf8d02a7,Scheduled,b42a3c7d-befb-479b-a9e8-f91d0b6c7aa2
872bc6d2-57a5-493d-8652-d77abdd5c534,Launched,b42a3c7d-befb-479b-a9e8-f91d0b6c7aa2
88b50fb4-a1b3-4c6c-b3d7-58679ac89be4,Backlog,a66f83dd-a07f-4298-8513-cb6173c41296
ef565492-cd28-489b-b80a-114efb778967,Sprint Backlog,a66f83dd-a07f-4298-8513-cb6173c41296
ee366ee9-e5ba-40ab-b2ed-16962e132a30,In Progress,a66f83dd-a07f-4298-8513-cb6173c41296
df4c052a-2506-43f6-9e0f-56643a2a76e8,Review,a66f83dd-a07f-4298-8513-cb6173c41296
da2f19ca-a184-428a-9d9c-492288755453,Done,a66f83dd-a07f-4298-8513-cb6173c41296
caeaa3a6-e6d3-4197-a238-4f0db49d0505,To Do,279de315-83b0-4ad6-825b-e72c1ac8ed08
c2331837-b6ce-4698-a9c8-180cf9ff90ca,In Progress,279de315-83b0-4ad6-825b-e72c1ac8ed08
10b29fa3-63c8-4e93-ad62-6143a59b40a5,Waiting,279de315-83b0-4ad6-825b-e72c1ac8ed08
015e424e-b657-452d-afc6-4f9e6ff90600,Completed,279de315-83b0-4ad6-825b-e72c1ac8ed08
4798ed26-8e6b-452d-a284-d1661479bdbb,Backlog,8db0f35d-6a9d-41c7-a1f4-450c721936b6
e222dcc1-5c93-47d8-a365-6a1002907517,Sprint Backlog,8db0f35d-6a9d-41c7-a1f4-450c721936b6
684d9a5f-aac4-41de-86c9-66e4c665a82b,In Progress,8db0f35d-6a9d-41c7-a1f4-450c721936b6
18d940e9-1913-4135-8a97-9fcfde9d2cb6,Review,8db0f35d-6a9d-41c7-a1f4-450c721936b6
00cac146-8cac-49aa-a860-76b27f44d6b0,Done,8db0f35d-6a9d-41c7-a1f4-450c721936b6
6c7ee6aa-b4e3-4178-8abf-401ee01ea78b,Ideas,fb019e39-0d2e-415c-80cd-589941d4e391
a2f2f517-e3e7-4f45-9566-5b69cbeef55c,Planning,fb019e39-0d2e-415c-80cd-589941d4e391
0b4ddc76-c9fe-4a1a-b0a2-868e6c598cb9,Assets,fb019e39-0d2e-415c-80cd-589941d4e391
69b2b2ad-1d3d-4dcc-a559-0742d594689f,Scheduled,fb019e39-0d2e-415c-80cd-589941d4e391
7a657b04-735f-45b9-8f52-34642fead814,Launched,fb019e39-0d2e-415c-80cd-589941d4e391
22fa4060-6626-48ba-91d0-c78dc42a8634,Backlog,9a0256a0-1fc1-4d7b-84b3-7fdd43890b83
597d58bb-ee5c-4be7-b1aa-f9bdbf2a5e94,Sprint Backlog,9a0256a0-1fc1-4d7b-84b3-7fdd43890b83
dacf2dda-23a2-4449-911c-2d6a0301c223,In Progress,9a0256a0-1fc1-4d7b-84b3-7fdd43890b83
b837bb4b-5a35-4afe-ad7d-fbd1a0179d94,Review,9a0256a0-1fc1-4d7b-84b3-7fdd43890b83
7f26e56f-aae9-4f22-9a0b-279c2cb43bb4,Done,9a0256a0-1fc1-4d7b-84b3-7fdd43890b83
db1ccb43-e47d-4991-ba6b-9c76fe5b0534,Ideas,9467ea50-84ca-40df-8d26-6c530497eb4c
9446598f-3859-4acd-a8a4-3f6947816124,Planning,9467ea50-84ca-40df-8d26-6c530497eb4c
5ebb2f69-7d3a-4baf-a4aa-56533adb258f,Assets,9467ea50-84ca-40df-8d26-6c530497eb4c
8a27d4cb-f321-462f-93eb-40b21f3c9d6c,Scheduled,9467ea50-84ca-40df-8d26-6c530497eb4c
71a6430f-389a-4365-880c-a0b2726c2812,Launched,9467ea50-84ca-40df-8d26-6c530497eb4c
ec5c390c-bd45-450d-be28-5417f2e567c5,Backlog,9e82cefe-873b-40e7-ab9e-03d5f4a93448
a47a73af-cc52-4848-ad9f-0eaa7246e8ae,Sprint Backlog,9e82cefe-873b-40e7-ab9e-03d5f4a93448
a9f29f2c-d4db-49c7-9b2e-83facb387bc6,In Progress,9e82cefe-873b-40e7-ab9e-03d5f4a93448
0944a9e5-3248-42a1-84f3-908531de967c,Review,9e82cefe-873b-40e7-ab9e-03d5f4a93448
ea32f315-4e7c-44f9-86a4-cdcdc68f40ae,Done,9e82cefe-873b-40e7-ab9e-03d5f4a93448
1bfe5772-1279-4d76-ae2b-556af2e78625,Backlog,fcb72c8d-2794-400c-a25d-fbb6cb624841
283cb5ab-c24a-484f-babd-7a08f45accaa,Sprint Backlog,fcb72c8d-2794-400c-a25d-fbb6cb624841
0d4cd9ff-177b-439f-b994-a391ff571ad2,In Progress,fcb72c8d-2794-400c-a25d-fbb6cb624841
b816a95e-f60f-455c-8530-b344f55934b1,Review,fcb72c8d-2794-400c-a25d-fbb6cb624841
f782b5f5-5ac9-4bc0-beb7-36cd19474c53,Done,fcb72c8d-2794-400c-a25d-fbb6cb624841
e107331e-7f3d-4ae8-bd53-3c6fa4c2a6e0,To Do,a1d705e0-20d2-4e5b-adcb-8eaaa6817d9d
bc03ae52-e6ef-4e9e-9810-2396bcecb115,In Progress,a1d705e0-20d2-4e5b-adcb-8eaaa6817d9d
5becf21b-f1f3-4440-b7e2-4bbb20c1e3eb,Waiting,a1d705e0-20d2-4e5b-adcb-8eaaa6817d9d
753a5669-e681-46e2-a00e-ab565abdd7f0,Completed,a1d705e0-20d2-4e5b-adcb-8eaaa6817d9d
15f3b7c9-1c8c-48fb-9612-bca574abc996,Backlog,13411f3a-1f2c-4e2f-b23e-cedc65654d58
0ca8eb63-62b2-4cd1-ba10-15c2ad1c08de,Sprint Backlog,13411f3a-1f2c-4e2f-b23e-cedc65654d58
c6f4bb49-42bd-4cab-a8fe-9219d023a5e3,In Progress,13411f3a-1f2c-4e2f-b23e-cedc65654d58
0a13ec9d-82e1-4f29-ab33-c24964b27362,Review,13411f3a-1f2c-4e2f-b23e-cedc65654d58
7740b4de-2aea-4b6c-b9aa-d31106efcfe8,Done,13411f3a-1f2c-4e2f-b23e-cedc65654d58
3e70e593-2a94-4728-9821-c2da3f586b11,To Do,87494b08-3b82-4db7-b446-81754cdc1b04
998f3442-3ade-40a2-88a2-4d063b33e087,In Progress,87494b08-3b82-4db7-b446-81754cdc1b04
d6661ee0-63e8-40c8-8a52-450e08f27037,Waiting,87494b08-3b82-4db7-b446-81754cdc1b04
3cd11b3d-1542-4b27-90e5-873614cc0230,Completed,87494b08-3b82-4db7-b446-81754cdc1b04
138f7d65-b66e-43e0-852a-77e7c7c70d75,Ideas,63a105b0-867a-4bc8-b6a8-acbad222313b
2a582a6c-9f8a-4f04-b986-0a9b3a5e156c,Planning,63a105b0-867a-4bc8-b6a8-acbad222313b
d4bed452-38d2-4548-b94f-8838800e17e2,Assets,63a105b0-867a-4bc8-b6a8-acbad222313b
bfcf7e63-7c0b-4a1b-a88f-a9bf912dd3c1,Scheduled,63a105b0-867a-4bc8-b6a8-acbad222313b
7f122c71-e9ad-4629-9239-b00169d49c87,Launched,63a105b0-867a-4bc8-b6a8-acbad222313b
08dcd529-b066-470e-ac58-fc7dbd797ce9,Ideas,9b386977-69be-4f26-b763-7ce77fddad38
dc8298e4-21a0-4b7f-940a-d5c81b78454b,Planning,9b386977-69be-4f26-b763-7ce77fddad38
d157eca6-1754-4647-a5d9-7fe07b4c987a,Assets,9b386977-69be-4f26-b763-7ce77fddad38
d2a6e7ab-5f3e-4054-8d15-4e12cd16acf9,Scheduled,9b386977-69be-4f26-b763-7ce77fddad38
70091642-9e61-4c65-a33f-d645c1ce52ce,Launched,9b386977-69be-4f26-b763-7ce77fddad38
58b0e914-fe62-49b3-8269-36d4a27ba6ef,Ideas,8753c2b5-df60-4ba5-a247-632ebf465ac7
da145cb5-2eee-4550-a456-f1c236eeaa93,Planning,8753c2b5-df60-4ba5-a247-632ebf465ac7
7a572509-75b5-4a30-b04d-b2af38e305d4,Assets,8753c2b5-df60-4ba5-a247-632ebf465ac7
881f5a6b-f273-4bc2-ab35-c584c3411db9,Scheduled,8753c2b5-df60-4ba5-a247-632ebf465ac7
cd7aa9ac-f8b9-496b-a910-98eed95c829a,Launched,8753c2b5-df60-4ba5-a247-632ebf465ac7
24e68fc7-4cac-4410-b845-07141658c3e3,Ideas,b58c9692-2582-4d28-9b41-d481212fd90a
63e0bf9b-424f-4ee3-bd76-7eaafd975648,Planning,b58c9692-2582-4d28-9b41-d481212fd90a
a16323f3-b786-4b4b-a7d3-70c2087f1f49,Assets,b58c9692-2582-4d28-9b41-d481212fd90a
a8f5fc28-0716-42b1-92e0-d3d9090e7320,Scheduled,b58c9692-2582-4d28-9b41-d481212fd90a
df9d57ef-a387-4fd9-8767-c917afeeaed9,Launched,b58c9692-2582-4d28-9b41-d481212fd90a
15ba523e-b6f6-4567-8f39-1c64e73768b1,To Do,3be73ba9-7e26-4194-99c6-71467486cc13
84c3b705-240f-4e4d-8556-02833367ceb2,In Progress,3be73ba9-7e26-4194-99c6-71467486cc13
8d359873-ada3-4b01-8521-32b472d46034,Waiting,3be73ba9-7e26-4194-99c6-71467486cc13
5e658526-9192-4d4c-9528-6dc0b967cda6,Completed,3be73ba9-7e26-4194-99c6-71467486cc13
e4ce6f46-15cf-4032-88a1-050a3793b534,Ideas,a7ec6b4e-84ee-4474-bcf8-bd8ebad4e855
d4dab0c4-03d9-4bae-91b0-9aba5a949113,Planning,a7ec6b4e-84ee-4474-bcf8-bd8ebad4e855
47e0dd70-740e-4929-8df0-d85176138ac8,Assets,a7ec6b4e-84ee-4474-bcf8-bd8ebad4e855
f0e63cc3-ca0a-4978-a405-d1bec7435710,Scheduled,a7ec6b4e-84ee-4474-bcf8-bd8ebad4e855
886c1aba-28d5-4082-9860-5a6ea155e547,Launched,a7ec6b4e-84ee-4474-bcf8-bd8ebad4e855
03316b91-0168-433c-8427-e5b365d70d60,To Do,0dbe48fd-5168-4afa-a267-d5d2c371c990
9e9e8367-aff6-4cc2-905f-43ef8789ab1c,In Progress,0dbe48fd-5168-4afa-a267-d5d2c371c990
80a5a010-3710-40b6-86ef-3b88890654ac,Waiting,0dbe48fd-5168-4afa-a267-d5d2c371c990
8d77c7fa-0f47-4c72-babc-dfbbf1330033,Completed,0dbe48fd-5168-4afa-a267-d5d2c371c990
3bc6c58f-daf2-4f1e-95da-f52662401d0b,To Do,b02e6ad0-2ab9-41cb-9097-cd8fffb56611
03214265-e296-4d0b-ae08-bfad0bee55a6,In Progress,b02e6ad0-2ab9-41cb-9097-cd8fffb56611
aa732fb7-8b31-4863-b237-a9ddd5301816,Waiting,b02e6ad0-2ab9-41cb-9097-cd8fffb56611
6550f0b4-b9a8-4b39-9dba-0e91a29bbb3c,Completed,b02e6ad0-2ab9-41cb-9097-cd8fffb56611
412d57d9-ae84-45eb-ad6e-e6fc86731e43,To Do,de915efe-78a6-49d9-9794-f0664d7c72c7
bd312651-2d6d-4979-8e96-67ffe8b097a0,In Progress,de915efe-78a6-49d9-9794-f0664d7c72c7
5145b15c-9897-4d89-88b5-15cd1341ae6a,Waiting,de915efe-78a6-49d9-9794-f0664d7c72c7
64436795-7b5c-40d6-82c0-87702da4fceb,Completed,de915efe-78a6-49d9-9794-f0664d7c72c7
cd2e2752-83de-46de-bd27-8b8b82a8ba06,Backlog,d7ddc42e-fd31-4276-8001-3daf45fc8dab
15741536-9f4c-434a-8615-5b2cd5365797,Sprint Backlog,d7ddc42e-fd31-4276-8001-3daf45fc8dab
08b299ba-5821-49a2-8f30-987c47bbf4a7,In Progress,d7ddc42e-fd31-4276-8001-3daf45fc8dab
9f8c9e48-4c62-432d-b187-8ad91201d1c5,Review,d7ddc42e-fd31-4276-8001-3daf45fc8dab
2cbeb68b-a763-466d-8e6d-33c7f590aafa,Done,d7ddc42e-fd31-4276-8001-3daf45fc8dab
7427f033-f42e-4b1d-a3eb-e38f333805d6,To Do,682f3ed3-7e6c-4e59-9a2b-811990cf159f
dd11fde8-8c7a-45a7-b3ae-4684ea9304b3,In Progress,682f3ed3-7e6c-4e59-9a2b-811990cf159f
3dfb53fa-0877-4b2b-b7a0-4e0552b8822c,Waiting,682f3ed3-7e6c-4e59-9a2b-811990cf159f
e1241046-7bcd-47bd-ab9b-ba27a30ffa71,Completed,682f3ed3-7e6c-4e59-9a2b-811990cf159f
665b34e0-0d34-44dd-b546-cd1fbadf6437,Ideas,bfda3e4e-f74e-4df7-bfe6-aa2829405d26
03bd25b3-a680-406b-9bec-7511fa6463cc,Planning,bfda3e4e-f74e-4df7-bfe6-aa2829405d26
df724a9f-c8a8-4c3c-a2b1-a9a1e79dd2e1,Assets,bfda3e4e-f74e-4df7-bfe6-aa2829405d26
3a704b6b-ab6b-496b-9904-5ede9405fc34,Scheduled,bfda3e4e-f74e-4df7-bfe6-aa2829405d26
e58a6d9b-7bf6-4e65-8326-c42fea0d620c,Launched,bfda3e4e-f74e-4df7-bfe6-aa2829405d26
c450f31a-197d-4f91-b5d2-7076ab39d461,Backlog,ad2b9839-ff31-4c77-af41-dc171021607f
9b4545a5-87d6-41f8-a593-e80b055fb562,Sprint Backlog,ad2b9839-ff31-4c77-af41-dc171021607f
2cdad4d0-f8df-4751-8c27-0efed7412f54,In Progress,ad2b9839-ff31-4c77-af41-dc171021607f
7ef1bb0a-b90c-4518-814b-338cea9e32ae,Review,ad2b9839-ff31-4c77-af41-dc171021607f
90066ba6-ea9e-4f42-83c3-cd36ad8d093a,Done,ad2b9839-ff31-4c77-af41-dc171021607f
a57dcab0-ab8c-42c3-b06e-6dc6befef9af,To Do,0157a7ff-ebe6-49d8-9972-1b0d03fcb2b8
cfc42635-7d52-40bf-9713-bcce2f3af966,In Progress,0157a7ff-ebe6-49d8-9972-1b0d03fcb2b8
377b0152-1cf6-43ef-82a0-7e393dd2243a,Waiting,0157a7ff-ebe6-49d8-9972-1b0d03fcb2b8
74ce1df2-56cc-4885-abfa-2fe9c7edadd8,Completed,0157a7ff-ebe6-49d8-9972-1b0d03fcb2b8
73d2b14f-202f-4d1e-965f-15b7040924eb,Ideas,4a604c9b-819f-40f6-ab53-8a9f87562765
5a716abe-5d51-468d-93ff-22102a394d87,Planning,4a604c9b-819f-40f6-ab53-8a9f87562765
474b53e0-ad64-4b4c-93d7-956b664d11f0,Assets,4a604c9b-819f-40f6-ab53-8a9f87562765
d2bd5d4a-1e39-4ce5-8ae6-3c4e783ca5c3,Scheduled,4a604c9b-819f-40f6-ab53-8a9f87562765
137b1f36-cc93-448b-b64f-3b36bf1caeec,Launched,4a604c9b-819f-40f6-ab53-8a9f87562765
7ec0ab99-f98e-4b3c-81ad-8804e8a99dbd,To Do,3d8bd4a2-9bce-4bcd-9359-4992f31d1825
c2bae739-a081-4f9f-99ae-22b81bf89aa8,In Progress,3d8bd4a2-9bce-4bcd-9359-4992f31d1825
f175b540-2bad-496f-b8d3-4a32168d3ac8,Waiting,3d8bd4a2-9bce-4bcd-9359-4992f31d1825
74a7c39a-992f-43fb-9640-1cd04ad06ffb,Completed,3d8bd4a2-9bce-4bcd-9359-4992f31d1825
825e6e66-2680-4f54-a620-4a1e0580897b,To Do,c389fda3-17cb-4cc1-a788-6ec8038fbf1e
74e27b32-335b-48da-bbdd-51d2d4bfecf0,In Progress,c389fda3-17cb-4cc1-a788-6ec8038fbf1e
e1e92bfc-2cf0-4a14-b061-e78a0ac4c7be,Waiting,c389fda3-17cb-4cc1-a788-6ec8038fbf1e
2f09b144-1db0-4776-971f-89523629f3bd,Completed,c389fda3-17cb-4cc1-a788-6ec8038fbf1e
321f4da6-a4c0-42a1-97d0-d1a5bdd046a4,Backlog,d9b5fe84-7173-4b5e-b4df-8f5a593b26da
cf597355-7dbb-4a81-bba8-23a3e7a31f1b,Sprint Backlog,d9b5fe84-7173-4b5e-b4df-8f5a593b26da
299b5802-5a9b-4e65-be8e-f7e2163fa0ec,In Progress,d9b5fe84-7173-4b5e-b4df-8f5a593b26da
b1e9fda0-d4f6-463b-b65c-0b45f1264f4b,Review,d9b5fe84-7173-4b5e-b4df-8f5a593b26da
afeeb537-923b-4610-9398-212873b3fde7,Done,d9b5fe84-7173-4b5e-b4df-8f5a593b26da
26578246-8f5e-4143-824e-f5d478241750,To Do,91fd57e3-081c-4daf-a6a8-182b06530405
b3d20d37-28ff-4ae2-953e-a70a866cbea0,In Progress,91fd57e3-081c-4daf-a6a8-182b06530405
bf8e00ed-59e8-411a-a901-9a544ccda644,Waiting,91fd57e3-081c-4daf-a6a8-182b06530405
4b5856fe-f5e2-40f5-8284-4f97e4b408ac,Completed,91fd57e3-081c-4daf-a6a8-182b06530405
f30f5757-94e1-4912-9ead-f01ee12e5f9f,Ideas,2b26da98-4789-41b5-be8d-31200d0422b4
cc3ab870-6b96-47f1-bac3-42001cf406ca,Planning,2b26da98-4789-41b5-be8d-31200d0422b4
cb6ba3c0-e03b-4f32-b14c-41f262c9af8d,Assets,2b26da98-4789-41b5-be8d-31200d0422b4
55555007-f1d6-4aae-9941-61f18bce190a,Scheduled,2b26da98-4789-41b5-be8d-31200d0422b4
4192ab9e-71ec-426c-bb94-3702b37b446a,Launched,2b26da98-4789-41b5-be8d-31200d0422b4
38330787-1c54-45b6-a63c-cd0420991ff6,To Do,879b071d-9459-4f3d-bead-6563abccc3ea
bcf1a2cc-3d8c-463b-8682-a9ff01d975be,In Progress,879b071d-9459-4f3d-bead-6563abccc3ea
dda8903e-99c8-4955-80cd-889c55392d84,Waiting,879b071d-9459-4f3d-bead-6563abccc3ea
a7ce5826-77dd-4a4c-98c0-0a5f80c0c748,Completed,879b071d-9459-4f3d-bead-6563abccc3ea
f45ab1f1-7ca2-4243-8a42-e27919295ce9,To Do,82935ceb-e850-4843-8afd-d9b59c6a6322
7ff304e5-683e-40a1-ab6c-c02d57ac00d3,In Progress,82935ceb-e850-4843-8afd-d9b59c6a6322
748a0e10-e532-44b2-b3fa-282e10df505c,Waiting,82935ceb-e850-4843-8afd-d9b59c6a6322
925c1233-7b92-44ac-8517-d8a7f3891460,Completed,82935ceb-e850-4843-8afd-d9b59c6a6322
510b022c-bd93-4d9d-9f4b-6df931542bac,Backlog,3999688c-601c-4c97-8452-d51fd6af21e3
e1617f08-16d0-4940-acd5-bf90708cf6b6,Sprint Backlog,3999688c-601c-4c97-8452-d51fd6af21e3
626e676d-63b0-4b96-99e0-2f69f7801e4c,In Progress,3999688c-601c-4c97-8452-d51fd6af21e3
eddf0784-b8c8-416e-b3d0-dedb9c237446,Review,3999688c-601c-4c97-8452-d51fd6af21e3
66f9ef06-db58-45b7-a392-ca0346f5fb00,Done,3999688c-601c-4c97-8452-d51fd6af21e3
9dae2bb0-8ede-48b4-b0dd-28d15c9d3716,Backlog,38363668-0612-4511-b987-2ded873b6e9b
d7815a93-f689-4ee4-949a-81b67a6bf4ba,Sprint Backlog,38363668-0612-4511-b987-2ded873b6e9b
fd922299-8376-4cd4-8104-8f8ec0403c21,In Progress,38363668-0612-4511-b987-2ded873b6e9b
a1de3f00-a7d8-4ff9-8f7d-b8a257cdee81,Review,38363668-0612-4511-b987-2ded873b6e9b
84f6b45b-1116-48d6-8330-38601df7b801,Done,38363668-0612-4511-b987-2ded873b6e9b
901ff1ad-9eb3-46e9-9a4b-d19086d7b53f,Ideas,134a49a3-b4f5-4bc7-b017-bbd3c01bf09e
cde685c4-b727-4995-a2c9-a4f3421cab1b,Planning,134a49a3-b4f5-4bc7-b017-bbd3c01bf09e
8e4f74a0-fdda-4d2e-a3f0-7aaf8c36d10b,Assets,134a49a3-b4f5-4bc7-b017-bbd3c01bf09e
41103cfc-ab8a-42c6-95d5-6c54e318e978,Scheduled,134a49a3-b4f5-4bc7-b017-bbd3c01bf09e
d1ed2b91-831a-49e3-8300-1c3bed968d00,Launched,134a49a3-b4f5-4bc7-b017-bbd3c01bf09e
923ce2b2-6614-4a0c-a435-7e87b8955e36,Backlog,b17c5fe7-cc31-46f0-a1de-accaaffb6806
5f6e0bf2-72ad-4a79-bf47-e5a4dd089d37,Sprint Backlog,b17c5fe7-cc31-46f0-a1de-accaaffb6806
ed0c47ab-762e-487b-9386-4fdb89ac900b,In Progress,b17c5fe7-cc31-46f0-a1de-accaaffb6806
5669be7c-1c1d-4ed7-ada0-ee8bf69612e0,Review,b17c5fe7-cc31-46f0-a1de-accaaffb6806
a0a6b152-f3dd-46bd-a2b4-2abb19bb0b46,Done,b17c5fe7-cc31-46f0-a1de-accaaffb6806
a557869c-ce7d-47e1-911a-7d530e40aed6,Backlog,08d9b381-d899-49ed-b8c8-57a11fb94965
fbc35064-1c2a-48b2-98af-30e150069f78,Sprint Backlog,08d9b381-d899-49ed-b8c8-57a11fb94965
addbf3b3-ac0e-4dc4-8051-2ebe6b5b3435,In Progress,08d9b381-d899-49ed-b8c8-57a11fb94965
15707f52-110c-43e7-9072-f8b7f3777c9a,Review,08d9b381-d899-49ed-b8c8-57a11fb94965
c8752e0d-1c8d-41fa-9896-fbf4078da57f,Done,08d9b381-d899-49ed-b8c8-57a11fb94965
95b45e7b-52f6-4567-bdc7-a4f5a7cf3d03,Ideas,709584d4-25e0-437f-a8ce-daba510ecba9
e2bc22d0-3843-4c42-b158-301d3e8cf3c1,Planning,709584d4-25e0-437f-a8ce-daba510ecba9
ac8929b8-96df-419a-9bf9-d1639beda449,Assets,709584d4-25e0-437f-a8ce-daba510ecba9
739928f2-b046-4f61-ae81-22074330ca60,Scheduled,709584d4-25e0-437f-a8ce-daba510ecba9
c707b4b7-b4f3-4422-b38e-dc109c9d3eb9,Launched,709584d4-25e0-437f-a8ce-daba510ecba9
e8e4b64f-1e02-40eb-881b-55d41eb10e19,Ideas,61e89a5d-4897-4814-80a9-1027fcb7459f
d5e38345-d6a2-401c-85ff-ca2bfb28699a,Planning,61e89a5d-4897-4814-80a9-1027fcb7459f
a9775501-c657-48ea-bd08-15bbdf8fbb73,Assets,61e89a5d-4897-4814-80a9-1027fcb7459f
e5efb330-a010-4c5a-8c45-ab9eb928f386,Scheduled,61e89a5d-4897-4814-80a9-1027fcb7459f
a8e6e854-bbad-45ef-ac61-85beff37002b,Launched,61e89a5d-4897-4814-80a9-1027fcb7459f
8cbe48af-75cb-4710-b263-4923cc32c9d6,Backlog,080c16d5-eef0-4686-9183-4996cfe2f7e1
f992e701-3263-43fa-b787-a388c14d1044,Sprint Backlog,080c16d5-eef0-4686-9183-4996cfe2f7e1
54b3f5ef-d3fc-4dae-84cc-b4da451bf32f,In Progress,080c16d5-eef0-4686-9183-4996cfe2f7e1
2d4a97f4-08f1-4e2e-8fdb-985adc407829,Review,080c16d5-eef0-4686-9183-4996cfe2f7e1
9d6ff3ed-d22c-443d-8278-3a0a8c9db5aa,Done,080c16d5-eef0-4686-9183-4996cfe2f7e1
4bc02933-0a0c-4230-9ead-b8c9a5953200,Backlog,b5a5885e-29f4-45be-94a2-7531feacd260
05a69458-d77c-40c3-958c-ffda07d0921f,Sprint Backlog,b5a5885e-29f4-45be-94a2-7531feacd260
ed9e06de-d3ef-419c-87cf-54abeb165f2b,In Progress,b5a5885e-29f4-45be-94a2-7531feacd260
87427f04-0967-4864-ae4d-3b7fb0c6da44,Review,b5a5885e-29f4-45be-94a2-7531feacd260
0269a872-a7f9-4646-84a5-6f91c5b90990,Done,b5a5885e-29f4-45be-94a2-7531feacd260
e17a26a3-09a4-4a86-9ce8-3ae3c6cb4c5b,To Do,2f454d1a-0dcb-4f44-9df3-c35248c40f78
996ab7b5-d17a-4e44-b194-53b399ddebd1,In Progress,2f454d1a-0dcb-4f44-9df3-c35248c40f78
a76cf19b-2676-4892-bb1c-16283a247ced,Waiting,2f454d1a-0dcb-4f44-9df3-c35248c40f78
68fbea0a-c9b3-43fc-b295-239b2ff9f3a5,Completed,2f454d1a-0dcb-4f44-9df3-c35248c40f78
6e07d8f1-61a5-43fb-97eb-d88ff57f04c2,Backlog,aeb6c434-5456-465b-b90e-364cd7208714
a44a72c0-aef7-49d9-a120-13224a208e2b,Sprint Backlog,aeb6c434-5456-465b-b90e-364cd7208714
c31e84c3-f367-4316-b158-b78ac24fe997,In Progress,aeb6c434-5456-465b-b90e-364cd7208714
6035837e-bd2c-47a7-9cfa-e342d0722553,Review,aeb6c434-5456-465b-b90e-364cd7208714
17ff45e9-205f-423a-9298-597f709fb45f,Done,aeb6c434-5456-465b-b90e-364cd7208714
1528681d-aa60-4d1d-b2a6-b0a89ee33fad,Ideas,a816fe13-c8b3-4a5e-8233-f6c58024dfde
844eac91-759c-42e3-aab0-0fc250d4d352,Planning,a816fe13-c8b3-4a5e-8233-f6c58024dfde
904ba5ff-a1c4-4b34-a5ee-9a17a333a331,Assets,a816fe13-c8b3-4a5e-8233-f6c58024dfde
b09a925e-528a-4c00-8023-38cd12a2b99a,Scheduled,a816fe13-c8b3-4a5e-8233-f6c58024dfde
406154ca-7cfc-474a-b58b-a86678031112,Launched,a816fe13-c8b3-4a5e-8233-f6c58024dfde
2bb43339-24f0-4c00-acd3-0b2f3182dd80,Ideas,830cc580-da26-4650-9477-83ab62596b14
b9158672-4dcd-4bf9-9681-91f6b53fedc1,Planning,830cc580-da26-4650-9477-83ab62596b14
dd441d2d-f2ad-4461-bcf5-b2bdebc20a24,Assets,830cc580-da26-4650-9477-83ab62596b14
0fd53ad8-2579-4cc4-9190-fa2838d66c2b,Scheduled,830cc580-da26-4650-9477-83ab62596b14
dd7fcdbd-ae63-4b86-8830-b58773343b77,Launched,830cc580-da26-4650-9477-83ab62596b14
ec1ac143-5621-43c2-a307-7a1f35db0f12,Backlog,6058ef0f-97ff-4a02-84be-5a6f71255fb0
cc1a3b89-2cc5-487b-ae86-d29dc70b91b4,Sprint Backlog,6058ef0f-97ff-4a02-84be-5a6f71255fb0
0f64ec60-e2ef-4f1b-84ed-eb793fdc6331,In Progress,6058ef0f-97ff-4a02-84be-5a6f71255fb0
55643e76-609c-467c-89a8-10be18f222e2,Review,6058ef0f-97ff-4a02-84be-5a6f71255fb0
2af1818a-d819-4add-b746-3bc95a4051ef,Done,6058ef0f-97ff-4a02-84be-5a6f71255fb0
9bd3f79f-42db-4c12-ac10-70effb943cbe,Ideas,dab94311-5f84-487c-8d7f-7e14b5b20bc7
40b6696b-809d-4819-b78d-7a74931f31e1,Planning,dab94311-5f84-487c-8d7f-7e14b5b20bc7
1e6adb64-3277-48d3-b648-d02aa47cc87b,Assets,dab94311-5f84-487c-8d7f-7e14b5b20bc7
9c80e0f3-cc17-421f-b71d-e9d4ab57a019,Scheduled,dab94311-5f84-487c-8d7f-7e14b5b20bc7
0f00f683-cd14-4124-9fd8-cff75c8daf43,Launched,dab94311-5f84-487c-8d7f-7e14b5b20bc7
fd463f21-a97d-419f-86b9-fde30c9db9bb,Ideas,b88647be-0fbb-4408-835c-49064fc5be63
a86b589f-55d5-4d1f-8c25-0ce6fe2b9fcb,Planning,b88647be-0fbb-4408-835c-49064fc5be63
3c94c6e0-8523-4342-acf4-fbf4a1ecddb8,Assets,b88647be-0fbb-4408-835c-49064fc5be63
10b046df-6392-4b6b-8abb-f6b546810b27,Scheduled,b88647be-0fbb-4408-835c-49064fc5be63
61fc55ef-6244-4f0e-bc60-c35192d093f1,Launched,b88647be-0fbb-4408-835c-49064fc5be63
2309adbe-0a1d-4a4b-bf32-5bf87219a438,Ideas,27bbbb76-d4d7-4382-a619-747cfe25c1c0
c90ff2c5-ebff-4da5-acfa-752e0766c4be,Planning,27bbbb76-d4d7-4382-a619-747cfe25c1c0
8fc240d6-3ad4-4edd-8479-266f203b1553,Assets,27bbbb76-d4d7-4382-a619-747cfe25c1c0
0218aa9e-c140-404a-88d6-56477b317ec0,Scheduled,27bbbb76-d4d7-4382-a619-747cfe25c1c0
e60f61e2-b591-4017-9f83-dcfbdaceeddf,Launched,27bbbb76-d4d7-4382-a619-747cfe25c1c0
1f4d3f4d-6f8b-4789-8c2b-20811b9f0ccc,To Do,5a163fbc-6469-4671-a29b-d40b91dbfef1
3c28c950-daa3-44a5-956d-07a932ed35ad,In Progress,5a163fbc-6469-4671-a29b-d40b91dbfef1
8c1266e2-0fd8-419f-87e0-9c04d3d7b825,Waiting,5a163fbc-6469-4671-a29b-d40b91dbfef1
731387f3-63ec-4e48-be3f-7c33c79a1a5c,Completed,5a163fbc-6469-4671-a29b-d40b91dbfef1
b2d35afb-6508-4002-9155-f2bde6abcaaa,To Do,0d9aba3a-25e2-4572-9343-fb08285187cc
78a75ec4-6f3e-48d8-808c-f77e98ad3fed,In Progress,0d9aba3a-25e2-4572-9343-fb08285187cc
ac41c6ef-70bb-4b25-8865-25bcdd8ea1fc,Waiting,0d9aba3a-25e2-4572-9343-fb08285187cc
2ed1a0d9-bf5d-4180-acfe-62486cc741d9,Completed,0d9aba3a-25e2-4572-9343-fb08285187cc
386b160e-6904-458d-8070-b5224583bc6d,Backlog,cebd9326-8b99-4e15-9f1e-3b4a0f116936
fea95762-2010-4135-a7d3-def1c28f8c12,Sprint Backlog,cebd9326-8b99-4e15-9f1e-3b4a0f116936
3517ca94-de06-4fa1-829e-ad8f2ecc3231,In Progress,cebd9326-8b99-4e15-9f1e-3b4a0f116936
53f80e77-9433-4af4-877a-ffb8cfde9bdd,Review,cebd9326-8b99-4e15-9f1e-3b4a0f116936
38d3c57b-42e9-4d70-a863-e5c219cad48a,Done,cebd9326-8b99-4e15-9f1e-3b4a0f116936
9e2cb024-30c7-49f9-834a-8d6393cbf6db,Backlog,e54da346-9311-40f4-9457-5f4ff27fd2ee
dd479957-4676-4076-9f32-c4c66c4185af,Sprint Backlog,e54da346-9311-40f4-9457-5f4ff27fd2ee
6168a026-ca53-4521-972d-efa3e322652a,In Progress,e54da346-9311-40f4-9457-5f4ff27fd2ee
40fd30e1-02f5-45b7-9eea-5a3fa7f912be,Review,e54da346-9311-40f4-9457-5f4ff27fd2ee
a55df89e-04cd-40c9-b6d3-67ec8ed10390,Done,e54da346-9311-40f4-9457-5f4ff27fd2ee
ea35e0a4-56ca-48c8-a56b-00d2bf89f59b,To Do,a0961a27-7dc4-4ea6-ac98-010bde8ec4a0
7a85a61c-bf92-48f6-a355-8d3004ba9789,In Progress,a0961a27-7dc4-4ea6-ac98-010bde8ec4a0
276c4a28-1dd4-4a08-8d75-bf3f17a29611,Waiting,a0961a27-7dc4-4ea6-ac98-010bde8ec4a0
bc43a5eb-44fc-47c7-bc8b-9470a3dd575f,Completed,a0961a27-7dc4-4ea6-ac98-010bde8ec4a0
d930905b-8a71-4721-a24f-c68f0ff56c28,Backlog,83c415ba-b8cc-4e02-9b55-72da9f4108e0
4b0414af-59ab-4f95-bcdd-6b843d2a308a,Sprint Backlog,83c415ba-b8cc-4e02-9b55-72da9f4108e0
c982a674-5ce1-4ea4-bff8-dce9e6509f96,In Progress,83c415ba-b8cc-4e02-9b55-72da9f4108e0
bf11c9bc-669e-4279-b277-97f1fc328a7e,Review,83c415ba-b8cc-4e02-9b55-72da9f4108e0
ecc3620f-698d-4f9e-bd3c-a5ed8d8ee8bc,Done,83c415ba-b8cc-4e02-9b55-72da9f4108e0
8f0e5353-0ddc-49ba-a853-6e8669f33853,Backlog,0ac1ff98-4a51-4821-978b-6a7e359bbaec
e43551e8-0f2e-4668-881b-2ada1afdd2ca,Sprint Backlog,0ac1ff98-4a51-4821-978b-6a7e359bbaec
3a601af3-90e7-40bd-9999-061da9c6f2e6,In Progress,0ac1ff98-4a51-4821-978b-6a7e359bbaec
3c2f108a-790d-4333-ab37-d98ecab703b1,Review,0ac1ff98-4a51-4821-978b-6a7e359bbaec
f405cdfd-a15a-43eb-b5d0-f28d4a62e7d3,Done,0ac1ff98-4a51-4821-978b-6a7e359bbaec
9ce3c1a9-b1b5-4dcf-aeac-1f146de9d0f8,Ideas,6312d38d-237b-4c6f-b67a-99087569a071
6670eb47-46c7-43a6-babe-d731675ed307,Planning,6312d38d-237b-4c6f-b67a-99087569a071
14631f6f-bfd9-4b60-8da1-f4cabd9c07f0,Assets,6312d38d-237b-4c6f-b67a-99087569a071
e0303186-091c-48e2-9b01-bd911245a740,Scheduled,6312d38d-237b-4c6f-b67a-99087569a071
5ac97e54-bab5-46b5-8d9e-3210d9df1306,Launched,6312d38d-237b-4c6f-b67a-99087569a071
ddcc7b6b-fa38-4bb2-acbf-1469827fc4be,To Do,705e581a-4776-43b0-a7ac-a7f27bce01dd
cb9a2380-1ae9-454f-9519-bb32e87d38d6,In Progress,705e581a-4776-43b0-a7ac-a7f27bce01dd
ae8f18fc-ba8d-4031-b61a-bce3729341a8,Waiting,705e581a-4776-43b0-a7ac-a7f27bce01dd
64e99995-03d0-4c25-bd9f-f37786c2715b,Completed,705e581a-4776-43b0-a7ac-a7f27bce01dd
cef277b2-1745-49dc-a5af-5b8b9e4e9404,Backlog,fca0d94d-2acc-4212-96d5-0148094ae92c
59693d60-0920-464d-a1d7-85844c069aec,Sprint Backlog,fca0d94d-2acc-4212-96d5-0148094ae92c
e2e14d4b-4f37-448f-a02b-7f689ccdc2c6,In Progress,fca0d94d-2acc-4212-96d5-0148094ae92c
ef1369f5-5714-4e39-92b7-1b661c56d84c,Review,fca0d94d-2acc-4212-96d5-0148094ae92c
22d2bd4a-0391-4707-9026-29e1f236e53c,Done,fca0d94d-2acc-4212-96d5-0148094ae92c
6e9d37fa-f62e-4e0a-9859-239c47992b76,Backlog,bd59ab4a-b676-43be-afe8-a420533cbb31
356c367a-0667-4d19-98dd-ccff17d151b6,Sprint Backlog,bd59ab4a-b676-43be-afe8-a420533cbb31
c0c20cd8-9820-4bf6-9df8-a736bab2b7d4,In Progress,bd59ab4a-b676-43be-afe8-a420533cbb31
01b93b08-39bb-47c6-8993-693a592c2465,Review,bd59ab4a-b676-43be-afe8-a420533cbb31
7266715e-9fcd-4407-b1ac-f0ae52154e07,Done,bd59ab4a-b676-43be-afe8-a420533cbb31
aa3c6d5d-ace6-45ad-a4df-e4a09acc33ca,Ideas,ee96231c-1745-469d-b793-d6eaa8438d7d
72777915-fdac-436f-9d46-70c9a2cfc827,Planning,ee96231c-1745-469d-b793-d6eaa8438d7d
ca459a29-0bc6-4a5d-80d0-7d954152508b,Assets,ee96231c-1745-469d-b793-d6eaa8438d7d
64405280-2889-4d17-b10f-a61600840820,Scheduled,ee96231c-1745-469d-b793-d6eaa8438d7d
3e0a24dd-045b-4489-99f9-a54ea2a5a719,Launched,ee96231c-1745-469d-b793-d6eaa8438d7d
ad2bb9d2-98d4-4a36-970b-375d5b326cdf,To Do,e862377a-2ad2-45d3-9d4f-8ebe00639328
4f57869c-06ba-4bb1-8003-c707f9d995f2,In Progress,e862377a-2ad2-45d3-9d4f-8ebe00639328
f135ccb5-4e03-437a-abd1-596c20ab713c,Waiting,e862377a-2ad2-45d3-9d4f-8ebe00639328
15bfc6eb-cb7b-4cdd-a5d4-6a9f01d75351,Completed,e862377a-2ad2-45d3-9d4f-8ebe00639328
d5e3176c-1520-44b9-8e95-b13ea623e5fd,Ideas,1173a038-681c-414c-aff5-bea10327b92c
20b4fffb-8ab0-4f1f-90e9-3331920ec23f,Planning,1173a038-681c-414c-aff5-bea10327b92c
4bd468be-9645-413a-85ba-7e3279ed91ec,Assets,1173a038-681c-414c-aff5-bea10327b92c
f320a840-8181-464e-8530-63b854c4ff1a,Scheduled,1173a038-681c-414c-aff5-bea10327b92c
855f2f53-e15d-4ee7-ad88-be71bf538007,Launched,1173a038-681c-414c-aff5-bea10327b92c
8a2d2106-e6e7-4861-a715-99cceb23fd45,Backlog,b2cf5aab-6b33-4fd0-896b-c110cf86f31c
3873b10b-5c0e-4530-ae41-e072cac221b8,Sprint Backlog,b2cf5aab-6b33-4fd0-896b-c110cf86f31c
6f2e1e9a-6a10-4594-9db5-da6bb3dd2128,In Progress,b2cf5aab-6b33-4fd0-896b-c110cf86f31c
8c3c1776-17b2-4bee-a7d7-6accd4d36d8b,Review,b2cf5aab-6b33-4fd0-896b-c110cf86f31c
f8450744-318a-4150-881d-6bdebc6573f7,Done,b2cf5aab-6b33-4fd0-896b-c110cf86f31c
71dfd936-fa31-42c8-b9a2-05b635e355e7,Ideas,f2b235a3-05ed-4d6d-92fe-2d1613ce9519
44beb94d-58e4-4b9e-af5a-0c1d60427023,Planning,f2b235a3-05ed-4d6d-92fe-2d1613ce9519
2fb8c3c8-84d4-48a0-b34d-1fa8959b5e84,Assets,f2b235a3-05ed-4d6d-92fe-2d1613ce9519
ffb50942-aa3b-4195-981b-b26af22e82c6,Scheduled,f2b235a3-05ed-4d6d-92fe-2d1613ce9519
e41397a6-0710-427d-b287-30409e1d4d46,Launched,f2b235a3-05ed-4d6d-92fe-2d1613ce9519
a51539a4-b20a-4ec7-96ce-eec326055d12,Backlog,a8429b06-d4ff-4b3e-a9b1-1b6808d9b5f3
e6cabed1-7c87-4fa1-a194-01bf30a9457b,Sprint Backlog,a8429b06-d4ff-4b3e-a9b1-1b6808d9b5f3
c4972e29-4288-464d-a434-9094aab58679,In Progress,a8429b06-d4ff-4b3e-a9b1-1b6808d9b5f3
34ac7145-8356-43d6-a09a-0857b9bdf527,Review,a8429b06-d4ff-4b3e-a9b1-1b6808d9b5f3
bdd7d67d-0db1-4376-b3c9-d3fcd52c723b,Done,a8429b06-d4ff-4b3e-a9b1-1b6808d9b5f3
2131f254-c89e-4c88-89a2-2c3fcc202a01,To Do,56187561-f330-44f0-bc2d-3721f7ac47e1
6b8167d7-de7a-40f9-8ffd-b686b6f73973,In Progress,56187561-f330-44f0-bc2d-3721f7ac47e1
32c9aef7-c5d9-4c53-ba3e-ee8ae6fc22bc,Waiting,56187561-f330-44f0-bc2d-3721f7ac47e1
3d691c1f-ee43-4dcc-81d5-aca89ea0451d,Completed,56187561-f330-44f0-bc2d-3721f7ac47e1
d60bc153-e21c-4b0d-b122-0d5661b41a60,Ideas,4b7bc355-a305-4cd2-991a-c5b663a9c816
aeb84f08-a4f9-4fb7-a995-9c2d63fcd4f3,Planning,4b7bc355-a305-4cd2-991a-c5b663a9c816
408d5cb4-d158-4dc9-8ad6-eb3ce90feaac,Assets,4b7bc355-a305-4cd2-991a-c5b663a9c816
09326373-0ad7-4ace-aff1-e99c1891264f,Scheduled,4b7bc355-a305-4cd2-991a-c5b663a9c816
239c7dbd-a10f-4eb3-b9e5-c7dc447aa6de,Launched,4b7bc355-a305-4cd2-991a-c5b663a9c816
afa69205-fa1b-40c6-88ff-93bc8033c526,Ideas,2a2adf2c-e32a-4795-86ef-475b513b0b99
178be6d1-68ca-4e5c-9e42-1fe39403b53e,Planning,2a2adf2c-e32a-4795-86ef-475b513b0b99
8d70e8f1-4e33-448c-9de5-5e3c76c3dd15,Assets,2a2adf2c-e32a-4795-86ef-475b513b0b99
9ef46f31-5e68-4305-8076-98b14b5e77cd,Scheduled,2a2adf2c-e32a-4795-86ef-475b513b0b99
9c8c5fe9-0fff-46a9-9fd7-241ce46131cb,Launched,2a2adf2c-e32a-4795-86ef-475b513b0b99
fa20292a-2a9a-470e-b61d-c5f56fdb81d0,To Do,e896a069-edd2-4edd-8839-6185bdf43e20
2c7e27ed-d28b-4903-964f-aee5bb7880a9,In Progress,e896a069-edd2-4edd-8839-6185bdf43e20
b57551cb-97ce-450c-ad02-0a3b314e76c3,Waiting,e896a069-edd2-4edd-8839-6185bdf43e20
8a4eafa6-cda3-4d0a-9bed-34c23a10ea16,Completed,e896a069-edd2-4edd-8839-6185bdf43e20
d033d819-5893-4be7-83ca-f35278ffdc04,Backlog,8235ddb0-0e45-40eb-888b-ada4e9273bef
d9e344f9-dcb5-4945-a006-4a19786faf1d,Sprint Backlog,8235ddb0-0e45-40eb-888b-ada4e9273bef
1aa0b247-3a68-4189-b838-aeae2f7fa903,In Progress,8235ddb0-0e45-40eb-888b-ada4e9273bef
455c53b8-81ba-400e-835d-87ca9506bfdb,Review,8235ddb0-0e45-40eb-888b-ada4e9273bef
224141e8-fdf3-4e93-b59f-cadefd9f786f,Done,8235ddb0-0e45-40eb-888b-ada4e9273bef
76230adc-9a9e-4b4c-86f5-968d8b26fc15,Ideas,775be713-384a-40de-a878-b526af702050
4c7fde81-2d63-46c7-873b-d6d6cbb4fa50,Planning,775be713-384a-40de-a878-b526af702050
ed12ab4c-afb0-4f9c-a4f0-7411c8238d29,Assets,775be713-384a-40de-a878-b526af702050
17f9d6b6-8e18-49e4-992b-44338e2966a2,Scheduled,775be713-384a-40de-a878-b526af702050
bfb64572-08e2-4a2d-9d0d-6e24d7608612,Launched,775be713-384a-40de-a878-b526af702050
c8ca7208-1ed9-4ff2-881c-af335b9ec048,Ideas,70d2994a-02a7-48ac-8445-049756305efe
e2bd386b-6532-4e67-bd9a-b5a127b60c54,Planning,70d2994a-02a7-48ac-8445-049756305efe
55a5d4e3-0eb5-4055-8485-9b0f406c0c97,Assets,70d2994a-02a7-48ac-8445-049756305efe
8b200a28-d0f3-4a4a-a361-8dcdc0104558,Scheduled,70d2994a-02a7-48ac-8445-049756305efe
2ebd7731-eebf-4d12-9a14-57c797c0d525,Launched,70d2994a-02a7-48ac-8445-049756305efe
4c512288-17c2-405a-ae8e-43fb9f076c4f,To Do,488fd102-ae62-431d-9294-0a85a32ed18a
a337284e-5793-4dfd-8393-548babe94fa1,In Progress,488fd102-ae62-431d-9294-0a85a32ed18a
1b06a8b7-7c64-4784-99e5-601ea8113a58,Waiting,488fd102-ae62-431d-9294-0a85a32ed18a
e2c766f4-239b-43fb-ad82-ee0f53f67353,Completed,488fd102-ae62-431d-9294-0a85a32ed18a
3a947dd5-78ed-49c8-99bc-32874d0065f0,Ideas,6985a0a7-b25d-4f1f-9dea-9ee103cc151f
86202e66-6b08-41dc-b200-19e3847cdbdc,Planning,6985a0a7-b25d-4f1f-9dea-9ee103cc151f
206415d7-13c9-4506-b2a7-c536f0ff7127,Assets,6985a0a7-b25d-4f1f-9dea-9ee103cc151f
0f315d09-df43-4b1d-ac9b-a9608711dfe4,Scheduled,6985a0a7-b25d-4f1f-9dea-9ee103cc151f
f7787845-2f28-476d-beea-0cfff8c2c58a,Launched,6985a0a7-b25d-4f1f-9dea-9ee103cc151f
c624a600-d319-41e5-8774-a066dda00ab2,Ideas,617a9db6-8a5d-4f4f-bffd-d6d9fe377c4d
31e56af4-0909-40e3-9907-c91cf72b78cf,Planning,617a9db6-8a5d-4f4f-bffd-d6d9fe377c4d
7f45de98-b558-464e-8525-484733c3ff3d,Assets,617a9db6-8a5d-4f4f-bffd-d6d9fe377c4d
8d7da8f2-943d-469a-a93c-e22daa114572,Scheduled,617a9db6-8a5d-4f4f-bffd-d6d9fe377c4d
546e049f-9ab8-4f0e-b6c5-1e44e81058fd,Launched,617a9db6-8a5d-4f4f-bffd-d6d9fe377c4d
5b683a30-60f8-4a06-af6d-43d86b7849e0,Backlog,9c80fa8f-2aba-4ef3-888d-f57f7a293171
e6e00276-a243-40d7-b7ae-c7e57691dcbb,Sprint Backlog,9c80fa8f-2aba-4ef3-888d-f57f7a293171
d05f89a9-0320-468b-8571-5349d9fcb8a3,In Progress,9c80fa8f-2aba-4ef3-888d-f57f7a293171
06ab06a6-4f3c-4dca-92b2-dffd5513266d,Review,9c80fa8f-2aba-4ef3-888d-f57f7a293171
f324a592-2eed-4a76-945b-7f186e07f669,Done,9c80fa8f-2aba-4ef3-888d-f57f7a293171
78e344eb-2837-43a8-ad76-ad6ba5d1a3da,Backlog,b41d15f9-0da4-4108-9106-2c24c20c25d1
4c6c085a-5267-40f0-a8c8-9e30e415ea88,Sprint Backlog,b41d15f9-0da4-4108-9106-2c24c20c25d1
5d714740-0164-4065-a39f-e2ce34a42314,In Progress,b41d15f9-0da4-4108-9106-2c24c20c25d1
69a289ea-b505-44cf-87e6-85a5f14e8771,Review,b41d15f9-0da4-4108-9106-2c24c20c25d1
ad7dd508-c15a-40c6-9f56-eaa44761cad0,Done,b41d15f9-0da4-4108-9106-2c24c20c25d1
b1a3a119-eae6-4e86-93c7-659e0dc3984f,To Do,3bcf27b6-2a33-4d55-a734-61f7185dc27a
b79053de-58da-4fb5-b663-81cd59077f95,In Progress,3bcf27b6-2a33-4d55-a734-61f7185dc27a
d7c81d31-3008-4563-b932-d3bf889cb0af,Waiting,3bcf27b6-2a33-4d55-a734-61f7185dc27a
02a327d3-e358-473e-a109-0f8f17ac5955,Completed,3bcf27b6-2a33-4d55-a734-61f7185dc27a
aaf2e0b9-205d-4b4f-a68a-35353dfbdf34,To Do,cb63a136-7253-4304-ad4e-dde64c516df7
76656793-e446-4d63-8029-16b30f760cea,In Progress,cb63a136-7253-4304-ad4e-dde64c516df7
d61c7016-4beb-4162-9404-7eeaa1cf53f7,Waiting,cb63a136-7253-4304-ad4e-dde64c516df7
8f4ed73d-136d-4a5f-8bf2-cb0b4a9dc64d,Completed,cb63a136-7253-4304-ad4e-dde64c516df7
1c4c4744-efc1-4297-bc9d-3efc7d24732d,Ideas,79210d88-d600-4918-b09b-654f16adfb76
db21ced0-dc99-480f-8c73-fa2e4c9a3774,Planning,79210d88-d600-4918-b09b-654f16adfb76
58f6d97c-f1ea-46f8-b7c0-872d22f46a3b,Assets,79210d88-d600-4918-b09b-654f16adfb76
13b6c2ec-2635-4a50-9e8e-f83de03260a6,Scheduled,79210d88-d600-4918-b09b-654f16adfb76
fe3a3740-c26d-4113-8dde-79685e1a8ca1,Launched,79210d88-d600-4918-b09b-654f16adfb76
0546cb04-a4ff-4e59-bddc-d984248adade,Ideas,55f4bfa3-2a8d-4b34-b505-ae3435d38a6d
724d5dc9-19f9-4704-91ad-6e4fdca1183b,Planning,55f4bfa3-2a8d-4b34-b505-ae3435d38a6d
034d914a-f480-466d-b011-f19bf4bbe787,Assets,55f4bfa3-2a8d-4b34-b505-ae3435d38a6d
2ef5c7b3-a193-49f6-a323-418f8163dfd4,Scheduled,55f4bfa3-2a8d-4b34-b505-ae3435d38a6d
fbc87816-96c7-4f0f-8df5-26ac7b060ea1,Launched,55f4bfa3-2a8d-4b34-b505-ae3435d38a6d
1ef589b6-8bec-4a79-9776-d0a363a9a5d2,Ideas,e4fbc9f9-ce1e-4ea5-9e99-f67af24f2b31
07387bd4-660e-4bc1-9b70-630176b04ebc,Planning,e4fbc9f9-ce1e-4ea5-9e99-f67af24f2b31
1632ca6a-90bc-4875-876c-4add260dfcf6,Assets,e4fbc9f9-ce1e-4ea5-9e99-f67af24f2b31
2b0aaedd-39eb-43f6-991b-e7734846866d,Scheduled,e4fbc9f9-ce1e-4ea5-9e99-f67af24f2b31
22426234-7b11-4f6b-bb13-8745d292e503,Launched,e4fbc9f9-ce1e-4ea5-9e99-f67af24f2b31
9de7367e-ec65-476f-ae5a-3ef0213bf54b,Backlog,9ca0215e-932c-4ce9-8bc4-1fd5543f940d
4692c2cc-2d98-4a15-9bb4-d9fbc01f690f,Sprint Backlog,9ca0215e-932c-4ce9-8bc4-1fd5543f940d
72e9caa6-a005-4a05-959f-0909ddc2a302,In Progress,9ca0215e-932c-4ce9-8bc4-1fd5543f940d
2923d60f-57cf-459f-b8e0-280cc483f21d,Review,9ca0215e-932c-4ce9-8bc4-1fd5543f940d
a20aad3e-9e21-45e7-8bee-b7bf8fae280c,Done,9ca0215e-932c-4ce9-8bc4-1fd5543f940d
c8b2bc37-7c86-4e01-a390-b424941d4902,Ideas,97ddb78a-4719-4062-8230-924ac1142368
65392380-becb-4a00-a0a7-bf1e77797621,Planning,97ddb78a-4719-4062-8230-924ac1142368
95881f65-8761-4614-9157-7a5d820cd994,Assets,97ddb78a-4719-4062-8230-924ac1142368
3d9de6c8-17b8-4fb5-b721-f07ce8d0a1ff,Scheduled,97ddb78a-4719-4062-8230-924ac1142368
98dad823-abc1-4e63-bb30-f9ad7369919a,Launched,97ddb78a-4719-4062-8230-924ac1142368
1d932074-17a7-40e0-ae66-60b6e5a323c7,To Do,edcd5177-a2a3-4068-bf65-a286a2556df9
b11a1a19-ce78-443b-86d2-8d7f0b425cc6,In Progress,edcd5177-a2a3-4068-bf65-a286a2556df9
2ece0094-c52f-4104-8627-255295238a61,Waiting,edcd5177-a2a3-4068-bf65-a286a2556df9
e9be73b4-021c-4fbb-8244-2dbf65b56ef5,Completed,edcd5177-a2a3-4068-bf65-a286a2556df9
924f52b9-43d2-437d-b9ce-103d8790e70d,Ideas,70b74b73-6eae-43b9-81df-f5463a29870c
72d4cba7-e1f4-41c9-b2ec-5162fe15fade,Planning,70b74b73-6eae-43b9-81df-f5463a29870c
3c0f8ec3-8771-4d2e-a514-1e370b1c46fd,Assets,70b74b73-6eae-43b9-81df-f5463a29870c
934b0212-da5a-4c9c-9bad-7141c104f3aa,Scheduled,70b74b73-6eae-43b9-81df-f5463a29870c
0b4968f8-9c48-49a0-9ce3-5d13616eeb21,Launched,70b74b73-6eae-43b9-81df-f5463a29870c
508ee9bf-3c83-49a4-99da-2d4813429d2b,Ideas,a8a8f144-7a93-4b0d-bdca-de4b25e0694f
137021ea-6a25-4729-9fcd-25d04ef711b1,Planning,a8a8f144-7a93-4b0d-bdca-de4b25e0694f
8a0ca58d-de90-4034-a820-1b28d3b3e938,Assets,a8a8f144-7a93-4b0d-bdca-de4b25e0694f
786b11ed-ab28-4f87-a5d2-fde44ee47545,Scheduled,a8a8f144-7a93-4b0d-bdca-de4b25e0694f
76f68285-cd95-4df9-a07a-c4891a8bab0c,Launched,a8a8f144-7a93-4b0d-bdca-de4b25e0694f
8d2073e9-a55e-4378-b705-ed185d53a2bb,Backlog,a512e01b-6015-4637-a809-cc0d4475e707
dc131988-ba3c-4b8f-8f1d-f1d1c23a0f0d,Sprint Backlog,a512e01b-6015-4637-a809-cc0d4475e707
669cdb9a-bbb8-4fbc-9e96-166044844619,In Progress,a512e01b-6015-4637-a809-cc0d4475e707
b5f74ae9-5128-443c-81ce-bced47224947,Review,a512e01b-6015-4637-a809-cc0d4475e707
68394400-bcb3-499d-a8cb-89b25560cb10,Done,a512e01b-6015-4637-a809-cc0d4475e707
0dd0d6fe-0960-42d0-abbd-6d5ecd9ef1e3,Backlog,70bde70e-fcc8-47e5-b97d-73bf3c43f967
3f3f8a3d-0547-4d4c-93bc-167807782c72,Sprint Backlog,70bde70e-fcc8-47e5-b97d-73bf3c43f967
ec1150ff-89d2-4621-8999-0d1cec6b3f08,In Progress,70bde70e-fcc8-47e5-b97d-73bf3c43f967
b2b3b480-a1c2-41d0-892c-e888cbb397ae,Review,70bde70e-fcc8-47e5-b97d-73bf3c43f967
bc1ced92-168b-40fe-87e0-c35279699c0f,Done,70bde70e-fcc8-47e5-b97d-73bf3c43f967
03db5d14-0347-4fa4-975f-cd3da955f9b4,Backlog,32ae3421-4197-4905-9a64-86cb52708684
1daa562a-1645-4a7c-905e-454fe820c97b,Sprint Backlog,32ae3421-4197-4905-9a64-86cb52708684
10718250-0cb2-4629-8b03-8411f2b3b069,In Progress,32ae3421-4197-4905-9a64-86cb52708684
64ef3703-b1ae-4f31-80eb-0c030e7e4f54,Review,32ae3421-4197-4905-9a64-86cb52708684
ceb8ef3f-b4a8-4920-8586-0e79f1ea399f,Done,32ae3421-4197-4905-9a64-86cb52708684
7fb43c0d-5cff-469a-aba3-dd23c9498c15,Backlog,f7fe8316-6964-4ddf-bbc8-f2aa23a4b7db
28d5bfa7-314c-4a99-9e5d-1ee29cdd3e36,Sprint Backlog,f7fe8316-6964-4ddf-bbc8-f2aa23a4b7db
bbc4363d-b50d-448a-a3e8-b3392b3bcacf,In Progress,f7fe8316-6964-4ddf-bbc8-f2aa23a4b7db
eb16c5fc-afa6-4890-8daf-8d5aa444fe64,Review,f7fe8316-6964-4ddf-bbc8-f2aa23a4b7db
e2429141-c521-4940-a15d-f8966112dd49,Done,f7fe8316-6964-4ddf-bbc8-f2aa23a4b7db
2893a463-86f8-4542-ac55-8f32b12e03d1,To Do,8f3aff82-bf8b-4fed-b53d-d8b3c7f43e88
2379200c-4aec-4dc0-b0fb-560d0c538abc,In Progress,8f3aff82-bf8b-4fed-b53d-d8b3c7f43e88
7c3e7468-1be7-4f71-a6ea-a561eac0b820,Waiting,8f3aff82-bf8b-4fed-b53d-d8b3c7f43e88
68722b83-80f3-4d8f-bbe1-e13f47bac369,Completed,8f3aff82-bf8b-4fed-b53d-d8b3c7f43e88
f63d54da-3e93-40d8-9fb5-dc5021b32661,To Do,a9ee8e8b-1e4c-4f08-8b0b-5be0b4cb2621
71c86f81-1200-4c70-a992-82a0b58a74aa,In Progress,a9ee8e8b-1e4c-4f08-8b0b-5be0b4cb2621
961b10c6-5079-4b5e-a9d6-61c37a1be8cb,Waiting,a9ee8e8b-1e4c-4f08-8b0b-5be0b4cb2621
ddc99889-492b-4868-a1cc-f35340aeff41,Completed,a9ee8e8b-1e4c-4f08-8b0b-5be0b4cb2621
09b037f1-128c-4157-844b-1aa2fc890ef1,Ideas,b248a19c-0d8c-4b7d-83e7-85a9f7b00960
e29ccc96-6990-40db-9781-c58c6002c3bf,Planning,b248a19c-0d8c-4b7d-83e7-85a9f7b00960
1a458186-5634-4e0e-b6f3-b9915e7afb07,Assets,b248a19c-0d8c-4b7d-83e7-85a9f7b00960
d92a6bd0-862b-47e4-bac7-c5f88e97dcd1,Scheduled,b248a19c-0d8c-4b7d-83e7-85a9f7b00960
4f28e91d-3e69-4e25-a58f-d4f5ea9d7d46,Launched,b248a19c-0d8c-4b7d-83e7-85a9f7b00960
53724a35-93fa-4fd8-a019-f8aefe5f823b,Backlog,7c40fe32-4189-4159-a46d-c16f4d19b857
abb9a470-299b-4e31-aad1-1c920c8a5f89,Sprint Backlog,7c40fe32-4189-4159-a46d-c16f4d19b857
096bce15-41c2-4bac-85cf-c2ed1b8d0d5c,In Progress,7c40fe32-4189-4159-a46d-c16f4d19b857
3a24480b-4015-462a-85ae-a82e4ec4b926,Review,7c40fe32-4189-4159-a46d-c16f4d19b857
09cf347d-c336-4684-a556-c98ad358cf6f,Done,7c40fe32-4189-4159-a46d-c16f4d19b857
0443661a-bcd3-4f75-b8df-658d534f6ce0,Ideas,1d48b491-5e93-4565-a59c-122cf3149ece
9ca769ae-48e9-41f1-951e-0856826c047f,Planning,1d48b491-5e93-4565-a59c-122cf3149ece
8d723cb9-73da-4556-bdd9-8c05c073b41c,Assets,1d48b491-5e93-4565-a59c-122cf3149ece
c31a2a9f-ed24-4e91-85a8-ca12bcde155e,Scheduled,1d48b491-5e93-4565-a59c-122cf3149ece
5d68702b-bdb6-4f69-81d9-cc2068d25157,Launched,1d48b491-5e93-4565-a59c-122cf3149ece
de95f425-05e0-4fee-9262-dc26444a2ba4,To Do,bdf5b67c-1cee-48fb-8152-6c2af83c53f6
f905edb9-6065-48db-a3db-d0371c994c55,In Progress,bdf5b67c-1cee-48fb-8152-6c2af83c53f6
b5014c8d-e2c1-4d51-964b-71b2a8b4d79e,Waiting,bdf5b67c-1cee-48fb-8152-6c2af83c53f6
0fbf517b-110b-49a5-ac9e-a7c0a5abadf7,Completed,bdf5b67c-1cee-48fb-8152-6c2af83c53f6
6b7f45c2-eba2-4b33-ac5b-4e7a5bf8cfb4,To Do,b0b291e9-0b65-47db-abda-63a3f896748b
68cdc883-ca0f-4db8-942e-32f7a5f3dfc0,In Progress,b0b291e9-0b65-47db-abda-63a3f896748b
f8599303-9044-4812-b453-3c564a997c58,Waiting,b0b291e9-0b65-47db-abda-63a3f896748b
53e7a510-26d5-42ad-a981-c293f19eb945,Completed,b0b291e9-0b65-47db-abda-63a3f896748b
47989e30-14a7-4acf-8c5c-fe69db5696ac,Ideas,096c543d-2bbc-4934-aa45-1ebb2f2d3a61
eac202cf-c2f4-4c5f-a50f-f486201024b4,Planning,096c543d-2bbc-4934-aa45-1ebb2f2d3a61
e324e583-794e-49a7-b8bf-d6a9a3b36890,Assets,096c543d-2bbc-4934-aa45-1ebb2f2d3a61
5550a025-d95d-485d-b825-f076f4472e0a,Scheduled,096c543d-2bbc-4934-aa45-1ebb2f2d3a61
0c61227d-865a-4277-a454-7461d4779130,Launched,096c543d-2bbc-4934-aa45-1ebb2f2d3a61
8dbcd8e1-ddb6-4bfa-859e-b6cedb7b5bb0,Ideas,5519d473-6868-4184-b3a8-636c8a54d2de
a1eab463-ef82-4b8c-aaea-cfdc841f024b,Planning,5519d473-6868-4184-b3a8-636c8a54d2de
f8c96c69-f675-4541-b031-a6000b6807ef,Assets,5519d473-6868-4184-b3a8-636c8a54d2de
3bf4160a-2726-4b3c-ae83-dba5b0354e4a,Scheduled,5519d473-6868-4184-b3a8-636c8a54d2de
03db26fe-92a8-4fc0-aa5b-7995375ea51f,Launched,5519d473-6868-4184-b3a8-636c8a54d2de
1c7384bd-8422-4339-b2af-9c653ed5ae1e,Backlog,f5b5b496-dd74-490f-bcab-fa5ab8134b5f
b0f0c874-cdb5-4aa1-978f-9ba5ed9dc76d,Sprint Backlog,f5b5b496-dd74-490f-bcab-fa5ab8134b5f
8645774f-e113-4517-bd98-cf4fb44b83da,In Progress,f5b5b496-dd74-490f-bcab-fa5ab8134b5f
96f8a772-937a-4650-ad3f-bfa0afbb8e36,Review,f5b5b496-dd74-490f-bcab-fa5ab8134b5f
0e7c5568-e47e-45f3-b645-ba970bcf9361,Done,f5b5b496-dd74-490f-bcab-fa5ab8134b5f
f7cd5c52-c4bf-4221-9981-ead1ffd1d9f3,Ideas,f44a67b3-0cdd-4929-94e3-721ec4bbcea2
2ee31b62-9928-4990-bb35-8afbddbd1273,Planning,f44a67b3-0cdd-4929-94e3-721ec4bbcea2
b703fb31-a028-420f-b7a1-258c6f42835c,Assets,f44a67b3-0cdd-4929-94e3-721ec4bbcea2
4a7c7d7e-d82e-4614-886e-a3dc19b3a578,Scheduled,f44a67b3-0cdd-4929-94e3-721ec4bbcea2
771774e3-28ae-49a8-a9ea-d2f8a4eeefd1,Launched,f44a67b3-0cdd-4929-94e3-721ec4bbcea2
f49f5ebc-e04d-400c-9590-09d69c51d4bf,Backlog,cbcd8571-34c1-434d-9179-7fdbfc516579
4afb5a09-fa87-4ee7-a3ea-ec68aa9188c3,Sprint Backlog,cbcd8571-34c1-434d-9179-7fdbfc516579
6cc910c0-fb40-4b07-a051-8b99bc26ec97,In Progress,cbcd8571-34c1-434d-9179-7fdbfc516579
8d4a42b0-dde2-4078-acfe-9d0a083efd2b,Review,cbcd8571-34c1-434d-9179-7fdbfc516579
8e906273-1450-4025-8c43-cfc995337c2b,Done,cbcd8571-34c1-434d-9179-7fdbfc516579
9f3623c5-7c09-4108-9915-dc218bfa6c8a,Ideas,29417ffb-d575-4fb4-ac57-9b94031c18aa
48dd1c29-5c01-4ee6-8952-73e72102be8d,Planning,29417ffb-d575-4fb4-ac57-9b94031c18aa
62aefd02-9653-42d0-adef-0b612565c2c5,Assets,29417ffb-d575-4fb4-ac57-9b94031c18aa
35a375c5-5a65-43a5-b6ca-d27d67e01220,Scheduled,29417ffb-d575-4fb4-ac57-9b94031c18aa
51281734-4067-43c4-a57c-ff0f14e538ee,Launched,29417ffb-d575-4fb4-ac57-9b94031c18aa
ca563d54-a2b2-4ac7-b7b0-57ae07a53727,Backlog,64ab2c87-51f1-4cc0-ad64-e85c7b56f447
f8868df7-831d-4a40-9c06-737a1b16df72,Sprint Backlog,64ab2c87-51f1-4cc0-ad64-e85c7b56f447
b380a422-f4c1-4f9b-993f-6f38a680d091,In Progress,64ab2c87-51f1-4cc0-ad64-e85c7b56f447
f85f08fc-2659-4f98-be25-f76029368039,Review,64ab2c87-51f1-4cc0-ad64-e85c7b56f447
f15b4880-e6d9-408b-938c-2d2d55a33004,Done,64ab2c87-51f1-4cc0-ad64-e85c7b56f447
7ddc4cb7-7965-42b7-a426-5d8de5283557,Backlog,c9d151de-26b0-4d74-97a2-583a84c26b97
d45405fa-912c-43cf-9b79-d92c44aabc89,Sprint Backlog,c9d151de-26b0-4d74-97a2-583a84c26b97
ccd5f828-50a7-492f-b60e-dd8364a632f4,In Progress,c9d151de-26b0-4d74-97a2-583a84c26b97
91d4750f-febf-4067-aa57-2e85ce785d0a,Review,c9d151de-26b0-4d74-97a2-583a84c26b97
d14eab0c-9cca-4336-97bc-4452aa0c61ef,Done,c9d151de-26b0-4d74-97a2-583a84c26b97
2f021989-345d-43ad-ae78-652aa8b76569,Backlog,90d065a4-c8da-411f-aa7a-f51b435f208c
3e1c8d44-6241-4e89-a83d-9d73c6931e78,Sprint Backlog,90d065a4-c8da-411f-aa7a-f51b435f208c
a8de17f3-583d-47dd-bd3a-492a97f7ffff,In Progress,90d065a4-c8da-411f-aa7a-f51b435f208c
3716263a-fb28-46b5-aac8-4df861906b66,Review,90d065a4-c8da-411f-aa7a-f51b435f208c
ded57fc7-f6c8-4828-bbef-20a148540393,Done,90d065a4-c8da-411f-aa7a-f51b435f208c
b5d78c16-1b2a-462d-b801-f7d6bba49409,Backlog,92e55d12-d98f-4c46-87b0-0028a9035a78
a4e32d17-da85-4cca-8c17-1c3c395a8780,Sprint Backlog,92e55d12-d98f-4c46-87b0-0028a9035a78
96fc62f9-f1f2-455f-9de6-e259cf7789e1,In Progress,92e55d12-d98f-4c46-87b0-0028a9035a78
02b3cdda-5cc1-4f4e-82e3-a96f37eeaa72,Review,92e55d12-d98f-4c46-87b0-0028a9035a78
1eb0d6de-9680-4af9-ab1c-8bfd8f9443ad,Done,92e55d12-d98f-4c46-87b0-0028a9035a78
d0d9e270-1933-46db-b121-88a313f29872,Backlog,7d595da7-8eac-4c8c-a0f9-d90e2e9ad1f6
9e539a79-4e22-403b-adec-4914ed94a265,Sprint Backlog,7d595da7-8eac-4c8c-a0f9-d90e2e9ad1f6
60880698-e8de-4343-a975-c21d0b142e64,In Progress,7d595da7-8eac-4c8c-a0f9-d90e2e9ad1f6
52a2f699-44ec-44c6-aa06-5e8de6dc9524,Review,7d595da7-8eac-4c8c-a0f9-d90e2e9ad1f6
846b3fab-009e-4eba-baf6-def76854218c,Done,7d595da7-8eac-4c8c-a0f9-d90e2e9ad1f6
80394283-5dad-4ac0-9ae8-c87071e06fad,Ideas,502e77cc-7e72-45d2-9e60-fc188f9179fd
04a922cf-a720-4d72-9075-ba934cb1d22d,Planning,502e77cc-7e72-45d2-9e60-fc188f9179fd
63b6ecd7-ccc8-4590-8dd9-e0f60e4782bd,Assets,502e77cc-7e72-45d2-9e60-fc188f9179fd
70637851-052c-45a3-a327-3e88b8e3e929,Scheduled,502e77cc-7e72-45d2-9e60-fc188f9179fd
086b36ff-9351-41ff-8570-90ba4e879819,Launched,502e77cc-7e72-45d2-9e60-fc188f9179fd
75b65f08-de8e-43ab-a2cd-09af087c8983,Backlog,1d93689b-b359-40d2-ace8-ce0fcdcf3073
ace693ad-8818-4c59-85a0-f05c427e0758,Sprint Backlog,1d93689b-b359-40d2-ace8-ce0fcdcf3073
b02ef35d-2018-4c40-90c6-6266f64725b1,In Progress,1d93689b-b359-40d2-ace8-ce0fcdcf3073
581c67e4-f38e-42bc-b0c5-48c14d9699cb,Review,1d93689b-b359-40d2-ace8-ce0fcdcf3073
c8fd9e16-795e-46c8-a3ad-5aa809f40039,Done,1d93689b-b359-40d2-ace8-ce0fcdcf3073
24812235-7e1f-4e40-8a77-88517f65b6cd,Ideas,a3d9c3d0-f8fe-4381-b65e-d4fb7ab60e3a
78b36ffa-fc0f-48a2-a6e6-d8e369f237e8,Planning,a3d9c3d0-f8fe-4381-b65e-d4fb7ab60e3a
f84dc68b-c619-4992-a3fa-45e968ddb592,Assets,a3d9c3d0-f8fe-4381-b65e-d4fb7ab60e3a
26f4b7a6-888c-40b5-8013-301e666105ad,Scheduled,a3d9c3d0-f8fe-4381-b65e-d4fb7ab60e3a
4abd9697-b7cf-427a-a1b0-829e96468eb3,Launched,a3d9c3d0-f8fe-4381-b65e-d4fb7ab60e3a
f5892300-1cbd-4d4a-88a4-d893765283cb,To Do,b70584d2-d4dc-469c-a9f4-ebaeb39de991
5a26b28a-45c9-4168-b5ae-b9193451f846,In Progress,b70584d2-d4dc-469c-a9f4-ebaeb39de991
00254e2f-00dd-4b8c-8998-08c96aa55334,Waiting,b70584d2-d4dc-469c-a9f4-ebaeb39de991
aa800562-fddc-4f9a-b89f-436aef2f19c6,Completed,b70584d2-d4dc-469c-a9f4-ebaeb39de991
d19ea700-538b-4110-ab3e-4329befd2742,Backlog,7ec12d37-efee-473a-9945-ca65c2e7417e
41c79224-bdef-40e0-8d66-9a493ced9e90,Sprint Backlog,7ec12d37-efee-473a-9945-ca65c2e7417e
5efa872b-4d38-4ba7-b3bc-764a2bc59da2,In Progress,7ec12d37-efee-473a-9945-ca65c2e7417e
ec0ee817-0d1e-4125-9898-6ced049bc9e6,Review,7ec12d37-efee-473a-9945-ca65c2e7417e
f737b5de-eeeb-460f-8ed3-ee591f145617,Done,7ec12d37-efee-473a-9945-ca65c2e7417e
4da6d7df-5caa-40f0-86a3-c6ffda0453dc,Backlog,a6649f04-53ac-497a-ad49-c343f38dcf2a
30feae57-5003-49bc-a89e-8936bbc70484,Sprint Backlog,a6649f04-53ac-497a-ad49-c343f38dcf2a
2b21a194-1a50-4cff-b62d-0fcdc1e98b20,In Progress,a6649f04-53ac-497a-ad49-c343f38dcf2a
3b83e418-9698-4917-b0ec-1b11a6fba1c0,Review,a6649f04-53ac-497a-ad49-c343f38dcf2a
9c238dbd-ad22-4a3c-8cfb-88dcd8a00a63,Done,a6649f04-53ac-497a-ad49-c343f38dcf2a
837feb86-0dc2-46e2-bfe5-04742f3b2f8e,To Do,0f1b6bef-d946-42e5-89c1-f9b834df4fe7
ec5efd6e-93f6-49d5-b7a6-bdb01bed0d5f,In Progress,0f1b6bef-d946-42e5-89c1-f9b834df4fe7
8f9cda89-910b-48bc-a860-208244dcba49,Waiting,0f1b6bef-d946-42e5-89c1-f9b834df4fe7
2bca80cb-d81a-4f0e-879f-0c44de511b1d,Completed,0f1b6bef-d946-42e5-89c1-f9b834df4fe7
3e598f5b-f249-4188-911b-a38f03650b56,Ideas,07519b69-42b3-47a8-8b4c-9c2d5fed9d6c
548ca52d-8428-41d1-b225-3b802c8de0c5,Planning,07519b69-42b3-47a8-8b4c-9c2d5fed9d6c
4998ccc7-1708-4e3f-9b22-e3f6ffcefd70,Assets,07519b69-42b3-47a8-8b4c-9c2d5fed9d6c
a8235262-19c3-4fe8-92ca-6eb268159af1,Scheduled,07519b69-42b3-47a8-8b4c-9c2d5fed9d6c
e769b16a-5fd6-4109-be3b-6866432f1198,Launched,07519b69-42b3-47a8-8b4c-9c2d5fed9d6c
dbd3b1c5-f8e7-4378-b86c-c3f0b03d8e27,Backlog,2eb07519-d9a5-43a4-9dda-186543bd7b0c
400e1a2a-8a82-4dd7-8ffb-ffe506a0ef07,Sprint Backlog,2eb07519-d9a5-43a4-9dda-186543bd7b0c
380bc289-b5ad-471d-a16d-e9eeb6f3fafd,In Progress,2eb07519-d9a5-43a4-9dda-186543bd7b0c
e3fad406-503c-4385-b9b8-5314b955e2ba,Review,2eb07519-d9a5-43a4-9dda-186543bd7b0c
51984154-886c-4aa4-b310-27512bc964f7,Done,2eb07519-d9a5-43a4-9dda-186543bd7b0c
3ae301b0-844a-4997-b3a7-a924fd8cd57a,Ideas,5bfe4f8d-d9b7-44ff-b128-7f405bda1205
955c4941-481c-4f9e-bd54-79797de493f0,Planning,5bfe4f8d-d9b7-44ff-b128-7f405bda1205
89bb8fb7-2d4d-4aa6-ac3b-19ae57fbf99c,Assets,5bfe4f8d-d9b7-44ff-b128-7f405bda1205
8c2fbb32-8f8b-40b6-90ef-c70a4ba097d2,Scheduled,5bfe4f8d-d9b7-44ff-b128-7f405bda1205
a360b0ea-a9a6-4212-9043-19e218c3e72f,Launched,5bfe4f8d-d9b7-44ff-b128-7f405bda1205
d4a00a02-ee04-44f9-9e0f-0665ca526f5b,Ideas,d184227c-97c3-4f51-821b-864eca4cf229
116a089c-d0cd-4e91-99c3-045111d02703,Planning,d184227c-97c3-4f51-821b-864eca4cf229
41be9e80-c481-4c28-9088-ecfedbad88e7,Assets,d184227c-97c3-4f51-821b-864eca4cf229
1da401d4-2040-49be-bdcb-118b7f662ecc,Scheduled,d184227c-97c3-4f51-821b-864eca4cf229
f31e1c14-d50d-477f-90b4-6d4b53c63b63,Launched,d184227c-97c3-4f51-821b-864eca4cf229
d345e837-edf8-4e71-887e-da3e8eec6d7a,Backlog,bd0c48b4-bf54-4b2a-aadf-9cb3451e5cce
3d06c4e2-d52a-4ac3-bbf7-5260193d1f87,Sprint Backlog,bd0c48b4-bf54-4b2a-aadf-9cb3451e5cce
afdcb8c7-bbfc-43f4-b3ba-7e4656d9b8a8,In Progress,bd0c48b4-bf54-4b2a-aadf-9cb3451e5cce
f477e74a-5249-40d4-be04-c5e94f307888,Review,bd0c48b4-bf54-4b2a-aadf-9cb3451e5cce
6db31ea2-723b-4126-8f29-19057854a269,Done,bd0c48b4-bf54-4b2a-aadf-9cb3451e5cce
d1204157-747e-4cc3-b82f-8e8dcf5adda3,Ideas,c920909f-e180-4ca5-b351-66f71e4ca8e5
806a89af-55cf-40dd-823e-16cd07a760a4,Planning,c920909f-e180-4ca5-b351-66f71e4ca8e5
fd0f54af-9319-41f0-9c8c-61b265d7b72e,Assets,c920909f-e180-4ca5-b351-66f71e4ca8e5
fba6d50c-3d98-4c0f-b663-686de5eb1d34,Scheduled,c920909f-e180-4ca5-b351-66f71e4ca8e5
293779b6-0218-44d7-bced-aa2f4bdf9cfb,Launched,c920909f-e180-4ca5-b351-66f71e4ca8e5
80ec7eb7-c55e-416d-adf3-8e6bdce95a89,Backlog,7af13493-e0bc-4bb2-b038-fbaa396273a7
4257ff10-457f-4d98-a4c1-bec0f118cdd6,Sprint Backlog,7af13493-e0bc-4bb2-b038-fbaa396273a7
73fc083a-3668-48f7-a095-40406e0e69ed,In Progress,7af13493-e0bc-4bb2-b038-fbaa396273a7
4050d774-112d-4abd-89bb-9d5bf610c32e,Review,7af13493-e0bc-4bb2-b038-fbaa396273a7
a6308e77-4080-4e9f-9832-e24b1a339b85,Done,7af13493-e0bc-4bb2-b038-fbaa396273a7
66dfa9e8-20ba-4ecb-ad25-1d5f7a13c0de,Ideas,84043e20-077e-4c87-a75b-c9face329f93
8368f860-c3d8-4469-9bd1-d141faa8116e,Planning,84043e20-077e-4c87-a75b-c9face329f93
736c9101-c91d-4ff6-911e-3f7b20fc42db,Assets,84043e20-077e-4c87-a75b-c9face329f93
1c6cd239-7c75-4c13-b29f-9a570aeb3b40,Scheduled,84043e20-077e-4c87-a75b-c9face329f93
ac33f9a6-e183-41a5-8ab4-eb0f0259b400,Launched,84043e20-077e-4c87-a75b-c9face329f93
52a82cd1-04aa-4f93-9bc3-044eb4d16f58,Ideas,5d71a5b2-7cba-4e5c-bf62-3d5dfd67c558
e2256339-600a-4881-b3aa-589aacbbc44a,Planning,5d71a5b2-7cba-4e5c-bf62-3d5dfd67c558
4e97bff1-3b68-4e0d-bf76-38ed806788fc,Assets,5d71a5b2-7cba-4e5c-bf62-3d5dfd67c558
133de145-421d-4f5f-b01b-57f5b010989d,Scheduled,5d71a5b2-7cba-4e5c-bf62-3d5dfd67c558
3b81dc13-5247-45d5-a3fb-7013856e2e37,Launched,5d71a5b2-7cba-4e5c-bf62-3d5dfd67c558
1e9c95b7-4f4a-4e1a-bfe2-c9973351961b,Ideas,330e9a3b-b507-4ebb-b048-efa064380786
a778125b-8b06-4820-8419-feea52dd9b75,Planning,330e9a3b-b507-4ebb-b048-efa064380786
533595f9-c9bf-46fd-87e0-81f994cd3eaf,Assets,330e9a3b-b507-4ebb-b048-efa064380786
4bbffaa1-015b-4262-91e2-bd32112f9cf7,Scheduled,330e9a3b-b507-4ebb-b048-efa064380786
35689c80-0ec8-424b-bf7f-31ceb2b20757,Launched,330e9a3b-b507-4ebb-b048-efa064380786
c9227935-ab79-4852-b769-4e5d633e485d,To Do,5d1a02e2-d8ab-4b2a-adf4-5969b57da7cc
9b228164-cb6f-40bc-953d-d92f46aa3e16,In Progress,5d1a02e2-d8ab-4b2a-adf4-5969b57da7cc
4c2ab8dc-0e37-40c4-8319-beb0e0b90b47,Waiting,5d1a02e2-d8ab-4b2a-adf4-5969b57da7cc
4f449b4e-9eb7-4fe6-abb2-e838d74fca4c,Completed,5d1a02e2-d8ab-4b2a-adf4-5969b57da7cc
b427cf01-378d-42da-bbbd-d42ccfefc072,Backlog,170fb4f9-3b57-4817-a97e-714c011e282a
9a2647da-bbe1-4187-84fc-f584a242f004,Sprint Backlog,170fb4f9-3b57-4817-a97e-714c011e282a
69b015ed-e5df-437c-876d-a59c80bf9b98,In Progress,170fb4f9-3b57-4817-a97e-714c011e282a
06f7a0f8-8bb3-4e6b-8fe6-9163fc680bc1,Review,170fb4f9-3b57-4817-a97e-714c011e282a
c94b2674-3e70-4b60-b92d-bd5ddf409563,Done,170fb4f9-3b57-4817-a97e-714c011e282a
dca3d238-c945-4a40-94a6-f231bf992fbe,To Do,c8846818-51cc-4cd8-89f7-949c30a07e06
f8628f63-4e48-4028-a445-94075cf7041b,In Progress,c8846818-51cc-4cd8-89f7-949c30a07e06
a16197dd-de39-4403-99e2-561efdbbc5bd,Waiting,c8846818-51cc-4cd8-89f7-949c30a07e06
49457c96-f7e3-43e7-b773-073e57b13aaf,Completed,c8846818-51cc-4cd8-89f7-949c30a07e06
1cc00692-e173-4832-bf27-6523c5900758,Ideas,989d5b83-1aac-49d4-a0a2-2434b431d252
66bed633-4778-4a24-abd9-ac1eee4e506f,Planning,989d5b83-1aac-49d4-a0a2-2434b431d252
6f82aeea-8009-412e-b34f-74289bf73151,Assets,989d5b83-1aac-49d4-a0a2-2434b431d252
b3fe5189-04f7-46de-a8e6-1509b4332acd,Scheduled,989d5b83-1aac-49d4-a0a2-2434b431d252
c7b91637-ff33-4af6-be22-7d92d18bfdd7,Launched,989d5b83-1aac-49d4-a0a2-2434b431d252
ce74bf8a-76bc-4eab-9824-8dca32833b2e,Ideas,303dd9df-3e0d-4833-ae6c-100f64ed3047
4eae3ebf-851c-40bf-bc41-646f2d7d66e2,Planning,303dd9df-3e0d-4833-ae6c-100f64ed3047
8cfa725e-479e-4781-af41-0314d7d702a4,Assets,303dd9df-3e0d-4833-ae6c-100f64ed3047
d382f2d2-0055-4bec-86ac-1a8b23dc245a,Scheduled,303dd9df-3e0d-4833-ae6c-100f64ed3047
b1dfde44-9cf2-4c55-b74e-fa43d895e166,Launched,303dd9df-3e0d-4833-ae6c-100f64ed3047
7cef97d1-baf2-4092-b592-24d9ca28ca4c,To Do,8084e320-636b-4267-afcf-c0e57fba14e8
06f34aa3-8620-4624-88a1-2fbf1042988e,In Progress,8084e320-636b-4267-afcf-c0e57fba14e8
7c70f27e-c509-49a6-b07f-224637890a1e,Waiting,8084e320-636b-4267-afcf-c0e57fba14e8
c29682e1-8a6f-49ef-8f29-26d6febb273b,Completed,8084e320-636b-4267-afcf-c0e57fba14e8
24abf27b-da91-44c0-b8b4-406df57bce62,Backlog,2333cbae-fe91-43c8-9316-5f67a53f2d39
97118958-eb17-46e7-acdd-dc2829720c08,Sprint Backlog,2333cbae-fe91-43c8-9316-5f67a53f2d39
bf6fd965-bc24-4a8a-abc7-4b4f44fde02b,In Progress,2333cbae-fe91-43c8-9316-5f67a53f2d39
c5cfe551-b067-4856-b62e-db61729b527c,Review,2333cbae-fe91-43c8-9316-5f67a53f2d39
64336c94-0b13-44b5-8d9e-d221e73aff48,Done,2333cbae-fe91-43c8-9316-5f67a53f2d39
c3c6af3c-f695-4cd8-b935-91acf11f8f0d,To Do,6800440a-20fe-4de2-b026-45ee4009fc68
9804c3e1-dd8b-4e82-8ba6-49021b838917,In Progress,6800440a-20fe-4de2-b026-45ee4009fc68
22d0f9ee-b00d-4016-8a5d-c48e7f2eeacb,Waiting,6800440a-20fe-4de2-b026-45ee4009fc68
f6fbcf66-4ad8-4f8b-95b3-187ceb13ad44,Completed,6800440a-20fe-4de2-b026-45ee4009fc68
6f953803-39b4-4649-93de-f126377d8165,Backlog,c4bd72a4-83b7-4919-82f5-871e2d018b85
229d863e-608f-4c0e-9634-37d7e2ef2ffb,Sprint Backlog,c4bd72a4-83b7-4919-82f5-871e2d018b85
8acc2b88-f046-4d41-a8ca-f46ce7a5e5cd,In Progress,c4bd72a4-83b7-4919-82f5-871e2d018b85
daf6e021-71ed-48fd-ae58-a25f2b8ac2da,Review,c4bd72a4-83b7-4919-82f5-871e2d018b85
544095d1-1c4b-4873-b97e-2991271d5a8f,Done,c4bd72a4-83b7-4919-82f5-871e2d018b85
c9dc856e-f9ee-43bf-9ab7-fb225253bbc5,To Do,33520e5d-32aa-422e-a8bd-af3a69abb599
98989878-f81a-4785-89f0-10fa3b76a026,In Progress,33520e5d-32aa-422e-a8bd-af3a69abb599
ef6e9d32-7b0f-4c26-bf5a-9e52b7a93c4b,Waiting,33520e5d-32aa-422e-a8bd-af3a69abb599
fbf887b1-b29c-4ebe-9c86-d5db86478654,Completed,33520e5d-32aa-422e-a8bd-af3a69abb599
3add32df-7ca2-4de7-a2dd-c97bcd353868,Ideas,287ed2bf-8440-4968-8691-f92073509fca
d35d0827-08ce-4476-ba7f-fe46404b8269,Planning,287ed2bf-8440-4968-8691-f92073509fca
a88c88a7-14be-4036-8185-c629ace3c3a6,Assets,287ed2bf-8440-4968-8691-f92073509fca
b3a1a01f-8324-4b1e-a116-bab599fe6b50,Scheduled,287ed2bf-8440-4968-8691-f92073509fca
710aed19-655d-403f-9b81-e65c301b0aca,Launched,287ed2bf-8440-4968-8691-f92073509fca
ef445c5a-2356-472e-8d38-ef1fbc429ae6,Backlog,dfe93bbf-e015-44ab-8ceb-2d1670b69e8c
f5edb454-14e2-4142-b07d-620760959b2d,Sprint Backlog,dfe93bbf-e015-44ab-8ceb-2d1670b69e8c
ad291aa4-9363-42d7-a5ff-9163ac39c4ce,In Progress,dfe93bbf-e015-44ab-8ceb-2d1670b69e8c
8202a243-c34d-46b7-b1ed-de219b655ad1,Review,dfe93bbf-e015-44ab-8ceb-2d1670b69e8c
0e454242-a524-452a-a15b-e7ff40a01e68,Done,dfe93bbf-e015-44ab-8ceb-2d1670b69e8c
2ec7a3fc-75f1-463a-bc94-a1da70439d3e,To Do,c5b9a25b-755c-489e-b4e2-f944930b1c39
f5dc50c1-2081-4ff2-9130-905beb5ac7ff,In Progress,c5b9a25b-755c-489e-b4e2-f944930b1c39
47b69086-d1b5-4d28-9ae2-8b366de6c11a,Waiting,c5b9a25b-755c-489e-b4e2-f944930b1c39
8c05cce6-7e39-454b-be9f-147ad03c575c,Completed,c5b9a25b-755c-489e-b4e2-f944930b1c39
07c92a9d-5780-4f1d-929c-838a07ba9cb4,To Do,6cbbf3eb-f989-44bb-bb28-724740937069
affca6d8-b002-4b55-85c0-05c05e36c15b,In Progress,6cbbf3eb-f989-44bb-bb28-724740937069
00b3f816-e520-4528-b37a-5f3725918d37,Waiting,6cbbf3eb-f989-44bb-bb28-724740937069
f49fcf12-dcd9-4db6-97b9-c75e1709d585,Completed,6cbbf3eb-f989-44bb-bb28-724740937069
b615dd34-9576-46fb-81ba-0224a7fe5a95,Backlog,434fe843-c099-4024-aa3c-2d46751e4141
3c3e9dd1-8dcd-4f71-aee9-67e00c4b9aba,Sprint Backlog,434fe843-c099-4024-aa3c-2d46751e4141
4fdb804c-a12e-4b47-bcd9-6902c9b12b91,In Progress,434fe843-c099-4024-aa3c-2d46751e4141
46da8eb7-8d9a-4407-93af-75299c038b88,Review,434fe843-c099-4024-aa3c-2d46751e4141
ecb5703b-029a-4717-98ec-93a72a376dd1,Done,434fe843-c099-4024-aa3c-2d46751e4141
d74d7aef-856a-4b87-b60c-c4db813b7aa5,Ideas,43fa2caf-2558-4b57-8187-c85a8c9cf5eb
e085c115-9d66-4a3a-8d45-89684db36e7a,Planning,43fa2caf-2558-4b57-8187-c85a8c9cf5eb
38b3957e-01ce-414e-9ae0-64f44ea99436,Assets,43fa2caf-2558-4b57-8187-c85a8c9cf5eb
e044eddf-1648-4532-8a3c-c99330ef4c70,Scheduled,43fa2caf-2558-4b57-8187-c85a8c9cf5eb
1e7d1887-2c16-486c-a809-dd791cb6d76f,Launched,43fa2caf-2558-4b57-8187-c85a8c9cf5eb
150cf993-5e50-4fc0-85ec-3ef3955dad45,To Do,fc688a10-68f4-4ff0-baa7-abcd0ac236f5
30a04f45-ec93-4f73-a06d-62a854283198,In Progress,fc688a10-68f4-4ff0-baa7-abcd0ac236f5
570a876b-d1cb-461e-ad45-9e5a64baf600,Waiting,fc688a10-68f4-4ff0-baa7-abcd0ac236f5
92746d06-be4b-481a-a2a6-ba3799cf6efe,Completed,fc688a10-68f4-4ff0-baa7-abcd0ac236f5
f60a4fcb-c6f1-47c3-8930-7c46f5110fe8,To Do,023312e9-ce44-4dfc-a9a5-8768fe33b844
179f257c-c65d-48f4-a9b8-f74b4ef670c1,In Progress,023312e9-ce44-4dfc-a9a5-8768fe33b844
6ae30e28-5183-4f51-a4e9-8244be030372,Waiting,023312e9-ce44-4dfc-a9a5-8768fe33b844
ec6537f1-5696-4a13-8082-b3991359f12d,Completed,023312e9-ce44-4dfc-a9a5-8768fe33b844
5205c5a7-93a7-48b1-bb28-f7158a96682b,Ideas,018b6cc1-21d7-4db0-b521-c7b5c2b83ce7
00a52323-46c4-4491-a1fb-ebaa82e959f0,Planning,018b6cc1-21d7-4db0-b521-c7b5c2b83ce7
bf87dda1-79da-46e0-8bfb-443d0347e5e6,Assets,018b6cc1-21d7-4db0-b521-c7b5c2b83ce7
1c306201-0814-473d-9c73-78a4d0fdb8f3,Scheduled,018b6cc1-21d7-4db0-b521-c7b5c2b83ce7
cc495b10-19fc-4e00-ae1f-c72c87542a86,Launched,018b6cc1-21d7-4db0-b521-c7b5c2b83ce7
0c49da5e-9274-4ff7-a101-720e538df41f,Backlog,39ea077c-0b5e-4fa0-8464-8e947d365961
e4ee7419-10bb-4789-a9f5-7c4784907f6d,Sprint Backlog,39ea077c-0b5e-4fa0-8464-8e947d365961
f563e041-7f3e-4ba1-a0b5-0c3a022a6261,In Progress,39ea077c-0b5e-4fa0-8464-8e947d365961
98ec4bc6-ce79-4e6d-8642-382cf5fe790b,Review,39ea077c-0b5e-4fa0-8464-8e947d365961
6c356942-f40c-42e3-ad34-e3265038b8cd,Done,39ea077c-0b5e-4fa0-8464-8e947d365961
f7c635a2-1b0b-4919-b1bb-7906af6347ba,To Do,fcfd71e5-f3d0-48ae-9df5-4dbda9a62097
6ed4da5e-dcab-48e3-bea8-c7a05e1145c7,In Progress,fcfd71e5-f3d0-48ae-9df5-4dbda9a62097
5ffc5549-810f-4c24-9454-d35c27414177,Waiting,fcfd71e5-f3d0-48ae-9df5-4dbda9a62097
841ef927-754b-459e-8573-a77315ed38c4,Completed,fcfd71e5-f3d0-48ae-9df5-4dbda9a62097
85f8aa4f-7a69-48a0-bc88-1e9f1393a35d,Ideas,0b002e8c-6500-4fa0-a30c-44252f8a0475
822d835e-a379-441d-b688-ccc6da68d0ff,Planning,0b002e8c-6500-4fa0-a30c-44252f8a0475
9747813e-6ca0-4399-be06-e28b61ff7aef,Assets,0b002e8c-6500-4fa0-a30c-44252f8a0475
6eb55a5d-df00-4bf0-94ee-73877ca2f1b5,Scheduled,0b002e8c-6500-4fa0-a30c-44252f8a0475
309b2735-2ca3-4fe5-9acd-78482d2ee186,Launched,0b002e8c-6500-4fa0-a30c-44252f8a0475
00c910f8-7365-4301-a9d9-3f9751047822,Backlog,d5e7f7d7-dec9-4de6-81e0-ba1f6edf0cf7
79979654-b54e-4001-8e16-106a8a5103b5,Sprint Backlog,d5e7f7d7-dec9-4de6-81e0-ba1f6edf0cf7
371e8768-d948-45db-932e-8dda273456f0,In Progress,d5e7f7d7-dec9-4de6-81e0-ba1f6edf0cf7
cdd50bd1-7939-4640-afd9-ebfe8031b2bb,Review,d5e7f7d7-dec9-4de6-81e0-ba1f6edf0cf7
3706fd89-ae1e-471a-901a-1fdde01ac33e,Done,d5e7f7d7-dec9-4de6-81e0-ba1f6edf0cf7
2997f181-380d-4dd6-9924-25b0bc4528fb,Ideas,d3f69cf8-f74e-4512-aebf-ee0e4e7245fc
8b4ed7f3-eb7f-4bc9-a282-7bfe9ad75c7e,Planning,d3f69cf8-f74e-4512-aebf-ee0e4e7245fc
58633827-55d4-48fa-bb08-c84e8f13b7a9,Assets,d3f69cf8-f74e-4512-aebf-ee0e4e7245fc
c57cbc77-62e2-4d2a-a408-08ed96d2cd12,Scheduled,d3f69cf8-f74e-4512-aebf-ee0e4e7245fc
33d145e9-0368-487c-873e-1ac7edc61e93,Launched,d3f69cf8-f74e-4512-aebf-ee0e4e7245fc
8220bf0e-4c8b-4623-94f9-17949c234a04,To Do,76cc1abe-29c8-4005-b44a-0e51545f4007
bfc69539-0332-4d30-851f-e27756661b70,In Progress,76cc1abe-29c8-4005-b44a-0e51545f4007
9f4827ca-957c-4300-8c3d-9a8d119d58c4,Waiting,76cc1abe-29c8-4005-b44a-0e51545f4007
57d3bc7f-bbc8-4363-baf5-318828e99471,Completed,76cc1abe-29c8-4005-b44a-0e51545f4007
12f56f61-b642-480a-836b-cd70a152db3e,Backlog,45e6e1cc-65ca-454c-b9f8-844300dc11a2
8615f675-f492-43a3-8d3f-da4ac528cb0a,Sprint Backlog,45e6e1cc-65ca-454c-b9f8-844300dc11a2
442e9a5c-15d4-4c0a-8fc4-ae40ed4b851f,In Progress,45e6e1cc-65ca-454c-b9f8-844300dc11a2
728cad7a-e267-4d14-9771-bc2a0ef9db35,Review,45e6e1cc-65ca-454c-b9f8-844300dc11a2
da62ac82-a9db-4757-8b3c-2f70c8c05a0d,Done,45e6e1cc-65ca-454c-b9f8-844300dc11a2
031c9bec-2a75-434f-afb4-3f1f2a5088db,To Do,d92d5faa-b8b1-4939-be7b-ff935be62830
3487ba13-77dc-403c-a2d6-e4759f34e4ca,In Progress,d92d5faa-b8b1-4939-be7b-ff935be62830
f6e65f89-69ca-46e6-abbb-7fde4a0d0c3f,Waiting,d92d5faa-b8b1-4939-be7b-ff935be62830
f3858928-762d-4fb9-b05e-13a626761d6d,Completed,d92d5faa-b8b1-4939-be7b-ff935be62830
a3ddf232-8a82-4b9e-9be8-446081b2bbe6,Backlog,e7d8c460-e05e-4520-8877-fec4dcb18b71
3a4c3d16-60db-48b6-a1a0-36210b3d0236,Sprint Backlog,e7d8c460-e05e-4520-8877-fec4dcb18b71
1c54cce2-9727-4744-a8fe-0832f733703e,In Progress,e7d8c460-e05e-4520-8877-fec4dcb18b71
97850910-c526-46b2-9dc3-1bcd5b165a20,Review,e7d8c460-e05e-4520-8877-fec4dcb18b71
c603c8bc-c10b-45a5-92c7-7520013f1269,Done,e7d8c460-e05e-4520-8877-fec4dcb18b71
c96cea2b-8bb5-4eff-bf4f-35e6a2e48df1,To Do,de290c70-0daf-4fab-97fd-0398232a32f6
8091a498-dd8a-4060-ac32-413ad7902f72,In Progress,de290c70-0daf-4fab-97fd-0398232a32f6
b2f96f27-13f1-4c22-8ad7-b377454b5e55,Waiting,de290c70-0daf-4fab-97fd-0398232a32f6
67a35794-f75c-43e6-9753-caa85274ff74,Completed,de290c70-0daf-4fab-97fd-0398232a32f6
13904daa-6166-4123-be82-9e84ef14641c,Ideas,98da7e2a-4bd9-4bc5-a1a5-25f542f0e059
045ab197-3eeb-4451-bcbd-2db48225e828,Planning,98da7e2a-4bd9-4bc5-a1a5-25f542f0e059
00ff3cb8-196b-4f3e-996c-01ab0cf9bb94,Assets,98da7e2a-4bd9-4bc5-a1a5-25f542f0e059
71b995a6-382c-4063-b782-cf1c37450eea,Scheduled,98da7e2a-4bd9-4bc5-a1a5-25f542f0e059
cb2a4e20-4183-4ddf-8449-7be41c2e737d,Launched,98da7e2a-4bd9-4bc5-a1a5-25f542f0e059
073c4dbc-64ec-40e1-8ea6-0aefa2461c50,Ideas,2b2c9a61-272c-46a5-8c6a-9a28307da62a
c325478e-bda5-4ba6-84a5-6de19e80d196,Planning,2b2c9a61-272c-46a5-8c6a-9a28307da62a
3aeedef4-9f02-4da9-abe5-f67c719511e0,Assets,2b2c9a61-272c-46a5-8c6a-9a28307da62a
db2cd394-9cd4-4ad7-ac74-2ca4d7a02208,Scheduled,2b2c9a61-272c-46a5-8c6a-9a28307da62a
0d8baf72-04a4-413e-a145-75cb0307e63c,Launched,2b2c9a61-272c-46a5-8c6a-9a28307da62a
62d1cd9d-00a9-4647-956f-a136a3051918,To Do,6c0c27a1-1fb2-4094-b2e8-b9cd70882003
88fa10e9-656d-4529-a09d-fd216f31ed62,In Progress,6c0c27a1-1fb2-4094-b2e8-b9cd70882003
ec20bf84-f332-49fc-9ee0-e80fbebdb1bc,Waiting,6c0c27a1-1fb2-4094-b2e8-b9cd70882003
141bae93-ed3a-4123-a6aa-13507fbce92e,Completed,6c0c27a1-1fb2-4094-b2e8-b9cd70882003
7d45c3ad-12a8-4dcb-afc4-43c4834d3da2,To Do,304eda5c-47e7-4a50-b03e-9649e4ba23b8
ecc0f0b2-61a8-4a0c-805b-326d9efecfe8,In Progress,304eda5c-47e7-4a50-b03e-9649e4ba23b8
026a937d-72e5-44e4-9a36-b985399b995b,Waiting,304eda5c-47e7-4a50-b03e-9649e4ba23b8
93557715-ddf0-4654-9e1d-fb4d4d7dd50c,Completed,304eda5c-47e7-4a50-b03e-9649e4ba23b8
691b232e-4913-4e43-a802-2b0f1858eb3c,Backlog,73c0f7ca-a4a1-4bdb-abb9-4faf8996913a
a7f36488-bb0b-463d-9825-c45ee0742dc3,Sprint Backlog,73c0f7ca-a4a1-4bdb-abb9-4faf8996913a
b9fcb234-97ce-4025-83a5-4eccca587c58,In Progress,73c0f7ca-a4a1-4bdb-abb9-4faf8996913a
bd0e62a6-3143-4282-ae80-67941346251b,Review,73c0f7ca-a4a1-4bdb-abb9-4faf8996913a
1031ff38-2996-4bc6-a251-f24136e105b4,Done,73c0f7ca-a4a1-4bdb-abb9-4faf8996913a
578817ca-1587-4dc6-a3be-e9b47846d06e,To Do,7f4be376-39d5-486e-8ead-d7dcd9810710
6a9fd976-f237-4ab3-869e-b73ce35d486a,In Progress,7f4be376-39d5-486e-8ead-d7dcd9810710
224b5fe8-a646-4868-81db-c84a8184fc12,Waiting,7f4be376-39d5-486e-8ead-d7dcd9810710
1333a341-bd3c-44dc-beb9-8944f51ddef1,Completed,7f4be376-39d5-486e-8ead-d7dcd9810710
8314efc5-988a-439b-ab51-b3ae77115c05,To Do,26f67be5-0ba3-4c9a-8006-e576ed2c2f92
c17d5df5-3cdf-4337-a3d7-9b3adf009c59,In Progress,26f67be5-0ba3-4c9a-8006-e576ed2c2f92
a4f1649f-f5c3-4259-8b1c-905397a3c686,Waiting,26f67be5-0ba3-4c9a-8006-e576ed2c2f92
e03ca84a-dad3-4da3-8c29-c6b8b2e4d0e5,Completed,26f67be5-0ba3-4c9a-8006-e576ed2c2f92
c7b17971-3899-4464-a31a-ee2c2b178608,To Do,ccc7db8b-8bb3-4f90-bb99-9f5a68dcb840
e10a2dda-afcf-4dd8-ad1d-c4abcfd2a6cd,In Progress,ccc7db8b-8bb3-4f90-bb99-9f5a68dcb840
10fee870-d1bd-41cc-b54d-dbce6204d3dc,Waiting,ccc7db8b-8bb3-4f90-bb99-9f5a68dcb840
4f95c9cd-5ad1-480f-92d6-e57ee61c3990,Completed,ccc7db8b-8bb3-4f90-bb99-9f5a68dcb840
c8018963-a7e5-46c9-bd3f-636a1fa69854,Backlog,4bfd360d-8bc9-4a04-9db0-a24d80fdf821
2be0138f-f9a5-4de2-8b46-4acfcdcadbf1,Sprint Backlog,4bfd360d-8bc9-4a04-9db0-a24d80fdf821
44b505b4-552f-467c-b897-f4c1987696e1,In Progress,4bfd360d-8bc9-4a04-9db0-a24d80fdf821
b761b861-eba8-4ea2-a264-f95e37547610,Review,4bfd360d-8bc9-4a04-9db0-a24d80fdf821
9934c7e9-56ed-404c-b9c5-6fd6063cd8d5,Done,4bfd360d-8bc9-4a04-9db0-a24d80fdf821
0c1167dd-659a-45ee-b3c6-caf9dd9e1663,Ideas,23eb54e7-339a-424a-9bf0-0cc789556893
127daaf7-d18b-4e5a-ac20-11abbd141fd5,Planning,23eb54e7-339a-424a-9bf0-0cc789556893
872e44bc-11a7-46de-bb44-378c107e7341,Assets,23eb54e7-339a-424a-9bf0-0cc789556893
c8689115-0ab1-43f1-864f-2ae18b3e3f1c,Scheduled,23eb54e7-339a-424a-9bf0-0cc789556893
870136a6-d2b3-4dfa-a027-268ac1a86cba,Launched,23eb54e7-339a-424a-9bf0-0cc789556893
ae29789e-820f-4605-ad4b-eb3525a45f7e,Backlog,ec53e0de-ef7e-4fd9-a7cd-0ed76b68bbff
5de4b036-ac10-41ca-b42c-b0c1aa3bbfe8,Sprint Backlog,ec53e0de-ef7e-4fd9-a7cd-0ed76b68bbff
d31e6261-9315-447e-ac06-ba18285f98d8,In Progress,ec53e0de-ef7e-4fd9-a7cd-0ed76b68bbff
0ae2a688-aa13-43b4-8ec5-3e7d4172ff15,Review,ec53e0de-ef7e-4fd9-a7cd-0ed76b68bbff
53921e09-5b21-4ef6-838c-a3894c063d59,Done,ec53e0de-ef7e-4fd9-a7cd-0ed76b68bbff
c565b9fb-5410-45ca-9539-ed873d8bee62,Ideas,c639e3f3-dbc8-4c4f-a78d-2b1f005b6f06
bf530065-a171-4413-9c98-333bb8aae360,Planning,c639e3f3-dbc8-4c4f-a78d-2b1f005b6f06
bb185415-1fac-475c-957c-24da267ce01d,Assets,c639e3f3-dbc8-4c4f-a78d-2b1f005b6f06
a795ce4e-8e90-4a02-a9b2-c16160aa1e0f,Scheduled,c639e3f3-dbc8-4c4f-a78d-2b1f005b6f06
ec9a8d33-8a54-44ab-a00e-da1cabad6e5f,Launched,c639e3f3-dbc8-4c4f-a78d-2b1f005b6f06
35fb2101-0ff3-4f20-8616-bdb6e4755497,Ideas,c030a010-44a8-4195-8f9c-58ee0ad9c50e
1f5fc1be-4f29-449a-8a5f-e75501fce37d,Planning,c030a010-44a8-4195-8f9c-58ee0ad9c50e
de995ca4-894a-4478-882e-80a37d4d5c64,Assets,c030a010-44a8-4195-8f9c-58ee0ad9c50e
55df7ba5-4fe9-45df-a160-c31342d96afa,Scheduled,c030a010-44a8-4195-8f9c-58ee0ad9c50e
7ae66e0a-1a96-40db-a34e-3b08be335e2e,Launched,c030a010-44a8-4195-8f9c-58ee0ad9c50e
579871a2-77da-4253-a677-218895e07da6,To Do,dd761d8a-56ef-44bd-afdb-95f97765b642
da728292-0e8b-42d8-a049-5b05b5c364ba,In Progress,dd761d8a-56ef-44bd-afdb-95f97765b642
4d58618f-e427-4400-b490-d107a22d9571,Waiting,dd761d8a-56ef-44bd-afdb-95f97765b642
86dc31c8-11e3-410c-a0d3-dabe0f8cb5cf,Completed,dd761d8a-56ef-44bd-afdb-95f97765b642
254b3ee1-d1f0-4f1e-9b15-d5a49bcc542d,Backlog,964e3ed2-19d1-4f89-8526-2e5549fd9a84
ab73c7ac-82e7-46ff-b6b5-ddd47db6baef,Sprint Backlog,964e3ed2-19d1-4f89-8526-2e5549fd9a84
4116f159-afcd-4c49-8dc0-f403377b422d,In Progress,964e3ed2-19d1-4f89-8526-2e5549fd9a84
e8c3f488-9674-4e24-84b3-b61be754770c,Review,964e3ed2-19d1-4f89-8526-2e5549fd9a84
e5343517-c56f-4928-9911-d7450740f84d,Done,964e3ed2-19d1-4f89-8526-2e5549fd9a84
81ef35d3-3554-4085-bf61-43c1991fb19d,Ideas,4f0c4e3c-804c-4fda-a302-224c3c70c53a
c9d645d9-d583-41e3-ac68-d641e162f139,Planning,4f0c4e3c-804c-4fda-a302-224c3c70c53a
25a02f24-66ae-43b9-8a14-2546ed0c9ce4,Assets,4f0c4e3c-804c-4fda-a302-224c3c70c53a
9164a20f-5bf4-4e5e-8a6b-97bfb926b00f,Scheduled,4f0c4e3c-804c-4fda-a302-224c3c70c53a
853e17fe-a926-400e-9117-8361dffa333d,Launched,4f0c4e3c-804c-4fda-a302-224c3c70c53a
a6fd56af-844d-4fac-8761-504f94338fc1,To Do,9b93167b-3d09-4282-a98d-ceed94933938
fe88d1b6-ee94-4e6c-97c5-137efb6f529c,In Progress,9b93167b-3d09-4282-a98d-ceed94933938
867d8a57-6475-4f9c-aebb-4994d62c8c39,Waiting,9b93167b-3d09-4282-a98d-ceed94933938
96e5a65a-3823-49c3-9c68-60f4b81db262,Completed,9b93167b-3d09-4282-a98d-ceed94933938
eee37802-e7e5-40c1-9054-bd4bad0dd320,To Do,42043c0b-1685-407a-850d-2c73c9b9e45b
faf4dd94-d0e6-46b2-9ae9-5f6b7abb592a,In Progress,42043c0b-1685-407a-850d-2c73c9b9e45b
53ed15e2-3d70-462b-9164-108c0f9b01dd,Waiting,42043c0b-1685-407a-850d-2c73c9b9e45b
ce8d8c5f-808e-4c4e-8303-5d7199904735,Completed,42043c0b-1685-407a-850d-2c73c9b9e45b
f95236bb-41c3-4678-bb78-4e296674b0aa,Ideas,c69eb1fd-5df5-4fe6-a766-7c3966b74f92
4e0f297b-6047-4c5c-ab4d-4d6909b89584,Planning,c69eb1fd-5df5-4fe6-a766-7c3966b74f92
3b7b36de-08c2-473b-a562-21543aecae7d,Assets,c69eb1fd-5df5-4fe6-a766-7c3966b74f92
6e133ec4-fc6b-4853-a077-4decec27ecf6,Scheduled,c69eb1fd-5df5-4fe6-a766-7c3966b74f92
e96a666f-0b8b-439a-8cf4-a8bf8542bfa8,Launched,c69eb1fd-5df5-4fe6-a766-7c3966b74f92
3642b529-0b7a-40ac-b2b7-969d0ee74429,To Do,506c13d6-1c16-46cf-b289-5f1e503d73a6
cbc6c07d-10bf-46dc-946c-d7bde08e3dc4,In Progress,506c13d6-1c16-46cf-b289-5f1e503d73a6
974dc2e4-1827-4728-bb32-a7b2e73ece76,Waiting,506c13d6-1c16-46cf-b289-5f1e503d73a6
43e02971-88f3-4733-aba4-8ad1c88a81a4,Completed,506c13d6-1c16-46cf-b289-5f1e503d73a6
dd4a5082-6760-4d58-934d-f8674b549e21,To Do,ba4a791c-2245-469a-ba08-7a5659c1e74e
31f31f75-ac3e-4a89-a06a-ea98055365ae,In Progress,ba4a791c-2245-469a-ba08-7a5659c1e74e
ee08323b-567c-4e58-bb5f-cc73ac3752e2,Waiting,ba4a791c-2245-469a-ba08-7a5659c1e74e
6b83260c-63d3-4c7a-9cca-6169bdc50d2d,Completed,ba4a791c-2245-469a-ba08-7a5659c1e74e
26f7c723-62d0-467d-8829-0617d21dcff6,Backlog,bd6ba983-c95b-48c3-b566-3b825ac8ae88
7794eb38-0867-4e1b-b90d-7f9e8f8a97c5,Sprint Backlog,bd6ba983-c95b-48c3-b566-3b825ac8ae88
b22fe7c8-93de-4662-8eb5-123f87b8e0da,In Progress,bd6ba983-c95b-48c3-b566-3b825ac8ae88
c653cb20-2e65-4476-90d6-adf6bb6845a7,Review,bd6ba983-c95b-48c3-b566-3b825ac8ae88
f7ab0d17-6b4c-4de1-80af-e6e5a708a14a,Done,bd6ba983-c95b-48c3-b566-3b825ac8ae88
493f8d5d-5eff-42c9-baa8-65d0d049dca2,Ideas,42345991-4cfb-4dae-8a59-56c7e3304558
6c485428-b68c-4405-ab57-51466caa953e,Planning,42345991-4cfb-4dae-8a59-56c7e3304558
b0ab93d6-ae6f-4733-8671-ede35546411e,Assets,42345991-4cfb-4dae-8a59-56c7e3304558
0683875a-268d-4ce2-8feb-c042cd912916,Scheduled,42345991-4cfb-4dae-8a59-56c7e3304558
d95e0ec9-cbc0-43c7-9a7f-80759b90bdf3,Launched,42345991-4cfb-4dae-8a59-56c7e3304558
31bfa6f1-27d6-4bb1-8ff1-7389d90195ce,Backlog,96e33f76-facb-404d-8dc9-e8146deab328
1693d356-fb03-4a5f-83ca-03578a645565,Sprint Backlog,96e33f76-facb-404d-8dc9-e8146deab328
356e8642-5d6b-4b87-bdac-62ee9e8de585,In Progress,96e33f76-facb-404d-8dc9-e8146deab328
e02497c3-1557-4eaa-80fa-0edc4d06265e,Review,96e33f76-facb-404d-8dc9-e8146deab328
7a799b97-9ca1-4afe-8830-e2c990c38cb3,Done,96e33f76-facb-404d-8dc9-e8146deab328
499ae3ea-761b-4b6b-aabe-f7492163fff1,Backlog,fdbd30d8-8809-48d1-8c00-fb963fe4039e
0890e971-5c2c-48ef-a9fb-83ea0b63e37c,Sprint Backlog,fdbd30d8-8809-48d1-8c00-fb963fe4039e
74f11ad3-94a2-4981-a6d5-f32ec9c66289,In Progress,fdbd30d8-8809-48d1-8c00-fb963fe4039e
70eb8347-2df4-45f2-9a0e-bd6331274677,Review,fdbd30d8-8809-48d1-8c00-fb963fe4039e
3d4cef9b-b09d-4f84-90ef-f9ecc1716f5d,Done,fdbd30d8-8809-48d1-8c00-fb963fe4039e
c9b55637-f3ce-40d6-a370-c0811baebd4b,To Do,ec779add-7540-4dcd-bdee-9a5d4c2066b3
6c484b4e-3479-448f-99c2-797725036756,In Progress,ec779add-7540-4dcd-bdee-9a5d4c2066b3
9719c7c8-f814-4646-8ba3-ce5e893034e8,Waiting,ec779add-7540-4dcd-bdee-9a5d4c2066b3
ec324832-b280-413f-8036-e5cbcfd50c12,Completed,ec779add-7540-4dcd-bdee-9a5d4c2066b3
6d6d2b4c-94d0-4840-baba-b11aa5cc8774,Ideas,2901551f-76c5-48a6-b729-6aaacd0cdc62
4872391b-7ab0-4d7c-9bab-0d6fad090544,Planning,2901551f-76c5-48a6-b729-6aaacd0cdc62
6ee4c528-eb5d-4295-a441-1d3b2df585ce,Assets,2901551f-76c5-48a6-b729-6aaacd0cdc62
e91a7566-9b7a-4d41-a0f4-d47ba742624b,Scheduled,2901551f-76c5-48a6-b729-6aaacd0cdc62
a1aa6545-890e-48ee-805c-206831cb82be,Launched,2901551f-76c5-48a6-b729-6aaacd0cdc62
0334cd9d-fe1d-4b98-abdf-c8d132310bb1,To Do,8122b902-ac42-45bc-8535-55703ad7ce1e
7147a93c-187b-4ed0-90a0-f0e3313ca35e,In Progress,8122b902-ac42-45bc-8535-55703ad7ce1e
1bb7f231-e31b-4150-af0a-f0e2341f7b33,Waiting,8122b902-ac42-45bc-8535-55703ad7ce1e
91b99924-f982-40a7-8746-853f69814dbc,Completed,8122b902-ac42-45bc-8535-55703ad7ce1e
4a12f4d5-95b5-4fe3-9410-5729db58080b,To Do,2e3e71bb-2d2d-4eaa-a9f6-272474b6d8e3
72616f6b-afbf-4ff0-87da-62a66fec3123,In Progress,2e3e71bb-2d2d-4eaa-a9f6-272474b6d8e3
7ffeb744-4a23-4c18-9e9e-2328d48efcda,Waiting,2e3e71bb-2d2d-4eaa-a9f6-272474b6d8e3
444a7fc5-b32b-4144-985d-e411c26f360d,Completed,2e3e71bb-2d2d-4eaa-a9f6-272474b6d8e3
00e4202e-739e-4521-a1ce-aaad02780916,To Do,8d1c5149-2919-4d89-a4d1-8d1a032c0220
f87458a9-78a7-4fc5-9181-443e370be6d2,In Progress,8d1c5149-2919-4d89-a4d1-8d1a032c0220
e9e6f490-2453-48e3-b5ce-ec6064dacbdb,Waiting,8d1c5149-2919-4d89-a4d1-8d1a032c0220
c44c838a-ad70-4498-95d8-82f3fb24c1da,Completed,8d1c5149-2919-4d89-a4d1-8d1a032c0220
b9711579-7a8e-422c-83d8-899980691c18,Ideas,b3a54eed-56fb-43bd-b9d0-6b6de8ac55b9
40d245dd-15fc-4e41-bc01-7273c8690f3e,Planning,b3a54eed-56fb-43bd-b9d0-6b6de8ac55b9
0f8c2310-7c12-4b9b-8fa0-19828ba23047,Assets,b3a54eed-56fb-43bd-b9d0-6b6de8ac55b9
d52da6dd-3b40-4234-9689-1c1712459f95,Scheduled,b3a54eed-56fb-43bd-b9d0-6b6de8ac55b9
3bfc9807-f2a1-4ea1-86b4-2b29b2dc0286,Launched,b3a54eed-56fb-43bd-b9d0-6b6de8ac55b9
ae3d7069-962c-4a66-bf8d-85d34a38f26a,Backlog,82703078-56bb-48e7-babe-c7e9d791a774
d5ee6c5f-8b5d-40ce-b2f3-9aeec08655ee,Sprint Backlog,82703078-56bb-48e7-babe-c7e9d791a774
6d1b8081-5dff-4450-a0c2-83eb4eb201d4,In Progress,82703078-56bb-48e7-babe-c7e9d791a774
717cfc19-668b-4f2e-849b-c5d7eaae92b5,Review,82703078-56bb-48e7-babe-c7e9d791a774
e3183155-7eaf-44a1-82d5-ea2ecf5102ea,Done,82703078-56bb-48e7-babe-c7e9d791a774
4bcadcde-0be4-4416-af62-90bf1a33aea4,Backlog,0e0fe925-a830-4787-9dca-449ea9aabeff
b2b5f249-acdb-4f6d-90f4-92c6141387bd,Sprint Backlog,0e0fe925-a830-4787-9dca-449ea9aabeff
e50c7c78-2428-4c1f-abfc-d2b7ea12d0a1,In Progress,0e0fe925-a830-4787-9dca-449ea9aabeff
af8c022b-fabc-4c3d-9501-90f285d67569,Review,0e0fe925-a830-4787-9dca-449ea9aabeff
51e69d98-1d79-4d7b-bc81-570c39ffc7ea,Done,0e0fe925-a830-4787-9dca-449ea9aabeff
64a37763-b346-422a-a7c6-debcd635df52,To Do,e87c0ca9-2cb6-48f4-9978-2559e45c3473
af318505-57a8-4aa0-aa82-689c0fc55dbe,In Progress,e87c0ca9-2cb6-48f4-9978-2559e45c3473
874d4901-51ab-4a5d-bb0f-b0b5cd3e9ac6,Waiting,e87c0ca9-2cb6-48f4-9978-2559e45c3473
883a79c8-1492-42e4-a4ca-ab17620ebe4c,Completed,e87c0ca9-2cb6-48f4-9978-2559e45c3473
0d074a44-7466-4747-be6c-dd6653ef9044,Backlog,d4db0213-d887-41c2-a71a-ba7c0faf9700
50c4b18f-6e28-4ef5-a7b6-5c3e3d7bf856,Sprint Backlog,d4db0213-d887-41c2-a71a-ba7c0faf9700
22a5a8f8-ab47-4cff-88f7-4394478c1810,In Progress,d4db0213-d887-41c2-a71a-ba7c0faf9700
9420dbb5-fb99-4025-b409-72108ac05498,Review,d4db0213-d887-41c2-a71a-ba7c0faf9700
a48ea975-d9ff-4bc4-96de-0596bf36fecb,Done,d4db0213-d887-41c2-a71a-ba7c0faf9700
48cb5313-1988-4841-9b25-19afb834e95f,Ideas,404a6271-225b-4675-a37e-4627826f0d44
f826fc3f-4c88-4e98-ae08-937a609d20f4,Planning,404a6271-225b-4675-a37e-4627826f0d44
0742814d-2c8a-4dd9-b2e0-cd0df7cf092c,Assets,404a6271-225b-4675-a37e-4627826f0d44
bfbc8ee8-cb78-47ba-ac3b-b6088ac52501,Scheduled,404a6271-225b-4675-a37e-4627826f0d44
322bdc61-946b-42a9-bee8-3fcd2bf91a5e,Launched,404a6271-225b-4675-a37e-4627826f0d44
1700af63-17f1-4e14-9bde-9a07fbe7e63a,Backlog,3afcdecd-531d-49e2-afd0-067cd4102eb1
fc07d010-e60b-4c37-8fd6-dd9936c42037,Sprint Backlog,3afcdecd-531d-49e2-afd0-067cd4102eb1
ec9cba07-9c69-487c-a401-dd0edff57b5f,In Progress,3afcdecd-531d-49e2-afd0-067cd4102eb1
24294b4d-5b6e-4403-abab-8f279e815587,Review,3afcdecd-531d-49e2-afd0-067cd4102eb1
72e52cf2-d1e7-4792-aa75-f76dcd5c7e9f,Done,3afcdecd-531d-49e2-afd0-067cd4102eb1
c737b501-485e-4d31-acdb-70962f0f1f9e,Ideas,d26d43cf-a4ea-4171-bfbd-20760ad24b34
38c8d10d-5a1b-404a-8c27-e6b6b8cd9786,Planning,d26d43cf-a4ea-4171-bfbd-20760ad24b34
5092dbf2-4641-4304-b598-7ed38ca245ff,Assets,d26d43cf-a4ea-4171-bfbd-20760ad24b34
1e6138ae-64d0-4583-8ac5-ea0860abf2af,Scheduled,d26d43cf-a4ea-4171-bfbd-20760ad24b34
41d89e75-446a-4d9b-a49a-8c8bb3dd034c,Launched,d26d43cf-a4ea-4171-bfbd-20760ad24b34
a5e7a587-fdaa-4128-beef-9f940b43c8ea,To Do,a03c130d-91fe-4726-a385-4b8a90707971
d6f78833-c473-4cc0-9d78-e27bb31009e7,In Progress,a03c130d-91fe-4726-a385-4b8a90707971
c6355c88-5f8b-4905-9883-dbc18b740a65,Waiting,a03c130d-91fe-4726-a385-4b8a90707971
3c4bdb9e-e6a0-4a71-a84d-d3136e3af230,Completed,a03c130d-91fe-4726-a385-4b8a90707971
2c6e4db4-8cfa-4383-b40a-8032dbd5fbce,To Do,10b5600b-de41-49e9-b727-a0f413591eb2
5bc7c971-7895-4aa8-be2b-10d45b7b1bed,In Progress,10b5600b-de41-49e9-b727-a0f413591eb2
871418c1-db73-4c5d-b4be-c47500f498be,Waiting,10b5600b-de41-49e9-b727-a0f413591eb2
b1d1129b-dafc-4415-a0b1-872ceeb5b0f1,Completed,10b5600b-de41-49e9-b727-a0f413591eb2
491ff13d-b152-4299-b5df-420df06cba39,To Do,948094f3-bb32-44c4-a211-d6efc2981639
abd248bf-66ac-4677-a694-f3a2ab67ea53,In Progress,948094f3-bb32-44c4-a211-d6efc2981639
dfdb3cb0-c980-4222-a975-8e09092308c5,Waiting,948094f3-bb32-44c4-a211-d6efc2981639
7bd93d01-0512-40e8-b013-9cec5f00cdd6,Completed,948094f3-bb32-44c4-a211-d6efc2981639
cd8ec0d5-2113-4b7b-8af6-c7f91f779d35,To Do,de544afe-050f-4387-8a89-7560b5b1b0dd
5a978be2-465e-41ed-b92d-3a858828719a,In Progress,de544afe-050f-4387-8a89-7560b5b1b0dd
8a9e9b18-f2c7-419c-9789-fd5d8cadf3d2,Waiting,de544afe-050f-4387-8a89-7560b5b1b0dd
ae1fea43-fa84-4b04-a076-5968f5c2905a,Completed,de544afe-050f-4387-8a89-7560b5b1b0dd
1ab25121-d34d-4f43-8a9e-f2e24e736c5e,Backlog,fcda808f-a094-49ed-a29b-7f907586ecee
0b4c9e9f-0019-427d-ace2-c332646af18b,Sprint Backlog,fcda808f-a094-49ed-a29b-7f907586ecee
33a861ff-7db0-43f8-9751-98ad2d77dc1d,In Progress,fcda808f-a094-49ed-a29b-7f907586ecee
072dcdf2-5595-46c6-a236-88f76b095d41,Review,fcda808f-a094-49ed-a29b-7f907586ecee
c32c3f15-5e1a-45b6-b451-688e5ecce9fd,Done,fcda808f-a094-49ed-a29b-7f907586ecee
7b7564df-6f08-4477-a4c4-733831dd337a,To Do,96183de2-c1b3-4944-b389-b2bd94735f1f
b3047a1e-b02f-47b9-b9a2-353d79b774d4,In Progress,96183de2-c1b3-4944-b389-b2bd94735f1f
d6bb0f50-678e-47dc-b92b-621ed871958f,Waiting,96183de2-c1b3-4944-b389-b2bd94735f1f
5edb1da0-3d38-4de8-8c39-42e1ed2cdb03,Completed,96183de2-c1b3-4944-b389-b2bd94735f1f
95920a1b-5292-4060-9f3d-3d39d2df0cb8,Backlog,cf03e090-da2e-4f4d-abaf-f3b02a578d11
b26d2052-1f0a-49b0-b760-54b667e8cb90,Sprint Backlog,cf03e090-da2e-4f4d-abaf-f3b02a578d11
4be7f8b8-3ebc-4e76-8cb8-315131b0e55e,In Progress,cf03e090-da2e-4f4d-abaf-f3b02a578d11
ae517490-5220-4724-9466-ed22f9b95fb8,Review,cf03e090-da2e-4f4d-abaf-f3b02a578d11
397ab97e-a816-4c85-920c-4a81ee24ebfc,Done,cf03e090-da2e-4f4d-abaf-f3b02a578d11
1d328b75-ddbb-4278-bddd-564a2069c8c8,Backlog,52e6c9f1-b5de-462a-bf71-f4e4ac99dd71
67c22fd3-b3e6-4ec7-8ebd-cd294292659a,Sprint Backlog,52e6c9f1-b5de-462a-bf71-f4e4ac99dd71
bef55379-02ce-42c1-a015-28cbf67715dc,In Progress,52e6c9f1-b5de-462a-bf71-f4e4ac99dd71
0a641baa-0727-464a-8dd8-bc4a969eee58,Review,52e6c9f1-b5de-462a-bf71-f4e4ac99dd71
4b35ffa7-6aa7-4e05-8cac-8b6650b35712,Done,52e6c9f1-b5de-462a-bf71-f4e4ac99dd71
98fa2444-6a4e-47bf-ac8e-8c35e54e7423,Backlog,52247f6a-1e2c-44a0-b9b9-35041fd26c4a
771d0e96-eef5-4f70-a6ae-6667922a50b1,Sprint Backlog,52247f6a-1e2c-44a0-b9b9-35041fd26c4a
03edd9f6-4178-4950-b210-c0552f636d6b,In Progress,52247f6a-1e2c-44a0-b9b9-35041fd26c4a
b088627f-d030-47a3-9a9f-c1f74618503f,Review,52247f6a-1e2c-44a0-b9b9-35041fd26c4a
7ec95d49-8dae-4995-990f-9ddeb8e7292e,Done,52247f6a-1e2c-44a0-b9b9-35041fd26c4a
d167080f-a600-426f-91b5-05704db908e7,Backlog,185e1f2a-0f04-4850-891b-4efa635c20ad
48221648-8f74-4bd2-8fe4-e56ded7ca98c,Sprint Backlog,185e1f2a-0f04-4850-891b-4efa635c20ad
333c01fa-5e1f-46b4-b2bc-49f90a0aa2bb,In Progress,185e1f2a-0f04-4850-891b-4efa635c20ad
aff716bd-9fa7-41ea-90f7-18fff5318738,Review,185e1f2a-0f04-4850-891b-4efa635c20ad
8b6a1c37-7978-4820-a5e4-3e6d8ef822da,Done,185e1f2a-0f04-4850-891b-4efa635c20ad
07321e0e-7953-47fb-ab11-78ecca2be5cd,To Do,ebd5be59-8b52-4d8c-9a9e-f6e4e594ca3c
e61ee702-cd54-49e5-b9bb-964515489908,In Progress,ebd5be59-8b52-4d8c-9a9e-f6e4e594ca3c
32ae558b-7086-4a62-82a9-fd9988c66274,Waiting,ebd5be59-8b52-4d8c-9a9e-f6e4e594ca3c
6f863ba8-03d3-4412-8637-0458b6cc50ca,Completed,ebd5be59-8b52-4d8c-9a9e-f6e4e594ca3c
8c4f051f-9787-4858-86b9-960f656bb6cc,Backlog,d11a32d4-0d6d-4c4e-9df6-bd3382fc00b5
77ebaf32-62ef-4a36-a7c6-9be35b3cb4d0,Sprint Backlog,d11a32d4-0d6d-4c4e-9df6-bd3382fc00b5
5ec69041-fbfa-4ec1-9f6b-e07a2a9a9397,In Progress,d11a32d4-0d6d-4c4e-9df6-bd3382fc00b5
b518db29-b809-406c-8073-e73ba721227d,Review,d11a32d4-0d6d-4c4e-9df6-bd3382fc00b5
598e0d46-9a9a-4772-90c2-f9f26a2b77eb,Done,d11a32d4-0d6d-4c4e-9df6-bd3382fc00b5
a6ada9e2-a49e-4ce1-87f8-b1a5f2ced061,Ideas,8d1a1c2d-a77e-4127-9556-b477e3fb4f62
9d63dec4-d8b8-4c8f-97ca-0491e776be76,Planning,8d1a1c2d-a77e-4127-9556-b477e3fb4f62
3c4846e0-aae1-4540-910d-e9856f239067,Assets,8d1a1c2d-a77e-4127-9556-b477e3fb4f62
15d93d07-9ea4-468a-bb66-47f1bab1af46,Scheduled,8d1a1c2d-a77e-4127-9556-b477e3fb4f62
f1de1eb9-c45f-46f9-bf92-bbf5b1454f6c,Launched,8d1a1c2d-a77e-4127-9556-b477e3fb4f62
ceeb2129-7543-417d-b5da-13829cb1cd93,Ideas,6e21aba8-39ae-4fd2-8c8a-9e8f2103f376
370152fd-4179-428f-9634-5698775ac4a0,Planning,6e21aba8-39ae-4fd2-8c8a-9e8f2103f376
a5b96c37-1e87-4c34-b7c1-34e991a766e4,Assets,6e21aba8-39ae-4fd2-8c8a-9e8f2103f376
911a7b50-91c3-4daa-8d02-bbbfa06856df,Scheduled,6e21aba8-39ae-4fd2-8c8a-9e8f2103f376
9381be15-9d42-4efc-8f8b-5a6074d8847c,Launched,6e21aba8-39ae-4fd2-8c8a-9e8f2103f376
d3ae8c1e-129d-4216-87cf-b98753f642ad,To Do,5307277f-70df-47d8-a4e3-6f407a8cc964
658457a6-0815-4f80-874f-e32b5ad35044,In Progress,5307277f-70df-47d8-a4e3-6f407a8cc964
91e5437e-ecd8-48d1-be1c-8736aa34efdc,Waiting,5307277f-70df-47d8-a4e3-6f407a8cc964
13fac5e7-304e-4c4b-9803-9b8882b23a29,Completed,5307277f-70df-47d8-a4e3-6f407a8cc964
3aaab576-23dc-46c5-9650-95d049b08c06,Backlog,e965150b-a39e-4eea-9181-07d1384e5cce
6065eb6c-14f9-4951-bb93-8a72bf207f19,Sprint Backlog,e965150b-a39e-4eea-9181-07d1384e5cce
2457d041-cd1f-4907-bf4d-902e486bc308,In Progress,e965150b-a39e-4eea-9181-07d1384e5cce
5ecfc898-f985-42fc-9835-3d70225f8c52,Review,e965150b-a39e-4eea-9181-07d1384e5cce
cea1b23b-0ed8-488f-b2a7-283123b40bdc,Done,e965150b-a39e-4eea-9181-07d1384e5cce
fe0ced80-0b28-47b2-9062-8587b46fa12a,Ideas,2f9a977c-34ea-4bcf-aaa5-fa73a8596f90
b004d144-5727-4513-a6ce-4bb1ec5b2596,Planning,2f9a977c-34ea-4bcf-aaa5-fa73a8596f90
ccc433f7-4206-42d0-8bca-d179c26cdd16,Assets,2f9a977c-34ea-4bcf-aaa5-fa73a8596f90
e59021b5-530f-475f-b67b-2adc7ceeac77,Scheduled,2f9a977c-34ea-4bcf-aaa5-fa73a8596f90
36b172b2-e56e-4872-aca4-666a65c95e91,Launched,2f9a977c-34ea-4bcf-aaa5-fa73a8596f90
ff2927fd-117a-424b-8371-4ca5aa280097,Ideas,14b94da6-ecc9-4555-87e9-0f703507ad5d
f95b9f81-309b-4682-ab61-1c8047e11460,Planning,14b94da6-ecc9-4555-87e9-0f703507ad5d
5e259888-5b6f-4735-b238-bc594e476e9b,Assets,14b94da6-ecc9-4555-87e9-0f703507ad5d
c6edea79-cfce-407f-8057-434801d7d5cf,Scheduled,14b94da6-ecc9-4555-87e9-0f703507ad5d
5cff70d1-79ad-4ebc-9d40-ded374f09478,Launched,14b94da6-ecc9-4555-87e9-0f703507ad5d
879f60ff-7423-4b1d-8c49-a981ef7936c0,To Do,9c82872a-1297-4984-8dff-938d7ed37bf8
41b5f106-e4b7-4c1b-8656-63887bbe4ea5,In Progress,9c82872a-1297-4984-8dff-938d7ed37bf8
425c03ba-5db8-43bd-be91-9f02730666f4,Waiting,9c82872a-1297-4984-8dff-938d7ed37bf8
4d36b7f7-0333-4a98-9572-cc1432dd2c43,Completed,9c82872a-1297-4984-8dff-938d7ed37bf8
75a6f1d0-5245-402a-9e09-efe392bfe525,To Do,8e60de95-ad5b-467b-aff7-263c4d3c4095
87b7e958-3ac7-4259-8345-0cb6b17ab376,In Progress,8e60de95-ad5b-467b-aff7-263c4d3c4095
34e0851e-536c-4345-8fb9-7ed7c102ba1a,Waiting,8e60de95-ad5b-467b-aff7-263c4d3c4095
1def6e58-a79a-48d7-973f-c7464bc00c38,Completed,8e60de95-ad5b-467b-aff7-263c4d3c4095
47e8bc98-7bd9-43dd-97f3-294f49e1e8bb,Backlog,b1aae008-5a42-4ef6-b7c9-cab575d73fcb
775cbf71-3941-4074-9a6e-993151271420,Sprint Backlog,b1aae008-5a42-4ef6-b7c9-cab575d73fcb
da5339d8-7a00-448d-b59b-39a9e0f9316f,In Progress,b1aae008-5a42-4ef6-b7c9-cab575d73fcb
86b58574-2ae7-4fa8-b8e1-71a62356b629,Review,b1aae008-5a42-4ef6-b7c9-cab575d73fcb
c3239362-00cb-40b9-bcb0-8f8b098b3a75,Done,b1aae008-5a42-4ef6-b7c9-cab575d73fcb
3fff5a02-8709-4ab2-bb6d-f3441bc6386c,Ideas,9d50b8df-b4f9-418e-8718-40108e1a209c
785dacec-9405-4116-87e2-308da5de272b,Planning,9d50b8df-b4f9-418e-8718-40108e1a209c
a51f89f4-d9f7-4157-8fab-0c14784479e4,Assets,9d50b8df-b4f9-418e-8718-40108e1a209c
1341a121-3821-47d9-98d9-ffce4b0b02d9,Scheduled,9d50b8df-b4f9-418e-8718-40108e1a209c
7011aef5-d3df-4d51-9cae-62163eb75626,Launched,9d50b8df-b4f9-418e-8718-40108e1a209c
2811e005-5872-43f2-8093-15c5862e3f73,Backlog,e1d69c74-1b54-4853-8056-6f7b947a94db
f416cfbe-2cd4-421a-952b-d0bf917c1db1,Sprint Backlog,e1d69c74-1b54-4853-8056-6f7b947a94db
de383169-5141-4771-827c-985037b1404f,In Progress,e1d69c74-1b54-4853-8056-6f7b947a94db
f9b09f50-1a65-466a-b49c-d3c1d1662628,Review,e1d69c74-1b54-4853-8056-6f7b947a94db
a0c7d2fd-e9be-4552-adcd-06260d627ee0,Done,e1d69c74-1b54-4853-8056-6f7b947a94db
3d89b801-d8ed-43e3-8c57-da00f1c2c160,Backlog,5e266380-88d8-4f9c-a33d-ebdf34b77385
f4490c1a-0e7b-4ddf-b196-5bdf02be0046,Sprint Backlog,5e266380-88d8-4f9c-a33d-ebdf34b77385
6f88fbea-f6f0-4bb7-aa6e-d8b6c5915cdc,In Progress,5e266380-88d8-4f9c-a33d-ebdf34b77385
c7d50b2b-cb52-4020-b7fc-d305f2507c89,Review,5e266380-88d8-4f9c-a33d-ebdf34b77385
699608f3-0645-4ab9-b18a-f6b3dc285ca6,Done,5e266380-88d8-4f9c-a33d-ebdf34b77385
4ec35409-2b42-4e2f-b1b3-8665b5f55b81,To Do,0620b8f2-931e-43dc-8568-44dc25caf1f7
630df660-deb4-4aaf-94c7-dc0e36c98a29,In Progress,0620b8f2-931e-43dc-8568-44dc25caf1f7
8f8c5da9-c1f7-4854-b185-382507c9b2d8,Waiting,0620b8f2-931e-43dc-8568-44dc25caf1f7
cf003232-0791-49c5-9c81-2b63b41cb5e1,Completed,0620b8f2-931e-43dc-8568-44dc25caf1f7
38e38619-41c5-4f50-8123-a88fb23b1a8a,To Do,e6f51b49-4ae0-4d21-a7bc-b49e264ee708
7d325359-075f-45d4-b375-44d84c715a53,In Progress,e6f51b49-4ae0-4d21-a7bc-b49e264ee708
e5b775d1-8a71-415b-b767-26df5c764ca6,Waiting,e6f51b49-4ae0-4d21-a7bc-b49e264ee708
80ce1968-53e2-4d80-8ce9-f6aa5721a026,Completed,e6f51b49-4ae0-4d21-a7bc-b49e264ee708
5806079f-c6e0-44ff-8ee5-5f124d203ff9,Backlog,2050c9d1-f951-4038-b999-87ad7c517f80
effc871c-8a82-4110-975b-33a170f4c16a,Sprint Backlog,2050c9d1-f951-4038-b999-87ad7c517f80
0ff458ea-ae19-488e-b8b3-f9b6b09e62a0,In Progress,2050c9d1-f951-4038-b999-87ad7c517f80
e03df8a9-3eb6-4a0d-a019-943e8b3a8c09,Review,2050c9d1-f951-4038-b999-87ad7c517f80
fc762e1e-3607-4775-9b5e-ed7330764614,Done,2050c9d1-f951-4038-b999-87ad7c517f80
68669260-83fd-4cc8-b76c-70376cd61e17,To Do,66bd37af-ae14-44ae-a4dc-6846b1921169
80af2e1b-6c26-49dc-b254-48ecbd0e481a,In Progress,66bd37af-ae14-44ae-a4dc-6846b1921169
fd2d8021-422c-4120-9f4e-d6496013b5ae,Waiting,66bd37af-ae14-44ae-a4dc-6846b1921169
071dd192-1d54-4983-8ef8-83ed85cb8b22,Completed,66bd37af-ae14-44ae-a4dc-6846b1921169
b3278425-693d-4d3e-966a-6553500a0e19,To Do,b8e5429d-5968-47f7-a182-be559a019394
d954d960-306d-4c4a-bd37-31d653d4fed1,In Progress,b8e5429d-5968-47f7-a182-be559a019394
3871b82b-5da1-4f67-80b6-9a0edbca2813,Waiting,b8e5429d-5968-47f7-a182-be559a019394
57d2d3f8-62f9-44ca-9ee8-5d02881e54ba,Completed,b8e5429d-5968-47f7-a182-be559a019394
806dcbf5-d186-47a3-9259-3640e74f66b5,To Do,052688ad-a7d6-4d72-be70-d273369f5c24
7ab0971e-27b4-4cb3-8e6d-d1368e611440,In Progress,052688ad-a7d6-4d72-be70-d273369f5c24
85bf5fbf-876f-490a-abcb-0d55ffec6404,Waiting,052688ad-a7d6-4d72-be70-d273369f5c24
5e8b9625-7b7d-4053-97b6-36aaa7242aed,Completed,052688ad-a7d6-4d72-be70-d273369f5c24
21423344-e5e7-46c5-af2a-bb4ff90dcc07,To Do,d708b545-885f-4ab6-a813-b85ce18ea206
809327ab-27f9-4715-87c1-1d99589cd84c,In Progress,d708b545-885f-4ab6-a813-b85ce18ea206
d350776b-4f0d-48de-9e56-4dd2b32fe053,Waiting,d708b545-885f-4ab6-a813-b85ce18ea206
11cead6f-36db-41e8-9f61-9b72904672b3,Completed,d708b545-885f-4ab6-a813-b85ce18ea206
5f1e38e5-ff7f-43f4-a229-8719d2ec31fd,Backlog,280f77e7-c789-4442-a663-8ce0481b6022
9823a923-4637-467b-bebc-ee490c80d8a6,Sprint Backlog,280f77e7-c789-4442-a663-8ce0481b6022
a788077d-5315-4423-80f5-49b6e2c74c28,In Progress,280f77e7-c789-4442-a663-8ce0481b6022
d1db839c-4570-4655-9570-f330e04862dd,Review,280f77e7-c789-4442-a663-8ce0481b6022
ca320bde-90aa-474c-807a-58e935440ac1,Done,280f77e7-c789-4442-a663-8ce0481b6022
f0c80009-90cd-4b68-badb-33d7cfb8518e,To Do,6bdeb197-dba5-4806-802b-929f3e307b2b
83b1fd65-a1ca-4e9b-abf5-14233fae5e8a,In Progress,6bdeb197-dba5-4806-802b-929f3e307b2b
375864a2-4c93-4969-9cfb-897494974447,Waiting,6bdeb197-dba5-4806-802b-929f3e307b2b
bf527284-d75b-411f-bf23-70f19fe4a792,Completed,6bdeb197-dba5-4806-802b-929f3e307b2b
ec0f3643-a156-4ccb-a95e-d28960c36c13,To Do,b1e82d87-e732-4d71-95b6-a4c8b648f2e6
781aa4c5-ee14-4ca6-bfd4-303f7c76f426,In Progress,b1e82d87-e732-4d71-95b6-a4c8b648f2e6
42c19d8d-e815-4ca4-9376-8fbe0afe2ef8,Waiting,b1e82d87-e732-4d71-95b6-a4c8b648f2e6
5cee51e1-5939-4ef4-b3cc-c178d557f49c,Completed,b1e82d87-e732-4d71-95b6-a4c8b648f2e6
bac73dcf-35b1-4e78-870c-d34f66161efd,Backlog,f2be7693-25ea-49ed-b7e7-3009b8147709
b7986948-f1b4-4406-979d-6142c9d003f5,Sprint Backlog,f2be7693-25ea-49ed-b7e7-3009b8147709
6661742e-07ab-4a33-aaa1-5650c554962b,In Progress,f2be7693-25ea-49ed-b7e7-3009b8147709
ebe01fd0-bb06-4a0b-9a77-0a3c814d9de9,Review,f2be7693-25ea-49ed-b7e7-3009b8147709
d5588aad-3436-4fdf-b35b-afb76e04a8b3,Done,f2be7693-25ea-49ed-b7e7-3009b8147709
17514669-5de1-43bd-b01e-4ab3fb4c106b,To Do,2354aafa-d2fd-469c-b832-1b47b360d4c4
e29fbf17-6e36-4d0f-9698-7cba8fb9816b,In Progress,2354aafa-d2fd-469c-b832-1b47b360d4c4
5ff78759-e602-4e31-85b2-35f1feed70de,Waiting,2354aafa-d2fd-469c-b832-1b47b360d4c4
acd95bf1-6a31-43b5-8c6a-7bd5a0bea39a,Completed,2354aafa-d2fd-469c-b832-1b47b360d4c4
a9b21597-4864-45a0-8ad3-373c45b3572c,To Do,8d6a3070-1de2-48c5-8fa6-7bc572737426
30d54b4c-3a27-49f5-80f1-4ff231144bee,In Progress,8d6a3070-1de2-48c5-8fa6-7bc572737426
d8b0e719-2d71-4616-9282-3a36622a3a03,Waiting,8d6a3070-1de2-48c5-8fa6-7bc572737426
926abd88-5832-4bef-a999-4de558a99ec9,Completed,8d6a3070-1de2-48c5-8fa6-7bc572737426
c22e9600-dd2d-4dd1-815d-a38f11fd1d69,Backlog,cd1f8491-5201-4828-b11d-ecb2dd1c7400
18d125c3-c10b-463d-8919-4bfc902e0a9f,Sprint Backlog,cd1f8491-5201-4828-b11d-ecb2dd1c7400
2f2e5f2c-df07-44ac-98ff-0572c2d8a876,In Progress,cd1f8491-5201-4828-b11d-ecb2dd1c7400
b71aeb56-b85a-4ca9-8327-73e04f50a5c5,Review,cd1f8491-5201-4828-b11d-ecb2dd1c7400
e7da7b6c-f6c1-4b1a-8f2c-4f374730a737,Done,cd1f8491-5201-4828-b11d-ecb2dd1c7400
7e891413-c648-4e66-9dc4-0712c194bd0e,To Do,64b7de23-953b-4c00-af9c-8329ec0726b5
04293036-50e9-4293-9e22-b61a0cd473b7,In Progress,64b7de23-953b-4c00-af9c-8329ec0726b5
d39cc251-5198-43c3-92cb-dce52455bf0e,Waiting,64b7de23-953b-4c00-af9c-8329ec0726b5
7263945e-14ba-4697-be2e-8586d513e4cd,Completed,64b7de23-953b-4c00-af9c-8329ec0726b5
eb3c7f3a-8e06-4cbe-9b68-d16e0379c8d8,Backlog,bd676d96-14c4-4ce2-a6a7-e4d7b9497a58
5e3ea7fa-6d6f-4d12-822e-1d5306c42083,Sprint Backlog,bd676d96-14c4-4ce2-a6a7-e4d7b9497a58
7d9482ad-8fd5-4307-b4e5-f00dc7b58ec3,In Progress,bd676d96-14c4-4ce2-a6a7-e4d7b9497a58
92e76de8-6ccf-45a7-8213-9fe22d0be0dc,Review,bd676d96-14c4-4ce2-a6a7-e4d7b9497a58
11c28fb8-3ad0-451b-a18e-de0fc5b426eb,Done,bd676d96-14c4-4ce2-a6a7-e4d7b9497a58
aa5ee085-6111-487b-b9c2-80f1f4ac428d,Ideas,de08456f-0fcb-44b1-ae0b-dc8c040d2268
dc047adc-8bca-45b7-b33c-55cde368a192,Planning,de08456f-0fcb-44b1-ae0b-dc8c040d2268
27ee6c18-5490-4c8c-b1f5-2b1438d2f577,Assets,de08456f-0fcb-44b1-ae0b-dc8c040d2268
1a9dd1df-df12-425b-b25e-1b98e5d3e2c8,Scheduled,de08456f-0fcb-44b1-ae0b-dc8c040d2268
07add6d5-a35c-4a7e-9235-5b28a43264ab,Launched,de08456f-0fcb-44b1-ae0b-dc8c040d2268
50cd847e-6485-42eb-8ab3-15983f179500,To Do,ca7ec39c-6f19-45ed-9909-b77bc54c6b24
37930c66-4ffa-4aa5-80c6-696a4c086299,In Progress,ca7ec39c-6f19-45ed-9909-b77bc54c6b24
c3316135-114c-4b71-9b74-98f5c3e0ed88,Waiting,ca7ec39c-6f19-45ed-9909-b77bc54c6b24
d2412ee0-704c-4fe0-bfc7-a00aeaed75ab,Completed,ca7ec39c-6f19-45ed-9909-b77bc54c6b24
0b2b9cec-70e4-4c48-b34d-33f777062ef0,Backlog,9b22a03e-6373-4dd6-a5e2-425188bd3625
dab01e9f-4ceb-48b2-8def-8e240a7d1c78,Sprint Backlog,9b22a03e-6373-4dd6-a5e2-425188bd3625
f9a55f32-ffb5-4737-b4bb-75648ae08751,In Progress,9b22a03e-6373-4dd6-a5e2-425188bd3625
41afe188-44a2-4576-a2bd-6c99ec8303c2,Review,9b22a03e-6373-4dd6-a5e2-425188bd3625
f4dbda5d-23da-4b18-b7a7-9ce89c0acca9,Done,9b22a03e-6373-4dd6-a5e2-425188bd3625
1f58c734-b750-4065-b9ab-2b7349fa712d,Ideas,443d2b35-c5fd-4d2f-b08f-8ce5c5a73ae2
6cc74032-e2af-4a29-ad67-964072bfb7c9,Planning,443d2b35-c5fd-4d2f-b08f-8ce5c5a73ae2
1f263003-7f9a-400e-b84b-d8ecb456dad0,Assets,443d2b35-c5fd-4d2f-b08f-8ce5c5a73ae2
d231e603-4f22-4345-b187-2020d8afb7b1,Scheduled,443d2b35-c5fd-4d2f-b08f-8ce5c5a73ae2
ba70f380-9592-4532-bd46-96d2418e0b3f,Launched,443d2b35-c5fd-4d2f-b08f-8ce5c5a73ae2
3f5f8738-6c2b-4cdd-8f06-acd8eea841f7,Ideas,799615a1-a05c-4970-9cfa-367d66bb40d5
42039139-f9c1-4b9c-9c79-ce83a4ec399f,Planning,799615a1-a05c-4970-9cfa-367d66bb40d5
4ed0a35a-eb79-4a0e-9b03-4ce812ea80a4,Assets,799615a1-a05c-4970-9cfa-367d66bb40d5
7f6e7420-9204-47b0-95a5-8ff84fc43611,Scheduled,799615a1-a05c-4970-9cfa-367d66bb40d5
804d0533-fd11-4f60-b731-708577121fcb,Launched,799615a1-a05c-4970-9cfa-367d66bb40d5
51fc5b9b-4963-46ac-b14a-53ee1ad408bc,Ideas,3729de17-c423-49be-aa5c-1b7ecf8e1c97
de595ed9-4c4b-4d49-b1f7-92804b403756,Planning,3729de17-c423-49be-aa5c-1b7ecf8e1c97
c7a49146-451b-4f92-b7bf-2d2955d4ff6c,Assets,3729de17-c423-49be-aa5c-1b7ecf8e1c97
f351a3e7-e71a-4e7e-be22-2713b5e083d6,Scheduled,3729de17-c423-49be-aa5c-1b7ecf8e1c97
932dd688-e3ec-4015-a702-7ebb3cfaacca,Launched,3729de17-c423-49be-aa5c-1b7ecf8e1c97
55ce24c9-0442-48ce-b807-22ddfcd1eab0,To Do,d8593b30-7f42-4a4f-a8a4-64456c68cb21
cda18275-788e-45bd-b5bf-153f30b3eaac,In Progress,d8593b30-7f42-4a4f-a8a4-64456c68cb21
8fdfc1da-745c-4db4-94ef-883c1f43df96,Waiting,d8593b30-7f42-4a4f-a8a4-64456c68cb21
af643ab5-f3fa-4410-921b-38749f84aa6a,Completed,d8593b30-7f42-4a4f-a8a4-64456c68cb21
6b3b0109-de35-4aa0-8978-78aff9dd29b1,Ideas,8206ca48-6d17-4547-b6d7-3a4da608238a
046e6579-bf92-4b3d-9c11-5948a6a37c4e,Planning,8206ca48-6d17-4547-b6d7-3a4da608238a
c9b1b3ae-3669-4aca-9822-90a03d005bd7,Assets,8206ca48-6d17-4547-b6d7-3a4da608238a
98c6731b-4f6a-46ab-8ae8-b93a0995252d,Scheduled,8206ca48-6d17-4547-b6d7-3a4da608238a
c2b5baa0-1afb-47c3-ad46-a0a3d5b31e70,Launched,8206ca48-6d17-4547-b6d7-3a4da608238a
43cec0b0-37e0-4f92-bb7b-12f505477e87,To Do,4bc50c18-191b-41a7-8beb-996c34edd9bc
e94d2297-4c08-463e-a737-997f4e87c562,In Progress,4bc50c18-191b-41a7-8beb-996c34edd9bc
8dc88871-60c8-4673-8bcc-316638cf02ec,Waiting,4bc50c18-191b-41a7-8beb-996c34edd9bc
c68db691-1936-4762-9bdb-62c0f0df30c4,Completed,4bc50c18-191b-41a7-8beb-996c34edd9bc
f41cd061-f0af-44aa-8e57-25f9231c67ab,Backlog,ff6b7142-230d-48b9-bcdc-3571e46abc36
23c7b814-83ec-4e4e-804c-d1c7631721d5,Sprint Backlog,ff6b7142-230d-48b9-bcdc-3571e46abc36
53861edd-1b23-452c-b87b-0c673ee03219,In Progress,ff6b7142-230d-48b9-bcdc-3571e46abc36
cdec90ae-39d7-4636-911b-09bcd2522137,Review,ff6b7142-230d-48b9-bcdc-3571e46abc36
7e5c3a44-3495-4ea1-a156-1340e10ccfc6,Done,ff6b7142-230d-48b9-bcdc-3571e46abc36
1090319d-cc2c-4340-87f3-311ebab67160,Backlog,954dcc59-388d-413c-8978-09e2ff608644
37aa2de9-7608-4e38-a6d6-bdfb6ec19066,Sprint Backlog,954dcc59-388d-413c-8978-09e2ff608644
9f5b630d-e9f8-403d-9cc2-3778b3d7ce95,In Progress,954dcc59-388d-413c-8978-09e2ff608644
c90d1c84-dfe6-4726-be82-5e08d8b26bf4,Review,954dcc59-388d-413c-8978-09e2ff608644
bc7f190c-879e-4a16-95d6-73ba7dcfdaa5,Done,954dcc59-388d-413c-8978-09e2ff608644
dabdf6a1-fb83-409e-a590-0f6f78be7d0e,Backlog,7904d6d8-4fdf-47d4-8215-a1532a507858
400c95bb-5221-48c1-ae95-e5148e086d7f,Sprint Backlog,7904d6d8-4fdf-47d4-8215-a1532a507858
270ef291-49ff-41b8-ad57-471ab7d0cc88,In Progress,7904d6d8-4fdf-47d4-8215-a1532a507858
87595335-2692-4bbc-82e4-5bb11f760d13,Review,7904d6d8-4fdf-47d4-8215-a1532a507858
06306ae8-b223-4bb1-b4f0-37031a1585cf,Done,7904d6d8-4fdf-47d4-8215-a1532a507858
5b1c084a-462e-4b26-845b-5bf474cc33d1,Ideas,a742776f-a459-429c-a91a-04f53d5d6d89
4e0e6054-75fa-4468-94df-b6b5d87ae2d4,Planning,a742776f-a459-429c-a91a-04f53d5d6d89
9b2c949b-e343-4f0c-8aa3-111d40b61d8c,Assets,a742776f-a459-429c-a91a-04f53d5d6d89
fe8d9331-8abc-4fa6-adcf-81835625b86c,Scheduled,a742776f-a459-429c-a91a-04f53d5d6d89
f6fe3029-53ae-4c5b-a6b7-270ed9db26ac,Launched,a742776f-a459-429c-a91a-04f53d5d6d89
2ac6803b-e20b-44fe-9a44-a1ec4e7333e3,Ideas,85407ac5-4c04-4e4e-ad6e-f06d53353ee3
0cd1a9f9-4f3f-4de7-8b72-7083ff4e793c,Planning,85407ac5-4c04-4e4e-ad6e-f06d53353ee3
4a50e280-6d98-4dad-8ebc-3d892ace064f,Assets,85407ac5-4c04-4e4e-ad6e-f06d53353ee3
7f88fb39-1e03-4925-b336-fa14e9ddaeb9,Scheduled,85407ac5-4c04-4e4e-ad6e-f06d53353ee3
e587a1b7-c4d5-449f-946b-a5cd857de822,Launched,85407ac5-4c04-4e4e-ad6e-f06d53353ee3
a4885a12-cdeb-44d2-b790-020c6bc1b487,Backlog,84395d1a-08b1-40bd-8110-fb9f2a8e46f8
52c49881-e94b-4273-8872-37a288cc0bee,Sprint Backlog,84395d1a-08b1-40bd-8110-fb9f2a8e46f8
5883cbb3-f6ad-40fa-a8ae-012f0fd16fc5,In Progress,84395d1a-08b1-40bd-8110-fb9f2a8e46f8
e446b0df-181c-45d0-9d43-ad87632d8d0a,Review,84395d1a-08b1-40bd-8110-fb9f2a8e46f8
b1a8e060-ff44-4d72-9257-613e16f09fdf,Done,84395d1a-08b1-40bd-8110-fb9f2a8e46f8
274ba274-fd94-4864-9a24-ee994c5b0698,Ideas,907d5097-6794-4852-baf0-47b5a73c088f
331b1276-ec3f-4f48-905a-60fdcadff6da,Planning,907d5097-6794-4852-baf0-47b5a73c088f
838f539f-8dda-4a0c-9390-7762f259177c,Assets,907d5097-6794-4852-baf0-47b5a73c088f
3cf1390b-ea68-413f-84a6-89036daf4a81,Scheduled,907d5097-6794-4852-baf0-47b5a73c088f
b61ee27d-0708-4c2a-ac9c-ec67355eebef,Launched,907d5097-6794-4852-baf0-47b5a73c088f
cd6d7f1c-f3f0-4e0f-b9d2-bef5c964226b,Ideas,de265059-d7b0-4e28-81fe-9749f42f4045
8d35de90-7b76-43a8-9f58-3a6ef71fb1e3,Planning,de265059-d7b0-4e28-81fe-9749f42f4045
f5fc4ed3-8824-4432-afbf-9093dcd34869,Assets,de265059-d7b0-4e28-81fe-9749f42f4045
1ead5287-e8d9-4683-beec-bc1544c9c44b,Scheduled,de265059-d7b0-4e28-81fe-9749f42f4045
88504494-5a97-4344-86d1-e96aa7986f30,Launched,de265059-d7b0-4e28-81fe-9749f42f4045
1a40983b-4d5a-4a4f-ac46-7169a7b1a6a0,To Do,fd85a0c5-54df-4b85-8ab7-ca51926cdf0c
39e80bd1-479b-4298-9878-c2d5fad333e3,In Progress,fd85a0c5-54df-4b85-8ab7-ca51926cdf0c
a12a6e96-8af5-40ca-892d-24f22c34969b,Waiting,fd85a0c5-54df-4b85-8ab7-ca51926cdf0c
aded2e38-9418-4a8a-b71b-52c9fdf47928,Completed,fd85a0c5-54df-4b85-8ab7-ca51926cdf0c
21823199-c711-4769-aff2-ee1336f44da6,Backlog,cc8b819d-ebd0-4e94-80a9-a9d69217f4c8
55e7914e-2a15-4b25-9b27-7696819c747a,Sprint Backlog,cc8b819d-ebd0-4e94-80a9-a9d69217f4c8
6ccc1d5f-e76d-4f7e-a3b1-8864c3da4a63,In Progress,cc8b819d-ebd0-4e94-80a9-a9d69217f4c8
39b09dbb-96aa-40f3-aad1-a41363f08a37,Review,cc8b819d-ebd0-4e94-80a9-a9d69217f4c8
f895a3bd-bf62-4197-8ebf-d6e018d923bd,Done,cc8b819d-ebd0-4e94-80a9-a9d69217f4c8
286f9c79-208e-4632-b928-0a666951f486,Backlog,ecbc06aa-e50f-4903-bea0-beb2bf9e0104
142a894e-b683-4a7f-9723-e67622c44e6e,Sprint Backlog,ecbc06aa-e50f-4903-bea0-beb2bf9e0104
5302c4d9-4748-453e-8570-d0526da41b08,In Progress,ecbc06aa-e50f-4903-bea0-beb2bf9e0104
d8553f5c-2633-4c2a-a807-3ebf85c7d1bc,Review,ecbc06aa-e50f-4903-bea0-beb2bf9e0104
20f9f0aa-351b-48aa-b535-83312884c403,Done,ecbc06aa-e50f-4903-bea0-beb2bf9e0104
513ccf3d-605e-4723-8350-51f8fda8baee,Ideas,3148d072-7c5f-4ac0-91e7-3a18d76a6f00
a47a23b9-f80a-46b2-be45-0c536c808d25,Planning,3148d072-7c5f-4ac0-91e7-3a18d76a6f00
0c99613b-5658-4b7b-91bb-4910a1a72faf,Assets,3148d072-7c5f-4ac0-91e7-3a18d76a6f00
10e52b79-d2e0-4a12-9181-266b4b826b90,Scheduled,3148d072-7c5f-4ac0-91e7-3a18d76a6f00
66ffee25-98ce-452c-bbd4-062b42c5d700,Launched,3148d072-7c5f-4ac0-91e7-3a18d76a6f00
ded96300-4fb8-4ff4-9ef0-b0c671358c43,Ideas,86307b99-644b-4071-8b58-f12a707f50bb
b135b38c-eb8d-453d-af3a-1145605e472c,Planning,86307b99-644b-4071-8b58-f12a707f50bb
02ab5538-9042-4bfa-b71d-34a011daec7f,Assets,86307b99-644b-4071-8b58-f12a707f50bb
350c5261-489f-43c8-bced-41cd7f19f422,Scheduled,86307b99-644b-4071-8b58-f12a707f50bb
d5a07702-2501-417c-bd3d-7000bac139eb,Launched,86307b99-644b-4071-8b58-f12a707f50bb
8189bc1d-4ab9-46b8-b4f3-e32a4a5d0a60,Ideas,4f8f7009-ba65-4825-ba4e-06529b4b8eec
82b50682-4abd-4ad7-bb7c-2ace88aeb72a,Planning,4f8f7009-ba65-4825-ba4e-06529b4b8eec
25e67c85-7582-4635-839f-78f111b2b9de,Assets,4f8f7009-ba65-4825-ba4e-06529b4b8eec
b17c8fdb-3605-462b-965a-1827b9692c43,Scheduled,4f8f7009-ba65-4825-ba4e-06529b4b8eec
b9a2a051-7203-4f1f-b53c-03ad29dffbf6,Launched,4f8f7009-ba65-4825-ba4e-06529b4b8eec
d85e610a-7f64-493b-a36a-82a71bf11659,Ideas,5a1738a9-e899-4744-9560-dbfb0110811e
769fdc03-db99-4b86-b298-c9e889aa85d5,Planning,5a1738a9-e899-4744-9560-dbfb0110811e
7e11a326-0d40-4375-8c8a-9e1e6396d79c,Assets,5a1738a9-e899-4744-9560-dbfb0110811e
8441b0fd-0801-4dfe-9d77-c10e74e0f55d,Scheduled,5a1738a9-e899-4744-9560-dbfb0110811e
0eaa53e7-93af-4cc3-9288-e71dfdf39113,Launched,5a1738a9-e899-4744-9560-dbfb0110811e
3e644298-117b-4313-abc0-7654368f4d57,Ideas,164710f9-bc02-4c64-b1ca-d49fae9b717b
eb0de469-e705-468d-b580-67da077a1ad9,Planning,164710f9-bc02-4c64-b1ca-d49fae9b717b
4538a667-f865-4691-a7ef-d7d80c9ae07d,Assets,164710f9-bc02-4c64-b1ca-d49fae9b717b
fc7310b7-fe48-4d8e-a453-4f588c818e91,Scheduled,164710f9-bc02-4c64-b1ca-d49fae9b717b
43905793-9e6d-4ba7-9dff-4531f8b00e2a,Launched,164710f9-bc02-4c64-b1ca-d49fae9b717b
83dc109a-a447-483e-8c91-5e5a239c0800,Backlog,4d878446-3ca7-40c9-b4e4-a82ac51b0de7
c5e82714-ba5b-4ff3-9f85-4a7f7618355e,Sprint Backlog,4d878446-3ca7-40c9-b4e4-a82ac51b0de7
1e1475d0-be41-4136-b128-59ffeeb5c6fe,In Progress,4d878446-3ca7-40c9-b4e4-a82ac51b0de7
84312516-5b22-433d-881d-703290baa87a,Review,4d878446-3ca7-40c9-b4e4-a82ac51b0de7
cfab0f85-1016-4ec8-ba54-1ad635cc0818,Done,4d878446-3ca7-40c9-b4e4-a82ac51b0de7
4da4434a-e3d7-4fcd-bded-bcd3009e0c7f,To Do,fedc8853-5642-479a-aa98-0bc59f0431ee
07903079-29dd-4e64-ad74-a2519e00440a,In Progress,fedc8853-5642-479a-aa98-0bc59f0431ee
5261a0c6-c539-45c6-996c-2d2704c5c9b0,Waiting,fedc8853-5642-479a-aa98-0bc59f0431ee
5dbc41cf-bfad-48ae-ae15-c5737d7bb35f,Completed,fedc8853-5642-479a-aa98-0bc59f0431ee
96a35cea-8e54-425c-bddb-88775cee3a11,To Do,3941f60d-7f4e-4582-bad9-5cff84f19396
f97cb6fe-7e48-4023-b7e2-0c5315c4d52f,In Progress,3941f60d-7f4e-4582-bad9-5cff84f19396
15424e1c-df5b-4c7e-9c86-8f3a841a09df,Waiting,3941f60d-7f4e-4582-bad9-5cff84f19396
a1558f4a-8ce0-459f-bc46-51b55126adb7,Completed,3941f60d-7f4e-4582-bad9-5cff84f19396
48c6004f-8ac2-45fb-868a-3d79e4f3c17e,Backlog,8f6c6488-21e1-419e-a1f1-f24f31f73b10
ebf6cec6-bd0c-46f0-91c7-301222823d7b,Sprint Backlog,8f6c6488-21e1-419e-a1f1-f24f31f73b10
e3bc711a-6457-4015-9645-ae048b416a22,In Progress,8f6c6488-21e1-419e-a1f1-f24f31f73b10
b914a528-bb6e-447e-ad2c-52b956887b2c,Review,8f6c6488-21e1-419e-a1f1-f24f31f73b10
4e6fde05-1119-425e-a7ea-cc565485b2e1,Done,8f6c6488-21e1-419e-a1f1-f24f31f73b10
315586af-638e-4e27-8077-2aa32e8b4e1b,Ideas,f532f291-e628-412a-ba8e-b77f67bc9c91
bf6e3f7e-e66d-4322-8907-f00c85d7221e,Planning,f532f291-e628-412a-ba8e-b77f67bc9c91
5b54e02c-adad-4772-a5d4-d4dab730b30c,Assets,f532f291-e628-412a-ba8e-b77f67bc9c91
c7dabb37-646a-4d36-87bf-79dbe0c5cdc5,Scheduled,f532f291-e628-412a-ba8e-b77f67bc9c91
e64f3fae-f4fe-4647-bd72-bed30c7d3737,Launched,f532f291-e628-412a-ba8e-b77f67bc9c91
4c0a8208-ddd5-4553-b471-e26895099b93,Ideas,e888c6ad-d1f7-4867-82b1-1d1af3c93cf2
79dd9394-3aee-4a08-8313-9858a5b4697b,Planning,e888c6ad-d1f7-4867-82b1-1d1af3c93cf2
e92a642f-4f98-4e57-9203-f23ca3ab58da,Assets,e888c6ad-d1f7-4867-82b1-1d1af3c93cf2
572f7562-c039-4b03-8683-a25c0ac9f2a0,Scheduled,e888c6ad-d1f7-4867-82b1-1d1af3c93cf2
a6d9e766-0451-48d0-8724-60ec97b82af9,Launched,e888c6ad-d1f7-4867-82b1-1d1af3c93cf2
6155a147-9830-4780-9e69-b03774004147,To Do,980dd896-c9d3-4ffa-a686-f3225c2b2ccc
d0095e6d-bfab-4672-90df-03f3462c2655,In Progress,980dd896-c9d3-4ffa-a686-f3225c2b2ccc
0714163a-d594-46e3-a940-49de259aac7d,Waiting,980dd896-c9d3-4ffa-a686-f3225c2b2ccc
e3d301d5-7e98-4d2f-ae6d-c598a73a09c9,Completed,980dd896-c9d3-4ffa-a686-f3225c2b2ccc
1a9f192f-0b9b-450c-92e8-9e2c64fe1896,Backlog,d3ecca4d-9540-4cc8-a8ea-8c036e86591e
285e0117-dd8b-417c-ae0c-e31b975859fd,Sprint Backlog,d3ecca4d-9540-4cc8-a8ea-8c036e86591e
1c4fc80e-4158-445f-9e76-8bbaaabf4a39,In Progress,d3ecca4d-9540-4cc8-a8ea-8c036e86591e
6618160c-79fc-4a41-a31e-cf3438f06d3b,Review,d3ecca4d-9540-4cc8-a8ea-8c036e86591e
b3b8ee5a-4349-4bc7-9765-aa6fcce3f607,Done,d3ecca4d-9540-4cc8-a8ea-8c036e86591e
e1a03475-bc4b-4119-a33d-51ef915fd856,Backlog,64df0c59-7eb1-4a9c-ad9e-c8dd654e34bb
43410079-ed5e-4dd7-ac7e-33b6c555c33f,Sprint Backlog,64df0c59-7eb1-4a9c-ad9e-c8dd654e34bb
beae540e-4c4a-409e-9e5b-3871b5f9aa60,In Progress,64df0c59-7eb1-4a9c-ad9e-c8dd654e34bb
14a44b26-aa6f-4a60-aae8-07b7c8828c70,Review,64df0c59-7eb1-4a9c-ad9e-c8dd654e34bb
efb50fe5-1fd7-4ed8-91c0-da6294ad7271,Done,64df0c59-7eb1-4a9c-ad9e-c8dd654e34bb
21bdb89f-2c4c-470e-9b39-166bc669fa77,To Do,d8660cf0-ce51-4147-ba27-c39ccd4172db
bacc616e-e763-4e7a-bca1-0dae6d89e977,In Progress,d8660cf0-ce51-4147-ba27-c39ccd4172db
f70becac-20f3-40e9-8a6d-e77e5e90158f,Waiting,d8660cf0-ce51-4147-ba27-c39ccd4172db
a2814e38-ab33-47d7-86aa-e47bc5cb0b1b,Completed,d8660cf0-ce51-4147-ba27-c39ccd4172db
9806f684-cbb9-42d2-bd08-e76068af69d5,Backlog,58b01a64-1079-4c57-af5f-7fe8d4356869
b07178bf-6173-487e-9028-e4c202b0fcd3,Sprint Backlog,58b01a64-1079-4c57-af5f-7fe8d4356869
3100addc-3a2c-45be-a89a-457d9ed84918,In Progress,58b01a64-1079-4c57-af5f-7fe8d4356869
721748ab-a7b2-40e2-bb54-6d3cf76a74bb,Review,58b01a64-1079-4c57-af5f-7fe8d4356869
5ed7ec87-a7c0-4720-81cc-69cdefa1b7fb,Done,58b01a64-1079-4c57-af5f-7fe8d4356869
1ca4e61d-66fb-422d-9476-a2b1e7dad40b,Backlog,62eeb70f-08da-4082-92f1-21b82e825843
3b96e720-edd8-42f9-a4e7-c11d21544388,Sprint Backlog,62eeb70f-08da-4082-92f1-21b82e825843
0eb3692c-6762-471a-b81e-d327dd6b6b89,In Progress,62eeb70f-08da-4082-92f1-21b82e825843
b1f32b27-dc9d-4ace-a4b1-92165f02c1a2,Review,62eeb70f-08da-4082-92f1-21b82e825843
f14807be-ed11-4e25-bff4-4573e9464c78,Done,62eeb70f-08da-4082-92f1-21b82e825843
9e8e27a8-e401-4b7e-8270-9fc761878911,Backlog,91290dcb-ee14-4341-a7b8-11696ac75c03
a4cca521-d145-4bb4-8aec-87950505fc63,Sprint Backlog,91290dcb-ee14-4341-a7b8-11696ac75c03
ac65b500-a5e6-48d4-ba3d-f10866d207bd,In Progress,91290dcb-ee14-4341-a7b8-11696ac75c03
f8da4fa0-13bf-4e26-a7ec-af914b471287,Review,91290dcb-ee14-4341-a7b8-11696ac75c03
c16eaa17-5773-4753-a296-9b423c92f003,Done,91290dcb-ee14-4341-a7b8-11696ac75c03
88d10928-7a72-4f01-bfd8-c664a1e5634e,Ideas,640c6b44-549f-4387-b236-576ef161628f
298877d1-4131-40bd-b683-60439bc8d751,Planning,640c6b44-549f-4387-b236-576ef161628f
3e14ea41-296c-40ff-b98b-96de070e1f11,Assets,640c6b44-549f-4387-b236-576ef161628f
01b1fa53-7743-4177-b41b-f8250d07c773,Scheduled,640c6b44-549f-4387-b236-576ef161628f
d652b5eb-8048-4a8e-a344-5bbf41afa854,Launched,640c6b44-549f-4387-b236-576ef161628f
f9102478-dc85-43ad-abb7-72acc35fe964,Ideas,661726fe-c017-4032-828d-70a98d311988
10f5715b-8a36-4ace-8687-9d80960a06cb,Planning,661726fe-c017-4032-828d-70a98d311988
9da5ea90-9924-405b-a402-17c085dd8215,Assets,661726fe-c017-4032-828d-70a98d311988
0d1a77e7-cfca-4bde-b510-81c376adda7b,Scheduled,661726fe-c017-4032-828d-70a98d311988
2a626758-83b6-441f-bd17-bae72ceae284,Launched,661726fe-c017-4032-828d-70a98d311988
506dd3df-aa8c-43e5-8c02-4324a8384b61,Backlog,b1b59a18-9c76-43e9-a54d-fcfd79246409
e32a5251-061c-4f31-87fb-b75c34d45076,Sprint Backlog,b1b59a18-9c76-43e9-a54d-fcfd79246409
7eace869-a96e-4cfe-b895-98b47fc26f64,In Progress,b1b59a18-9c76-43e9-a54d-fcfd79246409
fcde9e1c-407a-4039-bd06-03fba48a43a8,Review,b1b59a18-9c76-43e9-a54d-fcfd79246409
16ca7fef-fc9f-4638-942a-f546ca8de19b,Done,b1b59a18-9c76-43e9-a54d-fcfd79246409
834d3ca9-11f5-4d92-9e35-de034138062e,To Do,a129d094-7c1d-4ac2-be45-bd9ef85ed521
63b02432-6456-4278-b12f-cf63ae0c4c4d,In Progress,a129d094-7c1d-4ac2-be45-bd9ef85ed521
486b2523-a103-45c4-9d73-a364c6984e56,Waiting,a129d094-7c1d-4ac2-be45-bd9ef85ed521
e5c3386b-0d7f-499f-b92f-5cdd5ef920e2,Completed,a129d094-7c1d-4ac2-be45-bd9ef85ed521
73916e04-48f4-423a-9789-f8ad21298d1a,Ideas,eda3e5b3-5fc4-466d-b313-8be538ad60ef
1eb29839-bcec-42a7-b520-967cc29d005f,Planning,eda3e5b3-5fc4-466d-b313-8be538ad60ef
5919a49e-1b52-46fd-bc10-f26ebf15f810,Assets,eda3e5b3-5fc4-466d-b313-8be538ad60ef
009488c5-319c-40da-8740-2e2fc709a41f,Scheduled,eda3e5b3-5fc4-466d-b313-8be538ad60ef
32a6da6a-bcd8-4fd5-bf0f-dd5221234e9e,Launched,eda3e5b3-5fc4-466d-b313-8be538ad60ef
45ac9afb-2888-4c7c-924f-a96c45077426,Backlog,88494df1-96c7-4bee-bca0-178977cb143b
1b1355f6-1371-459b-842d-ed74b32ebfd0,Sprint Backlog,88494df1-96c7-4bee-bca0-178977cb143b
d7c0e9c2-9061-4e57-a1af-c97ada67a177,In Progress,88494df1-96c7-4bee-bca0-178977cb143b
6b688540-7476-4538-9041-601dcb8755d6,Review,88494df1-96c7-4bee-bca0-178977cb143b
4ce3739b-6598-41e3-a1a1-144dd496fd74,Done,88494df1-96c7-4bee-bca0-178977cb143b
ecdeaf8d-d87e-4b81-b275-1ab12a48afd9,Ideas,65437aa7-923a-47ba-baf0-0e5beca98b43
17e5460f-5c54-4c8b-8e2a-b1c8d438a3c6,Planning,65437aa7-923a-47ba-baf0-0e5beca98b43
b3440022-3ed4-4671-8869-6e234b5dcf07,Assets,65437aa7-923a-47ba-baf0-0e5beca98b43
59aa1415-d1f4-47b9-ad80-81ed8e66225f,Scheduled,65437aa7-923a-47ba-baf0-0e5beca98b43
16c5ce89-a2fa-4d48-8887-8d8d32203af3,Launched,65437aa7-923a-47ba-baf0-0e5beca98b43
01877975-7794-4291-a9a7-62bb20e4d3d1,To Do,8a0c6e4b-6da6-4110-b053-88af3631399a
96885cac-f7dc-4378-a001-8ba8d9e45c21,In Progress,8a0c6e4b-6da6-4110-b053-88af3631399a
8f6ee20a-d573-4c14-9a0a-5c748166b17f,Waiting,8a0c6e4b-6da6-4110-b053-88af3631399a
9caff8d0-9b7c-4e85-ba7c-6fc363bc3768,Completed,8a0c6e4b-6da6-4110-b053-88af3631399a
74f46899-30cd-4e83-a3b0-407aea26e5d3,Backlog,80822651-5d46-429e-8aa0-4c841f23750a
05835837-42b3-46ea-a58b-d32aa5a490cc,Sprint Backlog,80822651-5d46-429e-8aa0-4c841f23750a
ce7e3e9d-ecb8-4c25-9398-5bf94ac3bd22,In Progress,80822651-5d46-429e-8aa0-4c841f23750a
bd2b2656-a472-4451-9e35-51d592494891,Review,80822651-5d46-429e-8aa0-4c841f23750a
3e24d666-b7a2-4e5c-b8ef-64ccfe563dc9,Done,80822651-5d46-429e-8aa0-4c841f23750a
ea9bb30d-c5c0-4406-9e7c-750fa00c01f9,Ideas,9ba762b6-d508-4582-aecf-cc449307e091
859f4930-0639-40ee-8397-ef07b7033a0e,Planning,9ba762b6-d508-4582-aecf-cc449307e091
30d16a9b-e607-47bd-8bfa-628e5468dfa9,Assets,9ba762b6-d508-4582-aecf-cc449307e091
64e279ab-ef9f-4d95-8efb-1d69608d03db,Scheduled,9ba762b6-d508-4582-aecf-cc449307e091
d4252ce9-2d02-4d90-b397-c65c8b461674,Launched,9ba762b6-d508-4582-aecf-cc449307e091
fd726998-2096-4c2a-b589-831f375fdf0f,To Do,ab3fb5df-f9ca-441a-aeeb-c7130e016f9c
e1d35fb6-20c6-4b5d-aeaf-8d81a47fba5d,In Progress,ab3fb5df-f9ca-441a-aeeb-c7130e016f9c
f05730bc-8fc5-40a6-b49e-f2be56080c22,Waiting,ab3fb5df-f9ca-441a-aeeb-c7130e016f9c
b1a6d9f4-c5d4-4c41-b5d8-b29e48fc906e,Completed,ab3fb5df-f9ca-441a-aeeb-c7130e016f9c
fd0ee8c7-6668-4e8a-8678-92afef50299c,Ideas,abaa509b-4e79-4842-874e-d32a31fa86bf
fd7563ba-02b9-4f2a-9bf3-476c9a39a4aa,Planning,abaa509b-4e79-4842-874e-d32a31fa86bf
fd4e822a-7127-456b-977f-a4d9b6dfa021,Assets,abaa509b-4e79-4842-874e-d32a31fa86bf
1f9f2275-3f7e-4e9c-9cc2-beb6fcb90c00,Scheduled,abaa509b-4e79-4842-874e-d32a31fa86bf
5e407cfd-f61e-4469-8e32-294342ebb262,Launched,abaa509b-4e79-4842-874e-d32a31fa86bf
4271a792-f004-4cfc-b858-0b06bedf12e9,Backlog,9b252d1e-ac22-4054-b0f9-630c8f9a9e25
c84654ee-ce77-429b-9920-de739166ea4f,Sprint Backlog,9b252d1e-ac22-4054-b0f9-630c8f9a9e25
0a6a1710-1f0c-462e-a8e1-22e1c1b4705b,In Progress,9b252d1e-ac22-4054-b0f9-630c8f9a9e25
502aba3c-f944-4569-988a-266a56651988,Review,9b252d1e-ac22-4054-b0f9-630c8f9a9e25
d65e52d4-666a-4e71-85a7-2a34cbe0dde3,Done,9b252d1e-ac22-4054-b0f9-630c8f9a9e25
dde82733-6ea7-4618-8d24-4d167b3e79b2,Ideas,cae7003f-62b3-49a4-a46e-584250938e79
7f1afd34-3ec4-4a74-9ce8-d725687c00ae,Planning,cae7003f-62b3-49a4-a46e-584250938e79
7e98802f-b150-44a6-b4cb-7e20f06fb228,Assets,cae7003f-62b3-49a4-a46e-584250938e79
d5e6e7ad-a117-4ce7-b360-3948ae878494,Scheduled,cae7003f-62b3-49a4-a46e-584250938e79
8e4cbc90-d7d1-4c0a-a227-51f926515f39,Launched,cae7003f-62b3-49a4-a46e-584250938e79
4d8c33be-a7a6-45fb-ae0c-bfb158fb85ab,Ideas,6b6be2bc-8371-461d-93f0-bb637b51c950
1adbec63-e8ae-41a4-b116-419b1e254f8c,Planning,6b6be2bc-8371-461d-93f0-bb637b51c950
4f6bc915-c244-4928-aa2d-db5eb16e79d7,Assets,6b6be2bc-8371-461d-93f0-bb637b51c950
82690737-4539-4795-aeec-a16997366765,Scheduled,6b6be2bc-8371-461d-93f0-bb637b51c950
9375735c-51ac-433c-82b4-c527686a7883,Launched,6b6be2bc-8371-461d-93f0-bb637b51c950
e6be15b6-494a-4e8f-ba0a-aaa3b76328d1,Backlog,b0dc1c2a-1750-4357-a45e-6bf38ca75e83
35caeb57-c12d-4a1b-8dc7-1cb6c24e266d,Sprint Backlog,b0dc1c2a-1750-4357-a45e-6bf38ca75e83
7e011900-f679-4dbe-b48d-481a41857f30,In Progress,b0dc1c2a-1750-4357-a45e-6bf38ca75e83
21635fb1-539a-4f82-bc7f-e842996ea01c,Review,b0dc1c2a-1750-4357-a45e-6bf38ca75e83
8875df17-9df2-4648-adb9-7d8f460d6af1,Done,b0dc1c2a-1750-4357-a45e-6bf38ca75e83
48d13a97-42d9-4ce3-a556-99ec5a97acfc,Backlog,0b2c20c2-c319-4acd-aa07-cc6a2a5e2de2
26484608-7efa-4394-a9a6-28d66ddc207e,Sprint Backlog,0b2c20c2-c319-4acd-aa07-cc6a2a5e2de2
0457571a-f0df-4b0c-aebb-869935840ad7,In Progress,0b2c20c2-c319-4acd-aa07-cc6a2a5e2de2
4d5a82c7-08bc-4d30-8f7c-c27465f8a1c6,Review,0b2c20c2-c319-4acd-aa07-cc6a2a5e2de2
619a27e6-8a37-4ed3-9f5e-8646d518af21,Done,0b2c20c2-c319-4acd-aa07-cc6a2a5e2de2
8c5b5b2d-d0c0-4755-8060-28a93c7e2199,Backlog,ee1b7ff8-532b-44e8-960f-a55c62d4cf61
7400b8cc-54eb-44a0-a79c-69e6974b065b,Sprint Backlog,ee1b7ff8-532b-44e8-960f-a55c62d4cf61
5978bc7d-6c1b-4940-a6f9-793d78f26cd3,In Progress,ee1b7ff8-532b-44e8-960f-a55c62d4cf61
0968dad9-3ae9-45dc-8db8-5c59bda17f8e,Review,ee1b7ff8-532b-44e8-960f-a55c62d4cf61
f7d5da6c-38ee-4e5c-ae20-ef664518f596,Done,ee1b7ff8-532b-44e8-960f-a55c62d4cf61
94d1db52-0a0d-4534-9dd6-9a6f93d1f59d,Backlog,b856e84a-c2c6-4667-865c-98add77a245e
2891d7be-d8a5-4ab1-a586-1ee32168a6f9,Sprint Backlog,b856e84a-c2c6-4667-865c-98add77a245e
842e974e-35b5-414f-b8cb-8f0e889ab69e,In Progress,b856e84a-c2c6-4667-865c-98add77a245e
553bf571-47b3-4bc8-9f31-9ff45b006855,Review,b856e84a-c2c6-4667-865c-98add77a245e
7e6828cc-e541-4fbb-9307-b29b86c587fe,Done,b856e84a-c2c6-4667-865c-98add77a245e
af764cbb-051e-41c8-9af5-7c64b3a3cc7d,Backlog,a6dd4964-d5b0-47a3-9606-b8cfef7e7a65
c614f4e4-23c4-40a7-baf5-b4a6ef52bd44,Sprint Backlog,a6dd4964-d5b0-47a3-9606-b8cfef7e7a65
2fbde766-f5cc-4663-96a1-e811766e63a4,In Progress,a6dd4964-d5b0-47a3-9606-b8cfef7e7a65
42029976-a512-476a-b429-daedcf19bc46,Review,a6dd4964-d5b0-47a3-9606-b8cfef7e7a65
c5026de2-fadd-4519-a51c-04a16e87e42d,Done,a6dd4964-d5b0-47a3-9606-b8cfef7e7a65
3c6d6496-3d64-41f8-bd1e-900f5e80e8ee,Backlog,1bfae250-4128-4791-998a-726b306145b7
0b8b8550-bf3c-46d8-a978-9cd56723608b,Sprint Backlog,1bfae250-4128-4791-998a-726b306145b7
a2d26b2c-d8cd-4caa-9559-fbc789947be0,In Progress,1bfae250-4128-4791-998a-726b306145b7
36f234cc-3bfd-4f4f-ba6d-744b7f7be5ec,Review,1bfae250-4128-4791-998a-726b306145b7
19e508a4-b197-40cc-87e0-a9cf38bb24c8,Done,1bfae250-4128-4791-998a-726b306145b7
dd850fbd-f912-49de-abbf-8463aa900849,To Do,c3fab271-7fae-4307-825e-a03da625751c
a051f4e7-56a0-4e67-b31a-86de58940ae9,In Progress,c3fab271-7fae-4307-825e-a03da625751c
139901b6-54b0-4ba3-a5e0-b20800654bd2,Waiting,c3fab271-7fae-4307-825e-a03da625751c
baabff8d-b83a-431e-a945-0f384d456f32,Completed,c3fab271-7fae-4307-825e-a03da625751c
2fbd4a86-d69a-4d45-a569-d6f95c3c1e13,To Do,2ad9c48b-228e-477e-bf9f-c03411b70d71
b66d0f7b-138a-4702-9c46-eb4df94c5c8b,In Progress,2ad9c48b-228e-477e-bf9f-c03411b70d71
16daba84-a33e-4e27-8a53-242d36cb4c96,Waiting,2ad9c48b-228e-477e-bf9f-c03411b70d71
ff2e037d-348d-4e98-8654-00a9da5cfa2b,Completed,2ad9c48b-228e-477e-bf9f-c03411b70d71
b035a7ff-0a16-4d25-9c82-90e80431cb70,To Do,e0f97d5e-c208-4e14-8833-36692571e6cb
ef452e97-b733-4bb7-a4ea-6ca7ba3db8dc,In Progress,e0f97d5e-c208-4e14-8833-36692571e6cb
423521fb-a1c5-40fa-9af2-f45e67e7f4c6,Waiting,e0f97d5e-c208-4e14-8833-36692571e6cb
dda7d9f9-731f-402d-b1dc-46a6994366cc,Completed,e0f97d5e-c208-4e14-8833-36692571e6cb
43a28a00-b38f-4d81-93d6-59d0b4736861,To Do,4faad965-feae-4214-bc4f-b65a5ec576a6
51905390-489e-4058-933e-1f6fb28abb5e,In Progress,4faad965-feae-4214-bc4f-b65a5ec576a6
1a973fb7-9c18-4dc7-ac56-20a8eb578f29,Waiting,4faad965-feae-4214-bc4f-b65a5ec576a6
26166047-29b7-432c-8a88-35cd254bf38a,Completed,4faad965-feae-4214-bc4f-b65a5ec576a6
102498db-c86b-4e8c-add4-2f5b27231c3c,Backlog,09064377-851e-4aff-98f3-b74e79d9f5e3
a0ea1cbe-9aeb-4c66-b1ef-14892dca3dd0,Sprint Backlog,09064377-851e-4aff-98f3-b74e79d9f5e3
0f5445ed-43ec-46b5-9825-c2dbf2187201,In Progress,09064377-851e-4aff-98f3-b74e79d9f5e3
1f5e6791-d8ee-417c-aec1-db055c22e9eb,Review,09064377-851e-4aff-98f3-b74e79d9f5e3
53975a56-aac4-4ddb-ac9a-b934241ef782,Done,09064377-851e-4aff-98f3-b74e79d9f5e3
18187294-49ce-4cb2-be4c-4b68230217d3,To Do,878bbd50-16d1-4321-b87c-4af23e7578d6
6d6d2ac3-3f13-405b-9a01-f8840a4a0e2b,In Progress,878bbd50-16d1-4321-b87c-4af23e7578d6
e4588625-eab4-459f-85ba-fc7e6511ae4d,Waiting,878bbd50-16d1-4321-b87c-4af23e7578d6
c96ff740-a525-42d1-a7f0-25eed4e3f760,Completed,878bbd50-16d1-4321-b87c-4af23e7578d6
3c97aa1f-0c02-420f-97fb-a06bdc1953af,Backlog,13891833-2f2a-4b27-9055-30be2627392d
3cccb2d2-de22-44d7-85ff-c490f1d85fd2,Sprint Backlog,13891833-2f2a-4b27-9055-30be2627392d
2482e8d0-d9d4-460c-9cb8-8c98d928458b,In Progress,13891833-2f2a-4b27-9055-30be2627392d
d95884ef-ecea-444c-b50f-fc1d2607e48e,Review,13891833-2f2a-4b27-9055-30be2627392d
ef47f878-caa2-4715-b396-d6de0cae9c29,Done,13891833-2f2a-4b27-9055-30be2627392d
930ed780-1e2f-4a2c-b889-6bdb9f8165d8,Backlog,901384ad-e14b-45d8-bca7-c814735dd420
db508938-0ef3-42f6-9a35-5559906eb0cb,Sprint Backlog,901384ad-e14b-45d8-bca7-c814735dd420
922a9e8f-a706-4e2d-b89a-5167f0737984,In Progress,901384ad-e14b-45d8-bca7-c814735dd420
2b72638f-0b45-4e3b-8e7d-15b71b8d6bf0,Review,901384ad-e14b-45d8-bca7-c814735dd420
bb4cba2c-3667-4fbc-a980-4ad464f4236c,Done,901384ad-e14b-45d8-bca7-c814735dd420
020f71a8-3890-4f5f-a85d-0f0803a3457a,To Do,b33453c7-ba49-4e60-84c9-2c0999165d6f
ce2b90f3-1e38-4d87-8631-4dd94830884e,In Progress,b33453c7-ba49-4e60-84c9-2c0999165d6f
d680344d-7d49-4f73-93d9-05c60029ef8a,Waiting,b33453c7-ba49-4e60-84c9-2c0999165d6f
ea3efefc-32e5-4a68-b33f-d05ea6e025d8,Completed,b33453c7-ba49-4e60-84c9-2c0999165d6f
d6f8bbdd-abb9-4e81-994e-73e0f7f812cb,Ideas,6f976909-7b1a-4a3b-8796-dcf87a049e32
a9f89b1e-52ea-40de-8731-eb9f9e5747a6,Planning,6f976909-7b1a-4a3b-8796-dcf87a049e32
fa3cf29c-5e7d-4211-bf5d-1fabb307be61,Assets,6f976909-7b1a-4a3b-8796-dcf87a049e32
b8bbb2a3-414b-4bfa-9076-4f61332ddcf7,Scheduled,6f976909-7b1a-4a3b-8796-dcf87a049e32
b1975355-b8d8-4daa-9636-00746ddb743d,Launched,6f976909-7b1a-4a3b-8796-dcf87a049e32
c68562fd-cf9c-473b-ad3b-f7556487d9d2,Backlog,3bd25093-06f8-4943-8330-1996507e4907
994b9438-d103-4cee-8b32-d80e3f35e4c7,Sprint Backlog,3bd25093-06f8-4943-8330-1996507e4907
8b195556-dc2d-4b49-aad9-60c5a48e5f9f,In Progress,3bd25093-06f8-4943-8330-1996507e4907
9992dd86-9631-4261-b5ca-2fedb6eca27f,Review,3bd25093-06f8-4943-8330-1996507e4907
5e85bda6-c984-4f6e-b0d2-2b33d71574cc,Done,3bd25093-06f8-4943-8330-1996507e4907
66b8c053-635f-4df6-8218-cdafd50fe739,To Do,8e5090f8-0b1b-4469-ab0d-663aafdd1075
d1cda786-9aed-4eda-be4f-419bb36a0861,In Progress,8e5090f8-0b1b-4469-ab0d-663aafdd1075
ee4ee80c-8fe5-484d-ab6c-dc91d11b3524,Waiting,8e5090f8-0b1b-4469-ab0d-663aafdd1075
29f4e107-5ddf-4479-8591-7badd3b245c5,Completed,8e5090f8-0b1b-4469-ab0d-663aafdd1075
6c00ee30-e34a-43b2-a054-7be9df62f13e,To Do,b7feaec4-9880-4c05-a22b-699374f2445d
99dafa9b-a08c-47b0-9346-7b3ce6da68da,In Progress,b7feaec4-9880-4c05-a22b-699374f2445d
1f155d5b-ed6d-42f3-9ef7-76149c0d8775,Waiting,b7feaec4-9880-4c05-a22b-699374f2445d
8c34bf28-c0d3-459d-ade0-791d12ae24a3,Completed,b7feaec4-9880-4c05-a22b-699374f2445d
08b48e0c-a606-4af3-adb8-a6a2be79b476,To Do,f01e096e-6850-42eb-a1b6-e3c25cbe8caa
095ab699-1a9c-4af2-a43d-7275009152be,In Progress,f01e096e-6850-42eb-a1b6-e3c25cbe8caa
9ddffbd5-db5a-463c-958b-c751cd02bd10,Waiting,f01e096e-6850-42eb-a1b6-e3c25cbe8caa
4a4054dc-9ab9-4cb7-a836-dd214a1b420b,Completed,f01e096e-6850-42eb-a1b6-e3c25cbe8caa
67424b59-37b2-4576-9c52-ecdaf09a1198,Backlog,8cec6ce6-b929-4116-9b16-ba89d5478662
25da3152-f6cd-4963-a705-8d0c2fff8503,Sprint Backlog,8cec6ce6-b929-4116-9b16-ba89d5478662
81e47fa5-9fb6-4de1-a66c-383f635b1b75,In Progress,8cec6ce6-b929-4116-9b16-ba89d5478662
e7ca0300-5649-4049-b772-9cb371429193,Review,8cec6ce6-b929-4116-9b16-ba89d5478662
e8d3d1c4-2334-4698-878c-05e76faf74d5,Done,8cec6ce6-b929-4116-9b16-ba89d5478662
0dce52f7-c751-4994-8939-74b7faada4b5,Backlog,bb796d41-71e1-40bd-8ca2-8a9802ce0e11
50df108d-2697-4051-9085-57e7fa5c3344,Sprint Backlog,bb796d41-71e1-40bd-8ca2-8a9802ce0e11
6d90447c-983a-4c3e-9bd3-7284cdf49bfe,In Progress,bb796d41-71e1-40bd-8ca2-8a9802ce0e11
7382df90-92bb-4193-8e09-4f415214b254,Review,bb796d41-71e1-40bd-8ca2-8a9802ce0e11
ccf6fac0-004c-4893-ab4c-3e460886c347,Done,bb796d41-71e1-40bd-8ca2-8a9802ce0e11
b2413fe7-5023-491b-8bfd-1a6565c915c0,Backlog,8866447a-2817-428d-8748-6b464b30b8e2
437a756b-7b25-4a8b-9db3-d6824dde0979,Sprint Backlog,8866447a-2817-428d-8748-6b464b30b8e2
41dc0789-5e7e-40b3-9ac3-8cec8f1ea441,In Progress,8866447a-2817-428d-8748-6b464b30b8e2
54275361-08f7-4f0a-b0e1-7e53c83e8096,Review,8866447a-2817-428d-8748-6b464b30b8e2
8cd6042b-5754-48bc-83ef-4fa5f0e4dd98,Done,8866447a-2817-428d-8748-6b464b30b8e2
19018a7b-4c00-4bb4-9295-12cf84177dcb,To Do,00f13b4b-8748-44ea-9f0a-b37aba3eedd8
10647099-1160-4064-882f-2ec7f6b78965,In Progress,00f13b4b-8748-44ea-9f0a-b37aba3eedd8
6c9ad6cc-b8de-4805-a0e1-494123d41583,Waiting,00f13b4b-8748-44ea-9f0a-b37aba3eedd8
fe3f7204-8397-4ab4-bcb5-5f60c0d24b5b,Completed,00f13b4b-8748-44ea-9f0a-b37aba3eedd8
d01b9d3f-be0c-4c46-a39a-270c66d6815f,To Do,fe78bf15-5388-4560-a115-a1d41dbd794b
f463e408-3ccc-49af-b0d4-d08113a4ff0e,In Progress,fe78bf15-5388-4560-a115-a1d41dbd794b
396bf618-e476-4b4e-9755-8aa09a9190a6,Waiting,fe78bf15-5388-4560-a115-a1d41dbd794b
06b88284-d4c0-4935-a96e-49b745785dce,Completed,fe78bf15-5388-4560-a115-a1d41dbd794b
b3abba56-4a66-46b8-b9d4-0026f3c714d4,Backlog,25c9750f-ec7f-43bf-8ac7-16d6ddd2f5b8
64eb4b5a-59f9-45ea-8abd-5a69ca3fc13b,Sprint Backlog,25c9750f-ec7f-43bf-8ac7-16d6ddd2f5b8
d8873308-1c83-40cc-9249-ec05aa73192a,In Progress,25c9750f-ec7f-43bf-8ac7-16d6ddd2f5b8
22bd8673-beb7-4dea-900f-87b7d8b7e8a7,Review,25c9750f-ec7f-43bf-8ac7-16d6ddd2f5b8
40da1580-2f60-478d-bcfa-7d83efa2515f,Done,25c9750f-ec7f-43bf-8ac7-16d6ddd2f5b8
5eb20ab8-767e-47da-b445-302e5f32202a,Backlog,590f9c81-0a4d-4e0d-8a21-1b093adb1fec
f287a657-95d3-41fe-959d-35fe500f4438,Sprint Backlog,590f9c81-0a4d-4e0d-8a21-1b093adb1fec
637de75b-afe0-4aec-a32d-517b1fee805d,In Progress,590f9c81-0a4d-4e0d-8a21-1b093adb1fec
b5bc29a8-98f2-4f0a-873a-20764aa9de61,Review,590f9c81-0a4d-4e0d-8a21-1b093adb1fec
f3404807-4e1e-4c38-b252-0272d7b32593,Done,590f9c81-0a4d-4e0d-8a21-1b093adb1fec
279beef3-446b-43eb-9f5a-20e4943c6989,To Do,2afd8261-258a-4ebb-8ad3-83f1d834ae51
3d959f33-8fbe-4214-86b3-1b3352ffc5e6,In Progress,2afd8261-258a-4ebb-8ad3-83f1d834ae51
65391984-e039-4e13-85bb-71dd1fc35a65,Waiting,2afd8261-258a-4ebb-8ad3-83f1d834ae51
245c2285-6eec-4cf9-b061-0f0811f86b4e,Completed,2afd8261-258a-4ebb-8ad3-83f1d834ae51
8df6609b-13b1-4863-9051-bb1eec48e282,Backlog,a6ec5cc4-1ba0-419c-bf3c-2ca1b4eb3e6e
dfc29585-135c-49da-998d-7b456588945b,Sprint Backlog,a6ec5cc4-1ba0-419c-bf3c-2ca1b4eb3e6e
bca974b5-621d-4639-9b1f-5a7f8094da75,In Progress,a6ec5cc4-1ba0-419c-bf3c-2ca1b4eb3e6e
96b9765d-3c01-4459-9d26-6723c7b32a53,Review,a6ec5cc4-1ba0-419c-bf3c-2ca1b4eb3e6e
328d63b1-b31a-480a-ad50-69198718ada1,Done,a6ec5cc4-1ba0-419c-bf3c-2ca1b4eb3e6e
1e07b804-b270-4222-b30b-726aa5195ad0,Ideas,a4f63634-ed49-4b8f-a832-9c396215c69b
2c72f340-e21b-4f28-98c4-673a8b5e0468,Planning,a4f63634-ed49-4b8f-a832-9c396215c69b
a79c7d5f-2105-46a3-bd0f-469b7cf82a88,Assets,a4f63634-ed49-4b8f-a832-9c396215c69b
a4d6fd1a-a6ba-45cc-b0c8-4b18cd395ccd,Scheduled,a4f63634-ed49-4b8f-a832-9c396215c69b
822f12db-eac4-499c-865d-5d053510099f,Launched,a4f63634-ed49-4b8f-a832-9c396215c69b
02d963be-13c2-4ee1-808b-ddb794666c77,Ideas,db1968c3-6aa0-40d0-a4c7-f4a1c6f6d525
5ea81d2c-5ac2-4875-a664-e279e1f4a0bf,Planning,db1968c3-6aa0-40d0-a4c7-f4a1c6f6d525
001c64bc-9fe0-46ec-a570-93ae401736e7,Assets,db1968c3-6aa0-40d0-a4c7-f4a1c6f6d525
4151dc4b-31a6-4490-aafd-baa6b49ef9bf,Scheduled,db1968c3-6aa0-40d0-a4c7-f4a1c6f6d525
647a4ee1-87a9-433c-b5c9-9d9cba1a5384,Launched,db1968c3-6aa0-40d0-a4c7-f4a1c6f6d525
e1e609a4-de22-4e57-8970-f40f48d7391f,Ideas,e12c5ea3-f87f-4243-b3b1-669bc7f0fd88
588758de-6f11-4f7c-a4cb-5d0a61649862,Planning,e12c5ea3-f87f-4243-b3b1-669bc7f0fd88
e8fcc27b-1f9d-456d-a50a-577ddfbf3f15,Assets,e12c5ea3-f87f-4243-b3b1-669bc7f0fd88
9e19d688-fbc0-4614-b73b-265dd4ad8651,Scheduled,e12c5ea3-f87f-4243-b3b1-669bc7f0fd88
cacdc4eb-461f-467d-b57f-d8de51f559b0,Launched,e12c5ea3-f87f-4243-b3b1-669bc7f0fd88
3812e068-4c8c-4e51-a53b-927978ad3446,To Do,83718e66-b584-484c-b25b-33a7378eb45e
5d70a42d-1f66-4ab3-b0f3-a01ff9bec85d,In Progress,83718e66-b584-484c-b25b-33a7378eb45e
cf44ee27-bd55-42ab-92b8-12a8cda20c62,Waiting,83718e66-b584-484c-b25b-33a7378eb45e
436b1c4f-2d4e-4779-b865-b77181f0e321,Completed,83718e66-b584-484c-b25b-33a7378eb45e
f6763715-b1ff-459a-9fec-4965beec7489,To Do,bafd8fc7-5d00-4edd-b5b0-2a6201c00f21
c951e1be-6dd6-4387-ac9b-b0c0f6877671,In Progress,bafd8fc7-5d00-4edd-b5b0-2a6201c00f21
f0b4368e-a0b2-43a5-8c65-66ca468cd6c8,Waiting,bafd8fc7-5d00-4edd-b5b0-2a6201c00f21
d5f43a44-a37c-4b27-a046-7f116b592b84,Completed,bafd8fc7-5d00-4edd-b5b0-2a6201c00f21
c0fb3765-ed3c-434c-b087-8c10f8dea56c,To Do,f71d6ee3-3387-4ea5-be19-ccfd205fe90e
a084b07c-1d78-4613-8d15-825ba4759ee3,In Progress,f71d6ee3-3387-4ea5-be19-ccfd205fe90e
31b913c8-9172-4560-b118-4273b40afa9d,Waiting,f71d6ee3-3387-4ea5-be19-ccfd205fe90e
6dc2048a-954b-48eb-a0d3-bd9dd763e318,Completed,f71d6ee3-3387-4ea5-be19-ccfd205fe90e
838aa386-b65f-4c37-97b3-da1f858fb430,Ideas,a194b509-a35b-4945-9000-caf2b3498bf2
788fb9a6-acc2-40f4-baca-a6d5380bc3f6,Planning,a194b509-a35b-4945-9000-caf2b3498bf2
28021cfa-1375-4aa9-a42e-42f20a639b18,Assets,a194b509-a35b-4945-9000-caf2b3498bf2
b1c9e684-02fd-4105-96d3-c1c067f41c38,Scheduled,a194b509-a35b-4945-9000-caf2b3498bf2
96a9a11b-8eae-40eb-a28a-6747d65f91fa,Launched,a194b509-a35b-4945-9000-caf2b3498bf2
aa72c349-1f40-45e2-9ec3-afd37ab7257c,To Do,dd0cfc9a-1e78-4c7d-9a9a-fa6598579b1f
22c69a9b-8053-4aba-ae2e-37dd97b906c8,In Progress,dd0cfc9a-1e78-4c7d-9a9a-fa6598579b1f
84e12225-9200-4ef7-a917-1b4b918326d1,Waiting,dd0cfc9a-1e78-4c7d-9a9a-fa6598579b1f
e395e7ca-583d-4356-9b13-d37ef90b06ee,Completed,dd0cfc9a-1e78-4c7d-9a9a-fa6598579b1f
5abcdc24-8c35-4c8c-b6c5-3e46607ae7ce,Backlog,b9e17c4f-c024-4f12-9304-743f6365404a
a13c0284-17f9-449f-9ee7-17129a38a06a,Sprint Backlog,b9e17c4f-c024-4f12-9304-743f6365404a
7e9d39f9-baba-4f9f-8623-7da38af1e441,In Progress,b9e17c4f-c024-4f12-9304-743f6365404a
331423f9-27d1-43f6-bae2-ada39f629d50,Review,b9e17c4f-c024-4f12-9304-743f6365404a
3c488b1e-67e5-4801-8c08-82d293cbfc75,Done,b9e17c4f-c024-4f12-9304-743f6365404a
6150927d-2333-45dc-9800-2e30bf26355c,Backlog,e7075b66-ce06-44ff-b68d-dc510bfdecc8
87081691-828d-457e-8a7d-ca4afd8c0433,Sprint Backlog,e7075b66-ce06-44ff-b68d-dc510bfdecc8
d22d47eb-f598-4034-9c94-8450a00f10be,In Progress,e7075b66-ce06-44ff-b68d-dc510bfdecc8
47ebc2e4-57d0-4a51-b6d2-977f78ab9884,Review,e7075b66-ce06-44ff-b68d-dc510bfdecc8
2002ef09-f53a-4947-8aca-13c772be74d0,Done,e7075b66-ce06-44ff-b68d-dc510bfdecc8
3024c333-783b-4af2-91c6-5b1f124c2e3f,Backlog,d51f2c9c-f4e7-48d0-9823-8c01d23ad0fd
fe0df198-15ee-46cc-a1a4-f9bf3a4f8e0f,Sprint Backlog,d51f2c9c-f4e7-48d0-9823-8c01d23ad0fd
ed3f9cff-0db5-4bab-a105-137705c5cf50,In Progress,d51f2c9c-f4e7-48d0-9823-8c01d23ad0fd
ede4213a-c62a-4fb9-9042-497283cd2405,Review,d51f2c9c-f4e7-48d0-9823-8c01d23ad0fd
cb24867e-e2b5-4b66-aa77-c421d59f80b5,Done,d51f2c9c-f4e7-48d0-9823-8c01d23ad0fd
28b77843-b7ea-4547-bba7-9b2ecf08c0b7,To Do,66c8df1a-2650-4136-903f-20e414dfa59b
2a2a52b4-cb28-457c-8b12-b825a3fb111a,In Progress,66c8df1a-2650-4136-903f-20e414dfa59b
024c8fcf-f6ca-4909-9192-63a157ffc17b,Waiting,66c8df1a-2650-4136-903f-20e414dfa59b
accbb1d2-1326-4d6c-9b5e-2eb806707e4f,Completed,66c8df1a-2650-4136-903f-20e414dfa59b
fa52b523-e98c-448e-b478-7bebc1615851,Ideas,c9a138ee-940e-45ab-b505-5323febc0e29
f83bf2fc-59d9-4c1d-9e15-94219a5b2661,Planning,c9a138ee-940e-45ab-b505-5323febc0e29
50a168e8-15f8-410b-9aaa-20ec718e9d01,Assets,c9a138ee-940e-45ab-b505-5323febc0e29
e2809406-0fc4-40b3-8f0e-cffcdbe0ceb2,Scheduled,c9a138ee-940e-45ab-b505-5323febc0e29
69b7a2d8-7d04-435d-9324-050fc1519e22,Launched,c9a138ee-940e-45ab-b505-5323febc0e29
f6e74fb8-7b62-4384-b798-74c4498b6e7f,To Do,68c76012-eda0-41fe-898f-de3ccd5ebfe0
efe9434c-86be-457e-a1f4-94bf17871e24,In Progress,68c76012-eda0-41fe-898f-de3ccd5ebfe0
2aba9c73-ad8a-4f5a-9eab-3fbaab997a91,Waiting,68c76012-eda0-41fe-898f-de3ccd5ebfe0
f5ad9d58-0513-4ec2-bd89-8c082f64a320,Completed,68c76012-eda0-41fe-898f-de3ccd5ebfe0
374c1ace-a461-4174-aa8b-5e76f2f3418b,Backlog,0de58ab6-d99f-42eb-ba31-bbedbb899822
10e2d3e9-8c4a-4172-8261-63f8a5827e1f,Sprint Backlog,0de58ab6-d99f-42eb-ba31-bbedbb899822
853d2e80-e39f-4eae-93b3-1c19aff29efb,In Progress,0de58ab6-d99f-42eb-ba31-bbedbb899822
da924286-37a0-49e1-a876-37bbd6f2a2cc,Review,0de58ab6-d99f-42eb-ba31-bbedbb899822
04e82112-97d0-449f-ade4-054433646009,Done,0de58ab6-d99f-42eb-ba31-bbedbb899822
daea8f79-6b35-41a4-87d9-9f4cff24663b,Ideas,4241f318-8397-45f4-ad31-0c3a4086c58e
58979b83-9256-46f9-92d8-8928ca8ccca4,Planning,4241f318-8397-45f4-ad31-0c3a4086c58e
7a60f80c-7ba8-4ca2-993d-6ed71c7694df,Assets,4241f318-8397-45f4-ad31-0c3a4086c58e
b7cc0073-dae2-4412-9719-fb2c21e3073a,Scheduled,4241f318-8397-45f4-ad31-0c3a4086c58e
0f15419a-85fd-4ee3-8ecc-996df419ddbe,Launched,4241f318-8397-45f4-ad31-0c3a4086c58e
473a2cdf-5b45-49b8-8210-3288971f1b24,Backlog,53bb8b16-da9a-4d4e-95c3-5615b1391582
61eed47c-f5fe-4a8d-914e-ea7bffdab7f4,Sprint Backlog,53bb8b16-da9a-4d4e-95c3-5615b1391582
b97c6232-2331-4602-ba68-60d4309b69c7,In Progress,53bb8b16-da9a-4d4e-95c3-5615b1391582
cbbee5a1-7340-4890-81ff-38306315fe1d,Review,53bb8b16-da9a-4d4e-95c3-5615b1391582
f0822196-3eba-403b-8d62-721925c61023,Done,53bb8b16-da9a-4d4e-95c3-5615b1391582
eeaa0858-07df-4c84-8877-1f488b00f372,To Do,1f70c0b0-7c52-4b7c-a71a-1696da9a4350
4c55dd3c-e7e0-4692-a258-dd8b20b3ed3b,In Progress,1f70c0b0-7c52-4b7c-a71a-1696da9a4350
58b39ea9-7a4b-4644-85bd-1b490d2f1e54,Waiting,1f70c0b0-7c52-4b7c-a71a-1696da9a4350
d9b5bae4-5678-453f-bf8b-4105eb41ca44,Completed,1f70c0b0-7c52-4b7c-a71a-1696da9a4350
9415a48d-acc7-420f-b7f3-1b2032a60e71,Backlog,b3202a35-ce3a-46d5-9c71-ff1fc780c818
3172dfd4-f449-49a3-b2eb-bb6eba328026,Sprint Backlog,b3202a35-ce3a-46d5-9c71-ff1fc780c818
d1f966df-169f-4ad4-8980-4a34104b3149,In Progress,b3202a35-ce3a-46d5-9c71-ff1fc780c818
da05faaf-8980-4c68-ad9e-e8cef156269b,Review,b3202a35-ce3a-46d5-9c71-ff1fc780c818
0bbbcb26-e187-4908-8c18-10f001a08a0a,Done,b3202a35-ce3a-46d5-9c71-ff1fc780c818
b68467b2-4d2f-468e-b804-32178cbf8ba1,Ideas,7282b74d-c739-4121-88b5-155ffaada0ca
949e6da1-175d-48fd-9dcb-6720dcd310a4,Planning,7282b74d-c739-4121-88b5-155ffaada0ca
615abafa-466d-48ac-b30c-c494835f09ea,Assets,7282b74d-c739-4121-88b5-155ffaada0ca
8a49c1a2-7de5-4bd3-95a1-2582a089d4c0,Scheduled,7282b74d-c739-4121-88b5-155ffaada0ca
12d800d4-386e-4a4a-9ee8-e2c5bb1700cb,Launched,7282b74d-c739-4121-88b5-155ffaada0ca
60b924bd-5955-40cd-84aa-be8e5e81fde2,Backlog,63e1d4ec-2cd7-43a5-a982-8cf80a4c46aa
cc99b474-9d19-462e-8780-57fcea16c826,Sprint Backlog,63e1d4ec-2cd7-43a5-a982-8cf80a4c46aa
a003b638-6ce3-4034-a0b3-370d36b1da73,In Progress,63e1d4ec-2cd7-43a5-a982-8cf80a4c46aa
23ba4fd1-87cd-4e81-8d74-ebe4a04d8f42,Review,63e1d4ec-2cd7-43a5-a982-8cf80a4c46aa
41723b43-7ddb-4b7e-ae98-00983c75c802,Done,63e1d4ec-2cd7-43a5-a982-8cf80a4c46aa
38c35721-00e4-49fd-bdfb-67c614035b98,Backlog,124b9920-39e6-4830-a55c-3bb1ac39b330
9f806bc5-d7ca-4727-9ae5-afdd07714b80,Sprint Backlog,124b9920-39e6-4830-a55c-3bb1ac39b330
f4406d8a-8279-4f8e-940c-e958363de9cf,In Progress,124b9920-39e6-4830-a55c-3bb1ac39b330
20dfe8ef-432b-4371-a3cf-8d278037f52f,Review,124b9920-39e6-4830-a55c-3bb1ac39b330
7c261904-93e3-40fc-8718-24f255ce16b8,Done,124b9920-39e6-4830-a55c-3bb1ac39b330
016a3770-4059-446f-a5df-fa74e8557c4e,Backlog,5dea89e2-4a9a-4f3a-ac29-c2242fe9ac65
9d200000-1769-4e87-8a69-ede7bfd7fa2e,Sprint Backlog,5dea89e2-4a9a-4f3a-ac29-c2242fe9ac65
78f151bb-2bb7-4702-8990-167c0da9157c,In Progress,5dea89e2-4a9a-4f3a-ac29-c2242fe9ac65
758bfb32-fece-4a72-a66b-7a2735a32131,Review,5dea89e2-4a9a-4f3a-ac29-c2242fe9ac65
7bd46f18-16ea-43a9-9cdb-3aa0d5bd7598,Done,5dea89e2-4a9a-4f3a-ac29-c2242fe9ac65
1d2cacfd-595a-4c3a-8f1b-93c9329e5070,To Do,5f749432-476d-43eb-9eb2-98c23e3cbcb2
26e455a2-74c2-42c6-aca3-3a9cfc632296,In Progress,5f749432-476d-43eb-9eb2-98c23e3cbcb2
b31ba91e-7546-4458-8119-24be18037544,Waiting,5f749432-476d-43eb-9eb2-98c23e3cbcb2
5aac84bb-49b9-4494-bf2f-401ef979576a,Completed,5f749432-476d-43eb-9eb2-98c23e3cbcb2
9393f849-f525-4902-936e-33c3b63439cf,Ideas,306f51c4-c46c-4d6a-813d-781b8ed79662
b445ff91-caca-488e-8c3f-050fd82f3379,Planning,306f51c4-c46c-4d6a-813d-781b8ed79662
a32e98ea-5313-402b-86ed-190340009ede,Assets,306f51c4-c46c-4d6a-813d-781b8ed79662
92c3cc47-e350-4155-ad52-67b6cf0747cf,Scheduled,306f51c4-c46c-4d6a-813d-781b8ed79662
ca53d919-4987-4a6b-9206-2818ec275f46,Launched,306f51c4-c46c-4d6a-813d-781b8ed79662
6c6dac4f-9922-40cc-9c7c-62e15ec93b81,Backlog,5087a0cc-7fc2-4e65-bcc7-4cf5b0978949
8b340669-2188-414c-9f19-a577ad7b577b,Sprint Backlog,5087a0cc-7fc2-4e65-bcc7-4cf5b0978949
baff149e-6164-4add-9b57-43e5f3f1b3d0,In Progress,5087a0cc-7fc2-4e65-bcc7-4cf5b0978949
32df4153-ce71-4100-8cdd-eb19d422e7d1,Review,5087a0cc-7fc2-4e65-bcc7-4cf5b0978949
cbe720a8-07d5-475b-a82e-3627985bf9a0,Done,5087a0cc-7fc2-4e65-bcc7-4cf5b0978949
53c0cca9-cc57-49bd-aaff-9baa178016fc,Ideas,c3b3719c-622d-4796-8196-d3180cf76f89
2ef84596-b4ad-49bd-92c2-28b4d874c327,Planning,c3b3719c-622d-4796-8196-d3180cf76f89
710995b5-dfe7-444b-b636-f60b24048c02,Assets,c3b3719c-622d-4796-8196-d3180cf76f89
cdb72c74-22c3-4264-b032-e7905f2c7bef,Scheduled,c3b3719c-622d-4796-8196-d3180cf76f89
134feae4-816c-48e5-9980-8eb3fd6824a1,Launched,c3b3719c-622d-4796-8196-d3180cf76f89
1060ba1b-0991-4714-97f3-20e1732292df,Backlog,c9424f31-80e3-4ab6-9ed3-1f81492cfee1
8daaecaa-d6db-4abd-9149-163802865be9,Sprint Backlog,c9424f31-80e3-4ab6-9ed3-1f81492cfee1
adf0858a-8e8f-4d7b-adf7-2bd3d7be4dd2,In Progress,c9424f31-80e3-4ab6-9ed3-1f81492cfee1
e5d80985-29b3-444b-9540-f726d49f877d,Review,c9424f31-80e3-4ab6-9ed3-1f81492cfee1
170a7a44-a47d-42ec-be8f-55836e29e196,Done,c9424f31-80e3-4ab6-9ed3-1f81492cfee1
a981c6e6-c81e-4190-a183-0a146a297e56,To Do,0fe02bdc-5b65-4f4c-96aa-12cb11cd227c
46098110-84de-4304-83da-ce9f4c70b9ef,In Progress,0fe02bdc-5b65-4f4c-96aa-12cb11cd227c
4e8bf2f8-eabe-4f64-9a02-415671974560,Waiting,0fe02bdc-5b65-4f4c-96aa-12cb11cd227c
0a319c4c-4ec0-4ec7-bb0d-52af494ec87d,Completed,0fe02bdc-5b65-4f4c-96aa-12cb11cd227c
c6a874ab-9ce9-4942-bc30-305f0fb5f89f,Backlog,3b3005d6-c206-4bb5-ac58-f0050bac25a7
2707467b-669b-4f3e-8297-81ff5df062b7,Sprint Backlog,3b3005d6-c206-4bb5-ac58-f0050bac25a7
48bcf5ca-b1a7-434b-98a6-846870243db3,In Progress,3b3005d6-c206-4bb5-ac58-f0050bac25a7
a700049b-bc21-48d5-8cee-b56279ee4e50,Review,3b3005d6-c206-4bb5-ac58-f0050bac25a7
a5dcb3f0-7dce-4f75-a646-d6795e04e342,Done,3b3005d6-c206-4bb5-ac58-f0050bac25a7
2b6430c7-272d-412d-820b-cc5cb2641a8c,Backlog,6d0f8b96-3b3b-41bf-ad1c-381d91b39c42
4cd29327-3198-4e83-b39a-d845349ad0d7,Sprint Backlog,6d0f8b96-3b3b-41bf-ad1c-381d91b39c42
a1e9a30f-52c9-4810-a82d-1e236770f7e7,In Progress,6d0f8b96-3b3b-41bf-ad1c-381d91b39c42
2b33c37d-9002-4e38-86ee-99fb9cacf5ea,Review,6d0f8b96-3b3b-41bf-ad1c-381d91b39c42
90b5aecf-3cfb-44d8-83c8-9d975e0a1257,Done,6d0f8b96-3b3b-41bf-ad1c-381d91b39c42
c044f8da-5c5b-4312-893d-3890add27f5b,Ideas,c942a784-765e-4748-b692-a4c92d5dd292
5ab157d1-a5c9-4751-9e5b-6da626263f9c,Planning,c942a784-765e-4748-b692-a4c92d5dd292
f0f20693-d911-4403-b3fc-3d0b218892a4,Assets,c942a784-765e-4748-b692-a4c92d5dd292
e24b3d30-e2cf-4978-b07d-0ada53090130,Scheduled,c942a784-765e-4748-b692-a4c92d5dd292
3a852e28-9dac-49a0-a384-12af074b2638,Launched,c942a784-765e-4748-b692-a4c92d5dd292
881b92b9-2936-4dff-b29f-806edc52813d,Ideas,d8c3edb6-c75d-47df-9125-e5a336e1f417
808008ca-fcaa-4c7f-a698-22aea542d6d3,Planning,d8c3edb6-c75d-47df-9125-e5a336e1f417
0f1f6095-97a3-4c6d-837a-8f7b67e8d73d,Assets,d8c3edb6-c75d-47df-9125-e5a336e1f417
e4e3e81f-d65d-4230-b23b-cef7e121a63c,Scheduled,d8c3edb6-c75d-47df-9125-e5a336e1f417
8fd9016f-2adc-40ee-a7ab-f9e6979280bb,Launched,d8c3edb6-c75d-47df-9125-e5a336e1f417
5c508a61-63af-47d6-8ca2-1a737faf456e,Ideas,0e87e639-00de-4305-8aa6-34b5bd672852
c1bae71e-2cef-4626-b0ad-b9ac873839e8,Planning,0e87e639-00de-4305-8aa6-34b5bd672852
d471804b-346f-4d6d-887d-07ae30f2569c,Assets,0e87e639-00de-4305-8aa6-34b5bd672852
090f1146-60b7-40f2-a073-6703aa3e34e9,Scheduled,0e87e639-00de-4305-8aa6-34b5bd672852
59dc0ea2-73c8-4d47-8a6c-c72d3eaeb2d9,Launched,0e87e639-00de-4305-8aa6-34b5bd672852
ec0c9781-cc59-4ecd-800c-9b9e95315876,Backlog,28f1057a-6610-449b-bb44-41e5ff34810d
ffccebea-7415-4c26-8139-af5338fab168,Sprint Backlog,28f1057a-6610-449b-bb44-41e5ff34810d
b7d28f07-854b-4a51-b97d-86fdeb3aa7e7,In Progress,28f1057a-6610-449b-bb44-41e5ff34810d
6fc0fd23-6f29-4a1a-915c-24f1e669fc1f,Review,28f1057a-6610-449b-bb44-41e5ff34810d
f6af292b-8da0-4201-accc-aea3b6913828,Done,28f1057a-6610-449b-bb44-41e5ff34810d
01c5ca85-5f41-4e9e-bcd6-4687308a0cd2,Backlog,6545d24b-f883-432c-9794-8c1f81c5b38d
69a9cb83-9d14-4d4f-a929-5b4b67f9dbb5,Sprint Backlog,6545d24b-f883-432c-9794-8c1f81c5b38d
8c846ba6-b4e4-44e7-840c-ae6904ce30ba,In Progress,6545d24b-f883-432c-9794-8c1f81c5b38d
c2226d6d-10a3-41ae-80cc-45a1f1bde85b,Review,6545d24b-f883-432c-9794-8c1f81c5b38d
3b2ced7a-b8d8-45b7-a6c9-01bda5f44e1d,Done,6545d24b-f883-432c-9794-8c1f81c5b38d
841216dc-dfd3-4355-93ee-cbcd96ccd7b2,To Do,dc77866a-c4cc-4f56-bdb3-ac4cb13c59c2
39f43c4f-40c0-408e-b666-41abdb7584ae,In Progress,dc77866a-c4cc-4f56-bdb3-ac4cb13c59c2
35b30179-a60f-4c3f-b907-8d60dccf509b,Waiting,dc77866a-c4cc-4f56-bdb3-ac4cb13c59c2
2a91eb05-a9c5-46ff-acb7-53beb88eb1a2,Completed,dc77866a-c4cc-4f56-bdb3-ac4cb13c59c2
a7e1750a-475d-4d86-990c-be065164de2e,Backlog,944e9c0a-311b-4556-8d29-7ac8d78393e9
cfadd321-ac57-46ab-9a0a-e95fede43146,Sprint Backlog,944e9c0a-311b-4556-8d29-7ac8d78393e9
1436abbd-1b7c-46fd-b637-83f23b5dc216,In Progress,944e9c0a-311b-4556-8d29-7ac8d78393e9
3d93eaa6-622a-43a2-9b14-5393bc1118b5,Review,944e9c0a-311b-4556-8d29-7ac8d78393e9
0e94ee44-ccb1-4552-ac91-f66995096eca,Done,944e9c0a-311b-4556-8d29-7ac8d78393e9
87de5c92-c05e-425a-8d6f-b13b88e08007,Ideas,2c3dc980-7a97-42df-8edf-abd9c284e13b
c5739d0a-ebc0-4907-a91e-f333be2116f3,Planning,2c3dc980-7a97-42df-8edf-abd9c284e13b
cd1d98a6-b734-4186-9722-ce5b96dbce79,Assets,2c3dc980-7a97-42df-8edf-abd9c284e13b
c68f9e82-66d8-4cf0-8d1f-3d4b38316c1f,Scheduled,2c3dc980-7a97-42df-8edf-abd9c284e13b
e4aebb91-d226-4b3d-884a-5c82c4da79de,Launched,2c3dc980-7a97-42df-8edf-abd9c284e13b
67367635-3357-438a-b1c2-7d09b0e10f40,To Do,0300262c-1af2-4c1c-bb96-a19c589cb2b3
cc34dc01-646c-476d-aedb-2f828a76dbb7,In Progress,0300262c-1af2-4c1c-bb96-a19c589cb2b3
ee52de7a-e325-4f94-9bfa-52928e08eb9f,Waiting,0300262c-1af2-4c1c-bb96-a19c589cb2b3
13a056e6-d9f4-425b-844c-4b326612b14a,Completed,0300262c-1af2-4c1c-bb96-a19c589cb2b3
e4e51866-4956-4bf1-8cf1-af7c4765f964,To Do,af90ddea-1d3a-4cd9-95a2-4bc16cd12817
0c63c408-6bf7-4974-957b-e9bc3fe48340,In Progress,af90ddea-1d3a-4cd9-95a2-4bc16cd12817
9e061353-d627-44fa-8085-3f2b044a9e9e,Waiting,af90ddea-1d3a-4cd9-95a2-4bc16cd12817
f229040b-b106-4439-880b-943f877887a7,Completed,af90ddea-1d3a-4cd9-95a2-4bc16cd12817
48ca6f97-3c1c-46ae-9248-e466e9af4e82,To Do,57600ea1-5e75-4cd9-ac8d-78238e95b003
99941a9c-9609-4879-8e69-9e3f1bfa7328,In Progress,57600ea1-5e75-4cd9-ac8d-78238e95b003
719d2a6b-7083-4f0d-af16-f6670db60709,Waiting,57600ea1-5e75-4cd9-ac8d-78238e95b003
cece2ac8-167a-4a01-88aa-afbb84f63367,Completed,57600ea1-5e75-4cd9-ac8d-78238e95b003
b33c9791-4724-41ea-a9a8-b594b874590a,Ideas,f4e3da16-4998-4580-8808-20756106e3e1
bf263e23-3d4c-479c-b4c8-0141eb379737,Planning,f4e3da16-4998-4580-8808-20756106e3e1
ec10e536-ea6b-4900-94fd-d707451433d1,Assets,f4e3da16-4998-4580-8808-20756106e3e1
3fbf09ad-9fe0-4fd4-a3fc-0e3b6e430f18,Scheduled,f4e3da16-4998-4580-8808-20756106e3e1
9ee923a9-064d-4ad2-8649-5613c4f23f14,Launched,f4e3da16-4998-4580-8808-20756106e3e1
87586eca-b8fb-46b5-b10a-359c7f446062,Ideas,0a99e1d9-d84b-45bf-9d00-53be6247cba1
3f7420c1-01e1-44bf-8240-8f4a7d2398e7,Planning,0a99e1d9-d84b-45bf-9d00-53be6247cba1
8d8075b5-c19b-4262-9fa8-9a003322f778,Assets,0a99e1d9-d84b-45bf-9d00-53be6247cba1
d737145a-dd51-4aea-85f1-9df0096610ca,Scheduled,0a99e1d9-d84b-45bf-9d00-53be6247cba1
4247404f-c273-4058-8d92-095be98f6897,Launched,0a99e1d9-d84b-45bf-9d00-53be6247cba1
3b52cc2b-5b2d-4f98-96e9-1c3ecaa749bc,To Do,1db0729f-3a68-4751-ab12-5ed36f2232c6
c6198bf3-3be9-4e98-a0b0-da874c925517,In Progress,1db0729f-3a68-4751-ab12-5ed36f2232c6
507f5a37-ab11-473f-90bc-3b40a4d6023a,Waiting,1db0729f-3a68-4751-ab12-5ed36f2232c6
4afbed3e-7849-4c32-8dce-36aa60f9005f,Completed,1db0729f-3a68-4751-ab12-5ed36f2232c6
4c77fd70-963b-421f-b151-2668021562b7,Ideas,ca060bed-168d-48e3-a38f-79a3bd99e982
4dd1566e-a4fe-4f20-a366-3cf50b393ea2,Planning,ca060bed-168d-48e3-a38f-79a3bd99e982
30dde494-fd93-473d-b5e1-6b05c9079254,Assets,ca060bed-168d-48e3-a38f-79a3bd99e982
fa0bd0b4-deb3-4fe1-80d4-727074eccabe,Scheduled,ca060bed-168d-48e3-a38f-79a3bd99e982
4b07dee2-2162-4ae9-a306-eca2b9769c5b,Launched,ca060bed-168d-48e3-a38f-79a3bd99e982
c71b5a55-6d1a-414f-be3d-d39875d7f0db,Backlog,24f9710e-f327-4a27-b54f-10f2754c3a81
ad7e8657-bf4e-4ce3-9fb1-3a729a8acd08,Sprint Backlog,24f9710e-f327-4a27-b54f-10f2754c3a81
22d83d92-1c97-4fe8-bf59-d7dbc29d8e29,In Progress,24f9710e-f327-4a27-b54f-10f2754c3a81
851fc1c4-bbc3-45c6-93f5-5ce9916bcb11,Review,24f9710e-f327-4a27-b54f-10f2754c3a81
c7d45e2e-b5ad-4831-ad31-19085a43d491,Done,24f9710e-f327-4a27-b54f-10f2754c3a81
86db6e31-6a1b-41f0-ab39-11326f1496de,Backlog,59bd83cf-bbbf-49bc-a4c7-b74a0ed52152
025a3947-72e5-422d-a3d8-c6ff312311c6,Sprint Backlog,59bd83cf-bbbf-49bc-a4c7-b74a0ed52152
c55c499b-853b-4e82-85fb-5ce11559573d,In Progress,59bd83cf-bbbf-49bc-a4c7-b74a0ed52152
a5922dd3-7703-4699-ab2b-6d16ead67cc5,Review,59bd83cf-bbbf-49bc-a4c7-b74a0ed52152
204cc98f-9994-4d1e-8175-fceec4b08bc7,Done,59bd83cf-bbbf-49bc-a4c7-b74a0ed52152
01bc36e1-bf20-48bb-bb1d-b2ef083171d3,Ideas,3ca7efa9-0f46-45b7-a5c1-1286581ec1c4
a1623abb-5f0d-4ecd-a177-fa52221c5d3c,Planning,3ca7efa9-0f46-45b7-a5c1-1286581ec1c4
6d72738a-b1c3-4b5f-93ff-7e25e571e774,Assets,3ca7efa9-0f46-45b7-a5c1-1286581ec1c4
ec98941e-6083-4ca3-853e-654849d1e637,Scheduled,3ca7efa9-0f46-45b7-a5c1-1286581ec1c4
d7c5a08a-df87-4c9e-ba43-679f68161214,Launched,3ca7efa9-0f46-45b7-a5c1-1286581ec1c4
be5b0691-e798-4f23-8149-46f7e1ae7252,Ideas,a7264021-171a-47e3-a533-d55778f21bb0
e8d72092-9518-4d2d-8bc2-7681c235fc60,Planning,a7264021-171a-47e3-a533-d55778f21bb0
1e99dcb1-e9f1-4bcd-972b-becb911de66b,Assets,a7264021-171a-47e3-a533-d55778f21bb0
61ce93da-6ac6-4f44-a551-410bd65694a1,Scheduled,a7264021-171a-47e3-a533-d55778f21bb0
fdecbeab-55f2-4c61-bbf2-bc804a4bdd38,Launched,a7264021-171a-47e3-a533-d55778f21bb0
e6174d3f-aa30-492e-afda-3094d6efbe51,Backlog,daee6cce-1aaa-423f-9e1d-e2201d2bcaff
77eae979-c54d-47ca-9799-b15893cf72ae,Sprint Backlog,daee6cce-1aaa-423f-9e1d-e2201d2bcaff
4945b383-7172-4266-8c2c-7fc4c3237192,In Progress,daee6cce-1aaa-423f-9e1d-e2201d2bcaff
580a9aea-7cd3-4b0b-a96f-26a6078cf758,Review,daee6cce-1aaa-423f-9e1d-e2201d2bcaff
0e7e2443-21a5-4205-937b-fbca6060e1d0,Done,daee6cce-1aaa-423f-9e1d-e2201d2bcaff
60488bec-5c26-4a84-aeaa-7b20565c2181,Ideas,a5acdf2f-7314-493c-9f7d-c3773c3b2b4b
092092ef-7d14-4018-b199-88d68322964f,Planning,a5acdf2f-7314-493c-9f7d-c3773c3b2b4b
2e01ddd1-fc5b-4375-b821-4894215f415d,Assets,a5acdf2f-7314-493c-9f7d-c3773c3b2b4b
9f7c9ada-b788-4b84-acf6-a7da7666b0e6,Scheduled,a5acdf2f-7314-493c-9f7d-c3773c3b2b4b
93ec90c2-3464-4bdc-8cb1-70b8e7058645,Launched,a5acdf2f-7314-493c-9f7d-c3773c3b2b4b
96298b98-d07a-4a7e-85be-46065991511c,To Do,9031bbb9-a0d4-4f57-93e1-195697886b53
d70354ac-869a-4fc8-bbb7-cb363bcc18b9,In Progress,9031bbb9-a0d4-4f57-93e1-195697886b53
0637b7d3-c26d-4612-a6d0-f0ac6d5bc94e,Waiting,9031bbb9-a0d4-4f57-93e1-195697886b53
97ebffa6-4a07-4438-935c-4719f37002d6,Completed,9031bbb9-a0d4-4f57-93e1-195697886b53
80f4890f-a687-4b92-a2dd-2ca6de5dbf77,Ideas,ca86d02a-632f-4ac1-82de-3d490fe86cd9
b0df3198-638b-4257-9ed6-c9efc32f4cdf,Planning,ca86d02a-632f-4ac1-82de-3d490fe86cd9
85f13653-3d35-4629-83a3-d75df955687d,Assets,ca86d02a-632f-4ac1-82de-3d490fe86cd9
24310408-058f-4025-b600-4afd8e0acbf0,Scheduled,ca86d02a-632f-4ac1-82de-3d490fe86cd9
d8b9316d-2cb8-435c-a14e-50718ba838fc,Launched,ca86d02a-632f-4ac1-82de-3d490fe86cd9
961f29a3-baf6-458d-9a4c-d0bbda7dd9c9,Ideas,b2fd0c0d-e123-4560-ab0c-7b7e06f9e45e
dc826a94-eaab-4ba8-aed7-ac0751b11673,Planning,b2fd0c0d-e123-4560-ab0c-7b7e06f9e45e
92098c3b-3593-4b8b-8592-471213050d9c,Assets,b2fd0c0d-e123-4560-ab0c-7b7e06f9e45e
178b7281-37aa-4907-9710-df51be235936,Scheduled,b2fd0c0d-e123-4560-ab0c-7b7e06f9e45e
160246ed-2d62-4b56-b467-6bd45f9bab0b,Launched,b2fd0c0d-e123-4560-ab0c-7b7e06f9e45e
1bf59a83-45e7-4006-866f-36bdaba9a757,Backlog,f48c4f53-9da2-4cb2-a797-fce6c4fd7377
8dfb9cc2-a0e6-4918-b145-cee18fb2a6f1,Sprint Backlog,f48c4f53-9da2-4cb2-a797-fce6c4fd7377
f16068e0-8b60-49e8-9886-4382ff8c64c1,In Progress,f48c4f53-9da2-4cb2-a797-fce6c4fd7377
bb5fa157-6275-4e4b-aa05-e79f04ba521c,Review,f48c4f53-9da2-4cb2-a797-fce6c4fd7377
2750ca53-a43c-4b2e-b03d-29f1378ba015,Done,f48c4f53-9da2-4cb2-a797-fce6c4fd7377
9cb3fb10-0a53-47f1-bf34-c1d7668ef272,Ideas,9ae6a9b4-0544-4bba-95c8-0d14acd7fb70
4a1e68a7-f139-4c93-be3c-7c230fd997c1,Planning,9ae6a9b4-0544-4bba-95c8-0d14acd7fb70
bcea7bcd-06d1-4e09-85e1-182569ea3a54,Assets,9ae6a9b4-0544-4bba-95c8-0d14acd7fb70
babd8f2b-7f0d-49b1-a069-98736113782e,Scheduled,9ae6a9b4-0544-4bba-95c8-0d14acd7fb70
b987dec9-d65c-413e-8064-96f4673bfb66,Launched,9ae6a9b4-0544-4bba-95c8-0d14acd7fb70
ffc5ec30-e97d-43c6-9d3c-9d8181a0f663,To Do,2bad07d1-e2b0-4d3c-be1a-bb3954ce1d33
dc3fcaec-ffda-4616-b33e-67b429b00e50,In Progress,2bad07d1-e2b0-4d3c-be1a-bb3954ce1d33
b3f99385-6513-4eaa-bc24-4c419f045079,Waiting,2bad07d1-e2b0-4d3c-be1a-bb3954ce1d33
86a9ee3b-9e73-4d98-81f1-f00ba59c2243,Completed,2bad07d1-e2b0-4d3c-be1a-bb3954ce1d33
bbe9a383-cc4f-4cf9-bc2c-7eea475c087d,Backlog,5106ae17-2204-4c01-bb3b-49a2a0db971e
a60d0237-9020-4603-862f-602fecf435ae,Sprint Backlog,5106ae17-2204-4c01-bb3b-49a2a0db971e
ce517bda-6a3e-4adc-8c55-be15c8c4c6e8,In Progress,5106ae17-2204-4c01-bb3b-49a2a0db971e
356f26dc-3f6d-41f4-95f6-6ab53aabfefe,Review,5106ae17-2204-4c01-bb3b-49a2a0db971e
b9971a47-cf04-48dd-90d7-70df4d3a0a5f,Done,5106ae17-2204-4c01-bb3b-49a2a0db971e
2b7cfef5-916c-46a7-98fc-7abd9857c05d,Backlog,2c859534-0659-44e3-bbb5-5e2e12921438
4ddea47d-2d98-4aab-9812-cd47b022c3c3,Sprint Backlog,2c859534-0659-44e3-bbb5-5e2e12921438
184ed45e-1334-4b8e-90b5-7c2beee9912e,In Progress,2c859534-0659-44e3-bbb5-5e2e12921438
16da2afb-f2fa-415d-9a1c-a218a15bdf0d,Review,2c859534-0659-44e3-bbb5-5e2e12921438
9a552419-d13f-471f-acc4-38041f6a7ba1,Done,2c859534-0659-44e3-bbb5-5e2e12921438
d16319c3-caf1-400c-b19e-9688870fb6de,To Do,f1b3d013-fafb-43a2-993b-c02916b3a80f
933cdbf9-0b27-4b5d-b1a5-9b2fbc90fd3e,In Progress,f1b3d013-fafb-43a2-993b-c02916b3a80f
82082226-4927-41f0-adee-1d5bddfa2d5e,Waiting,f1b3d013-fafb-43a2-993b-c02916b3a80f
b3daf576-8d5a-43e4-8374-c39b13dc849d,Completed,f1b3d013-fafb-43a2-993b-c02916b3a80f
5b4168d3-55ed-4a70-9684-927c2b62d819,Ideas,ffbba55a-27fc-4bc9-826b-f8a30ac6a263
a1c3a6e7-1922-4140-895a-47c9fd77fa11,Planning,ffbba55a-27fc-4bc9-826b-f8a30ac6a263
4f590d52-05c3-4020-9757-711eb50c8b02,Assets,ffbba55a-27fc-4bc9-826b-f8a30ac6a263
29c43f58-73ed-4001-a167-b7ee3d016e0b,Scheduled,ffbba55a-27fc-4bc9-826b-f8a30ac6a263
5a13c3de-f3fc-4532-a4b8-e733fd681722,Launched,ffbba55a-27fc-4bc9-826b-f8a30ac6a263
e83290cb-249e-42fe-85ea-76e16dbe9b25,To Do,814fea66-58c8-497a-a6da-57fee2ada91a
a4b3706a-931a-451d-b28b-7b8b45404fd2,In Progress,814fea66-58c8-497a-a6da-57fee2ada91a
738e1198-0ca6-4761-8010-a386d11ac89c,Waiting,814fea66-58c8-497a-a6da-57fee2ada91a
b7999d35-c207-4e29-b3ea-38e59369ad2f,Completed,814fea66-58c8-497a-a6da-57fee2ada91a
d6066702-6e5e-4a43-8fd3-830828e41ffb,To Do,2e90c6c8-5ea2-4fa7-a688-2bdc14189780
f7ebdc72-b88a-448d-843c-8fea2ae7f02e,In Progress,2e90c6c8-5ea2-4fa7-a688-2bdc14189780
5e9bc8f4-e7e8-4098-ac5e-88ee33ac2230,Waiting,2e90c6c8-5ea2-4fa7-a688-2bdc14189780
40034eea-a264-459c-b624-de7984f7d40e,Completed,2e90c6c8-5ea2-4fa7-a688-2bdc14189780
09d933de-ca70-45e6-87ce-28734ac030f5,To Do,ff6e9507-d74e-480e-9727-e5a83db6e821
35580e11-a0a1-4e36-a097-2923538f19ef,In Progress,ff6e9507-d74e-480e-9727-e5a83db6e821
b337d8f8-5f63-4e83-bddd-9ee6a91629d0,Waiting,ff6e9507-d74e-480e-9727-e5a83db6e821
17b615e8-218e-4743-8ce6-be6d256c24f2,Completed,ff6e9507-d74e-480e-9727-e5a83db6e821
f0239add-fbfc-4b5f-b738-c22c050da66f,Backlog,3a59445c-8901-4a59-b871-f417f9d90ead
77ecb391-d1bc-44be-bbfa-9abd9e133630,Sprint Backlog,3a59445c-8901-4a59-b871-f417f9d90ead
df77a271-c251-47fa-aac8-b72f71a2c634,In Progress,3a59445c-8901-4a59-b871-f417f9d90ead
540f74f3-5c93-42ab-abd5-dea07ef6c78c,Review,3a59445c-8901-4a59-b871-f417f9d90ead
3b1f6d26-3f84-4827-ab00-eb73758559ad,Done,3a59445c-8901-4a59-b871-f417f9d90ead
cca438c4-63a1-4f11-9022-3c634b1f7275,To Do,2675b795-379f-42e4-a30b-b1788df8ea9f
85763287-fbd9-42b7-b4a7-77faf5fca1af,In Progress,2675b795-379f-42e4-a30b-b1788df8ea9f
11beb7ec-45d3-45de-9d4b-8bcc726d4ecb,Waiting,2675b795-379f-42e4-a30b-b1788df8ea9f
759d71d0-46ea-413d-b764-81d47c7eecff,Completed,2675b795-379f-42e4-a30b-b1788df8ea9f
2bfff639-548e-4ff0-9b25-240500e7c99f,To Do,a0c65330-091b-4d7d-96f7-2bb3a6188171
37a4116c-bb3f-432b-af8c-2fcfae2bd916,In Progress,a0c65330-091b-4d7d-96f7-2bb3a6188171
c362bad8-1274-498c-84d1-4c4b4d6e7ad9,Waiting,a0c65330-091b-4d7d-96f7-2bb3a6188171
3b913731-fd36-403e-8284-e68cf01ac254,Completed,a0c65330-091b-4d7d-96f7-2bb3a6188171
f517105a-ef28-471a-b4d2-ddc7d99d5e8e,To Do,8707a2e5-4868-4230-9468-174dbd06b0a5
f247dddb-f982-48a3-b6aa-133ef359b47d,In Progress,8707a2e5-4868-4230-9468-174dbd06b0a5
01d73c64-f896-45ff-a0c3-a504daf90c6e,Waiting,8707a2e5-4868-4230-9468-174dbd06b0a5
9ae4b06c-0fe4-4f55-9ee7-7d402e04385b,Completed,8707a2e5-4868-4230-9468-174dbd06b0a5
323b8be1-c2ac-4b74-b00e-02386a17b856,To Do,703f50ac-51ae-4456-921b-400e2525e3d6
1a2a3d26-50d9-4842-8c3e-2543df822e75,In Progress,703f50ac-51ae-4456-921b-400e2525e3d6
4f91a8bb-317a-4151-be09-3e0531f90143,Waiting,703f50ac-51ae-4456-921b-400e2525e3d6
c8e30742-ce33-4114-8dd4-1f6bae3525cf,Completed,703f50ac-51ae-4456-921b-400e2525e3d6
f89a53d4-eb9a-462b-85ac-37e9814f9d4d,Ideas,d8faa295-3bce-482f-8956-47eb0d1655d3
e0a5280b-89d2-41a6-8028-d10e6817b8b2,Planning,d8faa295-3bce-482f-8956-47eb0d1655d3
31c23263-396b-4b00-b0ef-007dd963fe45,Assets,d8faa295-3bce-482f-8956-47eb0d1655d3
7f78774c-029c-4aa7-8047-f03449c625a2,Scheduled,d8faa295-3bce-482f-8956-47eb0d1655d3
9f3ea718-8405-4fa4-96f0-d06a15147216,Launched,d8faa295-3bce-482f-8956-47eb0d1655d3
c0aad705-7819-4b7d-9d17-62c443625f73,Ideas,a915eac2-69cc-4dfe-b7f7-b46f4183f0bb
d2c1f9b8-1d77-4d17-8208-e464095cf5d9,Planning,a915eac2-69cc-4dfe-b7f7-b46f4183f0bb
74ee9e60-9063-42e5-b4ea-369e644a13b4,Assets,a915eac2-69cc-4dfe-b7f7-b46f4183f0bb
55df8eb8-012d-43b3-871d-9ed7432b0d45,Scheduled,a915eac2-69cc-4dfe-b7f7-b46f4183f0bb
53f325f4-97c5-4bb8-a946-feec4b579e42,Launched,a915eac2-69cc-4dfe-b7f7-b46f4183f0bb
1df93f62-c9f2-4600-9f50-6b58f5ef8ce8,To Do,fd510d7e-2d04-4bc7-980f-23d0024785d0
84ee48ad-e4ea-4b98-b0e5-1c395731f90f,In Progress,fd510d7e-2d04-4bc7-980f-23d0024785d0
90a1178a-92d3-417a-a1b3-71e888e11c0d,Waiting,fd510d7e-2d04-4bc7-980f-23d0024785d0
7a8cfda4-4076-416f-a96e-c7be14b70e67,Completed,fd510d7e-2d04-4bc7-980f-23d0024785d0
d5d63920-55c9-4c6a-a87d-bf59c798d37b,To Do,783df50d-269e-4c3f-a6eb-7e9a6f338c2c
8965186f-4990-4ad7-9ebc-9da61f7cfa8b,In Progress,783df50d-269e-4c3f-a6eb-7e9a6f338c2c
5e3e7d80-db2f-490b-ae67-26f3ce5ebdc3,Waiting,783df50d-269e-4c3f-a6eb-7e9a6f338c2c
c25230d7-178e-45c6-89c2-fd58caa14b05,Completed,783df50d-269e-4c3f-a6eb-7e9a6f338c2c
0fdf4ec4-fd16-4e1a-93f4-df959f390dd9,Ideas,3562e797-85a1-4990-970a-90d3a8a4f6e5
b39d9c1a-235e-44d1-99f9-6a194153b477,Planning,3562e797-85a1-4990-970a-90d3a8a4f6e5
73c8b59b-a470-4cce-a81e-23400e4c0066,Assets,3562e797-85a1-4990-970a-90d3a8a4f6e5
cb011268-b1ae-40c0-98cf-d925c0bb6e97,Scheduled,3562e797-85a1-4990-970a-90d3a8a4f6e5
249b44f6-2b3d-450d-8bd5-775b1bf37b64,Launched,3562e797-85a1-4990-970a-90d3a8a4f6e5
8226217e-9ee8-4114-8b30-2a1e48086f36,Ideas,ae5a0529-0929-4f18-a43a-93dbb50efa06
7dce15c7-81a0-4e6b-af65-80748c6164b1,Planning,ae5a0529-0929-4f18-a43a-93dbb50efa06
404e5b4a-20e9-45e3-b9c0-b2386a3975b4,Assets,ae5a0529-0929-4f18-a43a-93dbb50efa06
e8d1478d-fa1f-41a1-b8d4-e7c2a8cf727d,Scheduled,ae5a0529-0929-4f18-a43a-93dbb50efa06
3c478646-40ef-4e9f-ad5d-ed179e2d023b,Launched,ae5a0529-0929-4f18-a43a-93dbb50efa06
413378f7-7a38-4f48-b40f-043a81bf54c6,Backlog,a095bfea-bedc-451e-a2b6-bf10be0c91ab
22ecc4e3-6174-4ac5-86df-d58c68e2f6d9,Sprint Backlog,a095bfea-bedc-451e-a2b6-bf10be0c91ab
f733afcf-6cb4-4029-b95b-7733dfcaf400,In Progress,a095bfea-bedc-451e-a2b6-bf10be0c91ab
19ad4812-3aaf-4009-849b-00ef9347512e,Review,a095bfea-bedc-451e-a2b6-bf10be0c91ab
a06c7434-ae0f-452a-96dc-102367a00b57,Done,a095bfea-bedc-451e-a2b6-bf10be0c91ab
b213c042-5530-4810-b503-93970aa2b35a,Backlog,6c3670fe-1377-4a2f-ad82-ffc8b00c9325
1bfa99c3-9782-4642-908f-cf38e5588454,Sprint Backlog,6c3670fe-1377-4a2f-ad82-ffc8b00c9325
8cdb2b53-e8eb-41c0-a1da-db978e178d97,In Progress,6c3670fe-1377-4a2f-ad82-ffc8b00c9325
e77dad24-e713-4182-bae3-a914b69c1548,Review,6c3670fe-1377-4a2f-ad82-ffc8b00c9325
985a5f3b-7be4-4910-bdb6-58f69df52243,Done,6c3670fe-1377-4a2f-ad82-ffc8b00c9325
6138e6c5-2e3e-403b-9fe0-1a626e23fbc2,Ideas,c4cdee53-2a8a-4f2b-acb9-e7983490dbf2
5cd2bc79-553c-4d76-bcd5-61fd3e1a7441,Planning,c4cdee53-2a8a-4f2b-acb9-e7983490dbf2
794bac33-e39d-494a-9617-6e26b780582b,Assets,c4cdee53-2a8a-4f2b-acb9-e7983490dbf2
fc3a6f93-b775-45af-838a-9ec84bc161a6,Scheduled,c4cdee53-2a8a-4f2b-acb9-e7983490dbf2
117e9d4f-8e52-4f65-8312-7bce35406ad7,Launched,c4cdee53-2a8a-4f2b-acb9-e7983490dbf2
08bf43c2-fcd9-41b6-a613-89bbf2e40994,To Do,5e429c8d-1d53-4013-92d1-88f8e6e954de
747083e6-1bef-432b-b27f-f11f5b45b9fa,In Progress,5e429c8d-1d53-4013-92d1-88f8e6e954de
6d621c0b-2fd5-4ccc-abad-d571cd595175,Waiting,5e429c8d-1d53-4013-92d1-88f8e6e954de
92443766-7615-4e32-a3de-de38cff516dd,Completed,5e429c8d-1d53-4013-92d1-88f8e6e954de
f103cbed-171d-41cc-9b40-0d81d39c8ffe,Ideas,3a0b7103-efc7-4fa8-a00d-63a8513bf511
0ea10c9f-d537-4ad2-aeb4-f1307c1a5bed,Planning,3a0b7103-efc7-4fa8-a00d-63a8513bf511
91d53dc9-6bc7-45ae-b8c8-3a43aa096534,Assets,3a0b7103-efc7-4fa8-a00d-63a8513bf511
159246bd-c0ff-4a42-8019-bf42eb59597e,Scheduled,3a0b7103-efc7-4fa8-a00d-63a8513bf511
d15e9860-6ae0-4a11-ab11-66b2bfecaa16,Launched,3a0b7103-efc7-4fa8-a00d-63a8513bf511
b6c75c4b-92c5-4812-bd59-b45ea33f86f2,Backlog,c1bee178-6698-482b-889b-d10914825dfd
b0f8db52-61dc-4cf9-b3d7-59d7cbdff98a,Sprint Backlog,c1bee178-6698-482b-889b-d10914825dfd
b724fb22-84e6-406c-a95d-6ad4c5cee11b,In Progress,c1bee178-6698-482b-889b-d10914825dfd
327b6cc6-da72-4a84-b78d-00d05403f141,Review,c1bee178-6698-482b-889b-d10914825dfd
2f3162f7-955a-46d8-8b7c-44175bf73078,Done,c1bee178-6698-482b-889b-d10914825dfd
26312cb0-4c99-4bae-8c8e-c065d9839f02,Backlog,b35e77d4-9065-42d6-92a9-b7cd4ab129a6
362bf648-aea6-4333-aed1-7d551ee9ee9b,Sprint Backlog,b35e77d4-9065-42d6-92a9-b7cd4ab129a6
d9210fc2-7ed1-421a-af61-43c0711b1ed2,In Progress,b35e77d4-9065-42d6-92a9-b7cd4ab129a6
00deb850-646c-4236-9204-7cd69225b486,Review,b35e77d4-9065-42d6-92a9-b7cd4ab129a6
14d19a43-462c-449b-abb6-96d5ae98edb2,Done,b35e77d4-9065-42d6-92a9-b7cd4ab129a6
01dd9c2e-af41-425f-a442-ecd490c40c7e,Ideas,e7b48165-c7f7-453c-b777-e51f33e65820
25f84874-43d8-492b-b2f0-0100f9374ff7,Planning,e7b48165-c7f7-453c-b777-e51f33e65820
87aa7748-9f67-431c-b35a-0885348acca8,Assets,e7b48165-c7f7-453c-b777-e51f33e65820
f3905b3f-7b81-466d-9e46-beba22d22479,Scheduled,e7b48165-c7f7-453c-b777-e51f33e65820
4695234c-9349-4c1a-9f13-456cc7fc4cf3,Launched,e7b48165-c7f7-453c-b777-e51f33e65820
15128cd5-835b-404e-ad4f-4a20a4d16a41,To Do,9eca03b1-135b-4c98-8af5-e44511c58f43
646889f4-8fb8-4bed-a46c-2fb59669162d,In Progress,9eca03b1-135b-4c98-8af5-e44511c58f43
d7d0d2dc-8855-4e33-a0f0-895585af9d2e,Waiting,9eca03b1-135b-4c98-8af5-e44511c58f43
369ffea3-ef2b-47c2-9f92-c1fdb388e43f,Completed,9eca03b1-135b-4c98-8af5-e44511c58f43
8b681091-42bd-44a1-ae29-4f49625947a7,Backlog,afec592b-95e4-4582-9a8b-954a5fcc8179
55e8fba7-9f40-4148-8019-857d74163770,Sprint Backlog,afec592b-95e4-4582-9a8b-954a5fcc8179
bf5af8c1-cbac-47b9-a051-adcea8cb9b1f,In Progress,afec592b-95e4-4582-9a8b-954a5fcc8179
a9644051-2fc5-49b3-83cf-39014f29a1b3,Review,afec592b-95e4-4582-9a8b-954a5fcc8179
4a336aef-25e4-4cf2-b003-990605605c47,Done,afec592b-95e4-4582-9a8b-954a5fcc8179
1da9ef94-a86c-4ef7-a4b9-5a64be2b8eb1,Backlog,1d9df9c3-7479-43bb-9714-cc2078c73058
4c08c544-ed9c-4773-b49c-6f18aefd1f83,Sprint Backlog,1d9df9c3-7479-43bb-9714-cc2078c73058
e7b489cd-fb53-4733-9077-de3dd5aedba1,In Progress,1d9df9c3-7479-43bb-9714-cc2078c73058
b43f76e9-24e1-493d-aab2-721d95fa5ffa,Review,1d9df9c3-7479-43bb-9714-cc2078c73058
a3208444-f62b-49c4-b978-d1c3339c88b0,Done,1d9df9c3-7479-43bb-9714-cc2078c73058
358a3a65-f0f0-46c4-926a-f2db4a4839cc,To Do,c1a8b4dd-5b5d-44ff-a509-becc9bdde860
66238ed7-af3d-4313-bcf2-2a1f43005d1a,In Progress,c1a8b4dd-5b5d-44ff-a509-becc9bdde860
444450d6-1c74-4d5b-a47c-4e66e6e13453,Waiting,c1a8b4dd-5b5d-44ff-a509-becc9bdde860
d07acc78-372c-40be-96c9-8d270904a0e9,Completed,c1a8b4dd-5b5d-44ff-a509-becc9bdde860
80ba76d5-75f6-46ec-8895-f34010dde417,Backlog,70937a1c-1412-48fe-a461-334dbb749d60
6bcfdb07-f7e5-41d4-bd4e-1a2008ce6b57,Sprint Backlog,70937a1c-1412-48fe-a461-334dbb749d60
c50aa924-2365-4874-aaf4-60999e10bf2c,In Progress,70937a1c-1412-48fe-a461-334dbb749d60
736b7879-b5cb-45de-b1d5-b17ea217773d,Review,70937a1c-1412-48fe-a461-334dbb749d60
a8198020-3a20-452c-94a7-769a2ddf527e,Done,70937a1c-1412-48fe-a461-334dbb749d60
eb6982ec-ea25-41ac-b80f-467ce80a256e,To Do,3a81a141-0303-4bc4-a7c9-4a11e999d6f9
f59078f9-01b9-46a7-90da-314c6a165165,In Progress,3a81a141-0303-4bc4-a7c9-4a11e999d6f9
0ee0fda1-657f-4d66-880e-4c31cfda6f5f,Waiting,3a81a141-0303-4bc4-a7c9-4a11e999d6f9
659e9311-c36c-479d-a0ee-bc0975aed610,Completed,3a81a141-0303-4bc4-a7c9-4a11e999d6f9
d486d72a-42dd-45fa-89d2-9e6ae041b37b,Ideas,1b80ba0d-ecd0-4e92-851e-c11a5ca2f589
4e7af731-9950-4591-9bd2-2b2d1be6705d,Planning,1b80ba0d-ecd0-4e92-851e-c11a5ca2f589
504de694-86ea-44d3-a5a2-8328c4ee120a,Assets,1b80ba0d-ecd0-4e92-851e-c11a5ca2f589
43bd05eb-f41e-4ccf-99b5-7d969ed58e40,Scheduled,1b80ba0d-ecd0-4e92-851e-c11a5ca2f589
e141b070-48c3-4a9b-8974-b4cc3e8a0318,Launched,1b80ba0d-ecd0-4e92-851e-c11a5ca2f589
4a8ae678-817c-42ed-913d-7fa1e0166073,Ideas,a9d22c20-79aa-4921-8d79-00f9eed641ab
e61e597c-3bf9-4dcd-b919-0a65f278bc97,Planning,a9d22c20-79aa-4921-8d79-00f9eed641ab
39b623f7-389a-49ec-aea2-c2c70545114a,Assets,a9d22c20-79aa-4921-8d79-00f9eed641ab
10a4bef6-2755-48bf-a9da-37cdf08b1efe,Scheduled,a9d22c20-79aa-4921-8d79-00f9eed641ab
ab8bb17b-ed42-47e1-be9d-3d89ffaf8ba8,Launched,a9d22c20-79aa-4921-8d79-00f9eed641ab
6a6d039d-ffb3-434d-ba0c-fc8cdf12268d,Ideas,c69dd999-01ea-4bf7-8874-41c83d6606d2
367a1e58-c450-4f64-b0a2-9fb571117d4e,Planning,c69dd999-01ea-4bf7-8874-41c83d6606d2
6cd48476-2419-4159-a58f-7cc75fb343f7,Assets,c69dd999-01ea-4bf7-8874-41c83d6606d2
039cd048-c4d1-431d-aaf3-be9575283a2b,Scheduled,c69dd999-01ea-4bf7-8874-41c83d6606d2
a0c58350-42d3-48c8-a3bc-a19e81561037,Launched,c69dd999-01ea-4bf7-8874-41c83d6606d2
ae7263f4-cd4f-453e-8e8a-2191bb828dac,To Do,cc514026-4cb3-4924-9b68-c1a71862820b
8f6114fd-b920-4652-9e10-ebb7b7005741,In Progress,cc514026-4cb3-4924-9b68-c1a71862820b
7248acef-f99a-4b62-9616-c8e7cce87c62,Waiting,cc514026-4cb3-4924-9b68-c1a71862820b
185f3160-871c-4633-9c16-b20c9b56ae82,Completed,cc514026-4cb3-4924-9b68-c1a71862820b
5b9cd041-1335-4bf4-906c-f4f051e5292f,To Do,69c8118d-51fe-4b49-918e-540c7aa4faf9
f9d06870-ead1-4b6f-9893-e31c343da7b4,In Progress,69c8118d-51fe-4b49-918e-540c7aa4faf9
6ef8e171-b5d1-4f48-a90d-b076449a9a9f,Waiting,69c8118d-51fe-4b49-918e-540c7aa4faf9
24b81090-c35b-491c-993b-9a66b21769cf,Completed,69c8118d-51fe-4b49-918e-540c7aa4faf9
25b1d7fd-e6b8-43f8-ad08-eedd7e0019fa,Ideas,7f81d7bf-3cee-4be2-bebd-0ff3bd9be7e4
1196b844-95be-4e6a-92cc-6d5ed3cf906b,Planning,7f81d7bf-3cee-4be2-bebd-0ff3bd9be7e4
61dcc8d3-f7b9-4959-989a-3e8c612321f6,Assets,7f81d7bf-3cee-4be2-bebd-0ff3bd9be7e4
c4a53c79-32ad-492c-99ec-cc5dd1773e7b,Scheduled,7f81d7bf-3cee-4be2-bebd-0ff3bd9be7e4
a94ffba9-9ce8-46de-8955-cb9d6e8dd23e,Launched,7f81d7bf-3cee-4be2-bebd-0ff3bd9be7e4
b601179f-adc8-4d33-b83e-b12a078d5ba2,Backlog,73506ae6-32a2-4e66-93af-6feaf606c1ea
a6592fa0-3cf7-45fc-aedc-59fa7287a92f,Sprint Backlog,73506ae6-32a2-4e66-93af-6feaf606c1ea
a476a3ed-e4c3-4ade-bd8b-8d12b6b9d25b,In Progress,73506ae6-32a2-4e66-93af-6feaf606c1ea
0062a4c6-9efd-4630-90fc-f40ca18f93cc,Review,73506ae6-32a2-4e66-93af-6feaf606c1ea
e1c76661-deef-4ad3-9f45-0809bff9d03a,Done,73506ae6-32a2-4e66-93af-6feaf606c1ea
019e5019-6c02-4088-aa03-a5315226ff40,Ideas,a44d523c-2ef9-4773-b008-0e9d3609a605
fbf5f38a-a55f-4f77-b401-c87a82d439fb,Planning,a44d523c-2ef9-4773-b008-0e9d3609a605
9739b132-3419-4db8-801a-76ee29a5cce2,Assets,a44d523c-2ef9-4773-b008-0e9d3609a605
10c901ad-d096-4787-99c7-c7a0a3e031f9,Scheduled,a44d523c-2ef9-4773-b008-0e9d3609a605
ad5dddf5-c1c4-46c8-a723-0c3b75291630,Launched,a44d523c-2ef9-4773-b008-0e9d3609a605
eff35fed-7b46-4e5c-9ed3-61ea4e7b2f33,To Do,432c70d6-e472-48c3-a4f1-908d5b6e31ff
b753a0b7-6985-4d18-b3f6-36faa3b2d3b6,In Progress,432c70d6-e472-48c3-a4f1-908d5b6e31ff
fac8f320-65d6-42ae-9e0d-0ed8fc17ba3d,Waiting,432c70d6-e472-48c3-a4f1-908d5b6e31ff
d32c1885-e9f8-4f67-ac08-02885d90db82,Completed,432c70d6-e472-48c3-a4f1-908d5b6e31ff
a46654c2-4473-482f-9cf6-08c40d79847e,To Do,74a50315-f11a-45b9-9eb1-577da42d4d1b
6fdee692-5433-416e-a040-4bccb265c39c,In Progress,74a50315-f11a-45b9-9eb1-577da42d4d1b
1160f523-2a8b-4506-ad96-792559ea32b6,Waiting,74a50315-f11a-45b9-9eb1-577da42d4d1b
b4d7bfb0-d7da-4d4b-8f57-a3235662f6cb,Completed,74a50315-f11a-45b9-9eb1-577da42d4d1b
b3198914-7ad0-4180-884d-49902afac87e,Backlog,6a8a0075-af54-4fa7-80bf-6e35a00167bf
a657cbe8-53b5-4ec7-bb1d-ed73fcb87b5e,Sprint Backlog,6a8a0075-af54-4fa7-80bf-6e35a00167bf
3c5067a5-ebd6-4ec6-8724-c24003c7759e,In Progress,6a8a0075-af54-4fa7-80bf-6e35a00167bf
4efc523b-63f3-4fad-ac32-feb0d9d5ee0a,Review,6a8a0075-af54-4fa7-80bf-6e35a00167bf
400c1b6c-b45d-43ab-837e-206e3ad9fe36,Done,6a8a0075-af54-4fa7-80bf-6e35a00167bf
2c764050-f1ae-4658-96c0-5a374e76d71d,Backlog,36be5e6e-c33b-4c40-9a5e-5b4875eeba28
cb11463f-1472-4546-96cc-e602fb5a3678,Sprint Backlog,36be5e6e-c33b-4c40-9a5e-5b4875eeba28
ffd35116-2a18-4a75-8ccd-cc8f4401b8e6,In Progress,36be5e6e-c33b-4c40-9a5e-5b4875eeba28
4f646013-4a2a-4fd8-b1f3-ec269b5ba9d1,Review,36be5e6e-c33b-4c40-9a5e-5b4875eeba28
6018620c-92fd-424d-b970-51403b067001,Done,36be5e6e-c33b-4c40-9a5e-5b4875eeba28
de681903-0e0f-48ea-910b-ec6a5edbc4fe,Backlog,d3496f32-d241-4f13-b879-a64e7b1f5d7d
fa3cb5ea-c6e2-40dd-920c-049fbcc4e760,Sprint Backlog,d3496f32-d241-4f13-b879-a64e7b1f5d7d
546b4ddd-b4ac-4d42-814f-594b73615b12,In Progress,d3496f32-d241-4f13-b879-a64e7b1f5d7d
dec8f808-3b26-4cf3-aedb-20a033129a15,Review,d3496f32-d241-4f13-b879-a64e7b1f5d7d
0bc36cfc-5ce6-4d14-b389-5a5c1bd18639,Done,d3496f32-d241-4f13-b879-a64e7b1f5d7d
61fa7820-9b7b-445b-a49e-1d6a24493a5b,Backlog,98b0f399-1b2a-4305-a6d8-64a6f7c99127
d34f0851-44d1-4579-8048-87545b8ab907,Sprint Backlog,98b0f399-1b2a-4305-a6d8-64a6f7c99127
548df049-35f4-4858-b430-93f7f63fd53a,In Progress,98b0f399-1b2a-4305-a6d8-64a6f7c99127
397e1a62-3f81-4d41-aea9-e15646586275,Review,98b0f399-1b2a-4305-a6d8-64a6f7c99127
d8befc32-29d0-4fcf-a49b-deb8d36c484d,Done,98b0f399-1b2a-4305-a6d8-64a6f7c99127
34506185-9704-452b-ae9a-69685079eb4f,To Do,a399a512-e4a8-4ddf-87dd-344784971b83
6e19e3b6-08ca-4a5c-aa25-1a940abc8781,In Progress,a399a512-e4a8-4ddf-87dd-344784971b83
c5e758b6-7d64-4f12-aef1-5da3f0422f22,Waiting,a399a512-e4a8-4ddf-87dd-344784971b83
beb42897-2448-4fde-ab3d-c69f72050d18,Completed,a399a512-e4a8-4ddf-87dd-344784971b83
fb07a071-0ccb-46ce-ac2a-61a624827f10,Ideas,2ffc3e63-7c4b-465d-b432-72b86ac36ff9
0b436cb3-1d86-44f0-9101-287ac4e51948,Planning,2ffc3e63-7c4b-465d-b432-72b86ac36ff9
0b7dd15b-c6cd-43a9-a4c3-a6520735b56d,Assets,2ffc3e63-7c4b-465d-b432-72b86ac36ff9
219fb710-a81d-466f-b426-1834b12a4c29,Scheduled,2ffc3e63-7c4b-465d-b432-72b86ac36ff9
63b2f6cf-5629-47c0-af9b-2ca7126186f3,Launched,2ffc3e63-7c4b-465d-b432-72b86ac36ff9
c063ab52-83c2-4e80-ad20-76bb4107304a,To Do,c11f5080-6675-4a9c-9c28-c701c287c574
1f671015-3741-4f91-b644-29cef163d2da,In Progress,c11f5080-6675-4a9c-9c28-c701c287c574
1889e87c-0a3c-4bc2-afe3-d1383b4cf2d1,Waiting,c11f5080-6675-4a9c-9c28-c701c287c574
28b7075e-ff13-4ec8-9e9f-465ce06d3809,Completed,c11f5080-6675-4a9c-9c28-c701c287c574
931ed09f-048c-4596-9867-6131e278afe8,To Do,0bd6c5eb-d8be-4462-8934-1d014681cf03
8705b31d-7405-4467-8ca5-f4fd3ed76465,In Progress,0bd6c5eb-d8be-4462-8934-1d014681cf03
bad1b1c8-5155-406f-9833-ea3946d5fab4,Waiting,0bd6c5eb-d8be-4462-8934-1d014681cf03
2dd8bd32-840d-4b39-8d5d-4e913205be71,Completed,0bd6c5eb-d8be-4462-8934-1d014681cf03
645c3fe5-00cd-4673-869f-b26df5283ab4,Backlog,fc728a59-45d1-4953-8b99-8f4181b3aadf
28b1756f-e4d7-4438-9dbc-e4fa5e4dbda7,Sprint Backlog,fc728a59-45d1-4953-8b99-8f4181b3aadf
2caad874-a40f-46a2-a305-1a135f5d5921,In Progress,fc728a59-45d1-4953-8b99-8f4181b3aadf
e6ac2ddf-3c19-4f40-bad6-b57fd4927a98,Review,fc728a59-45d1-4953-8b99-8f4181b3aadf
21b288dc-84af-49fb-89c7-c9f946b0362e,Done,fc728a59-45d1-4953-8b99-8f4181b3aadf
584cdc70-468c-48f6-83a2-dda60a3128eb,Backlog,91010213-d4ee-43f2-9b3b-4206174cabee
bae41d81-c0b9-45bb-9bbc-01106352ded7,Sprint Backlog,91010213-d4ee-43f2-9b3b-4206174cabee
8b1265d1-dd72-4029-82d6-e7e9305a7388,In Progress,91010213-d4ee-43f2-9b3b-4206174cabee
6d283876-0a0d-4e3a-96ea-6ef7ef2b00d2,Review,91010213-d4ee-43f2-9b3b-4206174cabee
3b1232b5-79c0-4417-985c-ac5d8e14aff7,Done,91010213-d4ee-43f2-9b3b-4206174cabee
5e827716-2728-4b55-802e-b7dee94150c5,Ideas,d33ad947-98a1-4b9a-a6bd-e5ccfe3a8b49
6f449e92-d208-4e7a-8bcd-22c2038acdfc,Planning,d33ad947-98a1-4b9a-a6bd-e5ccfe3a8b49
1a3ebb79-6a7c-4a89-aec5-a8c7482c47ae,Assets,d33ad947-98a1-4b9a-a6bd-e5ccfe3a8b49
a970bec4-6d15-40b2-8e50-7970bd9c19da,Scheduled,d33ad947-98a1-4b9a-a6bd-e5ccfe3a8b49
3be28c3d-bd32-49a3-b5be-5e420de49b8d,Launched,d33ad947-98a1-4b9a-a6bd-e5ccfe3a8b49
1d7e5316-5f4e-47d8-a94c-208ab5cdaa68,To Do,1b32eef9-619d-48a3-aeef-58a8b6705648
56128a59-0218-4705-af81-0444de72e095,In Progress,1b32eef9-619d-48a3-aeef-58a8b6705648
00a17df6-90ad-49e8-b9d3-f014b30f08d6,Waiting,1b32eef9-619d-48a3-aeef-58a8b6705648
12da283f-e238-4b45-8704-b2b63334b8f7,Completed,1b32eef9-619d-48a3-aeef-58a8b6705648
b448fe9c-9269-43fa-970e-11f47125f701,Backlog,d772a2ce-8320-46dc-a089-0afc9124a7cf
176faf0d-c6fe-4b7a-92c6-2830e1ae6f86,Sprint Backlog,d772a2ce-8320-46dc-a089-0afc9124a7cf
494ba021-529a-4e20-850d-2c3acdd8289e,In Progress,d772a2ce-8320-46dc-a089-0afc9124a7cf
c5905e9a-b49b-4cc7-881c-8b7aadf82a96,Review,d772a2ce-8320-46dc-a089-0afc9124a7cf
e8ed5256-ebec-469c-be34-262a05571da0,Done,d772a2ce-8320-46dc-a089-0afc9124a7cf
948eb654-30e9-4961-b92a-ff55964054b2,Ideas,4d3328e0-9d56-4116-994d-7ed305c059e2
674156a1-c14d-4176-9e1c-3ad82ac2e420,Planning,4d3328e0-9d56-4116-994d-7ed305c059e2
7958f8ce-e45e-4439-bff9-6b465d1394db,Assets,4d3328e0-9d56-4116-994d-7ed305c059e2
f64f9b12-e03e-4729-b5c9-1fadc60a7339,Scheduled,4d3328e0-9d56-4116-994d-7ed305c059e2
0ea03845-80ac-4e39-be0b-df7c0603281b,Launched,4d3328e0-9d56-4116-994d-7ed305c059e2
dcbd73a1-194f-4dbd-9c8f-b2db3838b59a,Backlog,4f2f007f-c75b-4f80-b709-f49d4bd0d1d0
5910eea9-20b0-48f8-9630-b219567a6483,Sprint Backlog,4f2f007f-c75b-4f80-b709-f49d4bd0d1d0
ddc5e656-b560-4bee-abcf-4077e90e89d5,In Progress,4f2f007f-c75b-4f80-b709-f49d4bd0d1d0
72457ab4-5f1a-43a0-9f6a-80fd792e804e,Review,4f2f007f-c75b-4f80-b709-f49d4bd0d1d0
2360aed9-129c-4143-a6da-eb99550684b5,Done,4f2f007f-c75b-4f80-b709-f49d4bd0d1d0
2d6f4248-ca1a-4b2f-96bc-017712bb413b,Ideas,14017276-46d7-4c84-9653-a7630018831d
4cb6ecaf-5e61-4068-b2e5-7b3458304775,Planning,14017276-46d7-4c84-9653-a7630018831d
f69d59b3-9ced-4257-9d56-a7e013b73f22,Assets,14017276-46d7-4c84-9653-a7630018831d
50402dde-8947-4eec-bd93-4b69a204f95b,Scheduled,14017276-46d7-4c84-9653-a7630018831d
f85df223-f295-46a0-a899-2788bfbaf1b7,Launched,14017276-46d7-4c84-9653-a7630018831d
90f2f2ec-b720-400d-9525-1080aa6782e8,To Do,4aa4712b-8de1-4a7c-80dc-568b27385fb1
b00e98e2-0cf1-47ef-8eb7-a2a7d9fc29a8,In Progress,4aa4712b-8de1-4a7c-80dc-568b27385fb1
e2b4d3ea-d331-4445-aa88-4fbd6052fc21,Waiting,4aa4712b-8de1-4a7c-80dc-568b27385fb1
c6d86350-d5d5-4bfa-a83b-9d0afaa88750,Completed,4aa4712b-8de1-4a7c-80dc-568b27385fb1
2890f4d3-21f3-4533-8f6d-75e2b9dc9833,Backlog,458b676c-c6af-42b5-b3b1-3f4a7a26d2c7
5eae70ae-92db-446a-a2bd-25d637646f38,Sprint Backlog,458b676c-c6af-42b5-b3b1-3f4a7a26d2c7
dfc26138-253b-4131-b4e3-fb754fc4f9f4,In Progress,458b676c-c6af-42b5-b3b1-3f4a7a26d2c7
0b3c6140-5ffe-44eb-8a8b-b620175d833d,Review,458b676c-c6af-42b5-b3b1-3f4a7a26d2c7
c33bcfc1-5f18-41c6-ae73-61680bbbad5c,Done,458b676c-c6af-42b5-b3b1-3f4a7a26d2c7
a42fd8d1-25ff-4cce-8458-462f9af7b18e,To Do,fcd5c0f5-6835-4f71-954d-5092003822b4
57b9230a-94ae-405c-9dfc-1de6fe90eb64,In Progress,fcd5c0f5-6835-4f71-954d-5092003822b4
03a8c862-fc43-428a-9c21-9671713dc250,Waiting,fcd5c0f5-6835-4f71-954d-5092003822b4
c69eb20b-9f74-49b1-a537-358ca7cf12ca,Completed,fcd5c0f5-6835-4f71-954d-5092003822b4
93960db4-1eb3-4957-9097-afa717097d3f,To Do,a5b1c22e-61f0-48eb-bf52-69e1a733bc6d
1460f733-89a8-4aed-a3f0-d35b40e301e1,In Progress,a5b1c22e-61f0-48eb-bf52-69e1a733bc6d
0a4a108b-9d8e-4e6a-9b1b-886d5bd31817,Waiting,a5b1c22e-61f0-48eb-bf52-69e1a733bc6d
20d45c7f-fa92-47b1-b45c-4bd2553f9198,Completed,a5b1c22e-61f0-48eb-bf52-69e1a733bc6d
091be588-b135-4012-9c23-8dd9a26af369,To Do,92271f34-0685-4ad6-ab54-fe649066600f
14f10a3d-90a6-4f0d-b54c-dbfe347f2300,In Progress,92271f34-0685-4ad6-ab54-fe649066600f
91c2a14f-ed62-49bc-9e61-34fc08faa098,Waiting,92271f34-0685-4ad6-ab54-fe649066600f
c3e3c6d9-91b0-4246-aa82-9d224d9a32b5,Completed,92271f34-0685-4ad6-ab54-fe649066600f
c4c660c6-3938-4c43-a57f-d07466e78903,To Do,656bb1f9-257d-4d8a-88ff-7f0cf46c7151
455d35d8-7339-4abf-b513-d93d7c005d25,In Progress,656bb1f9-257d-4d8a-88ff-7f0cf46c7151
1df870b7-a00a-4be7-b51b-311456bd2047,Waiting,656bb1f9-257d-4d8a-88ff-7f0cf46c7151
b5190462-c238-4101-a6e7-14fbf2767c25,Completed,656bb1f9-257d-4d8a-88ff-7f0cf46c7151
2a4dd803-641a-4f75-b16e-090d9512510b,To Do,7bb10927-0e87-4447-8dd5-6eb65b961828
c2501207-f2fa-4731-a145-55f416fbf899,In Progress,7bb10927-0e87-4447-8dd5-6eb65b961828
24444be1-9970-4add-936b-02bd43a8a440,Waiting,7bb10927-0e87-4447-8dd5-6eb65b961828
c012b3b0-bd9f-4fc3-9502-db75ec2677de,Completed,7bb10927-0e87-4447-8dd5-6eb65b961828
3503f62e-5ecc-47af-b58e-d54cd7d3e9fa,Backlog,49a92781-42b1-4868-b66e-9dece77a1dee
7d382d92-89e9-4f5e-9c9e-3513a151cbd3,Sprint Backlog,49a92781-42b1-4868-b66e-9dece77a1dee
6e58efde-39ae-40c6-8ba1-3dbc6f302cac,In Progress,49a92781-42b1-4868-b66e-9dece77a1dee
0049d13a-5956-4060-9cae-28b5b3b2efe4,Review,49a92781-42b1-4868-b66e-9dece77a1dee
3852ad61-c018-4561-b284-b0e5d7c9e3fe,Done,49a92781-42b1-4868-b66e-9dece77a1dee
9eae982a-314b-4671-8724-5972cd46fcf2,To Do,444570f3-16e3-4494-9234-489ad078e39b
b01ac09b-c76d-4e87-ac16-8e29e0419e4f,In Progress,444570f3-16e3-4494-9234-489ad078e39b
546fb81a-652c-4031-b720-eeb82d1119a0,Waiting,444570f3-16e3-4494-9234-489ad078e39b
6d834e52-b73a-4d58-9a83-3f0ea3c92b65,Completed,444570f3-16e3-4494-9234-489ad078e39b
872e5e14-d105-437d-bc16-ca19cf0ccea4,Ideas,0942a791-f6c9-423d-b198-433d11f1df39
2430cf1f-c755-4704-b056-e1084c16fbc1,Planning,0942a791-f6c9-423d-b198-433d11f1df39
02cea5d2-38fd-43d7-b1cf-8dc5aecb1f3a,Assets,0942a791-f6c9-423d-b198-433d11f1df39
ca8e1176-21c2-4610-b2fb-acc7861e2e6e,Scheduled,0942a791-f6c9-423d-b198-433d11f1df39
930edee2-e4ef-42f8-9879-24198673fa7c,Launched,0942a791-f6c9-423d-b198-433d11f1df39
8e7f9fb9-2787-434f-8a03-0f98587dcbb0,To Do,5dfa61c9-906f-4474-b829-1d06a9e0091c
0d695fb7-a973-4b0e-bdbe-852add54e514,In Progress,5dfa61c9-906f-4474-b829-1d06a9e0091c
1b437ded-cdb4-4a21-8b2b-5be60dba0754,Waiting,5dfa61c9-906f-4474-b829-1d06a9e0091c
eba6a7b4-f32f-4587-9ef0-3cf1740b6bb6,Completed,5dfa61c9-906f-4474-b829-1d06a9e0091c
76b1878a-cbfe-4f88-883e-85565eb0dd01,Backlog,5533a18a-60a2-4bda-a9fb-5b07f24a47f4
a1df0327-569d-46e3-9721-f0754cb083c7,Sprint Backlog,5533a18a-60a2-4bda-a9fb-5b07f24a47f4
23bca9da-e406-4594-96d6-992e68f110da,In Progress,5533a18a-60a2-4bda-a9fb-5b07f24a47f4
f20925ad-85b6-4973-a735-6f5e5a83724b,Review,5533a18a-60a2-4bda-a9fb-5b07f24a47f4
1463c30b-39f5-46cd-a88a-c9a1e6ababf5,Done,5533a18a-60a2-4bda-a9fb-5b07f24a47f4
e931a9a1-4aaa-4114-9ef1-d7504d47379f,To Do,db20b973-56b9-40e9-99d4-336ff8fdd2d9
d61a54d3-c5a7-4147-bda4-389595ecf5ad,In Progress,db20b973-56b9-40e9-99d4-336ff8fdd2d9
b548f923-2515-4e83-bc0f-e1a81f558cf0,Waiting,db20b973-56b9-40e9-99d4-336ff8fdd2d9
301d9722-1826-4555-a044-1ea80152fa8c,Completed,db20b973-56b9-40e9-99d4-336ff8fdd2d9
8a24f2d8-d576-418b-acbc-cb60067a1be2,To Do,1808c514-df70-492d-a24c-83f1329e162b
bf184917-62f1-434d-88f8-8c9cb1554126,In Progress,1808c514-df70-492d-a24c-83f1329e162b
09c723a6-ba42-4ee5-96d8-c015beaa837f,Waiting,1808c514-df70-492d-a24c-83f1329e162b
c7316238-85fd-4c7b-bbfb-a28de4f775c5,Completed,1808c514-df70-492d-a24c-83f1329e162b
1fcd16ff-761c-492a-8e5b-38a7249f55ef,Ideas,eefa852e-4daa-45df-8dca-128c9988a160
1b57343b-ac84-4104-b657-d6afcbcec145,Planning,eefa852e-4daa-45df-8dca-128c9988a160
b6bc1794-6309-4762-936b-81d2fbac740e,Assets,eefa852e-4daa-45df-8dca-128c9988a160
d4e4711c-fe7a-4583-afd5-52d832fb359f,Scheduled,eefa852e-4daa-45df-8dca-128c9988a160
c7fec656-8121-4bc5-b2fa-3c717e098ea6,Launched,eefa852e-4daa-45df-8dca-128c9988a160
ae335723-a876-4d8c-9142-757fd8ce2b76,To Do,b46bb832-aab9-48f2-90c4-b204d60128fb
7d01fc25-a77f-4b32-865a-7e1076c39428,In Progress,b46bb832-aab9-48f2-90c4-b204d60128fb
86e6e84e-e0e4-4e26-9e7d-b62cfb9edd93,Waiting,b46bb832-aab9-48f2-90c4-b204d60128fb
5ee64696-fbcc-4b61-96dc-5cc707e88308,Completed,b46bb832-aab9-48f2-90c4-b204d60128fb
2b6662fc-a783-47fd-aa45-48f4194ea747,Backlog,a26122c1-3f29-4966-8d65-8ef57b0cabba
6ce8a732-df19-40f5-95ea-e47222174da1,Sprint Backlog,a26122c1-3f29-4966-8d65-8ef57b0cabba
ea34ab63-b203-447e-aa61-38f40580c65f,In Progress,a26122c1-3f29-4966-8d65-8ef57b0cabba
e39a693f-c709-4b3a-8745-4aa82b71333c,Review,a26122c1-3f29-4966-8d65-8ef57b0cabba
35d32bb1-ff3e-47f4-ab4f-4f88705976eb,Done,a26122c1-3f29-4966-8d65-8ef57b0cabba
2b9a494f-e8b8-43ef-93e4-2fd3e3431735,Backlog,732886cb-4159-451e-aaa7-8c8b499dba34
ee577f68-0319-4953-98c3-b0f52bc4790e,Sprint Backlog,732886cb-4159-451e-aaa7-8c8b499dba34
34223af1-c6a2-40d6-b81a-5d64f92c0274,In Progress,732886cb-4159-451e-aaa7-8c8b499dba34
3b3df0c0-f2e7-458a-aa30-44e69a38145e,Review,732886cb-4159-451e-aaa7-8c8b499dba34
b45f201d-4ed0-494d-a82b-2a0119ff8799,Done,732886cb-4159-451e-aaa7-8c8b499dba34
b46d621c-464a-478a-be3e-aa92474acbdd,Backlog,63ea4130-f88d-4dea-ba34-24dff87dc660
55c24696-aca6-48e2-9b83-241e68c7cbfe,Sprint Backlog,63ea4130-f88d-4dea-ba34-24dff87dc660
54727506-195a-4d62-8886-d63e3760550a,In Progress,63ea4130-f88d-4dea-ba34-24dff87dc660
6254393b-ce4c-4a5b-9286-35a6fd869f43,Review,63ea4130-f88d-4dea-ba34-24dff87dc660
bab8fdc6-ee98-40f5-b25a-50cca4286acb,Done,63ea4130-f88d-4dea-ba34-24dff87dc660
3c26f1af-46ff-4bfa-8c1f-6adfd023a70c,Backlog,0e6cf76e-5c54-42a3-9b97-7b60e14986da
1498bc1b-080d-4d93-963d-a78cec27912d,Sprint Backlog,0e6cf76e-5c54-42a3-9b97-7b60e14986da
105c8a4d-d6d0-4c09-ac48-4caa8ac6e976,In Progress,0e6cf76e-5c54-42a3-9b97-7b60e14986da
1f897848-17a3-4843-b61b-5cba8049f777,Review,0e6cf76e-5c54-42a3-9b97-7b60e14986da
47bf8233-82d3-496c-a32a-983c335121aa,Done,0e6cf76e-5c54-42a3-9b97-7b60e14986da
718c798d-70ab-4812-9e83-3a5138eebc70,Ideas,fdb8e640-eeb7-4fa4-97f6-7dd2484d6473
e39111d6-f189-4db3-b0b7-ee4f78228d0a,Planning,fdb8e640-eeb7-4fa4-97f6-7dd2484d6473
e6b75446-05a4-4f99-8bc5-7bf26a854142,Assets,fdb8e640-eeb7-4fa4-97f6-7dd2484d6473
226800bc-5e63-4ccb-be6a-71f295c97d9c,Scheduled,fdb8e640-eeb7-4fa4-97f6-7dd2484d6473
6ef6bb10-ca28-4d19-a9e9-b4ae3ad6eab9,Launched,fdb8e640-eeb7-4fa4-97f6-7dd2484d6473
92cb1eb9-170e-46a9-9fcf-6a7fff5e111c,Ideas,c7b58ec2-51e1-47de-b7e9-1f612a97b7bc
53810789-446f-4d0e-87e7-b212dd1ecf59,Planning,c7b58ec2-51e1-47de-b7e9-1f612a97b7bc
45332061-097d-4689-811b-ebcabbad45bf,Assets,c7b58ec2-51e1-47de-b7e9-1f612a97b7bc
91b01643-f39e-422b-98f6-b7a46edf71a5,Scheduled,c7b58ec2-51e1-47de-b7e9-1f612a97b7bc
0aa25caa-81cf-42b3-9d2a-45c2cf56bc62,Launched,c7b58ec2-51e1-47de-b7e9-1f612a97b7bc
2d3c6284-62ae-4d90-9e97-790607ca8dae,Ideas,8f725f40-1041-464c-92a2-25b7bc80f352
039ed10b-8c3c-42a3-9a54-b093c78c0a7f,Planning,8f725f40-1041-464c-92a2-25b7bc80f352
e11e2962-758e-4575-924b-f2e88979656b,Assets,8f725f40-1041-464c-92a2-25b7bc80f352
c3dcb30f-6d55-4045-9bf4-efb2022f48f9,Scheduled,8f725f40-1041-464c-92a2-25b7bc80f352
88068a20-ab3a-4090-ba54-9630cb63632d,Launched,8f725f40-1041-464c-92a2-25b7bc80f352
fdbb10bf-08b2-49db-acc2-42323fea1ec4,Ideas,c46a0798-055b-4312-820a-1c3d3fc80188
e4fec048-7169-424f-9960-f7f5feb31087,Planning,c46a0798-055b-4312-820a-1c3d3fc80188
146c318c-68ab-4c28-b4c8-b1fa3576cd53,Assets,c46a0798-055b-4312-820a-1c3d3fc80188
d570033f-f2a6-4b85-ba67-d85579505302,Scheduled,c46a0798-055b-4312-820a-1c3d3fc80188
4d989500-1fa8-430f-907c-2a3eb0880f20,Launched,c46a0798-055b-4312-820a-1c3d3fc80188
fe9b30fd-1235-46cf-843d-0d3b6647c77a,Ideas,48679134-7de3-457c-bd6f-0629495d52cb
795d8504-7600-4b34-978e-22d6a95f61dc,Planning,48679134-7de3-457c-bd6f-0629495d52cb
4d2dc857-9493-4d45-84d8-4a2b2755ef16,Assets,48679134-7de3-457c-bd6f-0629495d52cb
4f7199c7-f706-45db-9971-54c8f54f1a2f,Scheduled,48679134-7de3-457c-bd6f-0629495d52cb
5e3afa60-bf30-44f3-81f4-8f8cac5b916b,Launched,48679134-7de3-457c-bd6f-0629495d52cb
2228cb4c-6a70-4678-84c3-71908720f6aa,To Do,b9750e1d-2166-49c8-b539-c6abef83d6ea
78060f24-d665-47ab-9771-7dba36c3f61a,In Progress,b9750e1d-2166-49c8-b539-c6abef83d6ea
e74a4afb-2404-48de-82d3-cae9cedfcd19,Waiting,b9750e1d-2166-49c8-b539-c6abef83d6ea
1030993c-295a-415f-b22f-1c6ac571d415,Completed,b9750e1d-2166-49c8-b539-c6abef83d6ea
a0296b8f-a0a6-4249-8533-fa478fbcdbb1,Ideas,4ac31e6c-d0b5-4f85-adf3-3499b06fdc75
3a9e3a25-791e-4f96-a1da-2361155032f2,Planning,4ac31e6c-d0b5-4f85-adf3-3499b06fdc75
9569ec7d-f648-4732-9a35-d613ae2bb358,Assets,4ac31e6c-d0b5-4f85-adf3-3499b06fdc75
7e065e90-4fd4-4090-b70f-b39d310e7e3d,Scheduled,4ac31e6c-d0b5-4f85-adf3-3499b06fdc75
e9355894-fc99-45b4-ac0e-8b45ebecd2e2,Launched,4ac31e6c-d0b5-4f85-adf3-3499b06fdc75
51a5517f-9b57-4b03-bb4b-308faae744d7,To Do,81dc93e0-786f-491b-97c8-b4b854fc6041
39bde2a9-eb13-483e-9f8c-7c6e11c8a18b,In Progress,81dc93e0-786f-491b-97c8-b4b854fc6041
754c7581-6d95-4791-91d1-2e16b1ae28c7,Waiting,81dc93e0-786f-491b-97c8-b4b854fc6041
c6ec8f0a-6380-420f-9b68-41af2bd1f067,Completed,81dc93e0-786f-491b-97c8-b4b854fc6041
40554536-719d-4dfb-b0db-41df26b4354a,Backlog,bd7078b6-253a-4af0-8cb0-5c075519d795
bffb3b06-02cf-4ee7-bfd7-77a4d6148569,Sprint Backlog,bd7078b6-253a-4af0-8cb0-5c075519d795
a0117034-53d7-4c25-8a7e-3d804ea4e7b4,In Progress,bd7078b6-253a-4af0-8cb0-5c075519d795
9d85a765-e75e-4126-8581-128ff0f80e5f,Review,bd7078b6-253a-4af0-8cb0-5c075519d795
308ed58c-7d78-47f6-be4f-ccaf1368b80a,Done,bd7078b6-253a-4af0-8cb0-5c075519d795
785f6725-a992-403d-810c-f8ecf03e809e,To Do,0bf74889-93e6-4e4a-ab11-97f2dc86a268
1de25e69-7150-4032-b9fe-bc88a4f51598,In Progress,0bf74889-93e6-4e4a-ab11-97f2dc86a268
df360d69-d158-4993-ad2d-55f495352150,Waiting,0bf74889-93e6-4e4a-ab11-97f2dc86a268
57c061f1-432c-479f-bf88-f7990dd29d28,Completed,0bf74889-93e6-4e4a-ab11-97f2dc86a268
62915bfc-626b-4e95-a933-29c8dc7c7dff,Ideas,ea7c4d1c-4a30-42d5-a9d1-580729b3b733
d54064b9-0477-4e2f-a917-4d83c9c25c15,Planning,ea7c4d1c-4a30-42d5-a9d1-580729b3b733
875c24b0-5f6d-486b-a418-d35753786f64,Assets,ea7c4d1c-4a30-42d5-a9d1-580729b3b733
4dc6c74b-c180-4c18-b0c0-3ca32eb9587b,Scheduled,ea7c4d1c-4a30-42d5-a9d1-580729b3b733
80ebb6b4-7a00-4b7d-9704-68eb0f98f79c,Launched,ea7c4d1c-4a30-42d5-a9d1-580729b3b733
cede2ef8-2efe-4e15-8353-94454244f361,To Do,0d0d5002-5b6f-46b8-af3c-6253a7db62cf
e4202015-86b7-44b6-9ba4-492cb25d4dc0,In Progress,0d0d5002-5b6f-46b8-af3c-6253a7db62cf
eab95c71-9b8a-499f-93db-fe7bc549b92b,Waiting,0d0d5002-5b6f-46b8-af3c-6253a7db62cf
1f8a558a-6342-492e-a1c6-f251b7a67cc9,Completed,0d0d5002-5b6f-46b8-af3c-6253a7db62cf
3631045d-7f13-4dbe-a035-1f45a0beb5f5,Ideas,3055dca1-c179-4dba-b0ed-16362ddcd248
0b5cf345-c802-44ac-9cc0-1e31717ae3c4,Planning,3055dca1-c179-4dba-b0ed-16362ddcd248
e74926bf-6d56-4d7f-a807-1929c7cfe445,Assets,3055dca1-c179-4dba-b0ed-16362ddcd248
98ad1d0d-4889-4782-80ab-dc534ab30f92,Scheduled,3055dca1-c179-4dba-b0ed-16362ddcd248
dc5687da-65b3-46bd-a84d-d5b950a4a01f,Launched,3055dca1-c179-4dba-b0ed-16362ddcd248
f9710b28-d88c-4039-bf83-0a11d2c78de8,Backlog,19bb112b-d2e7-4cfd-9363-6a2a87c29168
b9b17f14-9778-4628-b288-23e250953e9f,Sprint Backlog,19bb112b-d2e7-4cfd-9363-6a2a87c29168
11343628-7db2-4e16-8a34-e69a75890edd,In Progress,19bb112b-d2e7-4cfd-9363-6a2a87c29168
fe95315b-4e39-4ef0-869e-9d0f847d7759,Review,19bb112b-d2e7-4cfd-9363-6a2a87c29168
dd933324-50a9-45bb-81b5-6606dc8b4e0e,Done,19bb112b-d2e7-4cfd-9363-6a2a87c29168
e560cd52-ff96-443b-bfec-25c44571918d,Ideas,7066155d-53c7-485a-bfbb-24212b454403
172643ca-5468-4464-9d2d-57dc704f1739,Planning,7066155d-53c7-485a-bfbb-24212b454403
0604738e-86ce-4b82-b6e9-0f8be8e1a707,Assets,7066155d-53c7-485a-bfbb-24212b454403
8822774e-3342-4682-b9a0-816b979d6905,Scheduled,7066155d-53c7-485a-bfbb-24212b454403
5b05a7cf-ba4d-427f-a7db-a5aede593ba1,Launched,7066155d-53c7-485a-bfbb-24212b454403
099ed065-52b6-4838-b0e3-d40d84094498,Ideas,9291fdd5-fdc0-4a0b-92b1-471cef636946
47ea626d-5092-44dc-a855-afa9ddea9c65,Planning,9291fdd5-fdc0-4a0b-92b1-471cef636946
1101dd35-4074-45e0-87ee-35bbc40e760c,Assets,9291fdd5-fdc0-4a0b-92b1-471cef636946
5c58ce17-6eae-4f28-a70c-a144d72e736b,Scheduled,9291fdd5-fdc0-4a0b-92b1-471cef636946
d4f5bc90-c62f-4876-842d-c11a400be852,Launched,9291fdd5-fdc0-4a0b-92b1-471cef636946
e12d9089-dcf7-4b50-a025-33d7794569ec,To Do,253d986d-4856-4465-875f-7b73f98c8743
c7c4b3bc-b903-4ba1-a226-30c69d3c37b5,In Progress,253d986d-4856-4465-875f-7b73f98c8743
7171a5cf-0d4c-4075-83ba-d78acd8a5dfe,Waiting,253d986d-4856-4465-875f-7b73f98c8743
7c04ed7b-695e-40fc-8ccb-fdf8b15d6933,Completed,253d986d-4856-4465-875f-7b73f98c8743
39ab40e0-40a4-46d8-8ac4-67e8b07b9c66,Ideas,83623fd2-9ce3-402e-8b4f-f610ddedd7a0
f363b183-fbec-4894-ad3c-ee59ffbe85ee,Planning,83623fd2-9ce3-402e-8b4f-f610ddedd7a0
616e8da7-a748-4781-967f-afea650ee286,Assets,83623fd2-9ce3-402e-8b4f-f610ddedd7a0
a1968612-52b8-43f8-8ab6-699b062b3b42,Scheduled,83623fd2-9ce3-402e-8b4f-f610ddedd7a0
3a438a68-367a-41e9-bc14-33ec999360e5,Launched,83623fd2-9ce3-402e-8b4f-f610ddedd7a0
beaa6bfd-ffd4-4174-84b1-d075ce33198d,Ideas,fb8f8080-9e26-4bee-8b17-3c235d43fe50
0697160b-432e-462f-8fdf-7dbe563551ca,Planning,fb8f8080-9e26-4bee-8b17-3c235d43fe50
c8578d95-a37f-4a3d-85e8-c0ab9e6dc938,Assets,fb8f8080-9e26-4bee-8b17-3c235d43fe50
abd1f20e-3150-4cbb-88fd-4788d9231b19,Scheduled,fb8f8080-9e26-4bee-8b17-3c235d43fe50
9df770c6-a94b-49dc-8729-331a7ce2cb62,Launched,fb8f8080-9e26-4bee-8b17-3c235d43fe50
2d7ef480-f406-40d4-9b6f-ff2c3fa3462a,Ideas,e1d6efb4-1913-4d27-8bf5-f8798e6a7b68
96f58031-3584-4426-bba2-b4696002d574,Planning,e1d6efb4-1913-4d27-8bf5-f8798e6a7b68
6c5c070f-60a6-4722-b05c-c22b729d6d6b,Assets,e1d6efb4-1913-4d27-8bf5-f8798e6a7b68
884dcab6-6eb2-4268-8e24-8d14c461a220,Scheduled,e1d6efb4-1913-4d27-8bf5-f8798e6a7b68
73a547af-d2a8-42c2-9b83-169d04f556b5,Launched,e1d6efb4-1913-4d27-8bf5-f8798e6a7b68
1acf5d7b-56d3-420a-a108-7785d82ea5b7,To Do,a22f769e-ef91-4048-b798-b9ab2fd6175c
8b527167-43c2-4892-9526-70cc8a62ab14,In Progress,a22f769e-ef91-4048-b798-b9ab2fd6175c
8cd28f62-113f-47c9-b844-088c4932434c,Waiting,a22f769e-ef91-4048-b798-b9ab2fd6175c
e5d5d655-e47e-4589-a361-9b6f4de0b402,Completed,a22f769e-ef91-4048-b798-b9ab2fd6175c
20a6c27c-2756-4cba-a255-150cb3683e48,Ideas,ee3745b6-ac7b-4e68-99e5-f224a990a93b
0123fe73-6f69-49a0-855b-393dd43697cf,Planning,ee3745b6-ac7b-4e68-99e5-f224a990a93b
45adbb8e-4637-4cba-824a-f8dbb89f617f,Assets,ee3745b6-ac7b-4e68-99e5-f224a990a93b
1f2941e4-c68f-473e-ab2d-f6696e80c47c,Scheduled,ee3745b6-ac7b-4e68-99e5-f224a990a93b
e3b87f7e-2031-4e53-a198-d6fa98451d5e,Launched,ee3745b6-ac7b-4e68-99e5-f224a990a93b
93aa4a7a-248d-4c3b-abaf-24c622077ca1,Ideas,73cbaeee-ecd9-4ddd-91a5-0eefa54429fc
5fb20db9-c37c-44e3-aa4f-76976ba8775c,Planning,73cbaeee-ecd9-4ddd-91a5-0eefa54429fc
af6bf57e-d38e-415e-aa73-d1eb75482ebe,Assets,73cbaeee-ecd9-4ddd-91a5-0eefa54429fc
6c9623fa-fd2a-4c52-b1ac-f6c896b82be9,Scheduled,73cbaeee-ecd9-4ddd-91a5-0eefa54429fc
3a50a4dc-5aed-464b-a907-ffcc7a0ee35f,Launched,73cbaeee-ecd9-4ddd-91a5-0eefa54429fc
a8b77747-4a61-424c-9676-96ec771505bd,Ideas,8decf177-7b26-4201-bf14-1aa4bbdda98a
4b4bc2ff-c84e-4306-bc77-c0386869a5db,Planning,8decf177-7b26-4201-bf14-1aa4bbdda98a
be44f727-c685-4f4f-a563-b50224451aff,Assets,8decf177-7b26-4201-bf14-1aa4bbdda98a
b8425cb9-37fc-4b5f-9126-f95452352d45,Scheduled,8decf177-7b26-4201-bf14-1aa4bbdda98a
f902de2c-390f-418e-b35b-6f5b0b66b3fa,Launched,8decf177-7b26-4201-bf14-1aa4bbdda98a
15b7382c-8f85-4b42-8ef3-bb3bb0be2085,Ideas,6982328f-c5ef-47ec-8001-761e11728c89
6ac2ef8c-87fb-4143-a6fa-c8c877c9d5c9,Planning,6982328f-c5ef-47ec-8001-761e11728c89
2b3e697f-e758-4ad2-a81f-bbcc34fa5c56,Assets,6982328f-c5ef-47ec-8001-761e11728c89
4f47aa5f-bead-4e33-a756-1eac082eefa7,Scheduled,6982328f-c5ef-47ec-8001-761e11728c89
92afa384-1a02-42de-b388-9822f75f6bf1,Launched,6982328f-c5ef-47ec-8001-761e11728c89
2b17169f-89b5-4896-90fe-4973e165ee44,Ideas,cc69aac4-321f-4db8-8f34-82a23fbe51fc
8f617216-8b07-46b1-a103-0ced70f43567,Planning,cc69aac4-321f-4db8-8f34-82a23fbe51fc
24febcb0-368e-4bed-94fe-8d42f57b9e13,Assets,cc69aac4-321f-4db8-8f34-82a23fbe51fc
9e604efe-97a1-470d-9d46-80829e10a005,Scheduled,cc69aac4-321f-4db8-8f34-82a23fbe51fc
0c29300b-e5cd-40d5-8d21-bb2f8092d65f,Launched,cc69aac4-321f-4db8-8f34-82a23fbe51fc
be20076f-39a7-461b-a12b-316bd70eff25,Backlog,c4ce1b31-fe35-4bc7-a716-c00fcd19b4c9
0de6a55f-e938-4e3f-9c31-36a4339b7f8a,Sprint Backlog,c4ce1b31-fe35-4bc7-a716-c00fcd19b4c9
9af23600-7814-4887-b361-7a6ccc928934,In Progress,c4ce1b31-fe35-4bc7-a716-c00fcd19b4c9
f4fcee55-7917-4842-8562-cee01ee7d3de,Review,c4ce1b31-fe35-4bc7-a716-c00fcd19b4c9
0ba81656-01c5-4eba-9b36-2127c3794b9c,Done,c4ce1b31-fe35-4bc7-a716-c00fcd19b4c9
1ab60198-3650-477c-ab04-e7c7f0d732e1,Backlog,1ab7234e-bd46-4fa3-9975-58e9c75b91df
549a82db-8141-47d5-a857-58e34d6c69f6,Sprint Backlog,1ab7234e-bd46-4fa3-9975-58e9c75b91df
d3c58efe-a032-4135-b123-0af9f9d7b78e,In Progress,1ab7234e-bd46-4fa3-9975-58e9c75b91df
819fe18b-2e73-42d5-aaba-1da4f5a149be,Review,1ab7234e-bd46-4fa3-9975-58e9c75b91df
eae6f85f-d996-438a-bd3a-1c4c9eae23f5,Done,1ab7234e-bd46-4fa3-9975-58e9c75b91df
30b001e2-2934-4748-8305-83b1d09aba1b,Ideas,c849cb50-db95-452e-b497-440eb1a3e639
7dfe1f58-814d-4538-afa0-094e8c5e3fc8,Planning,c849cb50-db95-452e-b497-440eb1a3e639
1d79b944-f36c-45a1-95fd-89777f92cdde,Assets,c849cb50-db95-452e-b497-440eb1a3e639
3129722d-395c-4a69-9bf7-785a482276f2,Scheduled,c849cb50-db95-452e-b497-440eb1a3e639
5db1b4ad-5404-4cc3-aa10-e982ddeb88d3,Launched,c849cb50-db95-452e-b497-440eb1a3e639
e323e897-fafa-4569-a1ea-7ef5f5812b60,Backlog,25bc5b19-bb35-45d8-99e0-034c4aeed43d
b2d96020-f96c-432b-9c6a-56039101b00c,Sprint Backlog,25bc5b19-bb35-45d8-99e0-034c4aeed43d
330ed74a-4428-4715-a5ae-661deb86ba08,In Progress,25bc5b19-bb35-45d8-99e0-034c4aeed43d
24f85afb-5847-47f1-b86f-723279e933c0,Review,25bc5b19-bb35-45d8-99e0-034c4aeed43d
0bc5a61f-df4e-4fc8-be33-65f42caf64e1,Done,25bc5b19-bb35-45d8-99e0-034c4aeed43d
d62da05c-9422-40c9-ade5-bef725e46056,Backlog,80bb412d-df70-4d9e-96d6-ff36cb9611ba
170ae508-1457-4eea-b9fc-7151ba041478,Sprint Backlog,80bb412d-df70-4d9e-96d6-ff36cb9611ba
c6b159e8-3553-4a6e-9e19-a49195b8026e,In Progress,80bb412d-df70-4d9e-96d6-ff36cb9611ba
d018953c-b973-4bf3-8b82-5090457fd3a6,Review,80bb412d-df70-4d9e-96d6-ff36cb9611ba
4428144c-803b-40d2-913d-5c280a8af4e1,Done,80bb412d-df70-4d9e-96d6-ff36cb9611ba
3a0f5f56-16ee-4aab-b2ff-4b1210abf0df,To Do,67cbc32f-c6dc-4462-bd00-9ef99a7d2ec3
3801871c-cc7e-4b86-9d95-14f671f10ca1,In Progress,67cbc32f-c6dc-4462-bd00-9ef99a7d2ec3
8b17c4ad-207e-47fa-89fa-224fa5e1070e,Waiting,67cbc32f-c6dc-4462-bd00-9ef99a7d2ec3
36b049f0-be55-4708-8490-38d460b8d96d,Completed,67cbc32f-c6dc-4462-bd00-9ef99a7d2ec3
60204776-8fe2-438b-8acc-3e0a39d042ea,Backlog,7d861a4a-46ca-40d7-b86b-36a76a29e72f
24e81c7d-1f00-43d6-aa6a-d6ef32907fb5,Sprint Backlog,7d861a4a-46ca-40d7-b86b-36a76a29e72f
fea34e9d-ae49-4c1b-b068-a0e9dbdc7d1e,In Progress,7d861a4a-46ca-40d7-b86b-36a76a29e72f
49e5affe-2e86-4138-af38-a450bca28726,Review,7d861a4a-46ca-40d7-b86b-36a76a29e72f
095136ac-1f81-46d2-bcf8-5015bd565916,Done,7d861a4a-46ca-40d7-b86b-36a76a29e72f
a8c709e7-a03e-4278-9316-bf41d80ad913,Ideas,1a2fdddc-d9d8-407b-970f-e6bbc5b6ac49
72734fb1-b673-429a-a215-227ca3d7f4a9,Planning,1a2fdddc-d9d8-407b-970f-e6bbc5b6ac49
b2cf73bd-1b99-4226-96e1-a5928939467f,Assets,1a2fdddc-d9d8-407b-970f-e6bbc5b6ac49
7eb26ca3-426b-4c9b-a63f-e160f34d28fe,Scheduled,1a2fdddc-d9d8-407b-970f-e6bbc5b6ac49
4dcc1eb2-2c02-496b-8dab-7deab61daab0,Launched,1a2fdddc-d9d8-407b-970f-e6bbc5b6ac49
b3866ea0-269a-4541-ab44-5dbe20cb23c1,Backlog,ca83c286-f3d0-44a6-8b85-f408dbc088de
179083e1-e1f0-4982-8c25-464e0df9d4be,Sprint Backlog,ca83c286-f3d0-44a6-8b85-f408dbc088de
4e83c366-66fc-48fc-8fe0-950471f3f9e9,In Progress,ca83c286-f3d0-44a6-8b85-f408dbc088de
bd468a13-0402-458e-9a43-903ebd001652,Review,ca83c286-f3d0-44a6-8b85-f408dbc088de
434ae846-e3ff-4a38-8474-70142a3cfada,Done,ca83c286-f3d0-44a6-8b85-f408dbc088de
9ce8e50c-7d8a-4492-a7c0-cbaabe2e71af,Ideas,06841f88-18a5-4723-ad62-0ce210eb8ec4
bbc116cd-ca9f-4bb6-8d53-b327143b47a8,Planning,06841f88-18a5-4723-ad62-0ce210eb8ec4
68c87f97-455a-4d17-a961-9d232f9bb3b8,Assets,06841f88-18a5-4723-ad62-0ce210eb8ec4
dabdceeb-d0fd-4896-b9cb-2eabf29a6651,Scheduled,06841f88-18a5-4723-ad62-0ce210eb8ec4
f09e639c-d712-4e70-a311-6738a0df94c4,Launched,06841f88-18a5-4723-ad62-0ce210eb8ec4
925d0cd2-49c9-491e-b1b6-4b02aebeed68,Backlog,a648e5a0-b55d-4f9e-87ee-63d26b0d6d92
b525cfc7-7afe-498d-902e-00ebe802c27d,Sprint Backlog,a648e5a0-b55d-4f9e-87ee-63d26b0d6d92
0506e72a-da7e-42a2-8790-ec0a916559f8,In Progress,a648e5a0-b55d-4f9e-87ee-63d26b0d6d92
9c079691-b30d-42ec-a7fd-1d7ab45d8adc,Review,a648e5a0-b55d-4f9e-87ee-63d26b0d6d92
8b4eedd3-765d-4719-a22b-08a210fc62ff,Done,a648e5a0-b55d-4f9e-87ee-63d26b0d6d92
02176bbe-f3a7-4794-b399-74b2bf4354c2,Ideas,ee854623-db45-4fe8-9f9c-97587c13d70e
48a2467f-39b4-4f83-8b38-1e3b59c29c72,Planning,ee854623-db45-4fe8-9f9c-97587c13d70e
a9bdd807-84df-41f5-8bf0-4f9a96755359,Assets,ee854623-db45-4fe8-9f9c-97587c13d70e
ee3d1cf5-ac76-4fd4-973e-1d30b1e23559,Scheduled,ee854623-db45-4fe8-9f9c-97587c13d70e
6a98b72f-9374-4039-bc1c-2749af70e8c2,Launched,ee854623-db45-4fe8-9f9c-97587c13d70e
6d84fe67-d00c-4495-9a88-3d29daabe9bd,To Do,a74d17e5-eb7d-43fb-aa50-8c9aaeb81afd
31a387f0-92f5-4b17-81e7-c0086fe90c67,In Progress,a74d17e5-eb7d-43fb-aa50-8c9aaeb81afd
aacc5c97-a719-406b-bfc9-26bfb8d56ba0,Waiting,a74d17e5-eb7d-43fb-aa50-8c9aaeb81afd
1ee26773-5c39-4618-96ab-9911891604fb,Completed,a74d17e5-eb7d-43fb-aa50-8c9aaeb81afd
debb0a35-b081-441e-aa57-bfcfd6801c0e,To Do,22ec3753-6956-424d-a78e-f240eb524119
6b05c62f-6154-4322-b62f-2c578fbd2c8f,In Progress,22ec3753-6956-424d-a78e-f240eb524119
343b26ee-f7d4-4220-870f-6303178b0dc2,Waiting,22ec3753-6956-424d-a78e-f240eb524119
c38e8ba7-f0b5-430d-b4a3-6a3c3515c2cf,Completed,22ec3753-6956-424d-a78e-f240eb524119
d42fb83f-b136-44f0-928c-d8a645515070,To Do,9d242407-d1ab-4127-94b7-6197f19582f9
71d63ab8-0fc9-48ff-a9f8-53f790e622ad,In Progress,9d242407-d1ab-4127-94b7-6197f19582f9
af355be7-6fe9-442d-a730-b996608e07ac,Waiting,9d242407-d1ab-4127-94b7-6197f19582f9
8da57bb8-d4fc-49e1-9b2b-f18d7de30c89,Completed,9d242407-d1ab-4127-94b7-6197f19582f9
b854418d-6e38-45d9-886e-f82dbf1324a0,To Do,a06824d4-f93b-4737-bef1-524568b60871
1e7992cb-f349-44cf-9f1b-6a289a8bbcfb,In Progress,a06824d4-f93b-4737-bef1-524568b60871
90cb46cd-1bee-4a69-a9e5-04adad811861,Waiting,a06824d4-f93b-4737-bef1-524568b60871
a61a8845-bc51-4f29-a958-75dcdc43174b,Completed,a06824d4-f93b-4737-bef1-524568b60871
b808bbb4-e122-4146-a49d-9afc493c040f,Ideas,999b1205-46e6-452a-931c-7788dc905c47
f3445464-b48c-4bd4-9006-54798c9503e4,Planning,999b1205-46e6-452a-931c-7788dc905c47
f15c329d-ac44-47d4-85a6-0f6cec66f749,Assets,999b1205-46e6-452a-931c-7788dc905c47
7954c331-ce9e-4492-966c-6e5e36c72ea7,Scheduled,999b1205-46e6-452a-931c-7788dc905c47
72b6bcf8-e576-42da-b2ab-7cd26b5010ff,Launched,999b1205-46e6-452a-931c-7788dc905c47
6ebf4037-7af1-4d4b-8b02-15fea865c2f2,Ideas,da2d6dab-9c05-4f2c-b819-c261678f7d21
daa188bb-ead9-424f-ac94-35dcce0a2294,Planning,da2d6dab-9c05-4f2c-b819-c261678f7d21
fddcfe8b-0b69-4e78-a102-7bd04eb31b82,Assets,da2d6dab-9c05-4f2c-b819-c261678f7d21
209a0e3b-321a-4095-8190-c8974f9fe867,Scheduled,da2d6dab-9c05-4f2c-b819-c261678f7d21
8aa94c37-0d1a-4688-af7b-a0c4e5c7d387,Launched,da2d6dab-9c05-4f2c-b819-c261678f7d21
ec8dea3f-d03a-4289-9708-8ea0cdfb3946,Ideas,68c6f4c7-0b54-4fa2-8e61-ed33f3889168
6434bfaf-5c09-4d42-8820-5c9cdf5f8ca7,Planning,68c6f4c7-0b54-4fa2-8e61-ed33f3889168
09773061-3386-46df-a14f-06d855f7864c,Assets,68c6f4c7-0b54-4fa2-8e61-ed33f3889168
1c57e233-af1c-4892-863a-c179347a3ea1,Scheduled,68c6f4c7-0b54-4fa2-8e61-ed33f3889168
287042a4-688e-4cc4-b615-a020941c8f5b,Launched,68c6f4c7-0b54-4fa2-8e61-ed33f3889168
afc17fd4-4105-4997-a949-de186e303dcd,Ideas,9b156d6a-50b2-4b18-9d60-6f45444c91de
f135c5a5-e693-41dc-849a-d91133fc44fd,Planning,9b156d6a-50b2-4b18-9d60-6f45444c91de
2f66806d-e67b-4a9e-8213-7044165a48e9,Assets,9b156d6a-50b2-4b18-9d60-6f45444c91de
0f48aed9-fbc5-4ce1-892b-4096d032b453,Scheduled,9b156d6a-50b2-4b18-9d60-6f45444c91de
9c284adb-f997-4861-80fe-d09675ba9c68,Launched,9b156d6a-50b2-4b18-9d60-6f45444c91de
f513cf46-58ef-44ff-aeb1-68327017594a,Backlog,60a4c45c-253e-4d98-b66e-a7cbc87ecf95
1d87e842-6252-4b56-910b-d345c01e8b64,Sprint Backlog,60a4c45c-253e-4d98-b66e-a7cbc87ecf95
a29af731-422b-456f-b77a-975724d87c4a,In Progress,60a4c45c-253e-4d98-b66e-a7cbc87ecf95
be187df5-ae19-4219-b10c-10aa9c9f9d59,Review,60a4c45c-253e-4d98-b66e-a7cbc87ecf95
0a5e74d0-519d-4cba-bdad-40a4b9568b95,Done,60a4c45c-253e-4d98-b66e-a7cbc87ecf95
2f97b850-bc9f-4d05-aa14-42327ee25c9e,Backlog,fcfa6d25-ecd8-408f-a903-958477da116e
e0500cbc-036a-40e2-87f2-a0e399a4e41d,Sprint Backlog,fcfa6d25-ecd8-408f-a903-958477da116e
9e1037f3-c34b-4b50-b873-1ad6cac3d6dd,In Progress,fcfa6d25-ecd8-408f-a903-958477da116e
16443333-16ae-4418-a42d-872ed3dade52,Review,fcfa6d25-ecd8-408f-a903-958477da116e
2853937f-8d32-4620-8fed-99918fc2e6e1,Done,fcfa6d25-ecd8-408f-a903-958477da116e
17b486b5-7ae9-49ca-b9c4-4404b87f364f,Backlog,bf433d46-cb65-409c-bad8-467bcd3acea9
1d623bd0-5b87-496a-8911-7e1b06f8c8ef,Sprint Backlog,bf433d46-cb65-409c-bad8-467bcd3acea9
bd954151-8a3c-4a0e-b37c-7f180d8d3bd8,In Progress,bf433d46-cb65-409c-bad8-467bcd3acea9
d0b5fdb1-d82c-4840-bb09-11e5c2522ab7,Review,bf433d46-cb65-409c-bad8-467bcd3acea9
3891e54c-9ac1-4019-8031-b4effebcfff7,Done,bf433d46-cb65-409c-bad8-467bcd3acea9
c1709d1d-ac7a-41cc-8134-3d63d5759fdc,Ideas,e2a9eb02-6632-4cfc-b618-bc59997550d5
dfbf94f4-0593-4b65-a024-b9307da43df6,Planning,e2a9eb02-6632-4cfc-b618-bc59997550d5
23dfe992-74e5-402d-9879-b0c51ab2b4f0,Assets,e2a9eb02-6632-4cfc-b618-bc59997550d5
017dcd33-c75d-4bb4-a928-fe05fe0e8131,Scheduled,e2a9eb02-6632-4cfc-b618-bc59997550d5
8d58db75-8619-4247-a37a-63a386875c5d,Launched,e2a9eb02-6632-4cfc-b618-bc59997550d5
313f0e8a-4fd5-4ee6-aea6-1188996f06c5,To Do,964a39c1-8325-4bcd-ba82-9045f0aa2231
78725afb-7008-4417-9aff-80a5658377d4,In Progress,964a39c1-8325-4bcd-ba82-9045f0aa2231
58513f87-518a-44cb-8ec5-6d90abb14a65,Waiting,964a39c1-8325-4bcd-ba82-9045f0aa2231
242badbb-d70a-40ab-8f55-0a8eb1168f7f,Completed,964a39c1-8325-4bcd-ba82-9045f0aa2231
560d82d8-a5e4-4dd2-87e2-1ad92585354c,Ideas,337e1c87-2c06-4575-b519-e8ecf50162ce
868480b5-1ea3-41e0-95bd-c55035b01f83,Planning,337e1c87-2c06-4575-b519-e8ecf50162ce
165b0cf9-5aa3-4552-8ac7-d1e74b74bcca,Assets,337e1c87-2c06-4575-b519-e8ecf50162ce
5c1897ca-0e07-4057-96a9-b9d2961b5abf,Scheduled,337e1c87-2c06-4575-b519-e8ecf50162ce
4e6c2403-3ffd-45fa-96eb-ca7cf28c1394,Launched,337e1c87-2c06-4575-b519-e8ecf50162ce
5081fc63-d83b-471e-9ad1-9818c7382cb8,Backlog,033c5657-47e6-466c-93a7-0f27f826fbcb
c21e5c11-2444-4d9a-8c24-9f7dd8ae4e1e,Sprint Backlog,033c5657-47e6-466c-93a7-0f27f826fbcb
601caf1b-7a65-4803-98f1-d32dfc62392c,In Progress,033c5657-47e6-466c-93a7-0f27f826fbcb
1624cb1f-c7ea-4fa5-bd20-ca13aab3e281,Review,033c5657-47e6-466c-93a7-0f27f826fbcb
a4b04c13-feb5-4d25-ae8a-7a9e7bb7d790,Done,033c5657-47e6-466c-93a7-0f27f826fbcb
46c965ed-6dfc-4fa4-9db1-52035e5a5330,Backlog,15e493fa-418a-41d6-981b-780feb4584b5
7f47326c-a560-44dd-a421-5c65206f5cf7,Sprint Backlog,15e493fa-418a-41d6-981b-780feb4584b5
08333761-3251-41d5-b2cb-5e479620124d,In Progress,15e493fa-418a-41d6-981b-780feb4584b5
8e7cab2c-389f-4787-b6f9-a5884bf5e38a,Review,15e493fa-418a-41d6-981b-780feb4584b5
662db5dd-4b58-4f9e-9ce3-6bd96ba6bf26,Done,15e493fa-418a-41d6-981b-780feb4584b5
eb1bbeb6-b7a0-4da2-a395-c4fc0729f93b,To Do,fc7e5b39-b0c6-49ae-9b3f-d0386e8efbe6
0778c9cc-f8f0-40fb-97b1-f97f5f667410,In Progress,fc7e5b39-b0c6-49ae-9b3f-d0386e8efbe6
78f49c6f-cf29-4b73-9883-52bb10086e4f,Waiting,fc7e5b39-b0c6-49ae-9b3f-d0386e8efbe6
5433c091-ffbe-4507-98f9-66c3e641deb5,Completed,fc7e5b39-b0c6-49ae-9b3f-d0386e8efbe6
3ee89772-9308-4f50-a0d4-c51113d90fc7,To Do,0320106e-f3e4-46da-9b79-f5987170b54d
f9eb442c-0c0f-4abd-a1dc-dbf0f1e764be,In Progress,0320106e-f3e4-46da-9b79-f5987170b54d
bac41663-be6d-4d5f-82eb-dd146ba191a2,Waiting,0320106e-f3e4-46da-9b79-f5987170b54d
93fa9480-92ea-4854-ae80-c40d6f315a91,Completed,0320106e-f3e4-46da-9b79-f5987170b54d
4b5e2896-cfe4-4c84-af20-74953dff5d7e,To Do,ffd35ee6-fe0f-41a9-bd77-144c9154aff2
d5e00703-ab38-46c3-b583-25dbbc149cb7,In Progress,ffd35ee6-fe0f-41a9-bd77-144c9154aff2
fb9288c9-5004-4fa0-ab94-612343e5bd45,Waiting,ffd35ee6-fe0f-41a9-bd77-144c9154aff2
f121c56f-c9c6-41e5-bb72-109ec612e690,Completed,ffd35ee6-fe0f-41a9-bd77-144c9154aff2
8b02e774-b5ee-45bf-b0dc-7276afb10b1b,Backlog,fb2d53b9-5fc0-43b9-81ab-6fc1881ee732
9a767a04-0f46-411f-9b48-39eaa6dfce39,Sprint Backlog,fb2d53b9-5fc0-43b9-81ab-6fc1881ee732
68b7f43c-69ad-41ec-b042-fb417a6b633b,In Progress,fb2d53b9-5fc0-43b9-81ab-6fc1881ee732
b04da7dd-48f7-4d30-bac1-e0ed94531951,Review,fb2d53b9-5fc0-43b9-81ab-6fc1881ee732
3e5d13b3-0d29-40f8-83e1-fa80206864ea,Done,fb2d53b9-5fc0-43b9-81ab-6fc1881ee732
659777e9-5dca-4b91-adc7-9992b91ce973,Backlog,fee8a021-ba19-4f86-979b-4428d6aab46f
11481a8b-8efc-4c8a-913e-aca46c5fddd0,Sprint Backlog,fee8a021-ba19-4f86-979b-4428d6aab46f
eb826b7d-de6f-4d10-b8f1-424a230968a5,In Progress,fee8a021-ba19-4f86-979b-4428d6aab46f
4fdf6169-8651-4c07-b54e-d7ca97e79a79,Review,fee8a021-ba19-4f86-979b-4428d6aab46f
36dedb11-eb48-4772-9777-f493dd643d48,Done,fee8a021-ba19-4f86-979b-4428d6aab46f
cd8e621a-abe5-4097-9e5a-39ad9b03328f,Backlog,16244d70-224a-4d28-a5c5-faf6b1938e90
f8e2fdff-97f4-4f88-ba00-76a53607818d,Sprint Backlog,16244d70-224a-4d28-a5c5-faf6b1938e90
c44cc840-91cf-4e97-a3ab-32cef2e200e0,In Progress,16244d70-224a-4d28-a5c5-faf6b1938e90
c00a0d24-154f-4166-8478-a99629c890c0,Review,16244d70-224a-4d28-a5c5-faf6b1938e90
d9f13677-a2b2-4054-b660-1d1b7f0fbc9b,Done,16244d70-224a-4d28-a5c5-faf6b1938e90
d68066ac-0f70-43dc-b314-dd8702a6ca21,Backlog,d2778b37-cae5-4c70-928e-c203e54f362b
b6915556-f8ec-422a-8132-98c4c02c16ac,Sprint Backlog,d2778b37-cae5-4c70-928e-c203e54f362b
f98cc594-f273-4db3-95a5-b4612a17f2f5,In Progress,d2778b37-cae5-4c70-928e-c203e54f362b
574fdd8f-5e56-4c3a-9107-d03b541153c3,Review,d2778b37-cae5-4c70-928e-c203e54f362b
46bc6401-0bdc-441d-bcb6-ec04c0073a36,Done,d2778b37-cae5-4c70-928e-c203e54f362b
65d8029b-90f8-425d-b6b4-03e578566fc4,Backlog,70580c37-795b-4068-8c28-fe7884b56dbc
eb9d1418-c385-4518-b97b-3385addab438,Sprint Backlog,70580c37-795b-4068-8c28-fe7884b56dbc
204b5b8f-869a-457a-a4b0-25383b62a66e,In Progress,70580c37-795b-4068-8c28-fe7884b56dbc
5685b72c-769e-490f-8d1d-36a0adc973d0,Review,70580c37-795b-4068-8c28-fe7884b56dbc
ba2461da-c509-4b81-863d-4c8bcdd48bef,Done,70580c37-795b-4068-8c28-fe7884b56dbc
9bad71c3-9df3-448e-aadf-b12b740fdb74,Ideas,ce1cfec8-6213-4d0e-ac9f-18d33ea718b1
f37c93f4-ffcc-4e5c-b146-ddf683acafcb,Planning,ce1cfec8-6213-4d0e-ac9f-18d33ea718b1
33d2e678-65e5-4278-ba90-f551a03e70b3,Assets,ce1cfec8-6213-4d0e-ac9f-18d33ea718b1
78d6b8e0-5706-49c3-9982-b92482d7f13d,Scheduled,ce1cfec8-6213-4d0e-ac9f-18d33ea718b1
1e490596-7b34-42fe-a30a-05312274e04c,Launched,ce1cfec8-6213-4d0e-ac9f-18d33ea718b1
be85adbd-072d-4725-8d48-c5c434695b70,To Do,7f13eb67-b37b-4558-827c-2f369f646feb
e1dce374-3452-4d5b-b3bc-b85178271893,In Progress,7f13eb67-b37b-4558-827c-2f369f646feb
5b6172e4-8297-4cec-aad7-a38620e62b64,Waiting,7f13eb67-b37b-4558-827c-2f369f646feb
d4133909-690a-4fd7-adb1-ca2ce73c1aa2,Completed,7f13eb67-b37b-4558-827c-2f369f646feb
a581bb8e-0c59-4a86-b778-12abbd49f130,Backlog,0a34ef39-886a-4dbe-a343-3969ddc6e089
9b552572-8320-4b77-baf4-bda3fc42316f,Sprint Backlog,0a34ef39-886a-4dbe-a343-3969ddc6e089
11f4884b-97cc-42d4-b080-7bb2acf5096c,In Progress,0a34ef39-886a-4dbe-a343-3969ddc6e089
2906d4f1-1307-4a2b-8c53-73cfa73edb16,Review,0a34ef39-886a-4dbe-a343-3969ddc6e089
1b604ee4-cbf6-4e01-bc7c-13f34ba31ef9,Done,0a34ef39-886a-4dbe-a343-3969ddc6e089
789f3458-b35b-44f2-830f-01ad9a82daa0,Ideas,6d01b197-ed60-47d3-9e24-624c07fcf1e1
f2f41ba1-1783-483f-85a0-3a4da8954c47,Planning,6d01b197-ed60-47d3-9e24-624c07fcf1e1
53106ca4-91be-4699-92f1-e1c25edde351,Assets,6d01b197-ed60-47d3-9e24-624c07fcf1e1
5aaface5-b709-4c0a-97b3-c4ec3125b68c,Scheduled,6d01b197-ed60-47d3-9e24-624c07fcf1e1
ce746714-2cf2-4544-950e-a0fe4028a9f5,Launched,6d01b197-ed60-47d3-9e24-624c07fcf1e1
03a37bed-e837-4a97-8c6f-d3ccd38bc0ab,Ideas,e07c4dcb-c657-4fc0-adcf-bdb0c0f529d4
cadfd90e-7096-4884-815d-3b2c208eac1e,Planning,e07c4dcb-c657-4fc0-adcf-bdb0c0f529d4
f32541f2-3070-431d-a699-8b51d033acfb,Assets,e07c4dcb-c657-4fc0-adcf-bdb0c0f529d4
b0062bf5-8f64-4e3a-990e-1af13c37cd28,Scheduled,e07c4dcb-c657-4fc0-adcf-bdb0c0f529d4
909c98e9-73f3-4841-b92c-093d834906b7,Launched,e07c4dcb-c657-4fc0-adcf-bdb0c0f529d4
a0bb291e-220d-4ba3-9df3-45c543cedd37,Ideas,df54d34c-e807-4e83-94a3-a7f5e8b26a65
8721e0cc-7e0f-4237-8060-415d8278c73f,Planning,df54d34c-e807-4e83-94a3-a7f5e8b26a65
4d881afc-17cd-487f-ba3c-d2d22db9900f,Assets,df54d34c-e807-4e83-94a3-a7f5e8b26a65
9911e458-91ce-4784-9866-b0278ad72d80,Scheduled,df54d34c-e807-4e83-94a3-a7f5e8b26a65
2248e3e5-5f47-4d12-a871-5034028a040c,Launched,df54d34c-e807-4e83-94a3-a7f5e8b26a65
ea9b5766-e5e1-4a57-b644-2fa2290ccfd8,Ideas,19700a2d-0aa0-45a5-a38f-53a083c88f73
1b208e91-735d-4f77-a31f-9b12655a4d5b,Planning,19700a2d-0aa0-45a5-a38f-53a083c88f73
f333ad5c-5499-46d4-99d0-8c3a9246f93e,Assets,19700a2d-0aa0-45a5-a38f-53a083c88f73
3e0cc6d5-4f17-45e2-afd8-4eafb151bacc,Scheduled,19700a2d-0aa0-45a5-a38f-53a083c88f73
dd515b5f-6c39-4398-967a-302a1c3633e1,Launched,19700a2d-0aa0-45a5-a38f-53a083c88f73
85bc0ff6-db3f-400b-b131-59ca805cba29,Ideas,a1ae92ea-92ff-4272-be9e-8e76f7307eaf
9e39f3fa-2a99-48f8-9c7f-882a4b74d8a3,Planning,a1ae92ea-92ff-4272-be9e-8e76f7307eaf
401a3d85-61b0-4537-9bd1-0b05bae7bbfc,Assets,a1ae92ea-92ff-4272-be9e-8e76f7307eaf
a87e85c0-a7e3-4b74-9c22-6fce1fbd8ffc,Scheduled,a1ae92ea-92ff-4272-be9e-8e76f7307eaf
eb90388f-6276-42d9-8798-b6959f1aaba6,Launched,a1ae92ea-92ff-4272-be9e-8e76f7307eaf
8b88f182-6f88-4e67-81d7-59e6a178e634,To Do,8da42ea5-46d3-434f-bbd5-8b0c7fd95bb3
d5c418c0-0193-4f83-9443-f79caa777e85,In Progress,8da42ea5-46d3-434f-bbd5-8b0c7fd95bb3
c807ff60-9baa-4b0e-aac8-a47289cdca9e,Waiting,8da42ea5-46d3-434f-bbd5-8b0c7fd95bb3
d2c895f3-da93-4870-850c-34c1cee2e2dd,Completed,8da42ea5-46d3-434f-bbd5-8b0c7fd95bb3
d8a556a1-efab-42a3-8277-bd7f5a0f256c,Backlog,c8c8c32a-b95d-417f-85cb-f74376a324b6
73f2d03d-a91c-47da-b321-8c871ebdd37d,Sprint Backlog,c8c8c32a-b95d-417f-85cb-f74376a324b6
7e0d65bb-e53d-454f-8fef-25496810a51a,In Progress,c8c8c32a-b95d-417f-85cb-f74376a324b6
1cee0ed2-69ad-4496-9cae-2689ce15f203,Review,c8c8c32a-b95d-417f-85cb-f74376a324b6
c7b07700-63cb-437a-a320-8ba268d6abbb,Done,c8c8c32a-b95d-417f-85cb-f74376a324b6
a22e638f-229d-4a50-b3d1-1fec4879dd2a,Backlog,77be959d-2fae-4396-a061-f70cc27bdebd
e62b1eea-c90a-466a-b8c5-005f6d52c3a2,Sprint Backlog,77be959d-2fae-4396-a061-f70cc27bdebd
7dda057c-27fd-40dc-9009-8d9b368d54d8,In Progress,77be959d-2fae-4396-a061-f70cc27bdebd
c8d731a0-70a8-4c79-9501-ca394066d2eb,Review,77be959d-2fae-4396-a061-f70cc27bdebd
6e4177d3-07dd-4725-add7-aeddc23168fb,Done,77be959d-2fae-4396-a061-f70cc27bdebd
659be5b9-78f8-4819-9214-f8770fb34640,Backlog,889effa1-37b6-4644-ae89-22b7c22c937e
5e1be0b5-18ce-4a74-bf0e-ff113c100f73,Sprint Backlog,889effa1-37b6-4644-ae89-22b7c22c937e
9f2e91c7-b0fc-46c7-8a26-994ade8a5c2e,In Progress,889effa1-37b6-4644-ae89-22b7c22c937e
56f3fb20-3bce-480c-8043-ae9af3eb57fa,Review,889effa1-37b6-4644-ae89-22b7c22c937e
d5c3ea9f-a5a7-4744-9f1b-8350d40a79ba,Done,889effa1-37b6-4644-ae89-22b7c22c937e
0d5b3f75-de6b-451f-9d90-c6704bc9395e,Ideas,44cc7e09-aee7-46fe-b230-4daafacf64f3
0aae697f-cd22-41ef-893a-bc356d2de36c,Planning,44cc7e09-aee7-46fe-b230-4daafacf64f3
06b978d4-2ca2-432a-bdbf-817c5dae9c89,Assets,44cc7e09-aee7-46fe-b230-4daafacf64f3
7586549d-fab7-4a10-b251-3da7b3f931ac,Scheduled,44cc7e09-aee7-46fe-b230-4daafacf64f3
39081a3a-33ea-4271-bd3d-263cf43262e0,Launched,44cc7e09-aee7-46fe-b230-4daafacf64f3
05b0a050-b144-4a75-81d8-b71336afac00,Ideas,67355461-a1d2-43fb-85e6-01bf7d56f385
8559b0cd-8cd8-4796-b8f2-3e6ff91b71e7,Planning,67355461-a1d2-43fb-85e6-01bf7d56f385
791935ab-b7cf-4b51-ae5c-a9fcd51bca41,Assets,67355461-a1d2-43fb-85e6-01bf7d56f385
1bb488e7-c04b-4f23-8595-1dd9cd9b5118,Scheduled,67355461-a1d2-43fb-85e6-01bf7d56f385
9389becf-111b-4d2a-82b8-8ba1863b92a8,Launched,67355461-a1d2-43fb-85e6-01bf7d56f385
d5ce1c02-9821-4c2f-a408-0d9244ae50a9,To Do,5c4ad516-a5c3-46c3-83ee-e842834c0cb5
db259b90-81ed-4d96-816b-293778b47cd6,In Progress,5c4ad516-a5c3-46c3-83ee-e842834c0cb5
609bafbe-bb23-4992-9f0b-dc7a2a3c27aa,Waiting,5c4ad516-a5c3-46c3-83ee-e842834c0cb5
808b06d2-85d6-41df-ae3b-68f4f1c05158,Completed,5c4ad516-a5c3-46c3-83ee-e842834c0cb5
607ffed3-38a7-43fb-b8b3-a4f1df87a578,Ideas,e488aa9d-2d51-47bb-81cc-e4a5cb4d638c
14f1e331-0dfe-4c0d-82e2-e18925761004,Planning,e488aa9d-2d51-47bb-81cc-e4a5cb4d638c
90c921c0-5c0a-4c40-b977-9f2822d1c9b5,Assets,e488aa9d-2d51-47bb-81cc-e4a5cb4d638c
17999b91-4e08-4565-a7f8-e9633945de2d,Scheduled,e488aa9d-2d51-47bb-81cc-e4a5cb4d638c
3e0f0868-cbf6-4e58-97b3-156246202c12,Launched,e488aa9d-2d51-47bb-81cc-e4a5cb4d638c
5e33e15c-e34d-48e4-be90-dff7b9eb116f,Backlog,f28df707-0b5b-41ed-98eb-4b587a7d1834
bb2f8da6-0e5c-4901-abd1-10acee85f611,Sprint Backlog,f28df707-0b5b-41ed-98eb-4b587a7d1834
1278c498-5582-470d-b3b9-f96be85cbe38,In Progress,f28df707-0b5b-41ed-98eb-4b587a7d1834
8e1bab87-e59c-4128-82de-b9c24f9e96b2,Review,f28df707-0b5b-41ed-98eb-4b587a7d1834
6352f02e-80fb-433f-a632-6525e059ed6e,Done,f28df707-0b5b-41ed-98eb-4b587a7d1834
12199546-47dd-45b5-8d24-98bed1e89998,Ideas,d1d841ce-b546-4c07-ae4f-7f855a17e2f5
c0d4868b-2cc7-4598-a44b-92da74097d8d,Planning,d1d841ce-b546-4c07-ae4f-7f855a17e2f5
d66e1950-0166-4fed-8bd5-51cf23633b78,Assets,d1d841ce-b546-4c07-ae4f-7f855a17e2f5
4988a130-a293-4f61-af17-5a63dbfa5c0a,Scheduled,d1d841ce-b546-4c07-ae4f-7f855a17e2f5
d8dfbce8-bf4f-40de-86ae-c65821be2f78,Launched,d1d841ce-b546-4c07-ae4f-7f855a17e2f5
35100025-883c-49b1-a146-a5c562edac3c,To Do,c71f6d5a-b6b9-4463-ae53-0268a16b0aee
07980b0e-e935-4604-adc9-eda026c2f2f9,In Progress,c71f6d5a-b6b9-4463-ae53-0268a16b0aee
0dc16549-a6d9-4164-b057-62257e50a062,Waiting,c71f6d5a-b6b9-4463-ae53-0268a16b0aee
89db0ba4-977f-4bbf-a54f-e0b8ece461b8,Completed,c71f6d5a-b6b9-4463-ae53-0268a16b0aee
7a7133a0-26e6-49d8-82f1-ce451e406910,Ideas,e176fb72-5698-4f97-83e8-15654fc4ee68
6f5c29cb-60cc-40a3-bc0d-eb3d7e7e36f5,Planning,e176fb72-5698-4f97-83e8-15654fc4ee68
4f0e32e6-73f6-4a0c-9a80-1058893936e5,Assets,e176fb72-5698-4f97-83e8-15654fc4ee68
ad80988f-6735-4ef7-ac5a-52c8a87eefa1,Scheduled,e176fb72-5698-4f97-83e8-15654fc4ee68
a1fde3c0-f178-4d1b-9096-acd46b4222a4,Launched,e176fb72-5698-4f97-83e8-15654fc4ee68
0861ca9b-fba3-466b-90ae-7a0ef0164c1a,Ideas,4d96ea00-ff24-47ff-95dd-76af5182d9a2
f8a446fa-d7d3-47e1-a570-f72a05e1817c,Planning,4d96ea00-ff24-47ff-95dd-76af5182d9a2
cd013a64-372b-4d12-bfd3-36f255cefbd8,Assets,4d96ea00-ff24-47ff-95dd-76af5182d9a2
c8661b58-ce7d-4851-8de1-80ea11d54222,Scheduled,4d96ea00-ff24-47ff-95dd-76af5182d9a2
c88b7ecf-5a8e-440b-a4d9-e878d11659ae,Launched,4d96ea00-ff24-47ff-95dd-76af5182d9a2
5a80ab6e-e098-4ca7-9ea7-dee0658cb356,To Do,b695c774-d3e1-4856-bc9e-912a56cbf6ce
664dfe89-f9b7-4344-81b0-70b70bf42dcf,In Progress,b695c774-d3e1-4856-bc9e-912a56cbf6ce
8c15bace-afb6-4bea-81ff-115270b414ff,Waiting,b695c774-d3e1-4856-bc9e-912a56cbf6ce
4628ca74-971d-478e-8759-01165a5a7f76,Completed,b695c774-d3e1-4856-bc9e-912a56cbf6ce
563b5386-2c4c-41e2-aa22-90e50cbf0799,Ideas,eb99678e-1848-430e-aa1e-6b9199a6f8d1
be2b8667-279e-4af3-ad92-7742225a296a,Planning,eb99678e-1848-430e-aa1e-6b9199a6f8d1
59522854-279a-4b85-9955-474b21b2564e,Assets,eb99678e-1848-430e-aa1e-6b9199a6f8d1
e29f8055-303b-4b3a-9236-22616d0cb9f9,Scheduled,eb99678e-1848-430e-aa1e-6b9199a6f8d1
7923feb2-50fe-4bd9-b3f1-b03ca2754cb2,Launched,eb99678e-1848-430e-aa1e-6b9199a6f8d1
9f56f84a-aa32-4a9c-ad47-a9fbd2bb8211,Backlog,1f68a12d-507e-46c6-835c-9f7e162e7d20
d6249728-7ffb-41ce-9d84-bbf3a3f45bd6,Sprint Backlog,1f68a12d-507e-46c6-835c-9f7e162e7d20
e51ca49a-d4ff-4c18-8ff8-cc373d390107,In Progress,1f68a12d-507e-46c6-835c-9f7e162e7d20
84b354e9-88d3-48ee-956a-b91e9d555f41,Review,1f68a12d-507e-46c6-835c-9f7e162e7d20
15165d29-1a30-405b-9252-5c3bf1a81cd6,Done,1f68a12d-507e-46c6-835c-9f7e162e7d20
547e999a-8484-4534-9e8e-7d762f0397bc,To Do,863a3774-aced-4d71-80f7-c5512e39c297
27647115-e46b-4979-a826-de98a8a09a3a,In Progress,863a3774-aced-4d71-80f7-c5512e39c297
6478e9f9-6e8a-4c51-ab01-0fda7da1dcfd,Waiting,863a3774-aced-4d71-80f7-c5512e39c297
7eff2fa2-8551-4697-8b94-497a62382b14,Completed,863a3774-aced-4d71-80f7-c5512e39c297
3c5c938e-4973-431f-849b-1459b83cd6f1,To Do,b44d6ad0-7385-47f3-9f74-27304d7d986a
e069f8b2-cb33-4d4b-8829-18df443c2e82,In Progress,b44d6ad0-7385-47f3-9f74-27304d7d986a
a89c15af-934c-48ec-8a6c-ad837f242e6a,Waiting,b44d6ad0-7385-47f3-9f74-27304d7d986a
3ca54325-0e5d-4bf0-948b-fcf512a00330,Completed,b44d6ad0-7385-47f3-9f74-27304d7d986a
e2eeccfc-b938-4ae9-89ce-91e8d0477ff1,Ideas,01e89f89-da4e-43fb-9eb3-467d57ec1386
9f978597-b6cc-4d14-9bf5-cacf911dea84,Planning,01e89f89-da4e-43fb-9eb3-467d57ec1386
924b4ecc-4c58-4a67-848e-dc37cdd1ceab,Assets,01e89f89-da4e-43fb-9eb3-467d57ec1386
d5b12c74-6aec-49df-a807-de56eef15507,Scheduled,01e89f89-da4e-43fb-9eb3-467d57ec1386
0787155a-6d56-47f6-9b95-4f07f077bf47,Launched,01e89f89-da4e-43fb-9eb3-467d57ec1386
6709e32a-ddb5-4fd2-bd6c-a5e41b69e339,Backlog,bdb514a2-9535-4895-89fd-0c312f196c8e
3bcd05c6-5a95-497b-9378-392b309b4341,Sprint Backlog,bdb514a2-9535-4895-89fd-0c312f196c8e
d145611e-a575-4370-9f14-4ecbdb069a3a,In Progress,bdb514a2-9535-4895-89fd-0c312f196c8e
9aa24875-835e-4449-9e8f-203952fd8ef7,Review,bdb514a2-9535-4895-89fd-0c312f196c8e
f9531d4d-8bdb-44db-a9c8-50dff73a4b25,Done,bdb514a2-9535-4895-89fd-0c312f196c8e
c1f762b0-b70b-433a-aeb6-68c8eb453b8d,Backlog,7696e219-d883-4cd6-9952-926c4d1bbf6e
4a3de1df-f2b0-4a65-bd65-3fb4dfc3c52b,Sprint Backlog,7696e219-d883-4cd6-9952-926c4d1bbf6e
d14ef53f-fe07-419b-a6a6-c04b476f97b3,In Progress,7696e219-d883-4cd6-9952-926c4d1bbf6e
e125d1bd-410f-4ba6-b171-135b2927a3dc,Review,7696e219-d883-4cd6-9952-926c4d1bbf6e
90ebfe80-c0b2-4194-8287-00f507f7c59c,Done,7696e219-d883-4cd6-9952-926c4d1bbf6e
7f7fad03-2916-4b86-8b2d-3af27b0e01a5,To Do,22a317cf-dce8-4aec-92c5-7697647f7be1
a3553b7a-4d5b-4fed-b255-c03cf6083567,In Progress,22a317cf-dce8-4aec-92c5-7697647f7be1
dc430b11-787a-42e4-9ce7-f1c25bf28368,Waiting,22a317cf-dce8-4aec-92c5-7697647f7be1
77152743-7eca-4520-a072-455e7529b291,Completed,22a317cf-dce8-4aec-92c5-7697647f7be1
c24bbf66-e6ad-4b2a-947e-f3ac70e78316,Backlog,7a373798-7f4e-46d3-8de8-4ee3fc157678
58665432-6450-4f39-bb0a-ababd0bab9bd,Sprint Backlog,7a373798-7f4e-46d3-8de8-4ee3fc157678
11629701-8a59-4ca5-a863-7aa0a3ccea01,In Progress,7a373798-7f4e-46d3-8de8-4ee3fc157678
1a035ba9-84e1-40e3-959b-e2d7c4085f25,Review,7a373798-7f4e-46d3-8de8-4ee3fc157678
548be1a8-d6de-4969-92bf-384eed45a2e7,Done,7a373798-7f4e-46d3-8de8-4ee3fc157678
f2e39070-34da-45b2-ae25-ab8c8b6b2979,Ideas,3b65bf5c-d1bc-4bde-91b1-85ac2f666509
f083f243-4580-4ef6-bdda-83329be09fe3,Planning,3b65bf5c-d1bc-4bde-91b1-85ac2f666509
fa5a158f-0f93-4cb3-9243-93db3d4cd174,Assets,3b65bf5c-d1bc-4bde-91b1-85ac2f666509
5b9ce3ef-f15c-4210-9ddc-1463d35ab7c4,Scheduled,3b65bf5c-d1bc-4bde-91b1-85ac2f666509
b3386d9e-495e-4a55-87ba-36c6cb8994cc,Launched,3b65bf5c-d1bc-4bde-91b1-85ac2f666509
6ca39bac-34ef-4dbd-a6e1-78fb58136ecb,Backlog,4e69ff36-e81c-43da-8b89-15c2b3ad33cc
fcbe2369-f447-43d3-8d15-8db1a40e58b9,Sprint Backlog,4e69ff36-e81c-43da-8b89-15c2b3ad33cc
24f9f8b9-a065-4178-98cc-fe64f5fba8eb,In Progress,4e69ff36-e81c-43da-8b89-15c2b3ad33cc
e8063e32-92dd-4f0c-9673-8a0c3eb06527,Review,4e69ff36-e81c-43da-8b89-15c2b3ad33cc
4c2a773e-6b6e-4db5-920a-07f25dc7764e,Done,4e69ff36-e81c-43da-8b89-15c2b3ad33cc
7102cb81-e4f9-4b51-8d5d-43067aaa6a3c,Ideas,7cd48ac8-9e9c-4e1a-943c-0fe93fb2b578
26bdb012-89bf-44ce-b91c-b048e0758cdb,Planning,7cd48ac8-9e9c-4e1a-943c-0fe93fb2b578
3f59f8e2-9156-429c-8de6-de80717d41e2,Assets,7cd48ac8-9e9c-4e1a-943c-0fe93fb2b578
58b80b34-a55d-42d6-887c-ab30cce3c4a0,Scheduled,7cd48ac8-9e9c-4e1a-943c-0fe93fb2b578
ac88a2a5-9b6f-4fe3-8113-f38e98d07eb9,Launched,7cd48ac8-9e9c-4e1a-943c-0fe93fb2b578
11abe019-b818-4054-817b-5e4e345d237b,To Do,12cda634-e9f7-4f39-bdea-a1c3721b432b
af7ea118-5bd9-4b31-b0d9-57f96555ca21,In Progress,12cda634-e9f7-4f39-bdea-a1c3721b432b
060e55c3-1e93-4313-9185-896447f72690,Waiting,12cda634-e9f7-4f39-bdea-a1c3721b432b
ef2d4ed6-af22-4d27-b0b7-42f1537864a8,Completed,12cda634-e9f7-4f39-bdea-a1c3721b432b
5738cb38-19d1-4075-9f52-66628a4179a7,Backlog,16609d78-26e4-4e16-97c4-681b198769a9
7f8916de-f593-45c2-bf76-a4699855f284,Sprint Backlog,16609d78-26e4-4e16-97c4-681b198769a9
273a9393-d832-4677-b718-7865ef2aa14d,In Progress,16609d78-26e4-4e16-97c4-681b198769a9
d6905c82-515b-4172-99fd-3e5452b71842,Review,16609d78-26e4-4e16-97c4-681b198769a9
be70f656-deae-4ef6-9ec7-b88114b7737e,Done,16609d78-26e4-4e16-97c4-681b198769a9
9d2d493b-143a-4e04-ab13-6ec01dda4f66,Backlog,e63963c1-8101-43ee-8d7e-2708b21db1fa
47bc7fc6-2064-4d01-bc8e-16b982109d30,Sprint Backlog,e63963c1-8101-43ee-8d7e-2708b21db1fa
15f18c61-56c7-4bc9-a0fb-d1a44c607d68,In Progress,e63963c1-8101-43ee-8d7e-2708b21db1fa
009dca43-3b91-4c25-bda2-d07b4740cb30,Review,e63963c1-8101-43ee-8d7e-2708b21db1fa
83484adc-67c6-4a3b-869d-50d082cfb02c,Done,e63963c1-8101-43ee-8d7e-2708b21db1fa
7a34b72b-b305-4c5f-afaa-7861c68a56c8,To Do,acd8c986-bc57-4fa5-ba48-8562245eec33
ed532d42-8b84-4a04-91c1-1167e162a94e,In Progress,acd8c986-bc57-4fa5-ba48-8562245eec33
f4861262-3aff-4a85-8414-ce3ad72b0e2c,Waiting,acd8c986-bc57-4fa5-ba48-8562245eec33
5741adc4-9af3-41cc-96a6-20d89d282262,Completed,acd8c986-bc57-4fa5-ba48-8562245eec33
ac2e54c2-1668-4f18-88bd-4d0b3409bc76,Ideas,5813d1c1-a820-4e31-aa36-14af58d3b68b
65856c4a-3e9e-46e6-8552-1eefd32af50b,Planning,5813d1c1-a820-4e31-aa36-14af58d3b68b
a37e4e17-342c-4703-9e18-5283b6232194,Assets,5813d1c1-a820-4e31-aa36-14af58d3b68b
df63076f-dffb-4d0f-9e8d-762303d28695,Scheduled,5813d1c1-a820-4e31-aa36-14af58d3b68b
c35556fb-01af-45c4-a4b2-2aba287295d4,Launched,5813d1c1-a820-4e31-aa36-14af58d3b68b
572f31ba-c61a-4780-b7f3-c7284876e83b,To Do,8f8498a7-f067-4042-99fc-1d071e54f3c3
8858d8ec-7096-4569-a513-903d14cfd1b9,In Progress,8f8498a7-f067-4042-99fc-1d071e54f3c3
44a21fd9-6e31-478d-bbdc-6eabce303679,Waiting,8f8498a7-f067-4042-99fc-1d071e54f3c3
2af2aa39-d43b-420b-9f92-a2b8e5f8e6ce,Completed,8f8498a7-f067-4042-99fc-1d071e54f3c3
c8b46008-ae45-4d0e-8615-3c906308c24e,Ideas,dc37179b-985d-4b70-8183-a56a707ab9e1
854c119d-4bc2-4e3b-9a18-00d0d8c15ee1,Planning,dc37179b-985d-4b70-8183-a56a707ab9e1
f8b9d98a-e34b-49b3-b0bf-79fb9dc62fed,Assets,dc37179b-985d-4b70-8183-a56a707ab9e1
da4004c5-1ed4-49f5-8434-0c2badef0450,Scheduled,dc37179b-985d-4b70-8183-a56a707ab9e1
f63175f1-c363-477b-9cf7-1dc6679feda0,Launched,dc37179b-985d-4b70-8183-a56a707ab9e1
aa0823be-df63-4e58-b52d-f8e3c8a9a64f,To Do,f07f7597-c28c-4e1b-9cf0-de7eaf1c7d25
7fb0bf16-62c1-4b7e-bc53-7fb4646f258b,In Progress,f07f7597-c28c-4e1b-9cf0-de7eaf1c7d25
cac084a6-7690-44b4-95b0-d053862ef6b8,Waiting,f07f7597-c28c-4e1b-9cf0-de7eaf1c7d25
9030c730-4e21-4d9e-868e-64e9bb68fb9b,Completed,f07f7597-c28c-4e1b-9cf0-de7eaf1c7d25
377d4c6c-ec08-47b0-862f-f693cc189057,Ideas,e0d65aa2-0ea6-4741-a90b-c7544a5d03d7
0f1e056b-530a-4dd6-b556-732d5264f35c,Planning,e0d65aa2-0ea6-4741-a90b-c7544a5d03d7
64c0d55e-a884-4db2-bb70-4f8941491dec,Assets,e0d65aa2-0ea6-4741-a90b-c7544a5d03d7
ea618d96-eada-4f0b-a0b9-e70aebe80380,Scheduled,e0d65aa2-0ea6-4741-a90b-c7544a5d03d7
e7ca2445-2b04-4032-8ee1-c0dcf0b2426e,Launched,e0d65aa2-0ea6-4741-a90b-c7544a5d03d7
35119681-4edb-45a2-ae26-ad276cc3f0e1,To Do,07a966a5-a926-49c8-a06d-a6ed865b9db9
7d35b521-8c17-46c1-a6c7-95baaa26f031,In Progress,07a966a5-a926-49c8-a06d-a6ed865b9db9
b4e910f9-75c4-4826-8b8d-ad5e62fdae01,Waiting,07a966a5-a926-49c8-a06d-a6ed865b9db9
fae465d9-ffa3-4bd9-8bba-cf16dcf607f2,Completed,07a966a5-a926-49c8-a06d-a6ed865b9db9
f1edbee0-cb74-48f6-892d-684963f65849,Ideas,70facc49-e2cb-4fd1-b923-ee274e5b70d0
6cb5d500-98ad-4ccb-ae37-73896d1448ee,Planning,70facc49-e2cb-4fd1-b923-ee274e5b70d0
14a8733d-f217-4bce-a0a4-6a2a0a303315,Assets,70facc49-e2cb-4fd1-b923-ee274e5b70d0
9ff59290-6e68-4d7d-9f1c-c6efa72d3d29,Scheduled,70facc49-e2cb-4fd1-b923-ee274e5b70d0
203af175-f82c-44c2-be65-595a7da43f46,Launched,70facc49-e2cb-4fd1-b923-ee274e5b70d0
78e241e5-0200-4099-a144-3991559c42c5,Ideas,b9d72914-1c17-4bd9-8de5-c7e4ef873036
bf7cf8ed-1ff5-4ade-9a39-39804636c191,Planning,b9d72914-1c17-4bd9-8de5-c7e4ef873036
87ada304-5d25-459f-bdc4-30b3b0c2821f,Assets,b9d72914-1c17-4bd9-8de5-c7e4ef873036
4511f40c-0474-4604-a358-60033addfd70,Scheduled,b9d72914-1c17-4bd9-8de5-c7e4ef873036
b455a6a3-d38a-4de3-903b-fe3b491c3d91,Launched,b9d72914-1c17-4bd9-8de5-c7e4ef873036
33017c48-899b-4935-94af-f40058118ff9,Ideas,15826fee-e262-4683-aadf-0ecab8ca3677
b58f3231-b378-4996-8ee0-b95f4d4cd822,Planning,15826fee-e262-4683-aadf-0ecab8ca3677
c2898baf-7c1f-4980-a747-c0888fae6e9d,Assets,15826fee-e262-4683-aadf-0ecab8ca3677
042c0f63-a39e-4990-9a87-a7bb491a44e9,Scheduled,15826fee-e262-4683-aadf-0ecab8ca3677
c1d6892f-b78c-4046-815e-04f820eefa91,Launched,15826fee-e262-4683-aadf-0ecab8ca3677
091b79fd-c3d9-4051-bccc-9a546a417860,Ideas,3f47f454-6b45-4bb1-9650-bbb2e0995215
ab0b5538-84bf-49e3-92ba-361008a3c55f,Planning,3f47f454-6b45-4bb1-9650-bbb2e0995215
2d243284-2059-4280-8fd7-4892a73d8158,Assets,3f47f454-6b45-4bb1-9650-bbb2e0995215
55c34ea6-2319-4556-b7b3-4f43d3a8f216,Scheduled,3f47f454-6b45-4bb1-9650-bbb2e0995215
e9facfbf-4042-47da-a4c3-d429120bd8ea,Launched,3f47f454-6b45-4bb1-9650-bbb2e0995215
8b88ce1a-30a3-4fa3-8e4a-7df729b08c15,Backlog,ee6d96b1-b6ab-4e65-955e-169d029b0835
3ce7b463-d1b9-43cb-a234-1e83a7eaafe0,Sprint Backlog,ee6d96b1-b6ab-4e65-955e-169d029b0835
d18199cf-c090-4575-92be-c249bf49a259,In Progress,ee6d96b1-b6ab-4e65-955e-169d029b0835
9d49b892-6f57-4b60-a4a7-3e4c18835528,Review,ee6d96b1-b6ab-4e65-955e-169d029b0835
a558fb96-c4b0-442c-83ec-a2a44aa577d9,Done,ee6d96b1-b6ab-4e65-955e-169d029b0835
e16f29a9-8ad8-4e4c-8314-c6fc17212dbd,Backlog,591dbd52-68cf-4eaf-b615-928f2048eb37
f1e69e14-17ca-4c3a-ab7e-6e5a4b697ce4,Sprint Backlog,591dbd52-68cf-4eaf-b615-928f2048eb37
2368eaf7-a9ce-42e5-884c-15fd376774a0,In Progress,591dbd52-68cf-4eaf-b615-928f2048eb37
1f76e2de-b4df-4ba5-846d-5b5cfa9cdc93,Review,591dbd52-68cf-4eaf-b615-928f2048eb37
8e4435c7-106b-4216-8e58-987ad9cd0522,Done,591dbd52-68cf-4eaf-b615-928f2048eb37
9ca9df00-07be-4be9-a819-a67fb6b7c948,Ideas,d1a766fc-9b3f-48ae-8987-8ae52a0a6687
97861ca7-85be-4693-ba62-377397594437,Planning,d1a766fc-9b3f-48ae-8987-8ae52a0a6687
fd9eef22-5f3e-4f8a-84f9-ddaf47b5a881,Assets,d1a766fc-9b3f-48ae-8987-8ae52a0a6687
8a6cadcf-20c2-41c4-ac7b-696d5145cf5f,Scheduled,d1a766fc-9b3f-48ae-8987-8ae52a0a6687
d51b9d8c-d15c-4f99-880c-9fbffecbf9dd,Launched,d1a766fc-9b3f-48ae-8987-8ae52a0a6687
a73c3a86-2e90-4784-bacb-58ff9edccd0c,To Do,fc7c860f-dca4-4b56-988c-4f8ce848e76c
72579ca3-e4f1-48cc-993f-bbb9f9ceae09,In Progress,fc7c860f-dca4-4b56-988c-4f8ce848e76c
243d8475-dd2e-4294-8abb-c4f8b2641132,Waiting,fc7c860f-dca4-4b56-988c-4f8ce848e76c
3f9ea49c-481a-4974-ba10-77dfb1e07ea0,Completed,fc7c860f-dca4-4b56-988c-4f8ce848e76c
a162668e-567b-4dfe-a0d7-fe2409d290e9,Ideas,214b3057-845c-44de-b442-1e1eb8811b66
b10c850d-5bef-4c22-8f64-04b155d4f40b,Planning,214b3057-845c-44de-b442-1e1eb8811b66
9e62aff9-e8f7-442a-8cdc-c26a510bf62f,Assets,214b3057-845c-44de-b442-1e1eb8811b66
5cebcd7e-d431-4e03-9a05-ea572a28898b,Scheduled,214b3057-845c-44de-b442-1e1eb8811b66
babadf93-7f95-44e1-b61e-a67ed70ae523,Launched,214b3057-845c-44de-b442-1e1eb8811b66
0ac3426d-520b-4f88-9ff6-e87c47463f7e,Ideas,bde45391-85b8-4d41-a74d-6255ecc50986
4fe93073-c34e-4b06-8e5a-66a6d12c5bf1,Planning,bde45391-85b8-4d41-a74d-6255ecc50986
c0c606e8-41f4-442d-b5c2-172fc6d486df,Assets,bde45391-85b8-4d41-a74d-6255ecc50986
9dbe1b6c-703d-43be-9f2f-6b2858e07cb9,Scheduled,bde45391-85b8-4d41-a74d-6255ecc50986
ee749a06-56b8-44ef-bc91-78c4c5f876f2,Launched,bde45391-85b8-4d41-a74d-6255ecc50986
2827dbea-23f6-4ff8-b8b4-e6e6e5bad2dc,To Do,99b09c7f-6f46-4cb3-a851-fed7c196f3cb
2ae3746d-947a-4eaf-b1a5-a1322e5a66d9,In Progress,99b09c7f-6f46-4cb3-a851-fed7c196f3cb
c3200249-d5b8-4ef2-81e5-53c80da7706a,Waiting,99b09c7f-6f46-4cb3-a851-fed7c196f3cb
021976ec-b047-4cd0-bcb5-6004f2a4e89c,Completed,99b09c7f-6f46-4cb3-a851-fed7c196f3cb
8cb10167-ae03-4efe-a1f1-51bb51d9a1d6,Ideas,ce7ae237-c22b-49f0-adf6-4a69b252a92b
53293384-ea58-48dd-b0e2-8b7273df2b14,Planning,ce7ae237-c22b-49f0-adf6-4a69b252a92b
a5170589-f236-4eec-bdde-b25a9cf1595e,Assets,ce7ae237-c22b-49f0-adf6-4a69b252a92b
1167090b-fe56-4dd5-9469-3ca863e17257,Scheduled,ce7ae237-c22b-49f0-adf6-4a69b252a92b
4b0ece0b-0ff0-4d57-a0c4-f0b4131a8a53,Launched,ce7ae237-c22b-49f0-adf6-4a69b252a92b
257c9101-bacb-488f-87dd-de9e7cfe6fab,Backlog,e72f506d-9f82-4350-ada7-de8e81e71fb2
c7a35dda-7fa6-4028-a568-0f0d3afd2281,Sprint Backlog,e72f506d-9f82-4350-ada7-de8e81e71fb2
f37054b0-3581-46e0-aadf-cacf3d7a47cd,In Progress,e72f506d-9f82-4350-ada7-de8e81e71fb2
b1008acb-7eaa-4ae7-bc2e-30c1f85a4e3d,Review,e72f506d-9f82-4350-ada7-de8e81e71fb2
f9274325-427c-4012-9124-32da6ab28e10,Done,e72f506d-9f82-4350-ada7-de8e81e71fb2
9a641de0-cb2b-4719-a691-ce4473051f43,Backlog,013c6b49-d365-4e2b-bd36-32118006250f
384d18db-b625-42d9-9eae-5d08cb51df33,Sprint Backlog,013c6b49-d365-4e2b-bd36-32118006250f
163774ee-8881-40aa-af3c-e0d978a83bc1,In Progress,013c6b49-d365-4e2b-bd36-32118006250f
af8587a2-681b-435c-87b3-2653d499a773,Review,013c6b49-d365-4e2b-bd36-32118006250f
2d0695e7-9f8b-43ba-b85e-6a7565ad163b,Done,013c6b49-d365-4e2b-bd36-32118006250f
59d610cf-5dd6-40f1-b0b8-42d20c7d8b18,To Do,f4b87ec2-4342-457b-b9c7-0f45efc4f0f6
b4cce1a6-1e64-47e4-beeb-81ed2e4104cb,In Progress,f4b87ec2-4342-457b-b9c7-0f45efc4f0f6
02f158b2-f8fa-4779-b425-cd044541e5c6,Waiting,f4b87ec2-4342-457b-b9c7-0f45efc4f0f6
c12f1820-0917-4127-8afe-70603015a9ec,Completed,f4b87ec2-4342-457b-b9c7-0f45efc4f0f6
3491912e-d5f9-4bcd-be7e-15b2623a6cad,Ideas,9bdbd320-f578-4278-9cd0-6c4084104d02
ba30ba21-f3dd-447f-9f17-fd212f288595,Planning,9bdbd320-f578-4278-9cd0-6c4084104d02
a7d54820-8053-4955-9050-30068eab0573,Assets,9bdbd320-f578-4278-9cd0-6c4084104d02
b225d3e6-b165-4c51-b1cf-2a0c7439a27e,Scheduled,9bdbd320-f578-4278-9cd0-6c4084104d02
4c9e82db-f0df-456f-aa14-f843281fa7a7,Launched,9bdbd320-f578-4278-9cd0-6c4084104d02
8b599eb5-32dc-4686-87c1-b083712d85ab,To Do,76918d93-822d-4ae6-a2f0-0d66c8872576
e35a3f98-3480-4e38-b6a9-d84d692e96f6,In Progress,76918d93-822d-4ae6-a2f0-0d66c8872576
7fa01914-d40c-49c8-8618-de7ec446991d,Waiting,76918d93-822d-4ae6-a2f0-0d66c8872576
e89a173d-471f-4467-aeed-9c5e4a6cecc1,Completed,76918d93-822d-4ae6-a2f0-0d66c8872576
8131d5b5-4e78-4389-bb60-07e1225243e5,Backlog,4b857c2e-b40a-45b1-a22a-d4845a925c4c
fd9b041f-4d96-452a-b74f-710e6a32449d,Sprint Backlog,4b857c2e-b40a-45b1-a22a-d4845a925c4c
0238307c-5500-414c-accf-647e5893196b,In Progress,4b857c2e-b40a-45b1-a22a-d4845a925c4c
e06bc9b1-3de9-4a4c-9512-88e09b7b7dc5,Review,4b857c2e-b40a-45b1-a22a-d4845a925c4c
7b7f70ee-fcba-4dd4-80f9-0f36a2e7d7bb,Done,4b857c2e-b40a-45b1-a22a-d4845a925c4c
99c8162a-f8ce-4678-bf84-33e06173af16,Ideas,51004aed-5261-4bb8-acd0-a22c95468247
0a030159-70b6-4d14-ac0a-d06332e95f7f,Planning,51004aed-5261-4bb8-acd0-a22c95468247
67103f98-12e3-4bbc-a659-46eba61be308,Assets,51004aed-5261-4bb8-acd0-a22c95468247
59ed0afe-d214-45bc-af6f-19ba5db58069,Scheduled,51004aed-5261-4bb8-acd0-a22c95468247
ab6bb33e-440f-4b08-adb5-f40b23b96e33,Launched,51004aed-5261-4bb8-acd0-a22c95468247
d92d702d-f9a7-45f2-acde-5f5d7872e3ba,Backlog,d7d6cb2c-5098-41cf-8986-647ea6530c53
9a1f1496-0fcb-436f-8877-aeeba781c1fa,Sprint Backlog,d7d6cb2c-5098-41cf-8986-647ea6530c53
a511cf67-c86f-40cc-be69-54c9b125ab71,In Progress,d7d6cb2c-5098-41cf-8986-647ea6530c53
4a35fe29-e3c2-4d4d-b613-affb56697390,Review,d7d6cb2c-5098-41cf-8986-647ea6530c53
ba5b5d08-ee2f-4ff6-b3ef-78237a8537d2,Done,d7d6cb2c-5098-41cf-8986-647ea6530c53
a1322dd4-fdfb-4648-8879-9e6f7550b97a,To Do,f77f688a-e94c-4f13-b68a-1ce047ab0168
e84c3dd5-70f3-4056-9042-4a1195eee5f0,In Progress,f77f688a-e94c-4f13-b68a-1ce047ab0168
71e3bb40-23e4-4e96-bbc5-c9c34eb46a7c,Waiting,f77f688a-e94c-4f13-b68a-1ce047ab0168
71be138e-6ef3-44aa-a6af-95773bb51db9,Completed,f77f688a-e94c-4f13-b68a-1ce047ab0168
a2e50be3-0110-45a1-9ab0-7c4d7edb8974,To Do,6e6f8df4-2be3-459a-950d-ec7ec5c4262c
365ccc28-09e0-4185-97eb-46c86caa246f,In Progress,6e6f8df4-2be3-459a-950d-ec7ec5c4262c
ca74686e-bd3d-41ab-bf94-a72cffb4d42f,Waiting,6e6f8df4-2be3-459a-950d-ec7ec5c4262c
9c4073bb-b601-40af-b7e5-2ea80aa2f050,Completed,6e6f8df4-2be3-459a-950d-ec7ec5c4262c
8310b48c-7aef-4f51-b4f5-58d42fc1a1dd,To Do,ddd93abf-3c27-48e2-b471-20b4dd7c7b80
e6ddc07c-feac-4cef-92c3-6cff5f5c2bfe,In Progress,ddd93abf-3c27-48e2-b471-20b4dd7c7b80
7bcf3f86-93d6-4f85-9040-bc9544eb1a23,Waiting,ddd93abf-3c27-48e2-b471-20b4dd7c7b80
3523ed4c-50dc-4ae6-9cc9-0f6ace482154,Completed,ddd93abf-3c27-48e2-b471-20b4dd7c7b80
129ce4be-4a79-455e-95ad-7ceef5df8b52,Backlog,31c2d37f-2265-4913-aba1-b4b0e1123c00
d2ab5ef0-5202-45e2-a5d8-e07c216b18e2,Sprint Backlog,31c2d37f-2265-4913-aba1-b4b0e1123c00
96a07dae-6962-4d36-a11d-d54acca5b5a2,In Progress,31c2d37f-2265-4913-aba1-b4b0e1123c00
d1cc8a4c-fab9-4ec2-8d33-0a5991d8a12a,Review,31c2d37f-2265-4913-aba1-b4b0e1123c00
e9936251-7b66-4379-8022-b096657a012f,Done,31c2d37f-2265-4913-aba1-b4b0e1123c00
af4d5143-a2ff-4dac-ab2f-5cc227fe4c93,To Do,d6b7ff43-cf10-42df-af1b-063bb3a991e2
592cc03d-bdaf-4e98-9cee-42aab667ca65,In Progress,d6b7ff43-cf10-42df-af1b-063bb3a991e2
b11a234b-f9bd-4c6f-9c0f-5dd1bfe0a986,Waiting,d6b7ff43-cf10-42df-af1b-063bb3a991e2
c8e3e89e-64d8-4b38-835c-7fbf31c319d7,Completed,d6b7ff43-cf10-42df-af1b-063bb3a991e2
280743d5-09cf-4eca-b3c9-f8fc8dab22dd,To Do,7206aaa6-b0a3-452e-887d-e6ac4c160b8c
ecc5e99d-671b-4f01-8295-438d587d7e7a,In Progress,7206aaa6-b0a3-452e-887d-e6ac4c160b8c
493598b7-bfe3-4402-97df-a96d331dcfec,Waiting,7206aaa6-b0a3-452e-887d-e6ac4c160b8c
7ceb3ceb-e2a3-45bf-b169-d46393692f8b,Completed,7206aaa6-b0a3-452e-887d-e6ac4c160b8c
a2fd31ca-e1b5-4576-9672-a6955cca09af,Backlog,baa7ecf5-9354-44e8-ac9a-0f02e652ca4d
fdf9033b-b1b6-4471-96a8-a2d8a7e26f9b,Sprint Backlog,baa7ecf5-9354-44e8-ac9a-0f02e652ca4d
06dadfe9-c555-476f-8ec3-2041f659c66e,In Progress,baa7ecf5-9354-44e8-ac9a-0f02e652ca4d
d24eac77-3a11-4961-b1c1-adad5b5e53fe,Review,baa7ecf5-9354-44e8-ac9a-0f02e652ca4d
d30e2d7e-03b3-44ac-8647-53a70e5e9f81,Done,baa7ecf5-9354-44e8-ac9a-0f02e652ca4d
596611b8-8988-4d99-a03c-d8ec735758fe,Backlog,d797001f-0a13-40fa-a931-f1204091f02e
898b077a-e081-4f2e-9912-1389e232ef6d,Sprint Backlog,d797001f-0a13-40fa-a931-f1204091f02e
3c72ff0c-4a44-4df7-8657-6ed900ce188e,In Progress,d797001f-0a13-40fa-a931-f1204091f02e
6736d997-5b87-48ff-89f9-a494d89a27aa,Review,d797001f-0a13-40fa-a931-f1204091f02e
841fe8b2-8a46-43f4-8488-25d56ac66308,Done,d797001f-0a13-40fa-a931-f1204091f02e
dcf60cfb-4cf5-46fa-95ce-7b4fb1e7b6f1,To Do,f9a609d1-c80b-4184-b4bb-9345c4dc4759
586cd4fc-8efe-49c0-8de2-1a129c238abb,In Progress,f9a609d1-c80b-4184-b4bb-9345c4dc4759
43f3615b-7e9e-4413-94c5-c5d7a748c57c,Waiting,f9a609d1-c80b-4184-b4bb-9345c4dc4759
8b3d3b7e-6bb7-42bb-8cae-7f17edd19e33,Completed,f9a609d1-c80b-4184-b4bb-9345c4dc4759
2b9b7b56-3735-41b0-a400-45c33d5c3ceb,Backlog,4e672da3-0491-47c7-9149-061fb94a9dc6
c3f584f8-2b3b-4fd2-8618-02ee29007ba9,Sprint Backlog,4e672da3-0491-47c7-9149-061fb94a9dc6
a47c23bd-237b-4d4b-9a38-79153ff618da,In Progress,4e672da3-0491-47c7-9149-061fb94a9dc6
6eee6743-e1c6-40e4-a591-a304dc10e7b6,Review,4e672da3-0491-47c7-9149-061fb94a9dc6
fc8280e8-30e0-4ceb-9b44-b0677aa0fb67,Done,4e672da3-0491-47c7-9149-061fb94a9dc6
aad0db58-d693-4a65-bf5e-be9659c8af61,To Do,f37e315b-b56c-4a5b-8499-87ab290c84ae
0782ffa7-157c-46b4-97fa-50e931f299d4,In Progress,f37e315b-b56c-4a5b-8499-87ab290c84ae
1cf815e2-92c9-4653-9abe-d8de0a9c3477,Waiting,f37e315b-b56c-4a5b-8499-87ab290c84ae
6dc5cb0d-8961-4462-847a-0645e9bd5384,Completed,f37e315b-b56c-4a5b-8499-87ab290c84ae
38cd68b3-3c76-49b8-9126-6abd1f3ca03e,Backlog,6c23fd0f-05d1-4c62-8a96-96ac166e21b6
35944019-8f09-48a6-a6c5-b6dc102637f3,Sprint Backlog,6c23fd0f-05d1-4c62-8a96-96ac166e21b6
53337acb-deb0-4eb3-88f0-9fd6b53c0dd4,In Progress,6c23fd0f-05d1-4c62-8a96-96ac166e21b6
2275bb81-ebea-4fd6-9a60-a8eef270464e,Review,6c23fd0f-05d1-4c62-8a96-96ac166e21b6
92a89db7-cdfc-4646-a8c8-b3bd522a5245,Done,6c23fd0f-05d1-4c62-8a96-96ac166e21b6
345a7544-546c-406c-823d-18a4ac8056c1,To Do,8ac8f307-1f4a-4e06-8613-6863227667ec
68ceaecf-dfb5-48e4-baea-b74ee1fad3e9,In Progress,8ac8f307-1f4a-4e06-8613-6863227667ec
0ee4be0d-73b7-430a-95c2-171e2cb01a71,Waiting,8ac8f307-1f4a-4e06-8613-6863227667ec
f4c17f09-51b7-421d-a6c2-a1a6e06a1997,Completed,8ac8f307-1f4a-4e06-8613-6863227667ec
39698541-13c4-4254-b0c7-9d0ae70922e7,To Do,659ee8ca-fa97-4113-8f3b-d8449e9040a3
f1b039b1-b927-4a5d-bae9-820123150d9e,In Progress,659ee8ca-fa97-4113-8f3b-d8449e9040a3
6281d87b-29dd-4bf0-a1bf-f60a0738f36e,Waiting,659ee8ca-fa97-4113-8f3b-d8449e9040a3
05bb729f-1e8f-4f64-8127-aa6f949b61f1,Completed,659ee8ca-fa97-4113-8f3b-d8449e9040a3
b4ab1e24-1e4b-40c3-8e51-75e7156cba7e,Backlog,d9ea6d02-3196-4352-851d-caa7a4e81a45
327e59d7-12b9-4ab9-8c1b-2d16c4f82b2a,Sprint Backlog,d9ea6d02-3196-4352-851d-caa7a4e81a45
97705bd4-f2c5-42aa-bf0b-b8dfdf466c0d,In Progress,d9ea6d02-3196-4352-851d-caa7a4e81a45
1d56642e-931e-4eb6-9a9e-89960285e8cf,Review,d9ea6d02-3196-4352-851d-caa7a4e81a45
e38e605f-7ec5-4d67-8410-5e37fa71daee,Done,d9ea6d02-3196-4352-851d-caa7a4e81a45
731075a7-1014-46f0-b3f5-960ecff5c4c5,Ideas,a73f5138-0445-4e7e-a84b-2edde5852587
5495dfed-1a15-4dc1-9796-129ac7db70c7,Planning,a73f5138-0445-4e7e-a84b-2edde5852587
827560e5-85f7-468c-95be-caca28b38aa9,Assets,a73f5138-0445-4e7e-a84b-2edde5852587
43576eae-4f1e-4c4c-90b8-c6e0e39617da,Scheduled,a73f5138-0445-4e7e-a84b-2edde5852587
ad243eaa-b00e-42fa-9ba1-c8cf52f954b2,Launched,a73f5138-0445-4e7e-a84b-2edde5852587
5bd93a32-8cd9-4b1d-bed7-a7ac865ed04f,To Do,077c48a7-9413-4ec6-aff8-e19b68a82739
dddc9bf0-aa93-4498-ac3d-d641b9843432,In Progress,077c48a7-9413-4ec6-aff8-e19b68a82739
253ac6e3-981e-4abd-a57d-f2999b835a6a,Waiting,077c48a7-9413-4ec6-aff8-e19b68a82739
a9a08dec-dfaa-41b7-9345-d9d822975266,Completed,077c48a7-9413-4ec6-aff8-e19b68a82739
0f124847-de9f-4bb6-8ad6-1656196d54d9,To Do,9779b339-fec8-441a-a646-6f200b6fa4dc
10dc937c-8e27-4ab4-836d-21b33ca16e93,In Progress,9779b339-fec8-441a-a646-6f200b6fa4dc
fcb0bb59-ff76-4f5e-b151-a28056b45e23,Waiting,9779b339-fec8-441a-a646-6f200b6fa4dc
1fab0318-d08c-4ad4-8f33-4a5437b71d62,Completed,9779b339-fec8-441a-a646-6f200b6fa4dc
ca1b6817-494c-4c07-8a68-43f084715d6f,Backlog,86fbcf3f-fd5c-41bc-9cea-c7440e7d10ee
5600ede3-b0fd-4183-b2e9-710592882d4b,Sprint Backlog,86fbcf3f-fd5c-41bc-9cea-c7440e7d10ee
636aa3fd-fd07-4c86-831a-f3fd94850209,In Progress,86fbcf3f-fd5c-41bc-9cea-c7440e7d10ee
fef03cd5-14fc-48ec-8be7-e552dfcde575,Review,86fbcf3f-fd5c-41bc-9cea-c7440e7d10ee
a4c1e84c-738f-40a5-940f-cda1716fd224,Done,86fbcf3f-fd5c-41bc-9cea-c7440e7d10ee
f5d2dc0f-82fd-4509-8876-45972e574c53,Ideas,3cb8dea7-6a31-4823-be79-d0b6fb124154
843da710-fd69-4250-8417-fd9e7cf14209,Planning,3cb8dea7-6a31-4823-be79-d0b6fb124154
80ebafa1-e76b-46db-b4c8-fd4ae5435f11,Assets,3cb8dea7-6a31-4823-be79-d0b6fb124154
986aff74-d076-4579-b248-7d648938a142,Scheduled,3cb8dea7-6a31-4823-be79-d0b6fb124154
6c916ac2-c39c-4a28-8b0f-4adfdcc79894,Launched,3cb8dea7-6a31-4823-be79-d0b6fb124154
a3e5c54b-dc8a-4fde-8aca-9aea8bab03a7,To Do,f4d9523c-8143-4fd2-bdc7-8648f139d8ed
10a296e0-e00a-4e6e-a4cb-c9ae0e447693,In Progress,f4d9523c-8143-4fd2-bdc7-8648f139d8ed
d3d6d047-8d34-42f2-b87c-7db32661b6b5,Waiting,f4d9523c-8143-4fd2-bdc7-8648f139d8ed
f57c10a7-19d4-4084-896d-5aec81151803,Completed,f4d9523c-8143-4fd2-bdc7-8648f139d8ed
b7af6bfe-2831-4da8-999e-1e2a4818254e,Ideas,e660f555-fd81-4a97-97d4-9b57d5503551
07fdfeae-d448-4799-9ed7-ed5ecc3fd053,Planning,e660f555-fd81-4a97-97d4-9b57d5503551
28cf0a32-c04a-4d3e-889d-3bc3aca0cc8c,Assets,e660f555-fd81-4a97-97d4-9b57d5503551
440f4832-b159-4d30-9af5-d8c426686113,Scheduled,e660f555-fd81-4a97-97d4-9b57d5503551
8b7983ab-b3e8-47d8-9cb7-c254c31d6648,Launched,e660f555-fd81-4a97-97d4-9b57d5503551
11c42a9d-af9d-42e2-b44c-b31225df3a40,Backlog,be7a9b1b-3118-4294-b5c7-6b1a0ef38208
cfdc801a-3210-4d45-bc30-5c63b481278e,Sprint Backlog,be7a9b1b-3118-4294-b5c7-6b1a0ef38208
6a55ff37-1a26-4e33-a96d-49305b4fa414,In Progress,be7a9b1b-3118-4294-b5c7-6b1a0ef38208
06c576b6-1a85-463e-a696-4be0d0790392,Review,be7a9b1b-3118-4294-b5c7-6b1a0ef38208
0034eb09-9847-4215-a948-8d4d4d18b866,Done,be7a9b1b-3118-4294-b5c7-6b1a0ef38208
d292db98-cbda-4695-8cdc-7f6ac022eda5,Ideas,de861578-f680-42ba-b029-88a6cf663271
e95ec98b-2d22-43e3-990e-3814bf38f642,Planning,de861578-f680-42ba-b029-88a6cf663271
35380fd5-75f4-42fb-9b16-5e9b23f71b68,Assets,de861578-f680-42ba-b029-88a6cf663271
cb3ae010-31dd-4e6e-8ae5-01e4fdd0d531,Scheduled,de861578-f680-42ba-b029-88a6cf663271
bf3b47ae-14f4-4404-ba0f-335d2e5521fa,Launched,de861578-f680-42ba-b029-88a6cf663271
4f3cf30d-b17b-4b5d-9120-1211fcfd84d6,To Do,a271a366-f97c-4cb2-b18b-2de91f39c729
44d61a7f-d978-4e92-b9fb-a01b98fa14fa,In Progress,a271a366-f97c-4cb2-b18b-2de91f39c729
ed42d924-1301-406b-9bff-81b7a58d7adf,Waiting,a271a366-f97c-4cb2-b18b-2de91f39c729
236337ec-db5f-4bf3-9de2-2d454416da44,Completed,a271a366-f97c-4cb2-b18b-2de91f39c729
6ec6ded4-ca73-4be2-a3a3-0b354cd44637,Backlog,f1fde2bc-614f-40f0-ad53-64542e4b6224
3193aefb-5a04-4391-8a74-8fd5beae2edf,Sprint Backlog,f1fde2bc-614f-40f0-ad53-64542e4b6224
1ddd0b81-7f5f-4551-b79b-ca30e0353f39,In Progress,f1fde2bc-614f-40f0-ad53-64542e4b6224
25c90856-2332-4b93-8db5-2c74cec9ac16,Review,f1fde2bc-614f-40f0-ad53-64542e4b6224
a1b225fe-e82f-482b-b31a-341f62546604,Done,f1fde2bc-614f-40f0-ad53-64542e4b6224
92ccd086-b995-4b76-98a8-ccda8d6f324c,To Do,d003be40-e1ea-494b-ba8e-9a4d18e5ebce
6ddf5bc3-68a1-4ccd-ad7a-d2d57436d14e,In Progress,d003be40-e1ea-494b-ba8e-9a4d18e5ebce
a8c70cb1-8b1b-4f21-92d8-70594800cd6a,Waiting,d003be40-e1ea-494b-ba8e-9a4d18e5ebce
b5aeebae-f7a1-41b9-a28e-ea17ea4fe60c,Completed,d003be40-e1ea-494b-ba8e-9a4d18e5ebce
3d4a9ccb-ca41-4bc7-8c49-ded427b953b2,Backlog,dcced969-fd78-4835-9718-492b168ca3ee
2f18e384-051a-48ed-9411-f4a6fe555894,Sprint Backlog,dcced969-fd78-4835-9718-492b168ca3ee
c2044dfa-58c3-4fd5-b79e-15c182ef9ea0,In Progress,dcced969-fd78-4835-9718-492b168ca3ee
af491f21-6d57-4f65-b98d-b21f9c752f92,Review,dcced969-fd78-4835-9718-492b168ca3ee
7e2603e7-56da-4a11-b598-88a18c9a2368,Done,dcced969-fd78-4835-9718-492b168ca3ee
f5992198-0255-4fb1-ad7e-331b8a663add,Backlog,766674ec-c580-49a8-ad21-8baf124710f2
01f9939d-f015-49d3-a261-a50e07c1728b,Sprint Backlog,766674ec-c580-49a8-ad21-8baf124710f2
fcb98ee8-160f-4f72-96b9-0901ceedadac,In Progress,766674ec-c580-49a8-ad21-8baf124710f2
138ebda0-84b6-41f7-b11e-8a5283fa28a2,Review,766674ec-c580-49a8-ad21-8baf124710f2
04f8a425-0616-43e5-903f-990084f9ef0a,Done,766674ec-c580-49a8-ad21-8baf124710f2
4fa7f70e-d7c0-4625-9ffd-ddfd8a0b1d64,To Do,247825b2-0db0-46cf-a321-21f52bd5516b
dab28475-eea6-45bc-b8e5-cc8899a03c6c,In Progress,247825b2-0db0-46cf-a321-21f52bd5516b
f64b7026-99bc-4a55-b719-3791dbc77855,Waiting,247825b2-0db0-46cf-a321-21f52bd5516b
966c419c-210f-47d7-a34f-042244b23d65,Completed,247825b2-0db0-46cf-a321-21f52bd5516b
706ade64-b7e9-42dc-904c-3505c3432075,Ideas,29e6418d-dc8a-4de2-9946-77352e78f036
72f7d03e-6691-4e2c-a327-3f0cd84af4ec,Planning,29e6418d-dc8a-4de2-9946-77352e78f036
c5ee09ab-6f96-4157-92e1-f65d75744086,Assets,29e6418d-dc8a-4de2-9946-77352e78f036
cf8df871-f1d0-428a-8d84-025dee04eeea,Scheduled,29e6418d-dc8a-4de2-9946-77352e78f036
cb22d28a-6d95-49ec-aa28-f3c2f7f6021a,Launched,29e6418d-dc8a-4de2-9946-77352e78f036
c8ea9f6a-ad82-4e44-b9b6-37cbad28b78f,Backlog,b7a9b8cf-1856-4c93-b62c-e12e97969eb8
ffc598f5-75d2-4b7a-8e87-583c1da04895,Sprint Backlog,b7a9b8cf-1856-4c93-b62c-e12e97969eb8
83eabc43-c1a2-454f-a651-ce8c90c85bf4,In Progress,b7a9b8cf-1856-4c93-b62c-e12e97969eb8
59b6d4c0-0f82-4d15-a200-689c1fdb7f70,Review,b7a9b8cf-1856-4c93-b62c-e12e97969eb8
b37594ac-44b8-43ec-a7b3-0186e1089820,Done,b7a9b8cf-1856-4c93-b62c-e12e97969eb8
e3c9a7e1-b97e-47c8-946f-b82112315c8e,To Do,be646de1-0926-4226-92a1-17e3912211af
60ae00bf-ff3b-4af0-bcc3-f0d75fb56d45,In Progress,be646de1-0926-4226-92a1-17e3912211af
9cbe8c2e-c89d-4fd1-8551-c7a6568465b9,Waiting,be646de1-0926-4226-92a1-17e3912211af
61e7e774-9ba6-45ef-beb8-fedfc6554bd8,Completed,be646de1-0926-4226-92a1-17e3912211af
c9492b9c-b74b-4ad7-8cd1-14b4944c3f28,Ideas,a617c578-b700-4c20-b6ab-e22e8c3f82b7
7d462b88-8de6-4024-9761-1703f6e8805a,Planning,a617c578-b700-4c20-b6ab-e22e8c3f82b7
4a3bf6f3-50f5-407b-a70a-6cadb8688476,Assets,a617c578-b700-4c20-b6ab-e22e8c3f82b7
d5b54dea-a87a-41fd-9aca-635ce53c0a55,Scheduled,a617c578-b700-4c20-b6ab-e22e8c3f82b7
dd740f4d-e2ec-4e05-9a80-cdd9cab78a65,Launched,a617c578-b700-4c20-b6ab-e22e8c3f82b7
35885a2e-3b63-4d36-800f-024893716226,Backlog,fa4fc653-7ff2-4e2a-84b7-e6ccbd429820
9b42cdd4-0711-499e-ba92-b56d666ac790,Sprint Backlog,fa4fc653-7ff2-4e2a-84b7-e6ccbd429820
e740387f-e49c-46c3-b013-f1f37a448b24,In Progress,fa4fc653-7ff2-4e2a-84b7-e6ccbd429820
e7172d71-af83-434c-9bb7-3973d5a161c1,Review,fa4fc653-7ff2-4e2a-84b7-e6ccbd429820
e5440f01-3333-430a-9fe9-2601bc2f2979,Done,fa4fc653-7ff2-4e2a-84b7-e6ccbd429820
aec74b64-d8d6-4d9d-b520-5206104193e4,To Do,3c170297-5c06-4768-9e77-5c21b6736b26
b3fab3bc-6caa-4e91-ad17-bae9739a7579,In Progress,3c170297-5c06-4768-9e77-5c21b6736b26
3653afa3-8614-4aac-bb72-da9919389bd8,Waiting,3c170297-5c06-4768-9e77-5c21b6736b26
b0969610-dcba-410f-8432-906d3039b2c1,Completed,3c170297-5c06-4768-9e77-5c21b6736b26
3a60e9f1-5bd2-4493-a99f-34ece5800b7c,Ideas,c7750a86-a6dc-41b9-9b84-af2393a8ddf7
0ced4978-0fe6-4fdf-a7be-73cf88ba0749,Planning,c7750a86-a6dc-41b9-9b84-af2393a8ddf7
49b862ea-de43-4ee6-a0ac-e15e1a08b074,Assets,c7750a86-a6dc-41b9-9b84-af2393a8ddf7
4d5be520-c704-4c11-9ad9-23f52be438ab,Scheduled,c7750a86-a6dc-41b9-9b84-af2393a8ddf7
60ada513-0fca-4c1e-b03c-cc37d28cb4dc,Launched,c7750a86-a6dc-41b9-9b84-af2393a8ddf7
7f072f4c-608b-4271-9294-7493a485cfb7,Ideas,6133a193-63a4-4a25-9ed2-4c7ebdc6f60f
500f877c-90f7-4dd8-ad4b-ef5fb98e2092,Planning,6133a193-63a4-4a25-9ed2-4c7ebdc6f60f
314f00fb-377e-46fb-8565-d2d9f8fa5978,Assets,6133a193-63a4-4a25-9ed2-4c7ebdc6f60f
420713a7-7103-4b65-96a5-ca47f2fa6436,Scheduled,6133a193-63a4-4a25-9ed2-4c7ebdc6f60f
476fe840-048b-4f47-b7ae-01e78c191f5f,Launched,6133a193-63a4-4a25-9ed2-4c7ebdc6f60f
c04d9022-88d0-4fba-b640-92363ba54438,Ideas,a82aaef8-8807-4dab-9004-1552bb04a462
d35949b0-41b4-443c-bec5-49dca72d75a5,Planning,a82aaef8-8807-4dab-9004-1552bb04a462
e81bc2f5-c60d-4172-8bb4-ddffb8e86446,Assets,a82aaef8-8807-4dab-9004-1552bb04a462
97dc5b48-0492-43f5-96a7-1a9d258330c6,Scheduled,a82aaef8-8807-4dab-9004-1552bb04a462
26fa2c37-4200-4a87-9f05-ee225da00287,Launched,a82aaef8-8807-4dab-9004-1552bb04a462
c4ec7472-6cda-4f64-8281-a2fcf3a4d5b1,Ideas,e63688cc-bc37-4afd-90a8-a28a2a04ab03
2897f70a-0b85-476a-bfda-aaef15bb5051,Planning,e63688cc-bc37-4afd-90a8-a28a2a04ab03
533b96ed-0d16-4d5f-b9d9-d6f71fb4afd1,Assets,e63688cc-bc37-4afd-90a8-a28a2a04ab03
b206d066-793b-49a7-bce8-f91056fe9bb5,Scheduled,e63688cc-bc37-4afd-90a8-a28a2a04ab03
fcccc5be-3f1b-44b6-a1f1-22d839b5759b,Launched,e63688cc-bc37-4afd-90a8-a28a2a04ab03
1592d4d6-e9c6-4592-9f8c-08b617f69c4e,To Do,228fac7f-0801-403a-bd00-8e4e5f72453b
830b37ea-0156-4f5c-b6e7-56a993293d02,In Progress,228fac7f-0801-403a-bd00-8e4e5f72453b
369c8896-9194-4b02-a86b-2a654b7fc4c6,Waiting,228fac7f-0801-403a-bd00-8e4e5f72453b
e4563f7f-dda2-422b-9718-85c837afe65c,Completed,228fac7f-0801-403a-bd00-8e4e5f72453b
499988ea-29ef-4a00-829b-50f6b72b5d16,Ideas,f9da3d48-65a8-4898-b169-c382cdb4e54c
3af3cfc5-66f9-4b42-be14-e684110e47e2,Planning,f9da3d48-65a8-4898-b169-c382cdb4e54c
dfdf34dc-ccfd-40e7-9908-9daf2c4a5337,Assets,f9da3d48-65a8-4898-b169-c382cdb4e54c
e36a4151-a731-440a-b533-81dbb02388e9,Scheduled,f9da3d48-65a8-4898-b169-c382cdb4e54c
deee6fbb-1759-476f-baae-ad6a4668aa8b,Launched,f9da3d48-65a8-4898-b169-c382cdb4e54c
1ccfcbd9-2a39-4af0-8d47-10d7c72cf298,Ideas,505645d9-1a63-4e53-8da9-1767af1c4290
9e8ce544-6320-43fe-9f0b-ca88d8e81feb,Planning,505645d9-1a63-4e53-8da9-1767af1c4290
33a114c0-8f5f-4799-9507-1ac6b48f0b9d,Assets,505645d9-1a63-4e53-8da9-1767af1c4290
57d3b368-1842-447a-b14d-51470d5a51a9,Scheduled,505645d9-1a63-4e53-8da9-1767af1c4290
88364b60-b206-4e81-9300-2f1a04b989c1,Launched,505645d9-1a63-4e53-8da9-1767af1c4290
e332c762-1d93-4c59-860b-d53ab7b2d3c1,Backlog,2e6706cc-30ff-412e-a8bd-4fe4f3dcb49e
712c6ef1-aff5-4869-8480-c6ed6b02caf1,Sprint Backlog,2e6706cc-30ff-412e-a8bd-4fe4f3dcb49e
699d676f-583c-490c-a4c4-cdcb2e2b558e,In Progress,2e6706cc-30ff-412e-a8bd-4fe4f3dcb49e
037ddf68-211f-4c85-b6a2-025c7aa23f9f,Review,2e6706cc-30ff-412e-a8bd-4fe4f3dcb49e
dda9d1f7-375c-474b-bfe9-f85ff4a7cffa,Done,2e6706cc-30ff-412e-a8bd-4fe4f3dcb49e
5a783cb4-29a1-4a8d-b1af-cb63c0793daf,Ideas,9e61f16a-5965-4263-822c-fed47d42dbe4
17820d01-e811-468b-8f7e-f62924557f50,Planning,9e61f16a-5965-4263-822c-fed47d42dbe4
d7d2afca-9016-4809-87b0-36d0142f7f5a,Assets,9e61f16a-5965-4263-822c-fed47d42dbe4
a0651e8b-f4bf-4c1e-8007-d4d4ed879a1e,Scheduled,9e61f16a-5965-4263-822c-fed47d42dbe4
1b059114-7ed2-43ad-b6ec-2b180996612b,Launched,9e61f16a-5965-4263-822c-fed47d42dbe4
5882dbf0-af77-457b-b7e4-288e14cbebea,To Do,3448b118-958c-4659-b6d1-5b1609625f9c
b729b1e1-2238-4611-a122-5cd9f69334b9,In Progress,3448b118-958c-4659-b6d1-5b1609625f9c
c92df2b3-70d1-496a-8114-c62de586161d,Waiting,3448b118-958c-4659-b6d1-5b1609625f9c
8f53c00d-4ddf-4ff0-b62b-58e6cb50ea64,Completed,3448b118-958c-4659-b6d1-5b1609625f9c
b8ebb56b-722e-4cf0-8f85-a4b75491e8cf,To Do,a8d40843-6655-49a0-8739-da1bd4ff32a9
85b49c09-823a-4ee3-8366-9a969792a69e,In Progress,a8d40843-6655-49a0-8739-da1bd4ff32a9
34944274-75f9-4034-9525-7a28d3376976,Waiting,a8d40843-6655-49a0-8739-da1bd4ff32a9
67c7aee8-f4da-4cb4-9ae6-c2649f7b724f,Completed,a8d40843-6655-49a0-8739-da1bd4ff32a9
2a1190ab-6a87-475d-a58e-e43088304746,Ideas,9666d06c-c725-46cd-949d-8bee4bd8f20c
bf9a5ea0-6211-438a-b749-1fedb7c3a8b2,Planning,9666d06c-c725-46cd-949d-8bee4bd8f20c
52e5bf3d-c12c-4f26-8c5e-36abcaf0c16f,Assets,9666d06c-c725-46cd-949d-8bee4bd8f20c
ddce3578-9be4-4fc1-9cf7-a6335eccf213,Scheduled,9666d06c-c725-46cd-949d-8bee4bd8f20c
9dc42b39-1e8f-4b6c-a8a6-704b28cab27b,Launched,9666d06c-c725-46cd-949d-8bee4bd8f20c
68721fe3-4beb-4bda-9dd5-b9b352141fb6,To Do,a4a52a02-a790-4929-a2b3-e6df6b27c96e
b1f06895-8597-46d0-8efa-6b3a75c5d89a,In Progress,a4a52a02-a790-4929-a2b3-e6df6b27c96e
deca5c6c-a5d0-46bb-9ba2-6570a592c613,Waiting,a4a52a02-a790-4929-a2b3-e6df6b27c96e
d2c6a374-5409-43fe-9041-227fba8d0eb9,Completed,a4a52a02-a790-4929-a2b3-e6df6b27c96e
99bf53f2-e323-48de-ab32-23a364d65d89,Backlog,2fc862d7-ebef-4504-bda6-a3e3cbc6586d
2d85aa54-76f9-4875-a1a7-e0d81ce83548,Sprint Backlog,2fc862d7-ebef-4504-bda6-a3e3cbc6586d
995b016e-9b67-4e66-9977-787888bdaef0,In Progress,2fc862d7-ebef-4504-bda6-a3e3cbc6586d
bbd64ea6-1744-445c-94b3-6b2d155712a6,Review,2fc862d7-ebef-4504-bda6-a3e3cbc6586d
b8d84051-63ea-4fcb-bf0e-89eae6d14490,Done,2fc862d7-ebef-4504-bda6-a3e3cbc6586d
2ab944db-e706-4655-b23e-7ff505028f4d,Backlog,54625852-0c54-4e01-9132-515224f3b6ac
6b90caeb-95db-4e3b-9ea7-9e3f68f892f4,Sprint Backlog,54625852-0c54-4e01-9132-515224f3b6ac
23aa4bc4-ea33-478a-a1aa-7b003aed043a,In Progress,54625852-0c54-4e01-9132-515224f3b6ac
d1afc01d-ed5d-431e-800c-3e4d67eb02f7,Review,54625852-0c54-4e01-9132-515224f3b6ac
205cfaac-e980-4da2-ad1a-3957011945d9,Done,54625852-0c54-4e01-9132-515224f3b6ac
946eeb09-77da-4788-8daa-18c58b96ef2f,Backlog,54f22a10-33f5-49a7-a7a2-4db8c08bbe21
738d4883-03fd-4827-9c88-a243e10e75f1,Sprint Backlog,54f22a10-33f5-49a7-a7a2-4db8c08bbe21
d06706d8-ffbc-48c2-ae8d-457639bc9bad,In Progress,54f22a10-33f5-49a7-a7a2-4db8c08bbe21
a2c9bac6-c62a-4672-9fa7-05346f9cae12,Review,54f22a10-33f5-49a7-a7a2-4db8c08bbe21
4c36399d-f392-4084-abe6-b09b2c70b4ee,Done,54f22a10-33f5-49a7-a7a2-4db8c08bbe21
e4addb7b-8e90-45a8-b389-8730355db346,To Do,6bc157b7-8e31-408c-a776-230536959c44
d3cc5daa-b13f-4812-a1ee-05f79e9d9479,In Progress,6bc157b7-8e31-408c-a776-230536959c44
2672ac26-e860-4532-b616-9431d9129ee6,Waiting,6bc157b7-8e31-408c-a776-230536959c44
61758f38-51eb-4da8-901d-4972c61b61a9,Completed,6bc157b7-8e31-408c-a776-230536959c44
2237c7ef-78fb-43b5-8c1a-5025db4a494d,Backlog,850319e2-0afd-41ce-8948-2e2e09337b5a
5eda3fe3-d66d-45ed-b914-d31d32511ce2,Sprint Backlog,850319e2-0afd-41ce-8948-2e2e09337b5a
9caa0aba-07be-4e1f-839c-1fc59fa186ef,In Progress,850319e2-0afd-41ce-8948-2e2e09337b5a
f62943b4-0bef-4810-8f6e-5b0284ff635b,Review,850319e2-0afd-41ce-8948-2e2e09337b5a
d4627775-355d-41df-877f-f96b17dbd7dd,Done,850319e2-0afd-41ce-8948-2e2e09337b5a
108b277b-4a5c-4592-9e59-c28f1eb4f621,Backlog,384b9176-ca2d-4009-adbe-574ccfb73291
bb9a2b5d-46f7-4629-98c2-d9b5b7cda03f,Sprint Backlog,384b9176-ca2d-4009-adbe-574ccfb73291
60f01064-5520-4071-b847-f79a734431ac,In Progress,384b9176-ca2d-4009-adbe-574ccfb73291
be9f6449-3050-4dfb-899e-59312ded44c8,Review,384b9176-ca2d-4009-adbe-574ccfb73291
533214a5-aca3-4118-9f45-6bb274aa1eae,Done,384b9176-ca2d-4009-adbe-574ccfb73291
56a4a402-811b-4c94-85c1-71008b12e14b,To Do,185a50c4-8edf-47cb-8a18-c01d6b6d2a43
4ab710bb-b4ef-42e9-bc32-d4e9a07cfcee,In Progress,185a50c4-8edf-47cb-8a18-c01d6b6d2a43
331f5627-1686-4398-9fa8-116681027a11,Waiting,185a50c4-8edf-47cb-8a18-c01d6b6d2a43
04f03c94-fe34-4f52-803f-1fd9cb275427,Completed,185a50c4-8edf-47cb-8a18-c01d6b6d2a43
9171513a-8d87-40e2-945a-b974e0f8951a,To Do,aca4bf92-3c85-4f02-a637-757cc0bfe175
a0d15bdb-2734-40fc-9897-a1d6863c2c5f,In Progress,aca4bf92-3c85-4f02-a637-757cc0bfe175
9b59a1ec-1c39-48ca-a444-1648f5cf162a,Waiting,aca4bf92-3c85-4f02-a637-757cc0bfe175
36a978ff-966e-4e94-8266-106e67e40275,Completed,aca4bf92-3c85-4f02-a637-757cc0bfe175
2bc89112-7499-4b46-8edd-a08c324bbc00,Ideas,9f82adca-fbf9-4164-b5bd-dfa1f5793a57
f2c0e01a-7399-4ae7-991f-9288880bd8fe,Planning,9f82adca-fbf9-4164-b5bd-dfa1f5793a57
6e5d9c44-8e5b-4823-a07f-b78494af3b2c,Assets,9f82adca-fbf9-4164-b5bd-dfa1f5793a57
1cf906e2-ad3a-4d95-8e93-cc306b541dde,Scheduled,9f82adca-fbf9-4164-b5bd-dfa1f5793a57
4db67278-72b1-4f35-b78a-978ff6953734,Launched,9f82adca-fbf9-4164-b5bd-dfa1f5793a57
fb45d7a7-4044-4018-a2f9-13cc69ddcd19,To Do,92d5a793-89e9-4e9c-a6ea-d921e592603e
6c170242-0670-4694-97f5-30563285fa84,In Progress,92d5a793-89e9-4e9c-a6ea-d921e592603e
50600062-10ef-4e81-9b08-5436e8f6c02b,Waiting,92d5a793-89e9-4e9c-a6ea-d921e592603e
74b18233-cad5-468e-b0e3-f55ebc5e580c,Completed,92d5a793-89e9-4e9c-a6ea-d921e592603e
645ab5af-4ce4-4469-9654-a40dc8172c70,To Do,16e6413b-dacb-40c3-b066-e88e67f3b3bd
71d5d97c-a5c4-4351-ac99-a49249c322b7,In Progress,16e6413b-dacb-40c3-b066-e88e67f3b3bd
f3c6fd90-bffa-4d13-bdf0-3fce001b6679,Waiting,16e6413b-dacb-40c3-b066-e88e67f3b3bd
74decfeb-f437-4b53-8e02-60c02de0e9ae,Completed,16e6413b-dacb-40c3-b066-e88e67f3b3bd
c42d3199-01af-4fa0-8038-bfb35a1dfc5c,Backlog,21d56342-6bce-434f-947b-e59211a2db6e
0e994437-5950-4314-b90d-cd474417891f,Sprint Backlog,21d56342-6bce-434f-947b-e59211a2db6e
41bc4fc8-e777-4495-8417-d0f2a0170282,In Progress,21d56342-6bce-434f-947b-e59211a2db6e
91dfb1ea-a046-4191-b028-27e5d621a5ed,Review,21d56342-6bce-434f-947b-e59211a2db6e
57276952-342f-440d-807d-d3f8ce265e9e,Done,21d56342-6bce-434f-947b-e59211a2db6e
48e352e9-5764-48b4-9a84-8855bee18807,Backlog,34a139ff-885b-4077-8d60-554656291434
42296331-2ec6-4ec2-a0cd-e960b29cad56,Sprint Backlog,34a139ff-885b-4077-8d60-554656291434
016e8f23-765e-4fff-a463-cbafd7e6fdb6,In Progress,34a139ff-885b-4077-8d60-554656291434
f43c29f0-99a3-43b2-99f6-860350605e4e,Review,34a139ff-885b-4077-8d60-554656291434
57e2675c-7f66-4215-ba3e-b352660d6deb,Done,34a139ff-885b-4077-8d60-554656291434
c05851c2-f30e-40c7-be8d-bea11d0bbc02,Ideas,2809aac3-e503-4e77-8eca-85fe413364c4
c3830eb1-4f03-44ae-bfd3-ccd30a734a86,Planning,2809aac3-e503-4e77-8eca-85fe413364c4
e65655d8-be19-4b13-b958-172f08cb7996,Assets,2809aac3-e503-4e77-8eca-85fe413364c4
6fe5c37f-7375-4246-9aae-d7b469d4b947,Scheduled,2809aac3-e503-4e77-8eca-85fe413364c4
a4fc8d93-3ea0-4b23-86a6-4680f61a6684,Launched,2809aac3-e503-4e77-8eca-85fe413364c4
412b4b15-158d-47fb-b9cb-03a882a6f056,Backlog,a5441afb-0626-4628-ae45-fd18dee34a45
31647898-4541-446e-a0ef-81ef83ecd877,Sprint Backlog,a5441afb-0626-4628-ae45-fd18dee34a45
f3086e04-c57f-4463-9b83-b370c72c582f,In Progress,a5441afb-0626-4628-ae45-fd18dee34a45
40a5777a-d4b9-4b21-9a83-5da45e13fee9,Review,a5441afb-0626-4628-ae45-fd18dee34a45
a8d962b8-8875-45cc-8e3e-bb2a59d2272b,Done,a5441afb-0626-4628-ae45-fd18dee34a45
635ef369-b62a-4239-96b7-5aac5f2502c8,To Do,940bbe6a-7ae1-48d9-95e4-6e3e414ddf18
64b7f6ec-2622-4e39-ac4c-896ab59681a9,In Progress,940bbe6a-7ae1-48d9-95e4-6e3e414ddf18
ffff94c8-328b-48b0-a7ef-715f71f57021,Waiting,940bbe6a-7ae1-48d9-95e4-6e3e414ddf18
71f1b081-2e47-4c5c-a241-f1f54e27b902,Completed,940bbe6a-7ae1-48d9-95e4-6e3e414ddf18
85215679-57af-4033-820e-2573ab05b67a,Ideas,6e443d17-036f-40a8-b75e-eed96420610a
0f780249-d559-4b86-9572-a1598e40cf02,Planning,6e443d17-036f-40a8-b75e-eed96420610a
e5559d9f-ad6f-4fa1-a69a-3ea7cc652746,Assets,6e443d17-036f-40a8-b75e-eed96420610a
03ed4718-3679-4704-8d6c-f1095ad6e1d4,Scheduled,6e443d17-036f-40a8-b75e-eed96420610a
46b71596-d640-4575-b732-dbf556bc04e6,Launched,6e443d17-036f-40a8-b75e-eed96420610a
7ef58826-4041-4272-8152-9bf5da824b72,To Do,eb429424-4473-40d7-8ec4-6eca9aa9b074
b314bb00-86d4-4069-96ae-29ef81067247,In Progress,eb429424-4473-40d7-8ec4-6eca9aa9b074
343ec7be-4fbf-4f3f-be01-8dd2ec1f857e,Waiting,eb429424-4473-40d7-8ec4-6eca9aa9b074
9d88c4af-31c3-4a95-acb9-03c32799fd5b,Completed,eb429424-4473-40d7-8ec4-6eca9aa9b074
bcb9001e-3445-4a2a-94c0-8f9c553e249a,Ideas,2c374fcc-1de7-4f46-8be0-95944adedde1
dfe2ce85-2512-4848-8c8b-c61ca7730084,Planning,2c374fcc-1de7-4f46-8be0-95944adedde1
b7591db9-220b-43bd-aff2-8815da6ab999,Assets,2c374fcc-1de7-4f46-8be0-95944adedde1
0d0b8762-f3e7-4e11-8c7c-310a6f2233e5,Scheduled,2c374fcc-1de7-4f46-8be0-95944adedde1
e88462f2-1bed-471c-beac-88e3e1ee0733,Launched,2c374fcc-1de7-4f46-8be0-95944adedde1
0df3f191-88c3-4bcf-9eb6-5a2eecc738ff,Ideas,d17e019a-21e7-48cb-9f0d-6fdfab9f9a0a
6a809460-46c4-4afe-bcea-38adbd992ff5,Planning,d17e019a-21e7-48cb-9f0d-6fdfab9f9a0a
1c5bf7f3-d281-4889-a17e-5e74c52a562c,Assets,d17e019a-21e7-48cb-9f0d-6fdfab9f9a0a
37ab3aab-a437-40d9-a1d6-3e711d0ce82f,Scheduled,d17e019a-21e7-48cb-9f0d-6fdfab9f9a0a
8058cee8-e2f1-4d14-afd5-ddf6d04f1118,Launched,d17e019a-21e7-48cb-9f0d-6fdfab9f9a0a
06ba9d38-75ae-40ed-a0ff-9540fe7a021f,Ideas,c4855e17-69bb-4c19-b7ab-6297b23c3cb9
af16adfa-21a3-4d72-921e-2027d75bf63b,Planning,c4855e17-69bb-4c19-b7ab-6297b23c3cb9
1583ffdc-b18e-4fad-8257-9a9602e5389f,Assets,c4855e17-69bb-4c19-b7ab-6297b23c3cb9
e8cad4a0-dc8d-4556-bb43-4f342a4b3cdf,Scheduled,c4855e17-69bb-4c19-b7ab-6297b23c3cb9
3a67afba-25be-47f4-afd4-9b6379eb6c78,Launched,c4855e17-69bb-4c19-b7ab-6297b23c3cb9
f3f1c1c1-f9ef-41ce-bda4-e1b81ecd9de2,Ideas,1e6b486e-7887-4a13-8bd2-4b484aa4e177
3a955da1-8d04-40fe-991d-d70f3e5d1e15,Planning,1e6b486e-7887-4a13-8bd2-4b484aa4e177
2e7d52dc-06ea-4b1a-9258-e235d59d6e77,Assets,1e6b486e-7887-4a13-8bd2-4b484aa4e177
feb80c15-88c9-4e2c-a6a1-103205254ef7,Scheduled,1e6b486e-7887-4a13-8bd2-4b484aa4e177
f4999895-28bf-44a2-a509-6c4dff51aca6,Launched,1e6b486e-7887-4a13-8bd2-4b484aa4e177
e9acfa1b-6d04-41cf-8a1a-8c48009d8713,To Do,879bfaff-756c-4e56-abcf-e8aa036a65c3
5a095cc2-3b02-422e-8767-0051fb17e11a,In Progress,879bfaff-756c-4e56-abcf-e8aa036a65c3
a29ddf28-5c2b-4db8-9fe7-8cfe0ee03e41,Waiting,879bfaff-756c-4e56-abcf-e8aa036a65c3
fe24ac26-61a0-4f33-a515-128691a9b10f,Completed,879bfaff-756c-4e56-abcf-e8aa036a65c3
670088a8-8cff-4c5c-abfc-b1ef7d0fd7fd,To Do,fd1919ef-2118-4bb8-bcab-16e9f3b1cf26
a176ab44-93e7-43a0-992d-98392735623a,In Progress,fd1919ef-2118-4bb8-bcab-16e9f3b1cf26
1f8bb1ac-c089-4d65-b7b9-d86c6437d6ce,Waiting,fd1919ef-2118-4bb8-bcab-16e9f3b1cf26
db6997c2-2513-4a27-a416-d9464c242bf7,Completed,fd1919ef-2118-4bb8-bcab-16e9f3b1cf26
44595050-af93-4ef8-b0e9-59b5b6219350,Backlog,7029e4ff-8a0a-4932-8e89-0c4115de7c1c
007ce2a0-0666-4c16-a321-1983f0ee2084,Sprint Backlog,7029e4ff-8a0a-4932-8e89-0c4115de7c1c
7f0720f0-2b91-4889-98d2-423abd5fd2d5,In Progress,7029e4ff-8a0a-4932-8e89-0c4115de7c1c
da963404-9747-4f33-8cf9-500d95a8daf6,Review,7029e4ff-8a0a-4932-8e89-0c4115de7c1c
8172c35e-d265-47fc-9d29-daba3adaaf00,Done,7029e4ff-8a0a-4932-8e89-0c4115de7c1c
ba9e7a49-1484-4a4e-a76f-ac848afc55d7,Backlog,f4a0f7e6-a3de-4562-995e-1cd6f9a59161
3365e01a-9558-443e-8152-98d4cefb7f56,Sprint Backlog,f4a0f7e6-a3de-4562-995e-1cd6f9a59161
46b438ee-bf16-433e-b801-9b3008f8ffb1,In Progress,f4a0f7e6-a3de-4562-995e-1cd6f9a59161
635ff3d8-b298-4a72-825b-96c7aa62aff7,Review,f4a0f7e6-a3de-4562-995e-1cd6f9a59161
4427e3e1-5a59-46a6-9605-0ac18abacdba,Done,f4a0f7e6-a3de-4562-995e-1cd6f9a59161
45cca54f-bf75-4dc8-b3d2-c9fe2a0a494b,To Do,527820e1-64d8-484a-b4b6-ea8639a24587
e8d9ad40-871e-4b93-bc73-6fc7dbe7fddf,In Progress,527820e1-64d8-484a-b4b6-ea8639a24587
c0fe7b4b-13c5-4a54-9c6e-c5ef5dd65c69,Waiting,527820e1-64d8-484a-b4b6-ea8639a24587
4cab97dd-4c8e-495a-8677-8fceb262b6ec,Completed,527820e1-64d8-484a-b4b6-ea8639a24587
9a8d71ee-5a6a-4a5a-93e6-3b63c2a262c1,To Do,49aec5e4-7ac6-472c-bbd5-14518d04b075
edd095e6-31f6-4179-a2d0-c983257258a0,In Progress,49aec5e4-7ac6-472c-bbd5-14518d04b075
fe3f7624-503c-464e-936e-3fa2ad899816,Waiting,49aec5e4-7ac6-472c-bbd5-14518d04b075
cc9b845d-adf6-4fd5-a394-8f32aa091007,Completed,49aec5e4-7ac6-472c-bbd5-14518d04b075
498fc89b-ecf6-4992-a27d-4e554f54ebb0,To Do,da43d25f-1f09-4cfa-b25e-9d09e6f3773f
a7faccbb-a2e0-4293-ac0b-0e79b10b12e2,In Progress,da43d25f-1f09-4cfa-b25e-9d09e6f3773f
01a7f732-e9a9-4e35-a5d4-24edec689dee,Waiting,da43d25f-1f09-4cfa-b25e-9d09e6f3773f
ca9c3f39-3f76-4e03-8e38-7b6b3ebd9165,Completed,da43d25f-1f09-4cfa-b25e-9d09e6f3773f
128db334-0659-4ee8-9049-4715fcd338a5,To Do,ef503dd3-cec6-4a51-b67b-037807ad2b05
d0b12659-2877-4734-bf4f-09280f6994c5,In Progress,ef503dd3-cec6-4a51-b67b-037807ad2b05
9ba97a47-005a-4e50-89af-a9a21055ce05,Waiting,ef503dd3-cec6-4a51-b67b-037807ad2b05
4252ed5f-29c2-4722-b634-f1db4e74f61a,Completed,ef503dd3-cec6-4a51-b67b-037807ad2b05
92a29282-675c-4793-9efa-4224cccca480,Ideas,583b1153-e78c-4f5b-b582-5a6245b755b4
b15ad9c7-a867-4e82-abe1-2ea72213b5cd,Planning,583b1153-e78c-4f5b-b582-5a6245b755b4
3a9587cb-018a-4aa0-8283-efaa4f164440,Assets,583b1153-e78c-4f5b-b582-5a6245b755b4
dcb4c810-0521-45a1-9036-36dd34c1f99b,Scheduled,583b1153-e78c-4f5b-b582-5a6245b755b4
63c1ee92-2708-480e-9ee6-b1c806b48ab0,Launched,583b1153-e78c-4f5b-b582-5a6245b755b4
d44b4d3d-bfac-4140-b63b-c6c2aa110a8a,Backlog,f002b100-910a-4c4d-8e4f-fe134c6433fc
b47fe1b1-ae5e-4d7e-9829-e8f2073a5cc0,Sprint Backlog,f002b100-910a-4c4d-8e4f-fe134c6433fc
dfcaa523-1f1f-4cf0-b5a8-2e3e927489cb,In Progress,f002b100-910a-4c4d-8e4f-fe134c6433fc
f2685ceb-05df-4b9b-b563-0863c31d6fe9,Review,f002b100-910a-4c4d-8e4f-fe134c6433fc
e5643508-5e7e-4e95-a58c-7522df8b0630,Done,f002b100-910a-4c4d-8e4f-fe134c6433fc
643b8482-5a9e-4009-b070-d0cfcf2bc9c8,Ideas,8184a08b-c11d-46e0-87b7-1ec05cb3b556
53faef2b-346a-45ab-8f17-78586d885687,Planning,8184a08b-c11d-46e0-87b7-1ec05cb3b556
0d20648e-0edf-4ca2-9a90-12b88f31efd5,Assets,8184a08b-c11d-46e0-87b7-1ec05cb3b556
e2d5b5a1-562f-4619-87c4-4c3980dc943c,Scheduled,8184a08b-c11d-46e0-87b7-1ec05cb3b556
943eb6c2-ec99-422b-aab9-9fbd38cfb73c,Launched,8184a08b-c11d-46e0-87b7-1ec05cb3b556
951b3488-a005-45ce-9409-6b0479ce7d3b,To Do,44249c6a-70d4-422f-96fd-2105e2609efb
441a47d6-7cfa-483e-95fb-0cdd1eb46c99,In Progress,44249c6a-70d4-422f-96fd-2105e2609efb
46b1c39d-be74-4c0e-a3ca-1db6e00a5aa1,Waiting,44249c6a-70d4-422f-96fd-2105e2609efb
9e86a688-1227-4555-8831-413c31569b28,Completed,44249c6a-70d4-422f-96fd-2105e2609efb
974cfd60-29bb-4114-a93d-ae9b84f19166,Ideas,950b689a-e4d2-420f-82a6-a01bcf6876b4
dd92033f-97f9-4e26-9421-c012079de14e,Planning,950b689a-e4d2-420f-82a6-a01bcf6876b4
cd4e8778-edc3-4486-9db1-39f8a498be26,Assets,950b689a-e4d2-420f-82a6-a01bcf6876b4
72bdf66e-eec8-48f8-950a-05c9cfb750b3,Scheduled,950b689a-e4d2-420f-82a6-a01bcf6876b4
12ebc64a-ec75-4bf1-9ecc-be563dc56323,Launched,950b689a-e4d2-420f-82a6-a01bcf6876b4
c9e71e27-a8ea-46f9-a244-5f6ef4d4edf1,Ideas,154d776d-c3d6-4567-a5aa-7ee37217eca1
8004f243-d0fa-42a2-a64b-a346783a6a32,Planning,154d776d-c3d6-4567-a5aa-7ee37217eca1
83aca51f-21e0-4462-954b-b7398d19a01b,Assets,154d776d-c3d6-4567-a5aa-7ee37217eca1
948f223b-3b32-40c3-9d36-03745eed2f9a,Scheduled,154d776d-c3d6-4567-a5aa-7ee37217eca1
e7689bd5-c493-44e0-975d-44e526a8ba42,Launched,154d776d-c3d6-4567-a5aa-7ee37217eca1
8ecbe01b-8c52-4eb9-a130-6a527baf8285,Backlog,620c6e3b-7e56-44c3-9c67-1b714e631b6b
114e877b-2711-4833-a197-80616e25df23,Sprint Backlog,620c6e3b-7e56-44c3-9c67-1b714e631b6b
ae119b49-2c1d-42af-9a75-03ccb15b50de,In Progress,620c6e3b-7e56-44c3-9c67-1b714e631b6b
040b501c-58b7-47c9-a3e5-b054e0551741,Review,620c6e3b-7e56-44c3-9c67-1b714e631b6b
9b971dbc-ae2e-42e9-b690-48dce1fc9b72,Done,620c6e3b-7e56-44c3-9c67-1b714e631b6b
6c50f2b9-76f4-4e8c-87d7-3d7deba1ae9d,Ideas,8277551b-c011-4fcf-990e-d07f80741f41
0c5e921f-3807-456d-9781-9edd73ffa0d7,Planning,8277551b-c011-4fcf-990e-d07f80741f41
e13b8f15-a33a-4f92-9d01-61cd1efe76f6,Assets,8277551b-c011-4fcf-990e-d07f80741f41
30a7b83a-5825-417a-9127-829b3f3760e7,Scheduled,8277551b-c011-4fcf-990e-d07f80741f41
e37b8c20-943b-428f-a99f-fad76b4b7cf0,Launched,8277551b-c011-4fcf-990e-d07f80741f41
a3eee4f6-a222-4c8e-9b50-6505000232b3,Ideas,4466752d-bb17-4298-9fa1-212bad638410
c11197d3-25de-41ee-b714-0b4d0175220a,Planning,4466752d-bb17-4298-9fa1-212bad638410
87afc2bd-45d3-4222-8d66-8c550f1fbd58,Assets,4466752d-bb17-4298-9fa1-212bad638410
f20880a1-34f5-44d2-8268-f4309ea17416,Scheduled,4466752d-bb17-4298-9fa1-212bad638410
e4a3cef9-9b59-473d-8d4d-a10a7ed3ba89,Launched,4466752d-bb17-4298-9fa1-212bad638410
c5bbc1fb-98cb-4e3c-8d8d-5df8c335667d,To Do,69a93841-8ff8-491d-861a-1b08771fc4aa
efdc6d29-94b2-4bbb-8f49-c6971af9d18d,In Progress,69a93841-8ff8-491d-861a-1b08771fc4aa
195e1b43-0e2c-4bb1-84d5-df94a8beb4ec,Waiting,69a93841-8ff8-491d-861a-1b08771fc4aa
2d9ac200-531b-4899-857e-3286f70bf85a,Completed,69a93841-8ff8-491d-861a-1b08771fc4aa
4eb5da00-0ecc-489a-b687-ed79965fb25c,Ideas,7dad4ed2-9184-4748-a342-33c231cacfe4
007b6456-1056-4721-8b3c-d877d97862c1,Planning,7dad4ed2-9184-4748-a342-33c231cacfe4
723582b3-ca83-4b9f-b2d4-d428ad3f1ccb,Assets,7dad4ed2-9184-4748-a342-33c231cacfe4
88fa7878-7306-43ae-8d61-d8b0bafd085e,Scheduled,7dad4ed2-9184-4748-a342-33c231cacfe4
ecfdf7aa-d59c-4a93-97c5-31fd07033d23,Launched,7dad4ed2-9184-4748-a342-33c231cacfe4
6573ade2-60fc-488f-ba5d-938f8c1e2224,Backlog,2f68d743-e3a3-4ecb-b6a9-30ede4174b3f
f1a1b5d7-9d32-4832-a70d-4381434f92d8,Sprint Backlog,2f68d743-e3a3-4ecb-b6a9-30ede4174b3f
f6be5b7d-1d76-4fac-a1a5-92f27d1a4427,In Progress,2f68d743-e3a3-4ecb-b6a9-30ede4174b3f
7c4c29dc-2995-4712-88a4-fd8523fb4346,Review,2f68d743-e3a3-4ecb-b6a9-30ede4174b3f
2460ca4f-553a-44df-ae4d-1166ef2994f5,Done,2f68d743-e3a3-4ecb-b6a9-30ede4174b3f
bf6c9857-ed9f-4563-a687-2ba382dc6982,Backlog,d02e6bad-5bc6-4c9d-953d-eb44e1ee421c
6e3a0bfc-5479-49be-bf4b-aa843c27cfa3,Sprint Backlog,d02e6bad-5bc6-4c9d-953d-eb44e1ee421c
50c547f7-02b9-4522-a0cd-cdfa54d9e3c8,In Progress,d02e6bad-5bc6-4c9d-953d-eb44e1ee421c
28f84daf-820b-4a02-a067-69424aab5b56,Review,d02e6bad-5bc6-4c9d-953d-eb44e1ee421c
1f035f88-f2a0-4c73-b3df-bf2510e19e14,Done,d02e6bad-5bc6-4c9d-953d-eb44e1ee421c
094af262-3fb8-4f81-9379-e9ffed43111a,Backlog,4a8d1a5d-ce93-41c5-a9c7-0edcb3ccf677
76393472-0e42-4731-9e7e-7197a6bdcb79,Sprint Backlog,4a8d1a5d-ce93-41c5-a9c7-0edcb3ccf677
1f1a4951-351e-4e35-9284-5c823e721e67,In Progress,4a8d1a5d-ce93-41c5-a9c7-0edcb3ccf677
a98ab5c3-8f15-4c26-af19-f9f922735d01,Review,4a8d1a5d-ce93-41c5-a9c7-0edcb3ccf677
c189311d-4311-48e5-a436-ccf8019c389e,Done,4a8d1a5d-ce93-41c5-a9c7-0edcb3ccf677
8b25e660-c469-4c6b-a0dc-1bcddc823bec,Ideas,8ed1e995-c9bd-4d75-883e-79f065286fa1
f4bb24f4-2011-4dd8-b659-00a3713a8fd0,Planning,8ed1e995-c9bd-4d75-883e-79f065286fa1
99791c7a-6e10-4117-a33c-717cc95c4506,Assets,8ed1e995-c9bd-4d75-883e-79f065286fa1
9ea8b7ca-b39a-44ab-9495-7d54074f9180,Scheduled,8ed1e995-c9bd-4d75-883e-79f065286fa1
e84170b4-23fa-41f1-90fd-f8a48724a85c,Launched,8ed1e995-c9bd-4d75-883e-79f065286fa1
1d1088a4-84a5-435e-8a7d-a4fefbbe6826,Backlog,ee2f5308-5817-4f22-938e-636c2e373de8
b7225f24-d194-469a-aa55-208e340f5f83,Sprint Backlog,ee2f5308-5817-4f22-938e-636c2e373de8
11e2cf0e-e22d-4790-a714-ae9b4bd18a39,In Progress,ee2f5308-5817-4f22-938e-636c2e373de8
acd94f8b-6f15-40cf-8ea3-ddb106ef5700,Review,ee2f5308-5817-4f22-938e-636c2e373de8
d9344e39-cb1c-4d4a-8a49-f21988ab38c1,Done,ee2f5308-5817-4f22-938e-636c2e373de8
c2e73e63-eb07-4aaf-88a6-43194a881e5f,Backlog,6e1e9745-6cab-46f7-936e-b0ab9edeb849
83807c3a-753a-4a84-a7b4-1af3acc72984,Sprint Backlog,6e1e9745-6cab-46f7-936e-b0ab9edeb849
bb58b0b1-2c6f-404d-851c-da0ca0dfeb08,In Progress,6e1e9745-6cab-46f7-936e-b0ab9edeb849
8f955b9e-22e3-4da8-a26e-5c9afaa29259,Review,6e1e9745-6cab-46f7-936e-b0ab9edeb849
39c717ec-598a-492b-9205-d4e929188d96,Done,6e1e9745-6cab-46f7-936e-b0ab9edeb849
d152e35b-b7f2-4a11-a7ac-0afb04a9fb65,Ideas,7522451a-eb00-4917-a9bb-e5bc2ec0ac88
f8ee4d87-722e-464c-9b31-adb0de8dc94f,Planning,7522451a-eb00-4917-a9bb-e5bc2ec0ac88
26d6ce5e-2aa7-4c5b-a3ba-ec6db04bde28,Assets,7522451a-eb00-4917-a9bb-e5bc2ec0ac88
59f0bbe7-f824-4ac4-9d9f-db447c4b3bce,Scheduled,7522451a-eb00-4917-a9bb-e5bc2ec0ac88
aa6a29f7-7081-4b05-a666-2ba812fcd4f3,Launched,7522451a-eb00-4917-a9bb-e5bc2ec0ac88
8266b753-7840-4dc1-8d5f-5b61cf5da3cf,To Do,4fbad551-22ad-4a12-b4db-859784797142
375b15e4-2a5d-4f1b-8a42-3563d48bb81f,In Progress,4fbad551-22ad-4a12-b4db-859784797142
b0eaf1f0-9b0f-4b98-984d-7f79aee5add9,Waiting,4fbad551-22ad-4a12-b4db-859784797142
79d8eed0-f661-422a-a110-eefa010f1fcb,Completed,4fbad551-22ad-4a12-b4db-859784797142
1f48f0dd-9036-4aa1-b31b-8adafccb9962,Ideas,26e65a52-2e2a-4075-9afa-9853811ab522
33d2174c-2649-4b35-9c1a-862f32072b8d,Planning,26e65a52-2e2a-4075-9afa-9853811ab522
f7122711-5c80-4b75-af18-4b6f6d89346f,Assets,26e65a52-2e2a-4075-9afa-9853811ab522
067e9fbd-b971-49ad-a1ee-1aa203c486e4,Scheduled,26e65a52-2e2a-4075-9afa-9853811ab522
1f230c61-60b8-426e-a431-d661a433fb1a,Launched,26e65a52-2e2a-4075-9afa-9853811ab522
fadc4245-baff-4651-9969-13bf9b355a14,To Do,c10ab852-04f5-46b8-8c1b-edd306807710
afd07629-39eb-4ec4-a785-8bffae4798e3,In Progress,c10ab852-04f5-46b8-8c1b-edd306807710
dc827dbc-b691-48cf-aca0-344434fe435c,Waiting,c10ab852-04f5-46b8-8c1b-edd306807710
7c7fcde5-b576-4790-884c-dffeb6dc16fb,Completed,c10ab852-04f5-46b8-8c1b-edd306807710
7f2af33e-dd33-4938-a9f2-be80d599783b,Ideas,e70f1236-e30c-4eb2-b9f0-8c56a359dca1
bf106040-0df3-416a-96fc-919eb4e69882,Planning,e70f1236-e30c-4eb2-b9f0-8c56a359dca1
0bc49cb5-ec65-469b-b188-acfe8439451d,Assets,e70f1236-e30c-4eb2-b9f0-8c56a359dca1
686d0044-91cc-4401-9169-a1a961f40c3d,Scheduled,e70f1236-e30c-4eb2-b9f0-8c56a359dca1
2cc199d3-e86e-43ad-9a00-afbf0e1d68ec,Launched,e70f1236-e30c-4eb2-b9f0-8c56a359dca1
e66f7fa8-7a99-4303-9c17-ab6462420bb1,To Do,d800eee5-1f48-47d0-89f5-df6609110d48
e4b795ef-bdb0-44d2-a863-e3b0ded77544,In Progress,d800eee5-1f48-47d0-89f5-df6609110d48
7c11ba2f-63ad-4a7d-80da-f62430ee5845,Waiting,d800eee5-1f48-47d0-89f5-df6609110d48
2b424c1c-8f53-4fb7-af84-a8cd020804ed,Completed,d800eee5-1f48-47d0-89f5-df6609110d48
f596ec77-024e-434f-807f-3309f16d0439,Ideas,d17d9cca-a0c9-4355-9bff-ff343b1c5875
6909fbed-590a-4095-87e5-eb614cfacf1b,Planning,d17d9cca-a0c9-4355-9bff-ff343b1c5875
25f01f92-9e06-4cc4-9fa7-4f89d6495052,Assets,d17d9cca-a0c9-4355-9bff-ff343b1c5875
eeb597d0-ac41-40c7-a191-99548ee3e278,Scheduled,d17d9cca-a0c9-4355-9bff-ff343b1c5875
2ce0fe57-894e-4a6d-93c4-13e9608b616b,Launched,d17d9cca-a0c9-4355-9bff-ff343b1c5875
6a18c614-8c87-40cd-9e25-a3b663d265b9,Backlog,09c3e8f7-79dc-4378-9e0c-0978a3a69973
dd933582-8a66-4e8e-be64-e67e1a95095b,Sprint Backlog,09c3e8f7-79dc-4378-9e0c-0978a3a69973
7bd4b428-f4cf-44ae-86fc-268c72a35394,In Progress,09c3e8f7-79dc-4378-9e0c-0978a3a69973
742b9a49-bbfa-42d4-93b4-71ae6761e369,Review,09c3e8f7-79dc-4378-9e0c-0978a3a69973
6804dbde-7e66-45f8-82c7-b0431cf5eb41,Done,09c3e8f7-79dc-4378-9e0c-0978a3a69973
08b65f48-aade-455d-9048-8eb1b8d7fbb0,Backlog,9222068b-a37a-4af1-830d-184c4caa69d0
8dfd997b-7167-433c-bcff-dade49121ea0,Sprint Backlog,9222068b-a37a-4af1-830d-184c4caa69d0
ba26f447-774e-4aef-8ef2-b963ea810b41,In Progress,9222068b-a37a-4af1-830d-184c4caa69d0
800a5708-90bd-4c53-a523-f71238e99327,Review,9222068b-a37a-4af1-830d-184c4caa69d0
65c02bad-c5b8-4e02-8187-0776f9b91a92,Done,9222068b-a37a-4af1-830d-184c4caa69d0
6a3b5101-7b4e-4856-8650-d2893d268827,Ideas,f72cb4aa-d616-48ae-a2a9-80162f338d56
b4b2109b-4263-41f0-9db0-99cf6e9b64a7,Planning,f72cb4aa-d616-48ae-a2a9-80162f338d56
9c2f8de7-ae63-4f05-84b6-da1b7dd68ab7,Assets,f72cb4aa-d616-48ae-a2a9-80162f338d56
bb6de4b4-ff45-4304-8c71-286d180e5ab4,Scheduled,f72cb4aa-d616-48ae-a2a9-80162f338d56
fac38dde-c494-4a27-923a-b1d205f1cfec,Launched,f72cb4aa-d616-48ae-a2a9-80162f338d56
76d56d37-6d7c-458a-8eff-fe48ca1bf2eb,To Do,3c0235aa-afa2-474b-9384-a55b3c244307
bfbe9076-9428-4824-9354-6c0cb22a1eff,In Progress,3c0235aa-afa2-474b-9384-a55b3c244307
b89b3d8e-16af-4578-b299-cf2e713ddbe3,Waiting,3c0235aa-afa2-474b-9384-a55b3c244307
207150a7-3c9e-4bc6-ab5e-29e18648c56c,Completed,3c0235aa-afa2-474b-9384-a55b3c244307
adea4584-846f-4746-851b-8dc16d472dc9,Backlog,78005757-f8f7-43a7-9f02-ae7451618713
23e37e03-a3b8-4ac7-aa1a-5e93da924dc5,Sprint Backlog,78005757-f8f7-43a7-9f02-ae7451618713
ac70a373-a397-4f85-b996-3d9ca0164040,In Progress,78005757-f8f7-43a7-9f02-ae7451618713
8067a499-6a5a-48b0-82b7-15c7e2eb0916,Review,78005757-f8f7-43a7-9f02-ae7451618713
327ca97c-cb2b-4acf-baae-2b3ddd0e4f47,Done,78005757-f8f7-43a7-9f02-ae7451618713
3eb6ab76-61d1-4827-b2d1-acb2c4c7c567,To Do,b62afb0a-91ce-4489-a4d4-1bc5b6086b8e
21d7c1d5-b54b-4481-90d7-63994899e330,In Progress,b62afb0a-91ce-4489-a4d4-1bc5b6086b8e
b569dd34-035e-4155-89ff-82db70f682c2,Waiting,b62afb0a-91ce-4489-a4d4-1bc5b6086b8e
0380e3b5-cb66-40fa-8bce-96e44d08a83a,Completed,b62afb0a-91ce-4489-a4d4-1bc5b6086b8e
483d6adc-9917-4116-8b4b-993f09154039,To Do,72786b99-3050-4d21-bcf8-533a733f43b1
82a2ed96-8893-461f-aec0-691deb8388d6,In Progress,72786b99-3050-4d21-bcf8-533a733f43b1
10948736-cfc1-4489-8f03-4b3f24dc9ccb,Waiting,72786b99-3050-4d21-bcf8-533a733f43b1
d1db625d-f74a-490b-88ae-239104776b8b,Completed,72786b99-3050-4d21-bcf8-533a733f43b1
6a531dc6-08af-4525-a7e8-cbfa3facf42c,To Do,4729c507-8d2c-44ac-9046-4c0edfea7765
5dfde9d7-46d3-4953-beeb-38f36494c3cd,In Progress,4729c507-8d2c-44ac-9046-4c0edfea7765
8182ff9f-feed-4fda-a617-a89c1302afee,Waiting,4729c507-8d2c-44ac-9046-4c0edfea7765
39b7a8d1-a5ae-4265-b050-f5e2ea1fe691,Completed,4729c507-8d2c-44ac-9046-4c0edfea7765
53f8867a-400d-4ff9-b7f1-6d806daca7a8,Ideas,c31d3f2c-8475-4e9f-963b-385d4b55ec4b
aa33ff08-a3e6-42f1-a196-4529030a4cad,Planning,c31d3f2c-8475-4e9f-963b-385d4b55ec4b
db4ee713-6375-4cd7-bfb4-5ca20d2b5b0f,Assets,c31d3f2c-8475-4e9f-963b-385d4b55ec4b
9f1f031c-7087-4e2e-ac12-f69eded54437,Scheduled,c31d3f2c-8475-4e9f-963b-385d4b55ec4b
5b4bcb97-7261-476a-ae03-bef7be6a193f,Launched,c31d3f2c-8475-4e9f-963b-385d4b55ec4b
ad53fabd-f34c-40af-a0f9-c3235637d802,Ideas,b02833a7-d818-4268-9717-c9f62c4632b5
bd6aa5f9-d85d-4123-86be-4b067fcb6a12,Planning,b02833a7-d818-4268-9717-c9f62c4632b5
8885b752-20f6-47e0-8942-b95d84cba214,Assets,b02833a7-d818-4268-9717-c9f62c4632b5
242b98e0-97f4-4b50-99cb-4dc5961ddde8,Scheduled,b02833a7-d818-4268-9717-c9f62c4632b5
5beddc83-ab4e-4d3d-9816-4163f23d1888,Launched,b02833a7-d818-4268-9717-c9f62c4632b5
63d7957c-5b2e-40ba-bf09-f39ce311fc75,To Do,1d31a3e1-756c-4af1-9bd4-a2655926e5bb
a48e6827-5195-4f13-a36a-2aa5311b65d6,In Progress,1d31a3e1-756c-4af1-9bd4-a2655926e5bb
db19d693-cfee-435d-90c8-e40e330f23ea,Waiting,1d31a3e1-756c-4af1-9bd4-a2655926e5bb
a30e4849-3cc6-4a91-bd8a-71524c815a2c,Completed,1d31a3e1-756c-4af1-9bd4-a2655926e5bb
47df2a5c-9c9a-4771-9060-4b97adb899a1,Backlog,d884f62e-b716-4929-99b7-d4a9e2bad1da
ca5b2291-6379-4052-9066-99f5b4d53480,Sprint Backlog,d884f62e-b716-4929-99b7-d4a9e2bad1da
e276e09f-027a-49d0-a2f5-f1c750786db7,In Progress,d884f62e-b716-4929-99b7-d4a9e2bad1da
e8c79087-04a4-4f5d-b8a1-355ee53368b0,Review,d884f62e-b716-4929-99b7-d4a9e2bad1da
57961b9b-f377-440d-aac0-bf3d1253f43e,Done,d884f62e-b716-4929-99b7-d4a9e2bad1da
94eeeebb-15cb-4090-a985-f4e57a5a14e4,Backlog,eb628128-d566-4657-8f7c-b923f5ad9726
aa6f2a9a-3783-456f-a610-e19832cd64f0,Sprint Backlog,eb628128-d566-4657-8f7c-b923f5ad9726
e840d89f-ece8-4481-bf8e-b74ae40a6385,In Progress,eb628128-d566-4657-8f7c-b923f5ad9726
607b592b-9ad6-4c7d-a29e-e69312b5ac56,Review,eb628128-d566-4657-8f7c-b923f5ad9726
5860aa10-0688-4f1c-a4a3-0fab3da620a3,Done,eb628128-d566-4657-8f7c-b923f5ad9726
348cddbe-9eb2-4090-9c18-6f2790195535,Backlog,cf33d06d-9a9e-418a-a38f-eea091646aab
c0e5a8b1-fa0c-498c-8fc2-ee967fac00b2,Sprint Backlog,cf33d06d-9a9e-418a-a38f-eea091646aab
4ecdc32e-a6e0-4898-90a2-6ad57aa2c33d,In Progress,cf33d06d-9a9e-418a-a38f-eea091646aab
c1d4a70c-a7d8-4bd8-baa1-70b50acc1a7c,Review,cf33d06d-9a9e-418a-a38f-eea091646aab
1963eb00-7ec0-4631-8e45-b8aee6dc3035,Done,cf33d06d-9a9e-418a-a38f-eea091646aab
d073cb77-5d08-4a17-a139-544c8c2dab56,Ideas,82f55220-d503-4c94-8cf9-a8ce03f0fba3
f9400824-18e1-49e3-b58b-96171bd60861,Planning,82f55220-d503-4c94-8cf9-a8ce03f0fba3
3fdcd73f-9f1b-4cf4-ab76-a41ed81200d3,Assets,82f55220-d503-4c94-8cf9-a8ce03f0fba3
58f16670-b05d-43c4-91dd-36aa47cb266b,Scheduled,82f55220-d503-4c94-8cf9-a8ce03f0fba3
6daaf6e5-01c8-40f3-bce5-68ad9b49b1d3,Launched,82f55220-d503-4c94-8cf9-a8ce03f0fba3
4eba0011-df6e-4124-8b08-67283c2fe003,To Do,323bd90d-4617-4b11-b0ad-6857804ee2c4
df3fed21-5a92-4f3c-a4af-f72e9ca12fd6,In Progress,323bd90d-4617-4b11-b0ad-6857804ee2c4
c32f0a4d-8fc0-4a51-9c7a-18265df551ef,Waiting,323bd90d-4617-4b11-b0ad-6857804ee2c4
0202b9df-7087-4819-a75c-616fab1b632a,Completed,323bd90d-4617-4b11-b0ad-6857804ee2c4
a3f88393-8527-46b5-b1ca-d58209a232fc,Backlog,d481f8b5-a500-46d6-93e5-edff591d8791
e014b157-8a48-41fa-aca7-bbc867787ba1,Sprint Backlog,d481f8b5-a500-46d6-93e5-edff591d8791
5739c41f-db9e-4722-8d60-f62d6c4846f3,In Progress,d481f8b5-a500-46d6-93e5-edff591d8791
8f4a0421-0d1f-44fd-8d70-b7040e889ae0,Review,d481f8b5-a500-46d6-93e5-edff591d8791
a020f769-b3a7-442b-8dea-bfc06facb9c5,Done,d481f8b5-a500-46d6-93e5-edff591d8791
e7e4ad91-6106-4192-b814-b1197f8c82ff,To Do,9cf43676-dba2-4c1c-8228-ab77caaba35f
2f252f94-2030-4edb-a8b9-c966d7267c2d,In Progress,9cf43676-dba2-4c1c-8228-ab77caaba35f
316ed286-6bdf-44f3-96c2-8e955852f375,Waiting,9cf43676-dba2-4c1c-8228-ab77caaba35f
bb8bc4f8-15c9-4fe2-97fc-4742590fb6e9,Completed,9cf43676-dba2-4c1c-8228-ab77caaba35f
9294a159-346f-4a81-baa2-ee34f2065769,Backlog,5f8beadc-7f8d-41c9-b810-83fd4d18c4d2
1e12fba1-8592-4f8c-aa88-f67e0c59fa55,Sprint Backlog,5f8beadc-7f8d-41c9-b810-83fd4d18c4d2
c93d653b-73d4-417f-9f97-5067f23ffe1f,In Progress,5f8beadc-7f8d-41c9-b810-83fd4d18c4d2
a96587cb-ad21-4976-822e-94517268086e,Review,5f8beadc-7f8d-41c9-b810-83fd4d18c4d2
243b8eb1-a890-4059-93d6-b9f54477c786,Done,5f8beadc-7f8d-41c9-b810-83fd4d18c4d2
a83145be-2fe8-4561-b667-d2418e61de46,Ideas,04588d5d-9a93-4542-92a0-b0d160655eb8
12bd2c23-b98a-4d19-91e6-e18408b3f653,Planning,04588d5d-9a93-4542-92a0-b0d160655eb8
8ed883f3-d2ca-4520-a04a-8ca27a024a36,Assets,04588d5d-9a93-4542-92a0-b0d160655eb8
ba47098b-acbf-409c-9226-dd0dcb4b0100,Scheduled,04588d5d-9a93-4542-92a0-b0d160655eb8
34c4a2b6-73d1-4a72-8f00-066a49262993,Launched,04588d5d-9a93-4542-92a0-b0d160655eb8
a46d33a6-361b-4c84-85be-d1d750e555b3,Backlog,29cf4475-b72c-498f-87db-f64317aa1e6b
b68afd4e-339c-45ab-9b2a-2c7070abb920,Sprint Backlog,29cf4475-b72c-498f-87db-f64317aa1e6b
a4c7ac3f-23de-408f-9ae0-ca8dc9fe2ec6,In Progress,29cf4475-b72c-498f-87db-f64317aa1e6b
cd78dda6-ce8e-42a0-9ef9-6a37bb0a1600,Review,29cf4475-b72c-498f-87db-f64317aa1e6b
4a6f4cbf-f861-4e0b-9264-c8f67c6471eb,Done,29cf4475-b72c-498f-87db-f64317aa1e6b
cd90519d-a209-4890-9c87-95bcfe327965,Ideas,c036a606-5701-47a5-8089-d12e27376de5
9955299b-f6a1-4316-9e4a-7ae148e6c32e,Planning,c036a606-5701-47a5-8089-d12e27376de5
0c3d9100-57f6-450f-ad0a-1720c82c1f84,Assets,c036a606-5701-47a5-8089-d12e27376de5
1f25006d-f02a-4cbb-9d29-64c050c99a35,Scheduled,c036a606-5701-47a5-8089-d12e27376de5
714bddb2-ad9b-4015-b0dd-66b755d8ba0b,Launched,c036a606-5701-47a5-8089-d12e27376de5
967f5b86-0f29-49b0-8ce5-7d602bdc54f3,Ideas,802373f7-a923-45b5-8ba8-b818a7c89246
0c53c591-4796-4c1f-95a3-31fc43c5c48a,Planning,802373f7-a923-45b5-8ba8-b818a7c89246
d90014c3-c35e-4930-b55e-67654a8e72df,Assets,802373f7-a923-45b5-8ba8-b818a7c89246
2e2b4684-c14c-40a5-8411-f67b3c4707df,Scheduled,802373f7-a923-45b5-8ba8-b818a7c89246
c2270e73-711e-4887-96cf-377609eb85e8,Launched,802373f7-a923-45b5-8ba8-b818a7c89246
3181a60c-ada2-4835-a28b-2c8e318ba02f,Backlog,4d79787c-bef6-4019-a7e2-c0b42c6056e8
a8f5b5d4-2876-4e0f-9e3b-3f5cae7f0d59,Sprint Backlog,4d79787c-bef6-4019-a7e2-c0b42c6056e8
29d9e6b0-0d8a-492d-83cf-430c9575dc3f,In Progress,4d79787c-bef6-4019-a7e2-c0b42c6056e8
59606f94-6dcc-42bb-8b9a-43e267b3585b,Review,4d79787c-bef6-4019-a7e2-c0b42c6056e8
a2dbffdb-4152-46fa-9d47-0c2523d8f236,Done,4d79787c-bef6-4019-a7e2-c0b42c6056e8
74b0e17e-f1d1-4dc1-bcb6-2c9a4d3e7d97,Ideas,d82d5f11-26df-48dd-b68a-c229c1f923ac
94473ba4-b33d-4a31-ba91-8ac2568f306d,Planning,d82d5f11-26df-48dd-b68a-c229c1f923ac
b2e299ea-d12e-4af3-bffc-26618e888ec1,Assets,d82d5f11-26df-48dd-b68a-c229c1f923ac
23f067e8-1912-4849-b456-7e4b43afb742,Scheduled,d82d5f11-26df-48dd-b68a-c229c1f923ac
977356bb-238d-422e-8fed-9117aecf44b6,Launched,d82d5f11-26df-48dd-b68a-c229c1f923ac
200bdadd-dcdf-4fba-820c-f1b757326cd8,To Do,1aed30c4-d32f-4181-92de-eeab77a562ad
60366432-4a36-4f1f-ba47-48861c779a93,In Progress,1aed30c4-d32f-4181-92de-eeab77a562ad
52010815-3295-4a19-9c9c-7cf274ab7aef,Waiting,1aed30c4-d32f-4181-92de-eeab77a562ad
12824fd4-10ef-49bc-aa7b-b85e1ed7ae1e,Completed,1aed30c4-d32f-4181-92de-eeab77a562ad
9f5f95eb-f900-45ff-a122-868d5427ac95,To Do,3d2b955f-5c8d-42ba-9c5d-38702ffe45d8
c51ae453-2696-4f77-bbe2-f97d1740a295,In Progress,3d2b955f-5c8d-42ba-9c5d-38702ffe45d8
594a0616-9ee0-4d97-b0d5-fdcf27cc7629,Waiting,3d2b955f-5c8d-42ba-9c5d-38702ffe45d8
92064cee-81d3-4fc9-b1ad-9db5280f6b49,Completed,3d2b955f-5c8d-42ba-9c5d-38702ffe45d8
2541f7d0-9b5a-4ddb-9f45-ae1f61e5ff4a,To Do,8c286289-25f3-4d87-a1de-323059a20827
88c6c9f6-7462-4e36-9636-905205623ea3,In Progress,8c286289-25f3-4d87-a1de-323059a20827
a66f7007-ff14-423a-9a11-f02d36ac1ea0,Waiting,8c286289-25f3-4d87-a1de-323059a20827
cf2dcfed-7250-4307-b5a6-c7ae5810c582,Completed,8c286289-25f3-4d87-a1de-323059a20827
0d959c65-54c3-4d1f-aa87-42ee46de7383,Backlog,3ca84fab-1dd6-4aa7-8063-443d93166eb8
edb3b470-dc4b-4cb2-baee-c225c13ef793,Sprint Backlog,3ca84fab-1dd6-4aa7-8063-443d93166eb8
d3abd268-c862-4c55-9a6c-4ede2c357af8,In Progress,3ca84fab-1dd6-4aa7-8063-443d93166eb8
347f6467-4b0c-47e3-a3d2-cede93210297,Review,3ca84fab-1dd6-4aa7-8063-443d93166eb8
2c155839-d9fc-4f36-9a61-665c47cac22d,Done,3ca84fab-1dd6-4aa7-8063-443d93166eb8
056e98f4-2315-4f8b-80de-50543deceece,Backlog,8b5f983e-542b-4551-90cc-b994050152f5
f92a040a-5f84-46c3-a179-884a30fe2aa4,Sprint Backlog,8b5f983e-542b-4551-90cc-b994050152f5
de3e2755-5955-46df-9120-af51c1d73dc9,In Progress,8b5f983e-542b-4551-90cc-b994050152f5
9e79c529-71e7-4a41-8bb4-fe424a40d2fc,Review,8b5f983e-542b-4551-90cc-b994050152f5
9c45cdac-85c1-4f5e-a0ef-c72deeadeeb5,Done,8b5f983e-542b-4551-90cc-b994050152f5
c0ca87e0-dae5-4e7b-b610-0f63d319496e,Backlog,0af17d9e-27af-4411-99dc-1fab6838377e
4119467b-1e39-46c7-adf9-d9127e342bce,Sprint Backlog,0af17d9e-27af-4411-99dc-1fab6838377e
059d4484-5099-4853-a3bb-d6a4b14782ba,In Progress,0af17d9e-27af-4411-99dc-1fab6838377e
5316a5d2-5797-45f5-820b-7e1dd5ba0b2e,Review,0af17d9e-27af-4411-99dc-1fab6838377e
ca9c3b0c-1cbb-4db4-8091-b0e904459332,Done,0af17d9e-27af-4411-99dc-1fab6838377e
561d1201-e246-419d-bdda-51fa33530e13,To Do,7582e610-7243-4d80-bd8e-d6081a0bc069
bd1e1c0d-6d8b-4b4d-9680-237d3dff772a,In Progress,7582e610-7243-4d80-bd8e-d6081a0bc069
304595c2-7957-4f9e-9968-6e26f221792e,Waiting,7582e610-7243-4d80-bd8e-d6081a0bc069
2f3442bb-3629-4a9d-99b8-c720ca562414,Completed,7582e610-7243-4d80-bd8e-d6081a0bc069
82769b9a-a14e-44dd-a8f6-eed6496af0a5,Ideas,f2537542-8292-4183-9f64-6cc6c0b68803
9b0070eb-4ab5-4e43-80be-7eafb18a4eaa,Planning,f2537542-8292-4183-9f64-6cc6c0b68803
fe7dea5c-448e-4fdb-b5c1-0e7531eb583d,Assets,f2537542-8292-4183-9f64-6cc6c0b68803
d9295eee-a55a-4b19-a187-b924546111af,Scheduled,f2537542-8292-4183-9f64-6cc6c0b68803
f42ad562-4cb1-4ac6-a9a6-082ca9f4fb9b,Launched,f2537542-8292-4183-9f64-6cc6c0b68803
f3ed9ad8-0a28-4466-8691-ce5781a21a4b,To Do,f1f70eea-e7f0-4c93-8a55-684932bf6d83
225586e9-3b52-4960-8df9-5fdd16a7ca0d,In Progress,f1f70eea-e7f0-4c93-8a55-684932bf6d83
80003b98-80ae-4bf5-8544-8c4780a1669f,Waiting,f1f70eea-e7f0-4c93-8a55-684932bf6d83
62e5ccab-f4b0-4696-96eb-f6c59c45d0bf,Completed,f1f70eea-e7f0-4c93-8a55-684932bf6d83
307c7bec-1852-4dcd-85b8-dd280ed83a6b,Ideas,f3de75ed-20ed-416c-a20b-52616b4ca77a
f13bdecf-4195-48d6-b4d3-ac0cd9e69fe0,Planning,f3de75ed-20ed-416c-a20b-52616b4ca77a
01d12c3d-81c4-4201-9bff-a18f2c70e5a4,Assets,f3de75ed-20ed-416c-a20b-52616b4ca77a
56d02e88-0c00-43f3-8975-53d2a43045f9,Scheduled,f3de75ed-20ed-416c-a20b-52616b4ca77a
beb31374-672c-46ad-8425-622070e6d399,Launched,f3de75ed-20ed-416c-a20b-52616b4ca77a
b80a0426-2eea-4bc7-90be-45e375494ddc,Backlog,8584e38a-f518-4719-85c2-e3dac61a9743
75e7b016-7371-4589-b4bf-322cbfa3f4cc,Sprint Backlog,8584e38a-f518-4719-85c2-e3dac61a9743
d72c5867-8fa6-4bc3-b257-4325666236e9,In Progress,8584e38a-f518-4719-85c2-e3dac61a9743
8e74de38-709f-4558-8aba-e24ee6405f43,Review,8584e38a-f518-4719-85c2-e3dac61a9743
d1b26903-0fe3-4d3c-9d8c-f27666f67dc1,Done,8584e38a-f518-4719-85c2-e3dac61a9743
28803b09-7b1a-405d-b8b3-a24c469c574c,To Do,0a25bc2d-5cf3-4acd-b083-b0440d28b8a3
39eb5552-f0e8-473c-a87f-dd7be2397787,In Progress,0a25bc2d-5cf3-4acd-b083-b0440d28b8a3
f4df2d26-1a40-4dd9-9862-58ecc707b880,Waiting,0a25bc2d-5cf3-4acd-b083-b0440d28b8a3
c26c646f-9351-401f-befc-b69a6c06504e,Completed,0a25bc2d-5cf3-4acd-b083-b0440d28b8a3
82b43e15-f269-4e16-80ee-b03162e32b29,Ideas,a43ed120-35aa-4011-ac28-810b47b753f4
9422e11b-53c0-4541-8722-af3be7c5ed0d,Planning,a43ed120-35aa-4011-ac28-810b47b753f4
dadac8cf-8695-4b41-af3e-653e7bca4636,Assets,a43ed120-35aa-4011-ac28-810b47b753f4
29048808-7d94-4f27-943b-6e67bdf42f7f,Scheduled,a43ed120-35aa-4011-ac28-810b47b753f4
c5d91736-ed23-41e8-94e9-257880d9598a,Launched,a43ed120-35aa-4011-ac28-810b47b753f4
2c93cbc1-1c92-4580-9a9d-c4931ee322ff,To Do,075360b7-b50c-4209-9359-0041901387b6
11cc684e-df41-4136-87a4-8af2e63bf2d6,In Progress,075360b7-b50c-4209-9359-0041901387b6
50aea9da-d11e-44e0-991c-f4380d3fbc34,Waiting,075360b7-b50c-4209-9359-0041901387b6
5a474b08-43a9-4d3f-ac0b-aca50d34ba80,Completed,075360b7-b50c-4209-9359-0041901387b6
344b594c-9ada-46e3-9ecc-df2a5a1f07d3,To Do,366351fa-c41a-4088-9aab-25f0a11834a2
cfed4d98-e672-4b35-a9ec-d7ff11a3f0c5,In Progress,366351fa-c41a-4088-9aab-25f0a11834a2
e89f8995-7dea-4ec8-9289-dec7e5f9f1c1,Waiting,366351fa-c41a-4088-9aab-25f0a11834a2
7b86b7b5-b318-4685-839c-2c6b3f02d578,Completed,366351fa-c41a-4088-9aab-25f0a11834a2
69af8b32-7ae5-4682-8cb8-34cb06d2f7bc,To Do,bfce9f90-ba3d-4496-9bf6-b8a59a4221b9
c5945b01-51ae-46ad-a16b-b20757ace835,In Progress,bfce9f90-ba3d-4496-9bf6-b8a59a4221b9
41b49227-2fc7-4abb-8bba-75e5d2d1739c,Waiting,bfce9f90-ba3d-4496-9bf6-b8a59a4221b9
fe192fbd-8b2a-4a5c-a534-e1b9275c8023,Completed,bfce9f90-ba3d-4496-9bf6-b8a59a4221b9
9df21cca-624f-4905-b5a5-4fa139ff17ee,To Do,1a82d95f-299b-4215-92a0-7afe023e04b1
ccfbe297-47ca-4dbd-83d2-8b68f33b3365,In Progress,1a82d95f-299b-4215-92a0-7afe023e04b1
be3d2555-be31-43f6-84b1-b71647541424,Waiting,1a82d95f-299b-4215-92a0-7afe023e04b1
10755857-a809-4d84-98c9-0d8673e90ef5,Completed,1a82d95f-299b-4215-92a0-7afe023e04b1
43c749d9-34df-4ca1-a1fd-fedd41b5980e,To Do,95a72c5d-80f5-4016-be4d-eb306410a621
75f03a74-7aa2-4b92-87d1-28b581ce56c7,In Progress,95a72c5d-80f5-4016-be4d-eb306410a621
e7636b03-a45f-42fa-8874-3372a9aa56c0,Waiting,95a72c5d-80f5-4016-be4d-eb306410a621
83f56b41-1d52-49ba-adf7-979ea4c39e4f,Completed,95a72c5d-80f5-4016-be4d-eb306410a621
617ba423-cb93-4a54-be73-32485f5d9f57,Ideas,53bfc81e-fbda-42a3-9dc3-45b2fc7422d0
08c55abf-9a39-42be-a31c-efa874682741,Planning,53bfc81e-fbda-42a3-9dc3-45b2fc7422d0
9d2435fb-bd7c-4f66-bb6d-3491240ed012,Assets,53bfc81e-fbda-42a3-9dc3-45b2fc7422d0
3e618b10-80d8-40e7-b15f-0144527f2b6a,Scheduled,53bfc81e-fbda-42a3-9dc3-45b2fc7422d0
def8528f-353f-4e6d-8bd6-a9a442272d94,Launched,53bfc81e-fbda-42a3-9dc3-45b2fc7422d0
4021c9e5-ae45-464f-a57b-f48048db7c77,To Do,49920a0e-f125-4967-b2ee-281e7068a6e2
5538d626-43e4-495d-9a74-9a4b9964adbb,In Progress,49920a0e-f125-4967-b2ee-281e7068a6e2
6d2f68e6-8c03-4ac2-a7d3-46bac9e32025,Waiting,49920a0e-f125-4967-b2ee-281e7068a6e2
dea87264-40ac-4005-9b74-867275586047,Completed,49920a0e-f125-4967-b2ee-281e7068a6e2
35260cbb-557e-48f1-a409-712b54f11340,To Do,7d2a510c-74b1-4784-ba8a-369fc234378e
a69954f2-2b71-4191-88e5-c9598a96927b,In Progress,7d2a510c-74b1-4784-ba8a-369fc234378e
c8a856f6-97de-4828-9a83-b70bb3966160,Waiting,7d2a510c-74b1-4784-ba8a-369fc234378e
3adebfad-ccf2-4268-b01e-a3f08d77d69c,Completed,7d2a510c-74b1-4784-ba8a-369fc234378e
642ddc7d-3fc1-4db3-82bc-c5209031163e,Backlog,b4e74654-a0d9-417f-bdf9-6577576ad88c
e7522017-2646-4d83-b04e-d39e09f359d7,Sprint Backlog,b4e74654-a0d9-417f-bdf9-6577576ad88c
e1626610-511c-4762-a738-c8896b055dc2,In Progress,b4e74654-a0d9-417f-bdf9-6577576ad88c
d522045f-3660-43d7-a0cd-a28a53e662b1,Review,b4e74654-a0d9-417f-bdf9-6577576ad88c
d05fd6d6-997e-465b-9596-7a4956d4201c,Done,b4e74654-a0d9-417f-bdf9-6577576ad88c
af9191bd-8a5e-4eea-8e56-e1251cdeba64,Ideas,f28fb542-61e2-4f4a-9bfc-4919d4dc0e90
b63066f3-589c-4eb1-85e2-b3d1d8658040,Planning,f28fb542-61e2-4f4a-9bfc-4919d4dc0e90
58ce73de-0ac8-44ca-94a2-93dca1a7d45d,Assets,f28fb542-61e2-4f4a-9bfc-4919d4dc0e90
9121d721-f3e1-44af-b3f3-2fe98e460486,Scheduled,f28fb542-61e2-4f4a-9bfc-4919d4dc0e90
22150047-3b46-4656-b3a7-d8d4c06c7781,Launched,f28fb542-61e2-4f4a-9bfc-4919d4dc0e90
f7c4a775-4f86-4ebf-be50-26a69ab483d8,Backlog,365c379c-4012-4c59-8a67-c54dcb7b0965
751192d1-efb0-40ca-b6ba-53233a2ef15a,Sprint Backlog,365c379c-4012-4c59-8a67-c54dcb7b0965
1fb8868e-2986-477c-a6ab-019842b4cfee,In Progress,365c379c-4012-4c59-8a67-c54dcb7b0965
1f04aacf-7e52-4f12-a85c-a64d536d30b0,Review,365c379c-4012-4c59-8a67-c54dcb7b0965
5f10cf31-528d-4975-a3af-6fbd5b03acfc,Done,365c379c-4012-4c59-8a67-c54dcb7b0965
dfb5104a-da12-46a5-aa00-b8ee7ef0701e,Ideas,7fd4747f-881f-491e-9c66-8f09ad9a8d8c
55027f91-4a47-4b53-899f-476d5aa78a78,Planning,7fd4747f-881f-491e-9c66-8f09ad9a8d8c
3c763974-6c6f-4b66-a04a-d500695a8edc,Assets,7fd4747f-881f-491e-9c66-8f09ad9a8d8c
8a5096c9-ff8f-48b0-97bf-f9e31d061d2c,Scheduled,7fd4747f-881f-491e-9c66-8f09ad9a8d8c
9ebacb1f-2bee-432f-b4cc-1e8577875d9f,Launched,7fd4747f-881f-491e-9c66-8f09ad9a8d8c
3e1f5fa0-7523-4a2e-8641-c5ded2e8c053,Backlog,f046d441-71d2-47ee-aded-7c36cad7657f
b57dc733-318a-42f5-9bee-31289b5971d6,Sprint Backlog,f046d441-71d2-47ee-aded-7c36cad7657f
c0613eeb-d32f-47be-8f6f-409a2e7a6b04,In Progress,f046d441-71d2-47ee-aded-7c36cad7657f
51e93e11-442d-4c7c-b2fd-475631ff2e02,Review,f046d441-71d2-47ee-aded-7c36cad7657f
f10ce3a0-b984-4f45-a64e-52993e5f18c9,Done,f046d441-71d2-47ee-aded-7c36cad7657f
8850a27e-1065-4231-bbce-93b297d2cc47,Ideas,61142ec5-993c-44f9-b95a-6aae3eaf4415
4efb9f2b-334d-4c70-9eac-6087946e2351,Planning,61142ec5-993c-44f9-b95a-6aae3eaf4415
bebe3bb4-f6b7-4227-9699-78fd0bb844da,Assets,61142ec5-993c-44f9-b95a-6aae3eaf4415
96e04cd3-ae40-4f78-9255-4f8f496368b6,Scheduled,61142ec5-993c-44f9-b95a-6aae3eaf4415
0f546521-98f3-4157-9503-3e99b51fcf37,Launched,61142ec5-993c-44f9-b95a-6aae3eaf4415
3f98113f-cafe-4b86-8b3f-98953842ee61,Ideas,8cde360a-5a2f-4b61-9724-fd416acc4712
931fc5c0-2808-41d1-93cd-74bd01e4a722,Planning,8cde360a-5a2f-4b61-9724-fd416acc4712
0f02d0a3-ea14-4107-bdc2-fbc06c2ceba5,Assets,8cde360a-5a2f-4b61-9724-fd416acc4712
3600074a-5e5e-47ac-86e2-066181ca637b,Scheduled,8cde360a-5a2f-4b61-9724-fd416acc4712
11639b4f-2dd6-4882-8983-1cfb266a6459,Launched,8cde360a-5a2f-4b61-9724-fd416acc4712
a27ca99b-f529-4622-bc05-d12f4ea09fd1,Ideas,56475a80-7bde-4cc1-b767-2eafd9859cbc
91e18e96-27e7-4c9f-bae0-96689c6b4b59,Planning,56475a80-7bde-4cc1-b767-2eafd9859cbc
73990710-ca1f-4f4c-b35b-7cf49f5d626a,Assets,56475a80-7bde-4cc1-b767-2eafd9859cbc
60adc4fc-239a-4acb-920d-cc20cdf0e059,Scheduled,56475a80-7bde-4cc1-b767-2eafd9859cbc
e0c091a9-c4ee-4362-aa65-7634ac88c66a,Launched,56475a80-7bde-4cc1-b767-2eafd9859cbc
fd05b1d8-2bf7-4d7f-8c95-f7c48571098e,Ideas,9d69786e-cb6f-46ef-9a75-aa3d28c77f22
6ea1b2f1-8009-4266-b0ae-ef4afdaf5c4b,Planning,9d69786e-cb6f-46ef-9a75-aa3d28c77f22
afc6345a-64ed-4602-b5e8-2e045e1ce657,Assets,9d69786e-cb6f-46ef-9a75-aa3d28c77f22
30469b78-5eb3-4deb-b064-9ce8f2cf8159,Scheduled,9d69786e-cb6f-46ef-9a75-aa3d28c77f22
b500200b-4e81-44b6-aaa2-38faedbb6b7f,Launched,9d69786e-cb6f-46ef-9a75-aa3d28c77f22
5d32d1eb-f277-4530-a503-ccf90202c1f6,Backlog,fb8cfd3d-0b5f-4b69-9152-35872ce43fea
63e96868-76d8-4b99-944e-7fde4367fc33,Sprint Backlog,fb8cfd3d-0b5f-4b69-9152-35872ce43fea
3203d25c-3fc7-489e-9204-5d0ad90cdd37,In Progress,fb8cfd3d-0b5f-4b69-9152-35872ce43fea
6f0c6833-5f28-4cfb-866b-988fc11f4176,Review,fb8cfd3d-0b5f-4b69-9152-35872ce43fea
b8d851b4-5e1c-41a5-b5fa-2162989d0293,Done,fb8cfd3d-0b5f-4b69-9152-35872ce43fea
a62863c1-197f-4a1b-a159-31ed5e2b6198,Ideas,451bdabc-6298-4ba1-b1ea-700ed563019c
48570236-b8a2-404c-99d8-6a6d5a968c26,Planning,451bdabc-6298-4ba1-b1ea-700ed563019c
c013ecd5-5afa-46b7-b034-ba8cca56783f,Assets,451bdabc-6298-4ba1-b1ea-700ed563019c
e009f6ce-fc16-4f13-8299-793518e46ea6,Scheduled,451bdabc-6298-4ba1-b1ea-700ed563019c
c7d43e20-57f9-4a71-b886-d9029c7b51ac,Launched,451bdabc-6298-4ba1-b1ea-700ed563019c
2d9c60c8-b82e-4905-8010-3f9aa0a614dc,To Do,fff883bc-e050-47e7-972c-df2b4be97388
663644d8-ac29-4351-99de-bb69199242ea,In Progress,fff883bc-e050-47e7-972c-df2b4be97388
24b17969-0df8-432d-a356-a5c3a9e44d15,Waiting,fff883bc-e050-47e7-972c-df2b4be97388
0fdd0bbb-8983-4218-b96f-7c80630bb691,Completed,fff883bc-e050-47e7-972c-df2b4be97388
3c0ad6ef-8f54-4591-800d-ee0668825fd0,Backlog,1ed2cfd3-dfe0-434d-9776-f682c90889bc
e21b8057-9ce5-493f-98ef-843643eb57a8,Sprint Backlog,1ed2cfd3-dfe0-434d-9776-f682c90889bc
7d00e6f6-ba5c-4f30-98db-47c4cc1c22bd,In Progress,1ed2cfd3-dfe0-434d-9776-f682c90889bc
cd4c0543-94f7-4a78-ac98-af4b2f5ea89b,Review,1ed2cfd3-dfe0-434d-9776-f682c90889bc
62151da8-86a4-41ae-a507-8ad96784ba2d,Done,1ed2cfd3-dfe0-434d-9776-f682c90889bc
00f3d0c6-fc8d-4573-a29c-9502a3506e06,Ideas,aa9ede2b-6590-4451-af25-3851e480e40e
65f31b5d-0625-4af5-bb45-d885382e8fd9,Planning,aa9ede2b-6590-4451-af25-3851e480e40e
0a683e0b-75f8-40fa-89e5-dc7cbac9f874,Assets,aa9ede2b-6590-4451-af25-3851e480e40e
161917f6-a1ab-49c2-bf95-34284abd176e,Scheduled,aa9ede2b-6590-4451-af25-3851e480e40e
fc133d63-002e-46e3-ba3d-aa34b45da14e,Launched,aa9ede2b-6590-4451-af25-3851e480e40e
c607ac8e-e91a-46ff-8256-458ade0d15fc,Backlog,6d7d4da0-1f35-4b81-8436-4d9ddfdd2854
4902f623-808e-427e-b65d-f61278b66a31,Sprint Backlog,6d7d4da0-1f35-4b81-8436-4d9ddfdd2854
fc9283ee-a651-4650-94dc-0279512381ab,In Progress,6d7d4da0-1f35-4b81-8436-4d9ddfdd2854
55511d8d-d00b-416d-8cde-3b63310316e5,Review,6d7d4da0-1f35-4b81-8436-4d9ddfdd2854
dc8a7178-0d63-4c89-9e83-d1dfa4f571fb,Done,6d7d4da0-1f35-4b81-8436-4d9ddfdd2854
dde506fc-a928-4a60-a993-fc3402a74d91,To Do,1fc8bac0-9c23-40f6-9067-51e5cb33b2bd
3164a977-80e2-4e12-8cab-cf3522eb83cc,In Progress,1fc8bac0-9c23-40f6-9067-51e5cb33b2bd
80e67a02-6a0c-49b6-9c59-127f06966a50,Waiting,1fc8bac0-9c23-40f6-9067-51e5cb33b2bd
158f38ed-7133-4ac0-84d0-f6ec26636acf,Completed,1fc8bac0-9c23-40f6-9067-51e5cb33b2bd
f3e3080c-477d-4add-bcdc-664bd0a2c03e,To Do,e2523f51-7825-4fb9-b140-038693ff9306
ae752105-c491-4503-a6f1-d83946e235ad,In Progress,e2523f51-7825-4fb9-b140-038693ff9306
379f122b-9407-4cb6-882d-86c00a4b3c6a,Waiting,e2523f51-7825-4fb9-b140-038693ff9306
d8f49808-7652-433f-98be-cf3caab09484,Completed,e2523f51-7825-4fb9-b140-038693ff9306
8f7e61bf-be9e-4b23-92b3-1f0cd052cd13,Backlog,cb7960bd-ccd9-4fee-b2fc-23415b120b23
2a4ce8b4-c447-4678-9285-e8eedd4cec81,Sprint Backlog,cb7960bd-ccd9-4fee-b2fc-23415b120b23
b7521c2d-56ac-4b41-a6f3-a4b35798834f,In Progress,cb7960bd-ccd9-4fee-b2fc-23415b120b23
bcd01657-0a6b-4057-8834-c597790dcbd1,Review,cb7960bd-ccd9-4fee-b2fc-23415b120b23
26818d1d-41e9-4596-a3c7-c54e9250545b,Done,cb7960bd-ccd9-4fee-b2fc-23415b120b23
e0ae9aa7-c869-4ad9-a43f-eaf0a241aad7,To Do,2468aeec-ad54-4e48-94f2-9d1c698c99b9
ce110714-b453-4f2e-9faa-cd903999c1f0,In Progress,2468aeec-ad54-4e48-94f2-9d1c698c99b9
0177ecfc-9201-4b04-b2dc-b1e9582160b3,Waiting,2468aeec-ad54-4e48-94f2-9d1c698c99b9
45576bdb-4cfe-46ea-bdf5-3cdfd914501a,Completed,2468aeec-ad54-4e48-94f2-9d1c698c99b9
d33823a6-f1cb-48f0-aee4-dfdf49664437,Backlog,fc95bedd-e3c4-4135-b69d-f093f0b3a022
772e75a7-3058-4e9c-96eb-9477420b0c97,Sprint Backlog,fc95bedd-e3c4-4135-b69d-f093f0b3a022
9475e841-a73b-4398-88f0-3b2e7629ff3d,In Progress,fc95bedd-e3c4-4135-b69d-f093f0b3a022
d99ec49c-1387-4615-8c87-8e387a86c5ef,Review,fc95bedd-e3c4-4135-b69d-f093f0b3a022
595fca5e-ecf1-4bd6-8848-1846dc161855,Done,fc95bedd-e3c4-4135-b69d-f093f0b3a022
16d22ef7-207b-4381-8c41-70c4b1869db1,Backlog,823970a0-5d79-4577-a641-df0a1efa5938
3ef933dd-57a6-4b39-a1a9-3b231ea38595,Sprint Backlog,823970a0-5d79-4577-a641-df0a1efa5938
c36dd6a2-da19-4cda-874c-373a587482c6,In Progress,823970a0-5d79-4577-a641-df0a1efa5938
3c448472-ff98-45bc-82a7-4c86e479d62d,Review,823970a0-5d79-4577-a641-df0a1efa5938
e716c997-a8c3-4fe4-aed3-8d5542a30f7b,Done,823970a0-5d79-4577-a641-df0a1efa5938
cdc5ed96-edbf-4edc-ab31-f83b697a3c79,To Do,375a2e2b-1604-4282-8487-8112a673d601
da86a6cb-b262-4e79-93bd-223960f083a8,In Progress,375a2e2b-1604-4282-8487-8112a673d601
67d8c05b-face-49c9-8508-311a1b8ac7dc,Waiting,375a2e2b-1604-4282-8487-8112a673d601
db1a84c5-9595-4b8b-bafc-53fb5c6c3dbb,Completed,375a2e2b-1604-4282-8487-8112a673d601
c230668d-453f-48b2-9dea-ae4b2daac249,To Do,6800cfbb-f620-4d8b-8c49-4fe5c0ffe52d
62eb043b-f96e-4440-b42d-661af6ea9a4d,In Progress,6800cfbb-f620-4d8b-8c49-4fe5c0ffe52d
8ceeac0f-0978-4e88-8e6d-af833df9aa00,Waiting,6800cfbb-f620-4d8b-8c49-4fe5c0ffe52d
d85d5c97-411e-4ed2-bf1a-ecc6b96f95c0,Completed,6800cfbb-f620-4d8b-8c49-4fe5c0ffe52d
59498c5b-511a-45d5-bb89-09f41fc21691,Ideas,b610238f-bf30-4467-842f-5fb39bd6c3d1
82cbbbc1-56f3-4aa1-891d-ed22547562e8,Planning,b610238f-bf30-4467-842f-5fb39bd6c3d1
7b65fdd0-50df-47d3-b77c-ff643b8e6b83,Assets,b610238f-bf30-4467-842f-5fb39bd6c3d1
52554fa4-cf30-400b-bb7a-49f297f77031,Scheduled,b610238f-bf30-4467-842f-5fb39bd6c3d1
86c2dcdd-83d4-4a58-b20d-92224a9f78d7,Launched,b610238f-bf30-4467-842f-5fb39bd6c3d1
22dd2277-df3c-4707-844c-201616096932,To Do,38b425aa-adec-47ec-b1cd-2ac603c0cf98
421777da-555f-4908-96dc-c312f1365229,In Progress,38b425aa-adec-47ec-b1cd-2ac603c0cf98
e054f0d3-3a00-42d5-9038-deb33a6e22e4,Waiting,38b425aa-adec-47ec-b1cd-2ac603c0cf98
1dcd27c2-be07-44a6-b257-019d76d33336,Completed,38b425aa-adec-47ec-b1cd-2ac603c0cf98
3ed52d58-c6f9-4d92-a360-7f96810b880a,Backlog,2a4be956-ab71-43b3-8dea-cccadb5369b8
4ce6b2ba-60d1-474d-84db-fcba0467d551,Sprint Backlog,2a4be956-ab71-43b3-8dea-cccadb5369b8
a6c7cdc9-db31-442f-9553-2b1ecf45e32c,In Progress,2a4be956-ab71-43b3-8dea-cccadb5369b8
be4b1d00-2d5f-45e7-a12d-ff5554034a0e,Review,2a4be956-ab71-43b3-8dea-cccadb5369b8
ccb6a64a-098c-46c5-b8d9-4dda2e46ccc7,Done,2a4be956-ab71-43b3-8dea-cccadb5369b8
b75c3802-0b2f-487a-8b9e-eafdad6f0541,Ideas,f42d68c0-100d-495a-813d-8da3b6461b47
816767ef-65f3-4eb4-aa0a-6f230a578558,Planning,f42d68c0-100d-495a-813d-8da3b6461b47
a81215bd-a577-47d2-8cb0-6d191c9eb707,Assets,f42d68c0-100d-495a-813d-8da3b6461b47
5c1c843b-1ed5-42b3-a12a-8a6b35065999,Scheduled,f42d68c0-100d-495a-813d-8da3b6461b47
3184754a-d448-4871-a9fd-3d5223fe985e,Launched,f42d68c0-100d-495a-813d-8da3b6461b47
9728e016-74bb-4659-a43f-c8db8b87793e,Backlog,57bbafd0-95f7-46f9-9ddc-08cfa57513d6
e337836c-3453-4fcd-944d-1c5a51c6fd90,Sprint Backlog,57bbafd0-95f7-46f9-9ddc-08cfa57513d6
08851b86-2b55-48f3-be08-4dc42583b72e,In Progress,57bbafd0-95f7-46f9-9ddc-08cfa57513d6
f3acced3-2995-40d1-8bd2-a63e4dfd65ef,Review,57bbafd0-95f7-46f9-9ddc-08cfa57513d6
834044f1-10f1-446b-8d81-1b173b3f8775,Done,57bbafd0-95f7-46f9-9ddc-08cfa57513d6
bba16220-a4a4-4218-b0a0-7bcf5b956d06,To Do,145029cd-5168-4140-b632-f6d3bcad3f9a
76dc1f98-cf4f-4bfa-84ff-fa79596a6d20,In Progress,145029cd-5168-4140-b632-f6d3bcad3f9a
3a9aff1d-0d6e-4a6b-bf0c-8038238b97f1,Waiting,145029cd-5168-4140-b632-f6d3bcad3f9a
d8599a55-7c1c-4abb-b446-dc5142c2ad24,Completed,145029cd-5168-4140-b632-f6d3bcad3f9a
0dcf6811-ede7-462c-b0f1-7bc5bfbbff84,To Do,885eab8e-cf32-4c99-bbb6-883827b3935e
ec759f63-b83c-46ca-abc0-d35bad56ace1,In Progress,885eab8e-cf32-4c99-bbb6-883827b3935e
964c9c26-8047-4d21-ba74-20b4f56fb66c,Waiting,885eab8e-cf32-4c99-bbb6-883827b3935e
7805d732-6f64-413c-970a-38a69a8d984a,Completed,885eab8e-cf32-4c99-bbb6-883827b3935e
7001d6d2-b804-45db-9289-203446bde5c8,Backlog,5a88fe43-6b4b-45c9-b4e3-ce9ee7656449
22cbdfed-37ea-4038-ac2b-7a75d8068e48,Sprint Backlog,5a88fe43-6b4b-45c9-b4e3-ce9ee7656449
5207405f-0860-48d9-a0cd-cb70155a5892,In Progress,5a88fe43-6b4b-45c9-b4e3-ce9ee7656449
02fde85c-d08f-42ce-b9f0-e3f0e6082476,Review,5a88fe43-6b4b-45c9-b4e3-ce9ee7656449
cbe3b7b8-eb0a-4b18-b978-f94febd04981,Done,5a88fe43-6b4b-45c9-b4e3-ce9ee7656449
f311729d-136e-4cac-9f67-a0089c6e68ee,Backlog,23ef27a2-eb70-4762-be06-9dff96e8ca8a
17b7f0b4-8f92-4e0b-b98a-d28b8396a6c6,Sprint Backlog,23ef27a2-eb70-4762-be06-9dff96e8ca8a
cd6eeede-579f-437c-aa48-09d574f33e0e,In Progress,23ef27a2-eb70-4762-be06-9dff96e8ca8a
0f06599a-76f9-4809-8f11-4cef14492ae8,Review,23ef27a2-eb70-4762-be06-9dff96e8ca8a
9a22dd8d-b792-4f18-be38-41ce0fdb15bb,Done,23ef27a2-eb70-4762-be06-9dff96e8ca8a
9f85d147-0774-470e-b3f3-e53b17ff32c9,Ideas,d595f0a1-f20a-4164-9984-ec7250c5467d
c7e1c2cb-2fe8-4031-a8bc-a56d2d5f6a95,Planning,d595f0a1-f20a-4164-9984-ec7250c5467d
d346323b-19c3-4b0a-8b1f-af085a143441,Assets,d595f0a1-f20a-4164-9984-ec7250c5467d
2e461a29-0738-456a-be80-76f895c9a945,Scheduled,d595f0a1-f20a-4164-9984-ec7250c5467d
8f15ca88-e920-4392-a7ab-22f91d245fc5,Launched,d595f0a1-f20a-4164-9984-ec7250c5467d
c2c73c10-8cb6-4c2f-9a8d-849e8da4c4e6,To Do,90d33d36-f243-4e2f-95ed-8ac8c2c9f9f8
afeab88c-a90d-4388-b20d-730bf4e3a009,In Progress,90d33d36-f243-4e2f-95ed-8ac8c2c9f9f8
79bc8229-c8e6-446f-8c9c-d73a620c625a,Waiting,90d33d36-f243-4e2f-95ed-8ac8c2c9f9f8
2955ca49-0f75-48e2-aeb3-5ec028abe78f,Completed,90d33d36-f243-4e2f-95ed-8ac8c2c9f9f8
45740311-3e5c-42ef-af9a-26251199af18,Ideas,fccae8f5-dc15-4e37-be7a-700f9ccb3fa4
4b4b9128-03f2-4ee5-bc32-cb744afe67f9,Planning,fccae8f5-dc15-4e37-be7a-700f9ccb3fa4
8a0924eb-94f0-4a65-8e18-9e4d1308393e,Assets,fccae8f5-dc15-4e37-be7a-700f9ccb3fa4
2d70e233-add1-4398-a193-539ff8deee22,Scheduled,fccae8f5-dc15-4e37-be7a-700f9ccb3fa4
392c5d1a-5747-41ce-a2d6-ff78a84d5b41,Launched,fccae8f5-dc15-4e37-be7a-700f9ccb3fa4
f3654a96-a0dd-4c42-9ddd-d803404dcd84,To Do,96a1a5fb-29b6-40fa-8941-5b9628d97b81
90b29cb9-688c-42c6-8a84-b4509171b17f,In Progress,96a1a5fb-29b6-40fa-8941-5b9628d97b81
3fd727fa-aff9-48aa-9508-c98cb4f8f085,Waiting,96a1a5fb-29b6-40fa-8941-5b9628d97b81
94a1ffc0-de10-4b67-89f8-bb1e6fcca715,Completed,96a1a5fb-29b6-40fa-8941-5b9628d97b81
d86abfd8-3bc2-4395-9eca-5543a54958da,To Do,256fd41a-739b-4de6-8f50-d398710a1bd7
aa1c298f-0109-4fc9-8159-7c46ca709aa8,In Progress,256fd41a-739b-4de6-8f50-d398710a1bd7
1c73957a-7a58-4046-b86a-76c02ec7e523,Waiting,256fd41a-739b-4de6-8f50-d398710a1bd7
8fee7753-df8c-4d8c-9f5d-53c2e61e5165,Completed,256fd41a-739b-4de6-8f50-d398710a1bd7
66e3ef1b-e24e-450d-b625-93da9c54df8a,To Do,b599a68f-6e9f-457f-be48-228852f90837
2bb51289-8056-469b-8465-f82ef1d2f11b,In Progress,b599a68f-6e9f-457f-be48-228852f90837
e89b4e00-8b6e-4e85-a5b3-ecf0eb2225fb,Waiting,b599a68f-6e9f-457f-be48-228852f90837
4fe0accd-bf31-47ce-b42b-8a5d69eed843,Completed,b599a68f-6e9f-457f-be48-228852f90837
905acb7c-05da-401b-8063-ed6af453a6c2,Backlog,ce1ef91b-acbe-4575-9a3e-764d825c1731
8a33629b-8452-4eaf-9388-c06c0c8ef865,Sprint Backlog,ce1ef91b-acbe-4575-9a3e-764d825c1731
4417752e-ae03-40a1-8fda-c163298d6d1c,In Progress,ce1ef91b-acbe-4575-9a3e-764d825c1731
8ba83d28-5f4b-4f36-8d20-fd0dbeb87d5e,Review,ce1ef91b-acbe-4575-9a3e-764d825c1731
2a7c77b0-5cb5-4010-bcb8-a80c8bbae7c1,Done,ce1ef91b-acbe-4575-9a3e-764d825c1731
eb4820ff-5457-4da4-bd61-4a34ecb3c3d3,Backlog,471915e4-db20-4150-ba87-573cdf9aafed
81c48402-0bcb-48fe-b77f-02c631b7f6d3,Sprint Backlog,471915e4-db20-4150-ba87-573cdf9aafed
ebf91f16-36d0-428c-97ae-2c3cbf225f31,In Progress,471915e4-db20-4150-ba87-573cdf9aafed
ce0ff9c4-92ee-40d3-aa65-9e3f6a5a5947,Review,471915e4-db20-4150-ba87-573cdf9aafed
c5d0dfaa-522b-4e01-9704-2f7e4af89ef3,Done,471915e4-db20-4150-ba87-573cdf9aafed
9f8a3fce-2919-4c74-9a71-c57b24b352ec,To Do,fd1319e2-18db-40e3-aefe-a416af3a0c93
0d0efb59-0bcd-49d8-b92a-98518d5400d4,In Progress,fd1319e2-18db-40e3-aefe-a416af3a0c93
407b1f18-d1ec-4fc8-9a5f-ff45b65167ab,Waiting,fd1319e2-18db-40e3-aefe-a416af3a0c93
46670b1a-6e6e-4ddb-9af7-549d1801f4be,Completed,fd1319e2-18db-40e3-aefe-a416af3a0c93
8af30a83-d165-4616-aeb1-fd8c206efb2e,Ideas,7eec7914-fef2-4676-8254-25fa9200b8a4
3aa92b79-838b-417f-b340-88a9f3e749e2,Planning,7eec7914-fef2-4676-8254-25fa9200b8a4
c7a3980d-4c0d-4363-8281-76a448943285,Assets,7eec7914-fef2-4676-8254-25fa9200b8a4
99371c0c-29aa-407f-8091-767a9381c837,Scheduled,7eec7914-fef2-4676-8254-25fa9200b8a4
3409b596-e70e-4521-8bb7-a58b3bd6c2e1,Launched,7eec7914-fef2-4676-8254-25fa9200b8a4
943dd61d-d3ab-4d75-9758-69d61fc14983,To Do,8ee3618c-41cd-4bce-8de8-5e8b341e4335
6cba8133-0880-4ecb-892d-9c240e1520ab,In Progress,8ee3618c-41cd-4bce-8de8-5e8b341e4335
ffb801b3-02d5-49e9-a126-d4cd4fa0d941,Waiting,8ee3618c-41cd-4bce-8de8-5e8b341e4335
2b94cc8c-ea6b-4b89-8739-4b9812d01288,Completed,8ee3618c-41cd-4bce-8de8-5e8b341e4335
c3c2a91a-9fc7-4c13-9cb5-2fc463c2ff57,To Do,f8e8a7c2-4088-4e4a-a8d6-ff171fc87f70
242c1cd9-43ba-48b3-8a54-be6475af67ef,In Progress,f8e8a7c2-4088-4e4a-a8d6-ff171fc87f70
570c3bdc-ba29-4ec9-9138-7b1e2e9f75a2,Waiting,f8e8a7c2-4088-4e4a-a8d6-ff171fc87f70
36b61647-e99f-48c7-bfc4-3222a57a4bc1,Completed,f8e8a7c2-4088-4e4a-a8d6-ff171fc87f70
369ecce4-27db-4f73-8596-1d53953ff211,Ideas,ff5c18bf-6b88-4702-94ea-21e4399d519c
eb8327db-64b1-416c-838a-9f13edf373fb,Planning,ff5c18bf-6b88-4702-94ea-21e4399d519c
d60c4aca-4288-4c45-a642-63357e45f5ae,Assets,ff5c18bf-6b88-4702-94ea-21e4399d519c
bf4cd70c-928b-4e11-999e-b298b372dea6,Scheduled,ff5c18bf-6b88-4702-94ea-21e4399d519c
8c6ab7d6-c290-47ba-961e-2bb671b33d7e,Launched,ff5c18bf-6b88-4702-94ea-21e4399d519c
83c607b9-7641-4e58-8e2c-3e5d5626a613,To Do,f37889c0-27f4-43d5-bfaf-e847cd21789c
54caf14a-2f93-4ad9-af8e-e1410da13242,In Progress,f37889c0-27f4-43d5-bfaf-e847cd21789c
1d8eb5e9-4142-45be-a50d-4c661a13e391,Waiting,f37889c0-27f4-43d5-bfaf-e847cd21789c
96add759-cf58-4fcf-81a8-8d4cf9b6e22b,Completed,f37889c0-27f4-43d5-bfaf-e847cd21789c
c15d88f2-f664-426d-88da-94b4e4de4af7,Backlog,fa35fceb-0835-4c41-bb4c-c47e443e3b31
f0f40d56-f301-44c4-902e-165713a7dd80,Sprint Backlog,fa35fceb-0835-4c41-bb4c-c47e443e3b31
8ca17835-e799-4b2a-83e4-3166b785d3ab,In Progress,fa35fceb-0835-4c41-bb4c-c47e443e3b31
60ee410c-7853-4013-8923-1eceb19d7fbe,Review,fa35fceb-0835-4c41-bb4c-c47e443e3b31
b14416e9-72ec-4e95-a085-46c250ffe5c6,Done,fa35fceb-0835-4c41-bb4c-c47e443e3b31
aab6191b-9e83-4679-ae9c-2c9f119fd8d7,Backlog,810a2e97-cd75-4079-b43e-6ca5d99a2f1f
a794ceea-3170-4a37-9679-73af2ef5f108,Sprint Backlog,810a2e97-cd75-4079-b43e-6ca5d99a2f1f
af6de322-ed7d-41cf-8e45-f93e5167091f,In Progress,810a2e97-cd75-4079-b43e-6ca5d99a2f1f
d0601c0e-9ef4-4fbb-84a1-b21f6eaa351c,Review,810a2e97-cd75-4079-b43e-6ca5d99a2f1f
3ad59137-bd70-4042-9003-a05681bf291f,Done,810a2e97-cd75-4079-b43e-6ca5d99a2f1f
75f6deeb-c0d5-4584-bba3-1a2a6844ce79,Ideas,560f4f31-daf2-494f-8c42-21b04b22faf7
542ca40c-0f6c-4e93-a556-d7b653a63983,Planning,560f4f31-daf2-494f-8c42-21b04b22faf7
ced82454-620c-4274-b703-21c953a91e89,Assets,560f4f31-daf2-494f-8c42-21b04b22faf7
c2259917-20e1-4861-9fea-ca32d29d993a,Scheduled,560f4f31-daf2-494f-8c42-21b04b22faf7
d2fe065f-73d5-497f-9afb-1772bf0b94ea,Launched,560f4f31-daf2-494f-8c42-21b04b22faf7
8b311b53-7ec9-4c67-b8c3-fc894f1efa28,Backlog,b7401f63-ead4-4509-b021-02f1e926a7bf
7c9684b4-89e9-4c97-a198-8ea8b0110068,Sprint Backlog,b7401f63-ead4-4509-b021-02f1e926a7bf
4e1dc9b8-1c01-4b30-a777-8532f1ea9e4f,In Progress,b7401f63-ead4-4509-b021-02f1e926a7bf
176857d4-a647-4088-9e56-965c86df0d5b,Review,b7401f63-ead4-4509-b021-02f1e926a7bf
5229bbd6-4a19-4c14-8ab9-68c89d78ce3b,Done,b7401f63-ead4-4509-b021-02f1e926a7bf
e56a2b0b-f27d-4abf-9019-8e8011e4880b,To Do,c00991f7-fad1-44ce-9959-f4d0732417bf
9b8a6951-b3b9-4265-a7eb-0ef6af2fc957,In Progress,c00991f7-fad1-44ce-9959-f4d0732417bf
e0c3708d-c586-4383-9242-cb224213f41e,Waiting,c00991f7-fad1-44ce-9959-f4d0732417bf
e3faa760-d1ba-4e2a-bc3e-9d662627ef65,Completed,c00991f7-fad1-44ce-9959-f4d0732417bf
0e851aa1-2f04-4ce4-9463-51f425eada05,To Do,b44251dc-d937-425d-b93d-65be9cfd177b
1cf23d4b-2de3-4ab6-8a61-af97779451a5,In Progress,b44251dc-d937-425d-b93d-65be9cfd177b
310bc061-9324-45e1-99fa-7877d26f7a3f,Waiting,b44251dc-d937-425d-b93d-65be9cfd177b
1c0c1c35-733b-4b82-85a5-953237e19da0,Completed,b44251dc-d937-425d-b93d-65be9cfd177b
5f3651b8-71f5-4965-88f1-cc94ceb8f1a6,Ideas,cf967ed8-cada-44a9-87e3-aa9bfcf3db54
0fa9a916-1d07-49ed-ab76-04dec1e86ec9,Planning,cf967ed8-cada-44a9-87e3-aa9bfcf3db54
8372425a-d901-4a99-815b-3dc5a5b2449a,Assets,cf967ed8-cada-44a9-87e3-aa9bfcf3db54
11c714d0-812f-4424-b031-e550b806b87d,Scheduled,cf967ed8-cada-44a9-87e3-aa9bfcf3db54
69cbae15-f175-4ea0-8bdc-c344109f0056,Launched,cf967ed8-cada-44a9-87e3-aa9bfcf3db54
3ccf7993-42f6-4d67-92bf-d0f06c6ec1cd,Backlog,1d04020c-d1f4-4972-85a9-3b194db54c5f
d9a7dc53-1766-45f0-8f59-c3fcec891338,Sprint Backlog,1d04020c-d1f4-4972-85a9-3b194db54c5f
9cd1d93e-6a5e-4771-a929-b8422635f2ef,In Progress,1d04020c-d1f4-4972-85a9-3b194db54c5f
9dae334e-8eee-42fb-ac3a-e48949137e91,Review,1d04020c-d1f4-4972-85a9-3b194db54c5f
3fbebe35-a35f-420c-adbe-d9542a0d489b,Done,1d04020c-d1f4-4972-85a9-3b194db54c5f
23818caa-f804-4333-8e4e-1f53b9b1baf1,To Do,adbb883f-2e01-483c-97d5-38697a967ff6
c4216749-0070-4ec5-897b-88da33cce8d0,In Progress,adbb883f-2e01-483c-97d5-38697a967ff6
d6f81581-6d83-4928-8f36-5e27fe83ad67,Waiting,adbb883f-2e01-483c-97d5-38697a967ff6
753e7ca0-b215-43c7-bc46-de9bf62fbdd5,Completed,adbb883f-2e01-483c-97d5-38697a967ff6
71344b70-a1a7-446b-ae26-082a0a6bbb35,Ideas,4e38a70f-6361-41d9-a916-d3c54b2db398
25fe96fd-b197-49a3-8dc2-6d32c2c7eb6a,Planning,4e38a70f-6361-41d9-a916-d3c54b2db398
8b98deda-89da-4402-80a8-c0373f499030,Assets,4e38a70f-6361-41d9-a916-d3c54b2db398
79370f6e-59a0-4e59-b5b1-3f7f42c1fc1c,Scheduled,4e38a70f-6361-41d9-a916-d3c54b2db398
f20b421d-c274-406b-a28d-cf7bceace0b1,Launched,4e38a70f-6361-41d9-a916-d3c54b2db398
639b31ad-f237-4a13-a7b1-d1f9e08eefe7,To Do,fd0c35cc-b5b5-4d2c-ac10-4e530ac489a0
243fc5bf-a05d-47a8-b3ab-7d5cb16fff52,In Progress,fd0c35cc-b5b5-4d2c-ac10-4e530ac489a0
9c5dac0e-0b7b-497d-9022-f515584cddda,Waiting,fd0c35cc-b5b5-4d2c-ac10-4e530ac489a0
daffb4c3-e0e2-4fa9-a008-a0ece849072c,Completed,fd0c35cc-b5b5-4d2c-ac10-4e530ac489a0
6ae161a0-2a2b-4685-b94e-f5bd1671e33b,Ideas,6fafcb9b-568d-4ca6-a91c-bb5d2af49984
fdb9ac02-8f2d-47f7-bcd9-f34028f4fea5,Planning,6fafcb9b-568d-4ca6-a91c-bb5d2af49984
57a44bec-2ef1-4b87-9c9f-2600a1bf9013,Assets,6fafcb9b-568d-4ca6-a91c-bb5d2af49984
1e4c97ae-d918-420f-bffc-97420e3cd933,Scheduled,6fafcb9b-568d-4ca6-a91c-bb5d2af49984
96a667fb-dae7-4bab-bc9d-7669144bccac,Launched,6fafcb9b-568d-4ca6-a91c-bb5d2af49984
d7c8aa9d-63ae-46d9-9cda-54fcf33af439,Ideas,314eaac6-f385-499f-b2aa-250025256d45
d4788a6e-7fd6-440e-8704-dcbc19ba9457,Planning,314eaac6-f385-499f-b2aa-250025256d45
8f26c999-e9db-4c50-b362-1a85e5eef09b,Assets,314eaac6-f385-499f-b2aa-250025256d45
3829086c-2c75-4eae-93fb-de3e52aa8fe4,Scheduled,314eaac6-f385-499f-b2aa-250025256d45
56b8b309-7556-4a29-a14f-a93d3abbe79c,Launched,314eaac6-f385-499f-b2aa-250025256d45
ffd30a2b-a7e5-4360-be4b-77301ba87592,To Do,82c3de2f-3875-45ef-ac4e-2aa26cd3e49d
1142d8fd-dc30-40f1-bc23-e69ccb50b2fb,In Progress,82c3de2f-3875-45ef-ac4e-2aa26cd3e49d
aa56a733-3210-45f2-b97f-e1433ffe21e7,Waiting,82c3de2f-3875-45ef-ac4e-2aa26cd3e49d
c375c11b-02db-45af-b168-4c2e27c817dd,Completed,82c3de2f-3875-45ef-ac4e-2aa26cd3e49d
7482676b-2abe-44f0-b45e-0aa77eb7c939,To Do,b45dc19e-c163-42b2-9a50-3d4291094492
fa1d1efa-5e5c-4d3a-8253-b3803ec0cd1a,In Progress,b45dc19e-c163-42b2-9a50-3d4291094492
0be3500f-2111-42b9-a919-36c7fe76e10b,Waiting,b45dc19e-c163-42b2-9a50-3d4291094492
e6c8a188-9ca8-426c-afa3-c58b1d71a4f4,Completed,b45dc19e-c163-42b2-9a50-3d4291094492
366eb3bc-8ada-4873-bd42-35c7d761cb06,To Do,208c7d93-aa9b-403c-81cb-cbe1c2f1ca17
083e0f13-00be-4ec0-b6de-7cdd94a98238,In Progress,208c7d93-aa9b-403c-81cb-cbe1c2f1ca17
120bde6a-d7e9-4583-9226-add15e9f6738,Waiting,208c7d93-aa9b-403c-81cb-cbe1c2f1ca17
8b547e73-a5b1-49df-b478-dd7f084b39e2,Completed,208c7d93-aa9b-403c-81cb-cbe1c2f1ca17
f0d94a93-7f45-4b60-a5f6-a42ecaea07ad,To Do,c7bdf4f6-8ed3-4c74-b016-1bf09c80f287
d9d9861a-5db7-462f-bcb9-3fa5493b4622,In Progress,c7bdf4f6-8ed3-4c74-b016-1bf09c80f287
ea50f466-1282-4b4a-9e9d-dc22fd919136,Waiting,c7bdf4f6-8ed3-4c74-b016-1bf09c80f287
2b1b2c2a-0197-42e5-999a-e241f8a2c655,Completed,c7bdf4f6-8ed3-4c74-b016-1bf09c80f287
e67ffdd5-3384-44ce-9251-0274bbcefd80,Ideas,842b0145-3720-408c-ab19-0f2fe78b7cb5
8423cdb9-bc0a-4fc5-b0d3-56f4010991a7,Planning,842b0145-3720-408c-ab19-0f2fe78b7cb5
c4b7e579-654e-4b82-917f-5fb218b656c3,Assets,842b0145-3720-408c-ab19-0f2fe78b7cb5
df2d36aa-ee9c-4776-b4e6-e15630f115f0,Scheduled,842b0145-3720-408c-ab19-0f2fe78b7cb5
6e1dfe2d-2259-4340-8ac1-233e33e2023d,Launched,842b0145-3720-408c-ab19-0f2fe78b7cb5
537edc63-ad96-482e-84be-53641fda92fe,To Do,1c0a66c7-fa35-4921-bb39-72f299a0cdd4
a34fc451-8620-4eb0-ac54-b4ee0677e0bf,In Progress,1c0a66c7-fa35-4921-bb39-72f299a0cdd4
7acfd930-6204-45ce-87c6-02899d0d783c,Waiting,1c0a66c7-fa35-4921-bb39-72f299a0cdd4
a95de7e5-291a-411c-96d4-d113aeb34d44,Completed,1c0a66c7-fa35-4921-bb39-72f299a0cdd4
a749c527-b848-4fc7-9f9a-7b79c624409c,Ideas,b303eda8-8463-4c3f-8083-233d57585898
a76b194c-e590-44d4-a205-035af7567e87,Planning,b303eda8-8463-4c3f-8083-233d57585898
dbc129fd-e486-4986-aa92-3d0401c5bf18,Assets,b303eda8-8463-4c3f-8083-233d57585898
df595b54-1112-4b13-881d-a125b93dcb80,Scheduled,b303eda8-8463-4c3f-8083-233d57585898
1816ff11-d901-4a0c-a25a-1fbe9f6e9973,Launched,b303eda8-8463-4c3f-8083-233d57585898
e2da345d-e14d-4b10-bd4a-0861d58a4137,Ideas,ad777146-38d7-4828-b43d-4de503bcc92c
6b76fb9c-d356-4a36-b12d-bfedb728de03,Planning,ad777146-38d7-4828-b43d-4de503bcc92c
4428fa9d-9b7b-48db-9976-3795bf5121ec,Assets,ad777146-38d7-4828-b43d-4de503bcc92c
361569f6-01b7-4692-ab6f-917aa4f9ed60,Scheduled,ad777146-38d7-4828-b43d-4de503bcc92c
1a4a3b0a-eded-4ef5-aafc-b419da9363da,Launched,ad777146-38d7-4828-b43d-4de503bcc92c
a3d7d113-3730-4629-bba1-6adb787ed4a8,To Do,94cd34e5-d459-4b1e-849b-53f327a5448e
4d777d25-579a-402b-a136-ba8e5243de18,In Progress,94cd34e5-d459-4b1e-849b-53f327a5448e
ab57498e-9733-4455-8780-03e1d53aefd6,Waiting,94cd34e5-d459-4b1e-849b-53f327a5448e
a78fe3cd-6615-40cf-bcae-57d9aa92bd31,Completed,94cd34e5-d459-4b1e-849b-53f327a5448e
ef9f47e9-a7ca-4af0-ba0b-eebd6a851756,Ideas,c72611d7-8103-4bd3-9786-664b3d7c83e1
f3ab447d-9246-48bd-bad7-68406a351d85,Planning,c72611d7-8103-4bd3-9786-664b3d7c83e1
d9acd6c2-6270-4c03-97a8-813da6dd51b0,Assets,c72611d7-8103-4bd3-9786-664b3d7c83e1
cb0c8108-8c54-40e7-be1b-eb1f9537d1bc,Scheduled,c72611d7-8103-4bd3-9786-664b3d7c83e1
bcf628d6-f14b-4182-9572-541d702db1a3,Launched,c72611d7-8103-4bd3-9786-664b3d7c83e1
62f254b0-7c34-443f-ab60-f0a9c9e0ba50,Backlog,c29ffcca-31ba-4a78-88f1-030a75a929a6
d7104c1d-0489-4135-9247-5abf2e92f9e9,Sprint Backlog,c29ffcca-31ba-4a78-88f1-030a75a929a6
c5db1db4-03be-4734-a47c-f4b7751b9fd5,In Progress,c29ffcca-31ba-4a78-88f1-030a75a929a6
01d34f9a-5672-43d9-b20d-aa2af6b3a931,Review,c29ffcca-31ba-4a78-88f1-030a75a929a6
056cfc67-e72d-46d0-a295-23c949e080f4,Done,c29ffcca-31ba-4a78-88f1-030a75a929a6
f9aec627-3db7-4d6e-801d-fd77dace54e2,Ideas,ba09386a-653c-4f7a-8a92-65da33fad1ab
cd28310f-45dc-4793-97ac-2ba10b3fe31e,Planning,ba09386a-653c-4f7a-8a92-65da33fad1ab
ecdbce3a-2d92-4715-94ac-0768f973ac22,Assets,ba09386a-653c-4f7a-8a92-65da33fad1ab
a3e9e8aa-75bb-4d8a-ad45-058687e8ddbc,Scheduled,ba09386a-653c-4f7a-8a92-65da33fad1ab
547cdf54-3fd5-4de7-a40c-8592d90d8660,Launched,ba09386a-653c-4f7a-8a92-65da33fad1ab
9feee00d-42fa-40a1-9cc7-dd1f4eb3247d,To Do,e72df82c-921f-4f6f-9958-0db14b9a7895
fc4d2cfc-8f31-4b23-9209-524c8f906346,In Progress,e72df82c-921f-4f6f-9958-0db14b9a7895
605bb2b3-a31f-4929-98f4-a9c43d3b8559,Waiting,e72df82c-921f-4f6f-9958-0db14b9a7895
763e7af3-dc54-4385-95d5-4f26b97383cd,Completed,e72df82c-921f-4f6f-9958-0db14b9a7895
a1080c7e-3514-4d29-9133-0e4204f005ab,Ideas,0512d37c-a048-4a92-a6ce-a3c870e867b4
abe5091a-e32a-4d0a-81f9-f3dd62f08d90,Planning,0512d37c-a048-4a92-a6ce-a3c870e867b4
64c7cf3a-d9ef-491b-b56b-55146b452be8,Assets,0512d37c-a048-4a92-a6ce-a3c870e867b4
67edc964-40f0-4151-ac54-debd6948411f,Scheduled,0512d37c-a048-4a92-a6ce-a3c870e867b4
3299960a-2e9a-47ae-a585-4d5f535c1e03,Launched,0512d37c-a048-4a92-a6ce-a3c870e867b4
95ebb149-3678-41e7-b946-58ba27696c83,Backlog,abde7a8f-3f5f-4fdc-b26a-745985c81afe
a3de1a2c-d19d-40bc-a83d-a36a9b533e55,Sprint Backlog,abde7a8f-3f5f-4fdc-b26a-745985c81afe
0f185942-1320-48d4-ae35-c3520485a6ec,In Progress,abde7a8f-3f5f-4fdc-b26a-745985c81afe
44f45a94-74b8-4c2a-8bb7-aa5404dafa66,Review,abde7a8f-3f5f-4fdc-b26a-745985c81afe
326b8c65-f223-4a16-a161-793a03151c62,Done,abde7a8f-3f5f-4fdc-b26a-745985c81afe
cc2a0aa3-5d56-46ea-8951-1407b11061c4,To Do,fce75f91-c110-43ed-9874-0f6645729bcc
75a148ca-e3ff-4e68-8700-66889b205340,In Progress,fce75f91-c110-43ed-9874-0f6645729bcc
de2c21ce-27d2-45fc-91e2-f1fb2204ed3a,Waiting,fce75f91-c110-43ed-9874-0f6645729bcc
eacc6874-de00-4a8d-aa7b-2d435dba9f6b,Completed,fce75f91-c110-43ed-9874-0f6645729bcc
1eac4a1e-a480-44eb-befa-1176d63d415c,Backlog,5c8ae343-4d23-40d9-bf3e-62ed20b39235
8d336899-c8ad-46cc-a2f5-8270fd3d769e,Sprint Backlog,5c8ae343-4d23-40d9-bf3e-62ed20b39235
4d3c786c-d39d-4ac9-827f-fc1aab79ab8f,In Progress,5c8ae343-4d23-40d9-bf3e-62ed20b39235
fe4e2c8a-c2ab-42ce-b951-1450f8d39ce2,Review,5c8ae343-4d23-40d9-bf3e-62ed20b39235
df50fbde-4df1-4d15-8b04-43b57764003f,Done,5c8ae343-4d23-40d9-bf3e-62ed20b39235
56e96060-a1fa-429e-b5a9-7ad7fae8b408,Backlog,247109b7-f85a-47f9-bd7d-858de044c4d4
6b8cd093-698c-4f2f-9e35-dbd6d6036938,Sprint Backlog,247109b7-f85a-47f9-bd7d-858de044c4d4
2da3c4ea-ddd4-4383-a889-5225911955c9,In Progress,247109b7-f85a-47f9-bd7d-858de044c4d4
4584e7ba-482d-4190-ac62-c030c70dc3b6,Review,247109b7-f85a-47f9-bd7d-858de044c4d4
07b9f81b-1ca8-41b9-94b2-5cf50da93f81,Done,247109b7-f85a-47f9-bd7d-858de044c4d4
82875c49-b58d-4144-a0e9-54ecd33df15e,Backlog,905e5912-b9f2-4157-abda-6f25b09d51bc
1821b2e4-c885-496d-9f14-4ec04a0775f7,Sprint Backlog,905e5912-b9f2-4157-abda-6f25b09d51bc
0b142cdf-195d-4dad-9784-4501cba29578,In Progress,905e5912-b9f2-4157-abda-6f25b09d51bc
c46ecd31-7d0f-4035-b954-f12652c6cd38,Review,905e5912-b9f2-4157-abda-6f25b09d51bc
3fe12535-0aa5-46ac-a874-d9c93eef6871,Done,905e5912-b9f2-4157-abda-6f25b09d51bc
15b879b3-7af5-4980-8883-431025222100,Backlog,ebe16fe7-a817-47a7-8703-3d4c80c86e61
00039494-0fcb-4e44-a375-c3ff363997dd,Sprint Backlog,ebe16fe7-a817-47a7-8703-3d4c80c86e61
114c0fd7-340c-44b3-9302-9699309c06d0,In Progress,ebe16fe7-a817-47a7-8703-3d4c80c86e61
da817a77-1c9e-4342-813f-b403749dfd48,Review,ebe16fe7-a817-47a7-8703-3d4c80c86e61
10f27ff9-226e-46f1-84e3-7d259ec4a6cc,Done,ebe16fe7-a817-47a7-8703-3d4c80c86e61
ba4fa82d-d636-4c22-8b30-7c36042ee522,Ideas,e7f0c061-dec2-4240-83c7-def26480ca81
d3205706-6680-4c73-bfa2-7340d1d45153,Planning,e7f0c061-dec2-4240-83c7-def26480ca81
d62631bd-bc75-4f83-9509-bbe4a384f424,Assets,e7f0c061-dec2-4240-83c7-def26480ca81
82d93134-3710-405d-b2cf-d642e451df30,Scheduled,e7f0c061-dec2-4240-83c7-def26480ca81
b2e2dcf9-6917-484b-80bb-6ab7e6fec892,Launched,e7f0c061-dec2-4240-83c7-def26480ca81
7f50be45-2245-4c6d-bab8-f475e3a4f4ac,Backlog,0bb57917-b4a8-4d3a-99e6-56e802918f8d
69a95fda-d321-4dd2-a402-e4f5db94e27f,Sprint Backlog,0bb57917-b4a8-4d3a-99e6-56e802918f8d
6d028597-0484-4d1c-8f85-5e530c77473a,In Progress,0bb57917-b4a8-4d3a-99e6-56e802918f8d
acc75e0a-5eeb-4a00-a8bf-bec83626281f,Review,0bb57917-b4a8-4d3a-99e6-56e802918f8d
2bb21c7c-763e-428a-902f-b1eb8bc326e5,Done,0bb57917-b4a8-4d3a-99e6-56e802918f8d
a62f90bf-3f95-48ec-947b-5114795caffc,Ideas,7f4a7b05-662c-471a-9d2e-0fc1088875a8
78168959-d3f0-49ea-b85e-758c3f413f74,Planning,7f4a7b05-662c-471a-9d2e-0fc1088875a8
5cd843be-b0ac-4921-bb50-fdce4f90d7c2,Assets,7f4a7b05-662c-471a-9d2e-0fc1088875a8
43b09a76-22a3-4e84-8428-b48ac89b0900,Scheduled,7f4a7b05-662c-471a-9d2e-0fc1088875a8
7b09b3c1-18d1-4fd2-8f84-b92e3099a73f,Launched,7f4a7b05-662c-471a-9d2e-0fc1088875a8
cfba9f85-22ea-427c-97e0-060782501af5,Ideas,0286f275-a171-47d5-ab88-68a440d52e65
a9154eca-2a11-4033-ac88-4823f8447ba0,Planning,0286f275-a171-47d5-ab88-68a440d52e65
fe3fcaa0-10e5-422b-b23c-61fb105502b0,Assets,0286f275-a171-47d5-ab88-68a440d52e65
152101a3-a405-4191-82dd-276151a70efc,Scheduled,0286f275-a171-47d5-ab88-68a440d52e65
9c9dd136-e3ef-4000-8d3c-a46cf34ed2f2,Launched,0286f275-a171-47d5-ab88-68a440d52e65
dba1e6b2-c01e-4816-a4fa-3d834f2f192a,To Do,fab6c01a-4e37-434f-9160-0abe01595d3c
90a46573-c438-46bb-b4af-5b673d213329,In Progress,fab6c01a-4e37-434f-9160-0abe01595d3c
491eb6eb-da3f-4d03-b84b-4195212313e2,Waiting,fab6c01a-4e37-434f-9160-0abe01595d3c
8c75ea0d-fe62-434e-b8ab-b7dc36a0ca24,Completed,fab6c01a-4e37-434f-9160-0abe01595d3c
77a0f38d-bda6-4063-abde-c883f2e2748d,Ideas,4c72a8f5-1b81-45df-9d66-f5cf0f960826
966d5bd0-6be2-46d4-ae79-86aa5c6244e8,Planning,4c72a8f5-1b81-45df-9d66-f5cf0f960826
9b5ebc70-5810-4301-90af-d432557abc4d,Assets,4c72a8f5-1b81-45df-9d66-f5cf0f960826
7017827d-31cc-4da5-a522-5b9aa18fdf85,Scheduled,4c72a8f5-1b81-45df-9d66-f5cf0f960826
ee44b1b9-4e7f-4946-bfbf-bd07b4f884d8,Launched,4c72a8f5-1b81-45df-9d66-f5cf0f960826
003d6ca1-f7bd-464f-854d-a51fe75d888e,Backlog,98e67117-0346-440b-a566-7124dc4d325b
cf08b2ed-622c-46c4-ac3a-8b3b2fe7fb5b,Sprint Backlog,98e67117-0346-440b-a566-7124dc4d325b
7fc01a17-b82d-495e-a6f8-be53ba4b72e3,In Progress,98e67117-0346-440b-a566-7124dc4d325b
878854eb-8096-460b-a587-e1dd9362420d,Review,98e67117-0346-440b-a566-7124dc4d325b
5b418c36-2e22-4013-a98c-e62acea2f0e8,Done,98e67117-0346-440b-a566-7124dc4d325b
06ad429f-e70a-48d6-8d33-ed4e686d5bfa,To Do,a568aec2-1f89-4285-8444-546c4f8fd9a1
16bfc11c-08f3-4dcf-856d-6b6c33d3bdd5,In Progress,a568aec2-1f89-4285-8444-546c4f8fd9a1
d63394a0-78c7-42b4-a981-ab16f78921b8,Waiting,a568aec2-1f89-4285-8444-546c4f8fd9a1
46236d74-31ec-4b26-a5e1-a88053c40bd9,Completed,a568aec2-1f89-4285-8444-546c4f8fd9a1
ec51b79a-ddb1-4a1f-b8ce-ec6856f25100,Backlog,61561e00-be4a-4e0b-a6cb-f688f1f4e507
fbdba3c8-09bf-4e28-bf2c-539a35f53014,Sprint Backlog,61561e00-be4a-4e0b-a6cb-f688f1f4e507
87956bfc-28d7-42b8-bc19-c43402d44eb7,In Progress,61561e00-be4a-4e0b-a6cb-f688f1f4e507
4ebca3ce-cdc8-44ce-9609-e2b93ade8640,Review,61561e00-be4a-4e0b-a6cb-f688f1f4e507
d88b9479-6820-41bc-8ec0-69e3b4346a36,Done,61561e00-be4a-4e0b-a6cb-f688f1f4e507
7acdd868-e82a-4da2-88ad-4ad5c36b23fc,Ideas,5b573446-65d9-4d0b-9bd2-7656036ed213
d1891ee4-3544-4d20-a20c-de63171a124c,Planning,5b573446-65d9-4d0b-9bd2-7656036ed213
39aca80e-18eb-471d-8f93-acb598227a8d,Assets,5b573446-65d9-4d0b-9bd2-7656036ed213
ddba1277-ccb4-417e-b3ab-db60bcb9df81,Scheduled,5b573446-65d9-4d0b-9bd2-7656036ed213
1a72a5a2-e04a-41ad-9802-8bba6f06d7a3,Launched,5b573446-65d9-4d0b-9bd2-7656036ed213
906f262a-89f4-47ae-ad39-31723c7d1891,Backlog,18fdb63b-fbc0-408e-b2d4-d9e73bcea2c5
ceb05993-dabf-49c4-badf-2c339e074ff6,Sprint Backlog,18fdb63b-fbc0-408e-b2d4-d9e73bcea2c5
cbe94e26-9676-4ad3-abd7-f1d65c9a5d62,In Progress,18fdb63b-fbc0-408e-b2d4-d9e73bcea2c5
c2690b81-cb8f-4fe9-a180-9754cdd62311,Review,18fdb63b-fbc0-408e-b2d4-d9e73bcea2c5
4209b15a-d433-4a36-990d-d6e0b3100371,Done,18fdb63b-fbc0-408e-b2d4-d9e73bcea2c5
6d8a5af4-17c5-4285-852d-f6c0226703c6,Backlog,bf778f84-6064-4993-91bb-97ebcadddc53
612a0dad-9eae-4f24-87e7-7029cab72935,Sprint Backlog,bf778f84-6064-4993-91bb-97ebcadddc53
eb16bf39-e69c-419a-ba71-1a82866f1300,In Progress,bf778f84-6064-4993-91bb-97ebcadddc53
13e97f12-55dc-444a-bc63-fc9a2c7fd8a1,Review,bf778f84-6064-4993-91bb-97ebcadddc53
605d575e-b4cf-442c-bbcc-809832f543bf,Done,bf778f84-6064-4993-91bb-97ebcadddc53
0efa2485-3519-4ab5-a2f4-6eb9a8299d58,Ideas,736db807-f053-49a0-8939-524e0730789b
94ac2d7d-134c-4e74-bfb4-911a63982327,Planning,736db807-f053-49a0-8939-524e0730789b
cdfe3574-952c-4b23-8b95-9d62dab4e1af,Assets,736db807-f053-49a0-8939-524e0730789b
c7d3c342-e490-4546-8e0e-e3f421bb7450,Scheduled,736db807-f053-49a0-8939-524e0730789b
03c7dfb5-3645-4780-84f1-84dbebe8e6c5,Launched,736db807-f053-49a0-8939-524e0730789b
65e44a3d-23e1-4ad3-a7d5-d0d8171384c6,Ideas,225c2ac1-ec7b-4b7d-8844-c2723d90a049
2fb023a3-2b56-4bf8-bc8e-af7a841101b5,Planning,225c2ac1-ec7b-4b7d-8844-c2723d90a049
b7836acd-acc8-4e11-97c4-33c469fa3789,Assets,225c2ac1-ec7b-4b7d-8844-c2723d90a049
4d3e97b2-df9b-41b3-b3be-c38a40017f20,Scheduled,225c2ac1-ec7b-4b7d-8844-c2723d90a049
a025a9ba-215f-4879-a6c9-68608b318348,Launched,225c2ac1-ec7b-4b7d-8844-c2723d90a049
e595f3ba-2c15-408c-a5f5-8a3232a195a8,To Do,ce260dbe-2dff-416a-bda0-30f1243e36de
5684d44e-0ee6-44eb-8ab8-0b38a18f0aff,In Progress,ce260dbe-2dff-416a-bda0-30f1243e36de
a4eebe07-145f-4d85-be18-01c4eac13aa8,Waiting,ce260dbe-2dff-416a-bda0-30f1243e36de
c1900918-66d7-43ea-b9f1-73c2abacc0c4,Completed,ce260dbe-2dff-416a-bda0-30f1243e36de
401c18b8-6d96-4e03-afff-cdbb309349f0,To Do,00c020a9-038f-43aa-bb81-5ccdf7679a82
009a8b56-7679-4a84-8960-c5ceb24895a8,In Progress,00c020a9-038f-43aa-bb81-5ccdf7679a82
8ace840f-b771-4a01-93a8-b7a24c18054f,Waiting,00c020a9-038f-43aa-bb81-5ccdf7679a82
fb11fa6d-102f-42a0-b019-386f033ecf27,Completed,00c020a9-038f-43aa-bb81-5ccdf7679a82
1cd18d01-ce3c-4aa0-bcfd-49b7cc00aa66,Ideas,4c5b8f6b-89fb-4913-a27f-6f25307ce57f
c97da7ec-ce6f-4211-8e8a-17f43888a3bc,Planning,4c5b8f6b-89fb-4913-a27f-6f25307ce57f
555afed4-21a6-442e-a1a3-e959088c5101,Assets,4c5b8f6b-89fb-4913-a27f-6f25307ce57f
c717d0c0-ad88-4568-b474-fd941dc7f90d,Scheduled,4c5b8f6b-89fb-4913-a27f-6f25307ce57f
395947a9-f478-4f0f-bd54-32279db61b3f,Launched,4c5b8f6b-89fb-4913-a27f-6f25307ce57f
d20b9568-8c7a-45fd-9bd3-7cf279c353df,Backlog,a31adbcb-098e-40e1-9b02-a9f7871d92fd
22a588e8-cfe8-45a1-8c12-e5d89f7a18ba,Sprint Backlog,a31adbcb-098e-40e1-9b02-a9f7871d92fd
19ba281e-7ce3-4617-8eda-ae3972873546,In Progress,a31adbcb-098e-40e1-9b02-a9f7871d92fd
043d204b-4874-44c0-84a1-4a91e6063952,Review,a31adbcb-098e-40e1-9b02-a9f7871d92fd
e7ea3bad-3a02-41c8-9a2e-8a534720869a,Done,a31adbcb-098e-40e1-9b02-a9f7871d92fd
8372252d-24c3-4c1f-b890-4dbd143db1f2,Ideas,70c42aa8-e8c1-4aab-9e40-e7a978bfaf80
8dcec747-3067-4b96-89d1-3daa52d29cd9,Planning,70c42aa8-e8c1-4aab-9e40-e7a978bfaf80
8e92f3bf-1ddd-4790-a0cc-045d253c10b0,Assets,70c42aa8-e8c1-4aab-9e40-e7a978bfaf80
f9329fd4-0a7d-4f6f-ad2b-7980f1c835e9,Scheduled,70c42aa8-e8c1-4aab-9e40-e7a978bfaf80
ed90cfe0-451b-42ce-884e-42b8adce2bd1,Launched,70c42aa8-e8c1-4aab-9e40-e7a978bfaf80
31cba584-2ddc-4a5a-9e70-9f11f120cfb6,Backlog,52e92a8f-3f86-404f-a0bd-1d1f1254a00c
39434f31-597d-4763-9a0c-8de37a0d6de1,Sprint Backlog,52e92a8f-3f86-404f-a0bd-1d1f1254a00c
d2847f3d-bebc-40d6-8de1-55bce7148964,In Progress,52e92a8f-3f86-404f-a0bd-1d1f1254a00c
1dbeff31-b40d-4ec4-85b7-e0afed78bbfe,Review,52e92a8f-3f86-404f-a0bd-1d1f1254a00c
e094a92a-44fe-4cfd-8984-055118a63395,Done,52e92a8f-3f86-404f-a0bd-1d1f1254a00c
9e753705-feb5-44ba-bfa6-3ed76a7d54f9,Ideas,2ad053e7-3699-404f-b20b-b7086df6c0a9
4d75969d-18bc-4772-b67e-653c1d152208,Planning,2ad053e7-3699-404f-b20b-b7086df6c0a9
170c50b5-da66-40d9-b534-635eb734d8a1,Assets,2ad053e7-3699-404f-b20b-b7086df6c0a9
ee05723e-85ba-4cab-b3a3-792774e173e1,Scheduled,2ad053e7-3699-404f-b20b-b7086df6c0a9
785cf4d4-b6ab-4858-bcc6-f2c3dfa439fd,Launched,2ad053e7-3699-404f-b20b-b7086df6c0a9
3fcbcf99-1b52-4c30-8f6d-7415188dc6c5,Ideas,80fc9664-c7e9-41a8-bdc7-cdb48a1baa70
6150419a-4fc1-48c0-9cf0-f5a24996e89a,Planning,80fc9664-c7e9-41a8-bdc7-cdb48a1baa70
1daeeaf5-e5d0-41ab-bdc6-919f973696b3,Assets,80fc9664-c7e9-41a8-bdc7-cdb48a1baa70
dbd40320-8f84-4d57-b755-cb7a779c8597,Scheduled,80fc9664-c7e9-41a8-bdc7-cdb48a1baa70
6f1a3084-6b05-4159-a075-baab5251b134,Launched,80fc9664-c7e9-41a8-bdc7-cdb48a1baa70
6e93eed6-7dde-4420-a45f-72fa96080bf5,To Do,5166251d-da77-48d2-bc34-462aba2dca55
e20155bd-9fe2-4264-9092-a13eef9b51d3,In Progress,5166251d-da77-48d2-bc34-462aba2dca55
0f09e36e-1f2c-41e7-92d7-28fb78c3c3e0,Waiting,5166251d-da77-48d2-bc34-462aba2dca55
68ae4158-370e-41dd-9ec8-c17e0d33d7f4,Completed,5166251d-da77-48d2-bc34-462aba2dca55
3a8f56ee-580e-4bf6-b3da-0fe3b9edf92b,Ideas,12babf45-8990-4abf-8108-29276d930dc0
3c2741db-aa7c-471e-8ce7-ba882700afea,Planning,12babf45-8990-4abf-8108-29276d930dc0
613fe4ef-0ebb-4d92-9570-00bded0e4b27,Assets,12babf45-8990-4abf-8108-29276d930dc0
30d78fc9-9924-426e-927f-d854390900db,Scheduled,12babf45-8990-4abf-8108-29276d930dc0
12c86679-1143-4df9-bb7a-30c102859096,Launched,12babf45-8990-4abf-8108-29276d930dc0
75464bd2-f080-4e35-91c9-e89ae116ed1c,Backlog,90ea4a1c-b00b-4bd7-9e28-2b901f5605b2
ec7bb224-117c-4960-8e24-def1f26ab46b,Sprint Backlog,90ea4a1c-b00b-4bd7-9e28-2b901f5605b2
84c04b17-d90a-49cc-b242-8528662aaea3,In Progress,90ea4a1c-b00b-4bd7-9e28-2b901f5605b2
8774d2b4-3374-455f-823a-0078ff2089f1,Review,90ea4a1c-b00b-4bd7-9e28-2b901f5605b2
5c3b2a43-9922-4abf-83e6-671634ccfe04,Done,90ea4a1c-b00b-4bd7-9e28-2b901f5605b2
b85bf174-2546-4d83-b36a-f51d136c0364,Backlog,88ef08b0-c4c2-4f40-8cc7-605569d49ede
487eb89e-6573-480e-8893-d365c921534d,Sprint Backlog,88ef08b0-c4c2-4f40-8cc7-605569d49ede
b642d91d-3606-4dc4-8c00-54b5880d6f50,In Progress,88ef08b0-c4c2-4f40-8cc7-605569d49ede
81dcd17e-d3c4-4707-861e-3427b00581c0,Review,88ef08b0-c4c2-4f40-8cc7-605569d49ede
a57d7a4d-994d-4afa-add3-f7e3cd22b299,Done,88ef08b0-c4c2-4f40-8cc7-605569d49ede
aa3fbb60-b04c-470d-8951-014357d8ab62,Backlog,bac6c9e4-2d2c-4868-8c2d-20732eff86b0
b0ce8a6e-67c6-4369-98f4-31d2baf81d44,Sprint Backlog,bac6c9e4-2d2c-4868-8c2d-20732eff86b0
5175c351-06b0-45f0-a993-b302a2d2cfe5,In Progress,bac6c9e4-2d2c-4868-8c2d-20732eff86b0
6038758f-eba7-47cf-9d69-4c27cb471a38,Review,bac6c9e4-2d2c-4868-8c2d-20732eff86b0
7ad39ff1-413e-4705-a431-eb139f8f470d,Done,bac6c9e4-2d2c-4868-8c2d-20732eff86b0
7c711c6d-b585-43e9-90b5-24f36e6757d5,Backlog,6b6c5018-ec6c-4727-865d-13e354c70372
45cbb1f5-0576-45f6-9043-f097d3496696,Sprint Backlog,6b6c5018-ec6c-4727-865d-13e354c70372
2a94c562-2a64-4bd8-bcc2-fcd7bb13e92f,In Progress,6b6c5018-ec6c-4727-865d-13e354c70372
d6323f8d-66c0-4545-bf6e-09eae5200c6f,Review,6b6c5018-ec6c-4727-865d-13e354c70372
99fd3b6d-6b8d-4537-baa6-d756829bde2c,Done,6b6c5018-ec6c-4727-865d-13e354c70372
93ce03a0-71c6-4005-9b21-28f3238b864b,Ideas,3f452e2d-e6cd-43eb-97d4-82998b8df4f6
67a1733c-08a1-48a0-ac37-6856885b7942,Planning,3f452e2d-e6cd-43eb-97d4-82998b8df4f6
5a0fff68-9031-43fb-9259-99354fc034f4,Assets,3f452e2d-e6cd-43eb-97d4-82998b8df4f6
135b895f-e2c2-4980-a633-acf34c13a273,Scheduled,3f452e2d-e6cd-43eb-97d4-82998b8df4f6
76f365ad-ad5f-4e41-8c8c-cbe1756f3692,Launched,3f452e2d-e6cd-43eb-97d4-82998b8df4f6
3742dd2e-090b-4970-94a9-d98421744cd6,Ideas,a8a24f97-edc2-4578-8daf-f4b63f310615
ff6ae47f-c179-4e1a-96c2-07a1dd2b47dc,Planning,a8a24f97-edc2-4578-8daf-f4b63f310615
2d4889bb-6f90-4fe1-a486-fe7d371b8365,Assets,a8a24f97-edc2-4578-8daf-f4b63f310615
0d46954e-3c47-4ec8-933a-8c112a00ade4,Scheduled,a8a24f97-edc2-4578-8daf-f4b63f310615
dfd45e20-f6c8-4cd7-a2f0-f932765c4ca8,Launched,a8a24f97-edc2-4578-8daf-f4b63f310615
9ca4a300-4276-4859-aa35-18f4f70c6575,Backlog,b370c584-4cad-4945-bd17-e2b181321ed8
16a270b8-4b06-4b49-bd85-e7c1d37d6330,Sprint Backlog,b370c584-4cad-4945-bd17-e2b181321ed8
b109500e-27a8-49fe-90c0-b2a3989edae9,In Progress,b370c584-4cad-4945-bd17-e2b181321ed8
b5a773c6-977e-4d9a-ab91-fbca61e2637e,Review,b370c584-4cad-4945-bd17-e2b181321ed8
28549fcd-9fb1-4771-80a9-659171bc1db5,Done,b370c584-4cad-4945-bd17-e2b181321ed8
607eab85-721c-4e36-b724-0705850fde99,To Do,64b68754-9c34-47a3-979f-ece4835e0bdb
205609d0-022f-4b2b-80c9-93cd05225e5e,In Progress,64b68754-9c34-47a3-979f-ece4835e0bdb
c61bfcb3-ce2b-4415-bdbb-4d1003592861,Waiting,64b68754-9c34-47a3-979f-ece4835e0bdb
2243dd52-6886-4ea0-9683-5d09a8eb1d39,Completed,64b68754-9c34-47a3-979f-ece4835e0bdb
ede7d94e-06cc-4ac7-bb17-c9c2dd110ae8,Backlog,f8e5771d-5cf9-4b11-8998-aba5ea666d0f
bb0036c6-7ff1-4168-a39e-d6910e163e6a,Sprint Backlog,f8e5771d-5cf9-4b11-8998-aba5ea666d0f
fda782c0-d357-420e-bc9b-1b1fa717380a,In Progress,f8e5771d-5cf9-4b11-8998-aba5ea666d0f
706374a8-8922-4c54-862d-8a3c5131fa74,Review,f8e5771d-5cf9-4b11-8998-aba5ea666d0f
1ed6d026-1c25-46ea-8b08-c414a5308be9,Done,f8e5771d-5cf9-4b11-8998-aba5ea666d0f
2b596904-77e0-4543-b705-f4f1304d9739,Backlog,bf4fbcc0-731e-44a6-a4a5-572469bc9ee0
e2b5d7c3-d85d-42d5-be39-0556a81c9b9f,Sprint Backlog,bf4fbcc0-731e-44a6-a4a5-572469bc9ee0
488f837e-2ec1-4124-8abe-2674d7af0abf,In Progress,bf4fbcc0-731e-44a6-a4a5-572469bc9ee0
5b3c9094-6f0f-4632-bee2-12f192411da6,Review,bf4fbcc0-731e-44a6-a4a5-572469bc9ee0
3805b40d-36f3-43c6-aa16-46385168ed14,Done,bf4fbcc0-731e-44a6-a4a5-572469bc9ee0
287d02cc-0a78-4d02-b004-eaa34a87f8a9,Ideas,753fd5be-fbf9-46ea-a6f9-dbee804dbed6
3a557465-04b2-4d9c-84d1-74cf8494bf08,Planning,753fd5be-fbf9-46ea-a6f9-dbee804dbed6
cb6b3584-a42a-44c2-b545-fd81ed41aa22,Assets,753fd5be-fbf9-46ea-a6f9-dbee804dbed6
b0c547db-4d65-47c4-b81b-ef2575269c7d,Scheduled,753fd5be-fbf9-46ea-a6f9-dbee804dbed6
a106df4c-c7ae-4b6a-ab3c-0e0fc7029053,Launched,753fd5be-fbf9-46ea-a6f9-dbee804dbed6
4db003ff-d59c-4fdd-ace7-5c8480ff0c19,Backlog,6afd7473-6832-4bb6-8430-7cf31f344c6f
d2ea6a34-a9ad-4720-8419-278d3029061a,Sprint Backlog,6afd7473-6832-4bb6-8430-7cf31f344c6f
3aa650f7-4227-4bea-90d5-dc95bd2e4959,In Progress,6afd7473-6832-4bb6-8430-7cf31f344c6f
a1e26082-8a52-4e55-a57f-9a68176578d3,Review,6afd7473-6832-4bb6-8430-7cf31f344c6f
25dd102c-b990-44f1-920d-89657367814c,Done,6afd7473-6832-4bb6-8430-7cf31f344c6f
cdf1bafa-35fc-4f65-ab91-30969347270d,Backlog,e312ce56-1810-4611-ae81-0c3bcb180520
492af452-f702-41b0-bf5b-25ce6bbc4bb2,Sprint Backlog,e312ce56-1810-4611-ae81-0c3bcb180520
f3d319fd-2e29-4dfe-965b-c825aed2adbb,In Progress,e312ce56-1810-4611-ae81-0c3bcb180520
0149a03a-b938-4ad6-a045-d81054956140,Review,e312ce56-1810-4611-ae81-0c3bcb180520
ea6af7b8-c215-4785-b1f7-fd26de325090,Done,e312ce56-1810-4611-ae81-0c3bcb180520
007d9cc6-a01d-417b-a838-135e60dc9f5b,Backlog,80a20fbc-57df-4b51-a950-fa7b620a11d9
9862869c-b81d-4019-9adc-c6810eadcf35,Sprint Backlog,80a20fbc-57df-4b51-a950-fa7b620a11d9
192c42ef-3e10-4494-935d-043f4e052a87,In Progress,80a20fbc-57df-4b51-a950-fa7b620a11d9
ddf5e9bc-2b6e-4df2-8df2-b68e682dc8a4,Review,80a20fbc-57df-4b51-a950-fa7b620a11d9
f033969c-077d-405b-9355-7e06b4619d22,Done,80a20fbc-57df-4b51-a950-fa7b620a11d9
25a96107-fbc8-4e87-a226-95ac4900991f,To Do,ad3608bc-e106-40e9-a27f-c92e8d65599e
1294f4cc-576e-4fbe-bb0c-0909a89f4bea,In Progress,ad3608bc-e106-40e9-a27f-c92e8d65599e
73a33436-5d0d-4a99-a505-a6c714fc0cb7,Waiting,ad3608bc-e106-40e9-a27f-c92e8d65599e
fd8f9854-2ca4-48ce-bc87-118c4c2a941c,Completed,ad3608bc-e106-40e9-a27f-c92e8d65599e
81b8f4ee-d360-4482-ada6-f2325567470b,Backlog,025db309-d3cb-4e9e-ab91-15d3258c4349
4ee1bf94-c257-4d9a-98dd-72fe14de668a,Sprint Backlog,025db309-d3cb-4e9e-ab91-15d3258c4349
825e79e9-1c6a-4385-af7e-3ad413902b75,In Progress,025db309-d3cb-4e9e-ab91-15d3258c4349
f460327e-dc23-4745-899e-5ccb90a72f74,Review,025db309-d3cb-4e9e-ab91-15d3258c4349
83abf6c3-927b-40ed-801d-a7bb07440f88,Done,025db309-d3cb-4e9e-ab91-15d3258c4349
618b0c09-1fea-411b-8dc3-83ce5954807d,To Do,70cb2ec8-84aa-4def-9638-8631b697a866
e64f92c2-237d-4ff2-bf34-3a078a3fa316,In Progress,70cb2ec8-84aa-4def-9638-8631b697a866
b331701c-d8a2-4ee3-b57c-93e38e8f9544,Waiting,70cb2ec8-84aa-4def-9638-8631b697a866
7df14431-6b17-4f1f-b252-8196853539e6,Completed,70cb2ec8-84aa-4def-9638-8631b697a866
d15fbc6b-907a-41ee-a537-652b46d0dbe8,Ideas,412a0270-ce2a-41d2-bca7-6c7522661d7e
7b9be07c-82cd-4599-a2d5-10c045582179,Planning,412a0270-ce2a-41d2-bca7-6c7522661d7e
974c7b34-cbc2-4817-ac14-95447216d6cc,Assets,412a0270-ce2a-41d2-bca7-6c7522661d7e
97d387f3-3726-4412-930d-582e34f8aad5,Scheduled,412a0270-ce2a-41d2-bca7-6c7522661d7e
3c3c7ce0-0002-45da-9e66-8e9dc09f0acf,Launched,412a0270-ce2a-41d2-bca7-6c7522661d7e
045bec2f-1b48-472e-a9a6-da34ced78194,Backlog,ec44acdb-8d13-43d1-a795-b810a34b16fe
517b0b84-ec4a-471a-8751-51f88e852597,Sprint Backlog,ec44acdb-8d13-43d1-a795-b810a34b16fe
ac27bcff-8265-4a1e-bd6a-c8d330e49fb1,In Progress,ec44acdb-8d13-43d1-a795-b810a34b16fe
c5de3bd0-f3dd-43db-a408-acc7ff88652c,Review,ec44acdb-8d13-43d1-a795-b810a34b16fe
4efe2974-577a-4cbd-ae82-e08664e34fa5,Done,ec44acdb-8d13-43d1-a795-b810a34b16fe
c1ec8154-f013-4a24-ba92-f9c7f1585cfe,Ideas,859cc897-69ad-45f0-9c58-1050640bdd1e
e41fa642-f02e-44d0-8a5a-41c7bf4ada14,Planning,859cc897-69ad-45f0-9c58-1050640bdd1e
8696442b-1bb0-4f5a-86c9-9cafa7ba9e31,Assets,859cc897-69ad-45f0-9c58-1050640bdd1e
5c5f8262-49e4-4678-bdb4-266493b1c828,Scheduled,859cc897-69ad-45f0-9c58-1050640bdd1e
528046cd-d65c-452a-8128-cd4f1d877d67,Launched,859cc897-69ad-45f0-9c58-1050640bdd1e
fe3addee-df45-427d-a366-85f75ff2aac3,Backlog,7dbc111d-f460-438b-943c-7f0784b2fecc
42915a7b-0713-4cf3-b098-618733f33706,Sprint Backlog,7dbc111d-f460-438b-943c-7f0784b2fecc
0a1f5981-7ec5-43a0-a6aa-f3e5e8cb63eb,In Progress,7dbc111d-f460-438b-943c-7f0784b2fecc
b0393903-14b5-4a22-a5b0-40c5855f1f08,Review,7dbc111d-f460-438b-943c-7f0784b2fecc
9737df52-2441-47b3-b427-2d5e11edebe3,Done,7dbc111d-f460-438b-943c-7f0784b2fecc
e1aaa007-aa12-4d91-a3c4-c85e23148fa0,Ideas,f5cf396d-9113-4b49-977e-91e3c743c4e3
1ff33380-a61c-455e-ac6d-96fdff0ec230,Planning,f5cf396d-9113-4b49-977e-91e3c743c4e3
1d775088-e775-459b-938d-f9ca5bfcb4c3,Assets,f5cf396d-9113-4b49-977e-91e3c743c4e3
c446dd50-ea8a-4cff-9e27-d7e1f085b8f7,Scheduled,f5cf396d-9113-4b49-977e-91e3c743c4e3
8c273615-e4af-45ea-a347-198543b1468c,Launched,f5cf396d-9113-4b49-977e-91e3c743c4e3
c62b2a09-8a62-4167-b5f1-0e1a0e3a7a90,Backlog,04098bbe-80b7-46df-8258-5032246081b9
8a86065d-95fa-4536-8bc6-53410858c024,Sprint Backlog,04098bbe-80b7-46df-8258-5032246081b9
58d8d479-4b1f-440d-812e-dc6c047911b3,In Progress,04098bbe-80b7-46df-8258-5032246081b9
d5bb5e58-03c6-4150-89d7-46d97e49e771,Review,04098bbe-80b7-46df-8258-5032246081b9
e0b9c61c-e92d-439b-8471-f60a60cc17fb,Done,04098bbe-80b7-46df-8258-5032246081b9
2c3f1b42-69e9-4da3-a6dc-54d1e18421f1,Ideas,b11d947d-5276-40b6-9d6f-0c49e6785e87
1d7f2fe0-aa7a-4a09-a698-cafdafaf9582,Planning,b11d947d-5276-40b6-9d6f-0c49e6785e87
dd382d83-0eb8-4674-b7d1-3ab7eadc873f,Assets,b11d947d-5276-40b6-9d6f-0c49e6785e87
96ab0053-a4b2-48b3-ab95-a4becb32e404,Scheduled,b11d947d-5276-40b6-9d6f-0c49e6785e87
92f153b1-aea0-4b06-a04c-a1dffa295e74,Launched,b11d947d-5276-40b6-9d6f-0c49e6785e87
4f3db705-6edb-4c73-9d55-8b2682dc6d8f,Ideas,26e37e3b-5f8e-4d55-b2fc-6e859f5ed8f9
a96cffae-ac68-40e2-901a-680914d68968,Planning,26e37e3b-5f8e-4d55-b2fc-6e859f5ed8f9
d32ab2da-d68a-42b0-8775-9fd4ba540b28,Assets,26e37e3b-5f8e-4d55-b2fc-6e859f5ed8f9
4ce63d0c-8adf-4744-9181-3fd0bad89282,Scheduled,26e37e3b-5f8e-4d55-b2fc-6e859f5ed8f9
dd688837-7466-45f3-8c53-49036db87723,Launched,26e37e3b-5f8e-4d55-b2fc-6e859f5ed8f9
49c560b0-de41-41ac-8db7-80298776f64a,Ideas,4edade7b-fdb2-41e2-bdaf-432615a81eea
dd769d0a-9407-4034-a0cd-ca17b6f73d1b,Planning,4edade7b-fdb2-41e2-bdaf-432615a81eea
b1721af4-87be-46d2-a4fd-03f1ffb68f12,Assets,4edade7b-fdb2-41e2-bdaf-432615a81eea
c94cae3f-aad4-4ab4-a0c5-7c47e9e80a27,Scheduled,4edade7b-fdb2-41e2-bdaf-432615a81eea
6b6dfcf4-855b-4e54-bf79-daa38f9b8a41,Launched,4edade7b-fdb2-41e2-bdaf-432615a81eea
199a45eb-797d-4bb5-bdaf-b394a9303d59,Ideas,03171a70-b48a-4aa1-9800-8820693d2091
4382795c-d3c4-4ed9-b193-babc6bfd995a,Planning,03171a70-b48a-4aa1-9800-8820693d2091
4218292c-3c65-4458-9268-cac21595620d,Assets,03171a70-b48a-4aa1-9800-8820693d2091
0909f4ad-0bce-4fe8-bd9c-6bd4b71601b8,Scheduled,03171a70-b48a-4aa1-9800-8820693d2091
139478c0-fd7f-40e8-85cd-0efa83de5cee,Launched,03171a70-b48a-4aa1-9800-8820693d2091
8ad19bbd-a11c-43b8-b0db-e40e9d33a652,Backlog,1f67e2ca-8b3f-4897-a9a3-c6020272b4d0
3dd8256b-24e9-4371-a04d-1aeb332a2411,Sprint Backlog,1f67e2ca-8b3f-4897-a9a3-c6020272b4d0
225649cd-d09d-4fff-bdbb-5e99f95fabb6,In Progress,1f67e2ca-8b3f-4897-a9a3-c6020272b4d0
4e9858a6-fba7-42d7-a16e-8e868150b426,Review,1f67e2ca-8b3f-4897-a9a3-c6020272b4d0
475b2a72-0c88-4a6b-8b3a-8effb779f363,Done,1f67e2ca-8b3f-4897-a9a3-c6020272b4d0
dcb2cb4b-cecd-4dc2-b7ad-16e672cc28ed,To Do,f9942780-2985-45c2-bf3b-04309b1d7fd0
ec77265e-30d9-4202-8704-4ecbdf18fcea,In Progress,f9942780-2985-45c2-bf3b-04309b1d7fd0
2df7f1b9-b9e1-43de-aa20-2db5db062eb6,Waiting,f9942780-2985-45c2-bf3b-04309b1d7fd0
d58e63f4-0897-4196-a207-bdfa8e953353,Completed,f9942780-2985-45c2-bf3b-04309b1d7fd0
52f1840d-8264-4d7e-b351-c4950142bf23,Ideas,00b27cb8-d65f-4648-97e9-03186ba89161
19376f50-809b-4bfa-acc4-e6e98e678ef5,Planning,00b27cb8-d65f-4648-97e9-03186ba89161
0531472c-c4e2-412a-a809-6e6dd4a7a0e6,Assets,00b27cb8-d65f-4648-97e9-03186ba89161
c124fdae-7838-4c47-af89-7ba6e011073b,Scheduled,00b27cb8-d65f-4648-97e9-03186ba89161
7e3f908d-6a38-41b1-9b2e-322147e4320b,Launched,00b27cb8-d65f-4648-97e9-03186ba89161
240936c8-3b42-4681-ae92-2de9d79535c6,To Do,2a3e21c0-5459-4d26-b082-360ea8f2ea88
2a568bd1-a187-40d5-8b6f-e5e46da7cb0e,In Progress,2a3e21c0-5459-4d26-b082-360ea8f2ea88
d9a16526-db83-4600-8639-eb8cfe135b96,Waiting,2a3e21c0-5459-4d26-b082-360ea8f2ea88
64484566-894f-4310-8d0b-6109b2367de3,Completed,2a3e21c0-5459-4d26-b082-360ea8f2ea88
b05f055d-f8a8-4b23-9394-573a84aa2b94,To Do,5aa559bf-bee6-47a4-8afd-bf3de6afb51b
781455d8-d05e-4cf8-a766-a79baab8fa12,In Progress,5aa559bf-bee6-47a4-8afd-bf3de6afb51b
008363dc-9cb6-4155-aaf4-f9fc2732887a,Waiting,5aa559bf-bee6-47a4-8afd-bf3de6afb51b
5f639886-065b-44ef-8d34-b9b36c4e8153,Completed,5aa559bf-bee6-47a4-8afd-bf3de6afb51b
c44967d1-1ba5-4401-a11a-d5a9ed459e84,To Do,26571cf4-6ae2-4039-ae61-07027a8a0b99
fcf64a2f-fc45-4a3b-9113-08b6f87a2b0c,In Progress,26571cf4-6ae2-4039-ae61-07027a8a0b99
0c156386-d05e-4d88-8f5c-ac92974f30ff,Waiting,26571cf4-6ae2-4039-ae61-07027a8a0b99
ee849020-97ad-45f1-9cf0-c1f03bf80a30,Completed,26571cf4-6ae2-4039-ae61-07027a8a0b99
f8b98916-a5ac-47a3-aacd-2c50a31a981e,To Do,7d3acc60-55f8-49bf-a1c5-0198f1a5e5e6
99c31b98-a2ad-4986-a9b6-b0cac9b9d4e4,In Progress,7d3acc60-55f8-49bf-a1c5-0198f1a5e5e6
31b79d01-dd6b-415e-b609-55259a88653a,Waiting,7d3acc60-55f8-49bf-a1c5-0198f1a5e5e6
d83e5721-033f-41a5-995c-e9e3e6b68648,Completed,7d3acc60-55f8-49bf-a1c5-0198f1a5e5e6
9fa350b7-b0dc-4815-b321-31da92c3e89b,Backlog,545f46ed-e629-4166-a987-a9d6826919e7
b31111fd-8196-4e41-b510-d7c3636bbacd,Sprint Backlog,545f46ed-e629-4166-a987-a9d6826919e7
80156dcc-1441-45fa-93e2-304e6e48f917,In Progress,545f46ed-e629-4166-a987-a9d6826919e7
48d66ae7-5b98-4c70-bcff-a9c05115f3a3,Review,545f46ed-e629-4166-a987-a9d6826919e7
2e8ca26a-7621-4c65-9dbf-c9ac769de3c7,Done,545f46ed-e629-4166-a987-a9d6826919e7
c5ecfb78-a9eb-4d78-bbb7-93e3a54d8f0e,Ideas,3b891cf4-613e-4447-85f9-871daabdc63e
a63c327f-7e9e-4658-a266-b0f45649bb7e,Planning,3b891cf4-613e-4447-85f9-871daabdc63e
f1b0ebd7-b29e-4067-b4a8-93aa6ebe7689,Assets,3b891cf4-613e-4447-85f9-871daabdc63e
3525adb7-db5d-4b53-8dec-f19869794a24,Scheduled,3b891cf4-613e-4447-85f9-871daabdc63e
6bc5be88-83eb-4038-9d74-cb95ef99ca4b,Launched,3b891cf4-613e-4447-85f9-871daabdc63e
0eec2759-1234-496c-85d0-b0a97a6836e3,To Do,16ada830-3093-4eca-94f6-2ab97d7fd8b9
9caa6cee-782f-4e8d-8e56-5a644c3b2abe,In Progress,16ada830-3093-4eca-94f6-2ab97d7fd8b9
f66f4a70-115b-4ffd-9f0e-969a71a78b4e,Waiting,16ada830-3093-4eca-94f6-2ab97d7fd8b9
4636b366-7085-4c03-ad15-cf71671af0e8,Completed,16ada830-3093-4eca-94f6-2ab97d7fd8b9
5f9a9ac1-117f-427a-9171-4305811b17c6,Backlog,b89b7522-fb5a-4b94-9041-359481b84b96
d96df628-e6a6-410c-a10a-7d9203505712,Sprint Backlog,b89b7522-fb5a-4b94-9041-359481b84b96
2f5db111-69db-4515-8270-a93f7297500a,In Progress,b89b7522-fb5a-4b94-9041-359481b84b96
9418e4ba-a4f3-41ea-9d69-e562c843a1d6,Review,b89b7522-fb5a-4b94-9041-359481b84b96
d45a2ffa-4e90-4fd6-a302-69253a30ff32,Done,b89b7522-fb5a-4b94-9041-359481b84b96
5a4c0d9f-c609-4536-96f2-ca23d294dfca,Backlog,b16e7d80-3293-453c-b173-9e326acfc78b
a620a3da-2ef1-4d9b-9830-2eee208796b0,Sprint Backlog,b16e7d80-3293-453c-b173-9e326acfc78b
1fb1699d-ab82-466a-aee8-0a7a6b69db2b,In Progress,b16e7d80-3293-453c-b173-9e326acfc78b
e44ba157-85cb-4736-89a8-851164cc62f0,Review,b16e7d80-3293-453c-b173-9e326acfc78b
a6e54fa2-849a-4d9d-ae67-e60b99328827,Done,b16e7d80-3293-453c-b173-9e326acfc78b
8549f562-d029-4487-ac3a-201a3a577aa9,Backlog,5cbcf32e-270f-4258-b532-e065e52fd910
c41ff2ac-bff7-401f-ae02-efc82c157170,Sprint Backlog,5cbcf32e-270f-4258-b532-e065e52fd910
6856aa85-2918-42d8-91de-f7be69ffc7a0,In Progress,5cbcf32e-270f-4258-b532-e065e52fd910
a14e0426-ecae-432d-aa83-b73e47045156,Review,5cbcf32e-270f-4258-b532-e065e52fd910
192e41ee-ffbf-4cf5-abf8-7a9a96084ce5,Done,5cbcf32e-270f-4258-b532-e065e52fd910
9954e041-e690-42e4-b49e-0aa226e87266,Backlog,1905d692-2175-4f8c-89b3-bd8748dd6965
0617992d-9b28-4841-b7e8-51d7d5e97335,Sprint Backlog,1905d692-2175-4f8c-89b3-bd8748dd6965
e5724eba-afd4-4371-aa44-ea9e91163e50,In Progress,1905d692-2175-4f8c-89b3-bd8748dd6965
83592f23-7524-40bc-82df-cbc6e30ff4ec,Review,1905d692-2175-4f8c-89b3-bd8748dd6965
755c6b15-85ee-46ff-afe3-dddea99cfb2d,Done,1905d692-2175-4f8c-89b3-bd8748dd6965
4cf531be-36bb-4159-a750-ddf2bcae1550,Backlog,428a4068-1c13-4c66-9fe7-7a55751f94de
cc5c58c3-7a98-4280-b6ef-d3524f460251,Sprint Backlog,428a4068-1c13-4c66-9fe7-7a55751f94de
234e42d0-1a44-4138-96c2-cd68327487fc,In Progress,428a4068-1c13-4c66-9fe7-7a55751f94de
4dbd4a6a-5aa5-4984-ad20-c63f51a686cb,Review,428a4068-1c13-4c66-9fe7-7a55751f94de
64f3aecb-81d1-4893-a8ad-174f6ce93162,Done,428a4068-1c13-4c66-9fe7-7a55751f94de
59530aa1-8554-478a-a47f-96b38aa5d0d4,Backlog,2844168e-2064-4eba-b976-64d786e216d1
3b106b67-91aa-4064-97d2-a16014f63a7f,Sprint Backlog,2844168e-2064-4eba-b976-64d786e216d1
2ebd82ab-d54f-46bb-8010-f0f5e38423fe,In Progress,2844168e-2064-4eba-b976-64d786e216d1
520cb14c-e83f-48ab-9c3b-29b4c5d16d37,Review,2844168e-2064-4eba-b976-64d786e216d1
a17632d6-8933-4979-b56c-7d19d8d44d6d,Done,2844168e-2064-4eba-b976-64d786e216d1
556d3094-af5e-4669-b19a-ef4b4051ab86,Backlog,81f28c03-72c4-42c8-b1ad-d108adf81aa2
2f7e09ee-1e38-466f-8178-6c3faf651a7a,Sprint Backlog,81f28c03-72c4-42c8-b1ad-d108adf81aa2
b695d440-87db-4e2a-88cb-fd8285d534d1,In Progress,81f28c03-72c4-42c8-b1ad-d108adf81aa2
59d61582-6173-4c5b-bf73-4f725ffefefb,Review,81f28c03-72c4-42c8-b1ad-d108adf81aa2
54310c05-8f20-4231-a5b3-e972a00a2979,Done,81f28c03-72c4-42c8-b1ad-d108adf81aa2
7e7305e3-d94f-45a4-9b79-201f1130ee0b,To Do,9425e149-3ce9-45ae-a6bf-2677d56f3fd2
92b04b39-910a-40ab-a842-40d03e32733f,In Progress,9425e149-3ce9-45ae-a6bf-2677d56f3fd2
9218e8d4-4780-4464-a680-e9906d12528d,Waiting,9425e149-3ce9-45ae-a6bf-2677d56f3fd2
004e53ae-03b4-4913-88d1-6c753372ce9c,Completed,9425e149-3ce9-45ae-a6bf-2677d56f3fd2
4ed5c13e-e20f-4aae-9fe7-17a6e12d2842,Ideas,4823068e-c321-4be3-baca-2d8b4b59fe8a
6f826bfe-e8cf-4be4-b906-29fb1e20763e,Planning,4823068e-c321-4be3-baca-2d8b4b59fe8a
d30b8da2-7516-47b0-9ef2-41115771190c,Assets,4823068e-c321-4be3-baca-2d8b4b59fe8a
6b28c166-ad7f-4f21-a611-f28b1c020b75,Scheduled,4823068e-c321-4be3-baca-2d8b4b59fe8a
18949f6a-72ba-48c2-80ed-a787b4b4f4d5,Launched,4823068e-c321-4be3-baca-2d8b4b59fe8a
e2352888-62c4-4b55-8233-93dbef99c88a,Ideas,706ae080-77d6-49a6-9962-be62bb0199aa
17573913-60e2-49f1-9652-c917ffe84a37,Planning,706ae080-77d6-49a6-9962-be62bb0199aa
dbce9e1f-ae46-404a-b6c3-bb9076328caf,Assets,706ae080-77d6-49a6-9962-be62bb0199aa
845f3e82-6a74-4fa9-8793-1678bd47454b,Scheduled,706ae080-77d6-49a6-9962-be62bb0199aa
531764c2-25ba-48b2-a00f-f54bd538e6ed,Launched,706ae080-77d6-49a6-9962-be62bb0199aa
d897e03c-2949-40f4-b910-4f18f8c78c0c,To Do,fa1225d7-b25a-47c5-951e-9d8d1da67b43
67e95140-a73b-40d7-82f3-eb0e721cdec0,In Progress,fa1225d7-b25a-47c5-951e-9d8d1da67b43
2910c257-dce6-43e5-a553-24693d6c7431,Waiting,fa1225d7-b25a-47c5-951e-9d8d1da67b43
6da86d6e-d49f-4488-b448-514977cfe593,Completed,fa1225d7-b25a-47c5-951e-9d8d1da67b43
985f4eda-f11a-49d2-9585-06cc337a56f3,To Do,1c9c6e36-5d87-45b4-a59b-e7a4abf0cc5b
95d06059-1ba8-4ce4-b92d-b48a5a7ee0e7,In Progress,1c9c6e36-5d87-45b4-a59b-e7a4abf0cc5b
95ac9fff-2168-4a24-a9d9-cc8f3688a465,Waiting,1c9c6e36-5d87-45b4-a59b-e7a4abf0cc5b
01c75247-3752-434c-a649-995519ef0ecb,Completed,1c9c6e36-5d87-45b4-a59b-e7a4abf0cc5b
f7b21732-7af5-48a7-908e-e2cb204c3d1a,Backlog,869aeaba-75f3-45af-a51f-75bc8d4ed584
48fc4e8c-7816-4416-b9d8-4c3a7cc7613c,Sprint Backlog,869aeaba-75f3-45af-a51f-75bc8d4ed584
24d88fb7-d9d5-4686-b392-768aa0a5f128,In Progress,869aeaba-75f3-45af-a51f-75bc8d4ed584
e66a9621-0c1d-4191-840f-937e8f9d0e67,Review,869aeaba-75f3-45af-a51f-75bc8d4ed584
eacdbebf-4b9e-4ef9-82fc-a1f2b2204887,Done,869aeaba-75f3-45af-a51f-75bc8d4ed584
86092bc0-005b-453b-a9f5-ab20a464755d,Ideas,4de2d6fa-b725-4369-8fb6-0c4a571b4123
36ad0efe-268a-4d03-88f3-db5f2f4065fc,Planning,4de2d6fa-b725-4369-8fb6-0c4a571b4123
c752925d-69a7-4c46-a092-af0ea1c5a4d0,Assets,4de2d6fa-b725-4369-8fb6-0c4a571b4123
7a49958a-7ca9-472f-87e7-51808daf0ef9,Scheduled,4de2d6fa-b725-4369-8fb6-0c4a571b4123
4cdb1b20-90bc-411b-b4ac-18bfebaa0478,Launched,4de2d6fa-b725-4369-8fb6-0c4a571b4123
957c88b4-666c-4177-80d8-3cc799b953c7,Backlog,9e25a8ba-3184-4522-adb4-bdbcf49efb95
27f69d39-f4c1-4d92-847c-e6305591d17a,Sprint Backlog,9e25a8ba-3184-4522-adb4-bdbcf49efb95
1bd6c195-e32d-4e7f-b02a-e09b0f546e94,In Progress,9e25a8ba-3184-4522-adb4-bdbcf49efb95
188c2886-93c9-4175-86a2-936fe5f763a8,Review,9e25a8ba-3184-4522-adb4-bdbcf49efb95
a6b37a44-b3d0-42f9-beab-af63c1f25715,Done,9e25a8ba-3184-4522-adb4-bdbcf49efb95
5f307e2e-ffd3-45ed-9143-011f6a80abc1,Ideas,363641a0-0220-441d-a55f-5c520029e4b4
d46dedf6-1c89-4117-ba07-5d004a31927e,Planning,363641a0-0220-441d-a55f-5c520029e4b4
1413673e-5f63-47c2-95d4-8a22d6df7409,Assets,363641a0-0220-441d-a55f-5c520029e4b4
d4c80ea0-2aac-468e-8ff9-614f7e30aaab,Scheduled,363641a0-0220-441d-a55f-5c520029e4b4
96423c9a-4198-49ab-8b91-557d10e097be,Launched,363641a0-0220-441d-a55f-5c520029e4b4
1f638f49-dad7-4024-bff5-4a2b4683cb2f,Ideas,91817cb8-489a-4b4b-b48a-e3d88ead6d84
db771047-7617-4d71-bdde-19d1494eea8f,Planning,91817cb8-489a-4b4b-b48a-e3d88ead6d84
5695f652-a85e-45b8-b57e-a9f4f10c0d59,Assets,91817cb8-489a-4b4b-b48a-e3d88ead6d84
229b1774-34d5-4971-a247-7dd8ff651b6e,Scheduled,91817cb8-489a-4b4b-b48a-e3d88ead6d84
17aa624a-4a17-434a-beeb-2b30faeee69c,Launched,91817cb8-489a-4b4b-b48a-e3d88ead6d84
058655a3-f116-44f2-a680-9c38de1224ee,To Do,7a5d9f4e-1944-4ca6-8915-4e5ef3e5321f
5e36ea48-0a34-4497-b04d-f24f3ddacfd5,In Progress,7a5d9f4e-1944-4ca6-8915-4e5ef3e5321f
aaf44f8e-098d-45fb-8765-9b394ce8b2e8,Waiting,7a5d9f4e-1944-4ca6-8915-4e5ef3e5321f
0d43fd34-1169-437a-ad3f-eeb5b57fa477,Completed,7a5d9f4e-1944-4ca6-8915-4e5ef3e5321f
a7c750e0-b945-4b4b-bd13-c2fb8212b438,To Do,eb7f92b9-6f14-4aed-8760-652942c23069
158e5c61-0dd2-42c0-a99b-d3959de2dbb5,In Progress,eb7f92b9-6f14-4aed-8760-652942c23069
f1abf059-bf22-480e-9eb4-41406aaa2916,Waiting,eb7f92b9-6f14-4aed-8760-652942c23069
a98354ae-926a-42a1-9c33-2ad75c97e6cf,Completed,eb7f92b9-6f14-4aed-8760-652942c23069
155d1f8f-ebbe-41c0-80d5-079384aabf54,Backlog,f84a3683-d816-4d72-8166-d4d8910e088a
2df4cd3d-b109-45a7-b2cc-59fee385c812,Sprint Backlog,f84a3683-d816-4d72-8166-d4d8910e088a
372c3bc2-ad10-4376-9f6d-0af29429b4a1,In Progress,f84a3683-d816-4d72-8166-d4d8910e088a
ee1e7acb-067a-42ea-86b1-f9b4dfb4e3c4,Review,f84a3683-d816-4d72-8166-d4d8910e088a
a131521d-5339-49e2-95ca-8742093864c0,Done,f84a3683-d816-4d72-8166-d4d8910e088a
a4895cf3-d37c-4e90-b62f-e0fc82753636,To Do,dc8df2e5-3b6e-49bd-a227-81aecf8a0d27
53aa1b12-299d-4c7e-b75d-3af791c982be,In Progress,dc8df2e5-3b6e-49bd-a227-81aecf8a0d27
5447dc62-5bc9-4e76-8525-139133be60f3,Waiting,dc8df2e5-3b6e-49bd-a227-81aecf8a0d27
56117933-0a2e-4255-be3d-45ed76860c6b,Completed,dc8df2e5-3b6e-49bd-a227-81aecf8a0d27
12c93119-5302-4c6b-801f-045716c7e42c,To Do,41d4f827-0348-45b2-9de0-b7e7310284cd
e3e0402a-4d24-426f-a2a2-358b755aa48f,In Progress,41d4f827-0348-45b2-9de0-b7e7310284cd
048001ed-a6e0-4b35-ac9b-54623b3d20d2,Waiting,41d4f827-0348-45b2-9de0-b7e7310284cd
8fff3296-d08c-4ff4-8d3c-9f81615d2ab0,Completed,41d4f827-0348-45b2-9de0-b7e7310284cd
b7b976b9-ca38-4600-bcbb-89e5fdd83d12,Ideas,2b8bd535-c612-4400-bc4f-087dedb86f42
25101c57-dd97-4aa3-9a5c-1e6b4e170d76,Planning,2b8bd535-c612-4400-bc4f-087dedb86f42
48fe43fe-a22e-4352-8e8b-1f62636badbc,Assets,2b8bd535-c612-4400-bc4f-087dedb86f42
9bd8f34e-80c2-4d38-977b-e39b7a569346,Scheduled,2b8bd535-c612-4400-bc4f-087dedb86f42
bcdd61ee-beea-489f-b81d-0a73debf2033,Launched,2b8bd535-c612-4400-bc4f-087dedb86f42
56e41308-9de9-48ba-8305-953e63b932f3,Backlog,d00c4a35-1354-42e2-a474-7e06a8ccd5d4
8616026f-b50d-4604-b1d7-1b548d3dc798,Sprint Backlog,d00c4a35-1354-42e2-a474-7e06a8ccd5d4
a75e33fd-f321-49ff-86ac-40db2caf0648,In Progress,d00c4a35-1354-42e2-a474-7e06a8ccd5d4
0c4a5657-ab60-4f71-834f-ec9349411121,Review,d00c4a35-1354-42e2-a474-7e06a8ccd5d4
e0013192-5c91-4f79-a392-7e17e1305f5e,Done,d00c4a35-1354-42e2-a474-7e06a8ccd5d4
5aa4037c-5b83-4c82-bb81-7dadb97af8b8,To Do,91b4d6ef-857f-4c7d-bfe5-4d126dff5a52
28ee2bd2-4586-4cc0-b474-296ead1490b4,In Progress,91b4d6ef-857f-4c7d-bfe5-4d126dff5a52
46b0ab74-2bbc-4783-acdc-1ed3be6fa7f3,Waiting,91b4d6ef-857f-4c7d-bfe5-4d126dff5a52
56908b60-415e-474c-8e64-58f3ce57f73a,Completed,91b4d6ef-857f-4c7d-bfe5-4d126dff5a52
5df4e5d3-c5b0-4fd4-b864-2759226f8899,Ideas,5cacc52c-95e1-4e30-b415-ddbb63c0bb1c
e7f0bb08-65c7-42be-9995-b827a3b6a121,Planning,5cacc52c-95e1-4e30-b415-ddbb63c0bb1c
5c877b95-0049-498a-b4aa-e6183f45793c,Assets,5cacc52c-95e1-4e30-b415-ddbb63c0bb1c
15e6a295-1ea9-45a4-9911-ddaab28711e1,Scheduled,5cacc52c-95e1-4e30-b415-ddbb63c0bb1c
3f5fdb6c-eb8e-4015-9d3a-ff1560e0036f,Launched,5cacc52c-95e1-4e30-b415-ddbb63c0bb1c
8b8bf03f-db1c-451b-9bc1-4144be4f359c,To Do,7cd7a326-4b26-4ec6-890f-083878e0cce8
6e319926-4c17-442c-b00d-770abbe25b85,In Progress,7cd7a326-4b26-4ec6-890f-083878e0cce8
0dfbfc1c-7c0c-48c8-99e2-5265a5327e43,Waiting,7cd7a326-4b26-4ec6-890f-083878e0cce8
2aadb5bd-c668-4008-ac56-3c3d1a50bbcf,Completed,7cd7a326-4b26-4ec6-890f-083878e0cce8
1ea1f28b-a566-48f4-9d28-c8304c100007,Ideas,74646580-851b-4a3e-86d5-f3365178bcd8
d02a5e2f-56c3-4282-abe6-a6cbe3d86516,Planning,74646580-851b-4a3e-86d5-f3365178bcd8
2292161f-1a6a-4617-b393-91ada2496bbf,Assets,74646580-851b-4a3e-86d5-f3365178bcd8
451a52e7-9f10-44d6-8c9e-46517865c7c9,Scheduled,74646580-851b-4a3e-86d5-f3365178bcd8
6ceb46a1-f97f-4fee-96c8-e4420a01083c,Launched,74646580-851b-4a3e-86d5-f3365178bcd8
6595a4a2-2b9d-4bce-8bac-121abdaa34ae,Ideas,a57750a0-a231-4a82-baf9-ac68b92823e7
b384dd3f-38bc-410a-9289-bc2e3ddab507,Planning,a57750a0-a231-4a82-baf9-ac68b92823e7
c9fd6150-51cb-45e4-83b7-5a8e2bb648a2,Assets,a57750a0-a231-4a82-baf9-ac68b92823e7
2f70eac1-94da-4fab-ba15-0b30142377b0,Scheduled,a57750a0-a231-4a82-baf9-ac68b92823e7
9a636f59-1aba-4808-9f5d-4b2d572848cc,Launched,a57750a0-a231-4a82-baf9-ac68b92823e7
3c1527fd-a999-4a63-bea9-181fce82c885,Ideas,9d1aac17-3ebe-49f1-a3ae-fbe06ba43461
23cbb01e-aba6-4894-8f3d-8ddeb8204c35,Planning,9d1aac17-3ebe-49f1-a3ae-fbe06ba43461
deaa0d05-3b5f-4fc6-8357-dea9ec0defc0,Assets,9d1aac17-3ebe-49f1-a3ae-fbe06ba43461
cccc5b61-5856-4c9b-ab6b-5913640ef0b3,Scheduled,9d1aac17-3ebe-49f1-a3ae-fbe06ba43461
b67eff13-7214-4147-aa52-954c868ef6e3,Launched,9d1aac17-3ebe-49f1-a3ae-fbe06ba43461
bb95f087-6558-43e6-8834-5f415589da30,To Do,ee5307fc-f307-49df-a30c-8745ef9716fb
278314f0-638c-4a14-9096-d3fd1a77865a,In Progress,ee5307fc-f307-49df-a30c-8745ef9716fb
856812aa-fc09-4631-b872-1d66b82f9867,Waiting,ee5307fc-f307-49df-a30c-8745ef9716fb
9b66294e-a35e-4690-b67e-03948dcb0a9e,Completed,ee5307fc-f307-49df-a30c-8745ef9716fb
7aeed0de-27ba-4db8-aa70-b7017cac9455,Ideas,fadc951a-bf73-4d2c-a6aa-101ad4e56934
023844fd-dcce-4d09-8b5b-df80704e36e9,Planning,fadc951a-bf73-4d2c-a6aa-101ad4e56934
a35ae67e-f95c-4754-ae9f-9d333931c6cf,Assets,fadc951a-bf73-4d2c-a6aa-101ad4e56934
2086ca69-7e57-42d3-b303-116934045a3b,Scheduled,fadc951a-bf73-4d2c-a6aa-101ad4e56934
a92344d4-dd5d-4402-9d9e-bf74097456c1,Launched,fadc951a-bf73-4d2c-a6aa-101ad4e56934
62906008-ac40-457f-80b0-bfaec6b25d3c,To Do,102111d1-e08e-4965-acd3-d2a8b2d786d4
82a2bcfc-d430-4fcf-975a-aeab73db9030,In Progress,102111d1-e08e-4965-acd3-d2a8b2d786d4
33c8a266-dc9e-4ea1-ae33-abc4b3524ec5,Waiting,102111d1-e08e-4965-acd3-d2a8b2d786d4
adf7f761-da3c-4e24-8295-1309ee933452,Completed,102111d1-e08e-4965-acd3-d2a8b2d786d4
1808d996-2cbe-44e2-ab9b-62a3cd6b3cf5,To Do,d99ecfd6-557e-405c-8af7-ad1b71a0a2f7
b52751a9-be12-4fac-89c8-e3e48cf6bd97,In Progress,d99ecfd6-557e-405c-8af7-ad1b71a0a2f7
6f9220fa-2962-4d38-b54f-5050d428a4d0,Waiting,d99ecfd6-557e-405c-8af7-ad1b71a0a2f7
0f1e66e9-caa1-45b6-ae41-4deea6553207,Completed,d99ecfd6-557e-405c-8af7-ad1b71a0a2f7
a2c6e073-b588-491e-baa2-f3eb53e8b9a4,Ideas,b08b2beb-65e6-4787-9867-ad54f63a5f93
cbbb6740-c375-4505-84b0-6208488185c3,Planning,b08b2beb-65e6-4787-9867-ad54f63a5f93
0af76141-8089-4dcb-81a1-e9d6fa1e67e8,Assets,b08b2beb-65e6-4787-9867-ad54f63a5f93
b60c2b6f-4dfc-4809-9bce-295ffae17828,Scheduled,b08b2beb-65e6-4787-9867-ad54f63a5f93
7e7effaa-c6f9-4d53-ad13-1f1ac3a2793f,Launched,b08b2beb-65e6-4787-9867-ad54f63a5f93
c54c4a15-69ce-4bc8-a37a-6e0fd9290d74,To Do,a6017ef9-f96b-45ed-99fc-b4b2999a0040
92705781-4deb-460d-8c0c-8541ec1fb400,In Progress,a6017ef9-f96b-45ed-99fc-b4b2999a0040
a70076da-ebf9-4d41-967e-ab7c74ff4727,Waiting,a6017ef9-f96b-45ed-99fc-b4b2999a0040
5967bb1a-f756-4270-abf1-d5ad44692a9f,Completed,a6017ef9-f96b-45ed-99fc-b4b2999a0040
c8d57c46-d4a7-41dc-aeff-b6cb7880c591,Backlog,1d112091-890c-40d9-9a62-2a22a008ec73
1e0457fb-885b-4b7d-9577-cd4bfa66d65a,Sprint Backlog,1d112091-890c-40d9-9a62-2a22a008ec73
13424b77-d2e3-40f3-af1f-912c390e773a,In Progress,1d112091-890c-40d9-9a62-2a22a008ec73
bede25ed-6c4e-4fd0-978e-f483df70c181,Review,1d112091-890c-40d9-9a62-2a22a008ec73
24bbcd3b-cfed-4433-805f-1041f3b07cd1,Done,1d112091-890c-40d9-9a62-2a22a008ec73
f04f750c-b49f-4e7c-84ba-3b57add90a92,To Do,3c15b8ff-5c67-4713-af3c-8c162e71df8f
3f786124-246c-4f54-9e2f-7ca38b91dd96,In Progress,3c15b8ff-5c67-4713-af3c-8c162e71df8f
80faff69-8a8f-4010-9620-40019dbd79bb,Waiting,3c15b8ff-5c67-4713-af3c-8c162e71df8f
c801eea6-a3dd-4ffc-adc8-db2bdb8616d1,Completed,3c15b8ff-5c67-4713-af3c-8c162e71df8f
557bb78f-4131-47d6-99f7-eeee6758b322,To Do,d17560cd-a594-4048-bacc-ba18c393a142
445f6ac1-caa5-4fba-9908-700f39f43223,In Progress,d17560cd-a594-4048-bacc-ba18c393a142
e2b68163-03c1-437f-bb62-592f2e27df2f,Waiting,d17560cd-a594-4048-bacc-ba18c393a142
e1564206-71ff-49f4-84d7-d7a9184bed7a,Completed,d17560cd-a594-4048-bacc-ba18c393a142
ce9a4cf5-3a02-469e-b2ff-c55391d2d350,To Do,374e4e31-f895-4fc2-8376-0302f43d5afb
40731eb7-ccd2-4b5b-821d-98be5e39e269,In Progress,374e4e31-f895-4fc2-8376-0302f43d5afb
18f8a0e4-79af-4cb8-a67d-ec2c8925bad2,Waiting,374e4e31-f895-4fc2-8376-0302f43d5afb
59c0a6c2-9ed5-4460-a862-6cb1bce7d237,Completed,374e4e31-f895-4fc2-8376-0302f43d5afb
270a234a-ec67-41fa-8fee-eeb3e12b7cb0,Ideas,29d370f2-f5f1-4c42-856d-41865d383f6b
daf88064-6e8b-4d94-9a0b-57be38127083,Planning,29d370f2-f5f1-4c42-856d-41865d383f6b
aa54a957-b65e-402d-95bf-f7eb14c3132b,Assets,29d370f2-f5f1-4c42-856d-41865d383f6b
defec18a-f7f5-4851-9ed4-5545db9c421b,Scheduled,29d370f2-f5f1-4c42-856d-41865d383f6b
0e300cc8-ef4b-4430-94f6-12cdc72a077d,Launched,29d370f2-f5f1-4c42-856d-41865d383f6b
7d90449f-3af3-481f-85d2-74e23d445781,Ideas,c84067a6-4e64-47f5-9522-dd865c218cfb
7558fffa-3130-4fba-830c-a62b89c8c76a,Planning,c84067a6-4e64-47f5-9522-dd865c218cfb
e6c352ab-85a5-415d-938f-66f86b407215,Assets,c84067a6-4e64-47f5-9522-dd865c218cfb
70b9aa79-f77f-404b-a91e-4594024737c5,Scheduled,c84067a6-4e64-47f5-9522-dd865c218cfb
f24d5211-e790-449e-b22c-1951b31af91c,Launched,c84067a6-4e64-47f5-9522-dd865c218cfb
f2a14a3b-bfe1-4954-8f63-66efda7796b8,To Do,86dd83b9-9f1f-4602-b999-b97b91e30693
bc81428e-db8b-40b6-b28a-03f81c8deaf1,In Progress,86dd83b9-9f1f-4602-b999-b97b91e30693
84583c4a-c658-40ce-9253-1d0872d99118,Waiting,86dd83b9-9f1f-4602-b999-b97b91e30693
d4443943-c018-4dfe-a2ba-f7e8341e26ee,Completed,86dd83b9-9f1f-4602-b999-b97b91e30693
dd35ca15-0ab3-46cf-911e-9912491dd7f6,To Do,a384e8fe-df6c-428f-83cc-376169a6577f
f670526b-075c-4ed4-a3cf-70d4413d6ed9,In Progress,a384e8fe-df6c-428f-83cc-376169a6577f
1150b9d7-9831-455f-9617-6539c74886fc,Waiting,a384e8fe-df6c-428f-83cc-376169a6577f
28cdd08c-88af-452c-9abe-1d033271f221,Completed,a384e8fe-df6c-428f-83cc-376169a6577f
8d14a262-cefb-4f77-bc08-89881a6c8529,Backlog,9e212722-7c11-4f73-992a-6145dc9a0f6d
27493356-3e4c-4cfd-91d5-5058b77f1b71,Sprint Backlog,9e212722-7c11-4f73-992a-6145dc9a0f6d
56359996-6618-49df-8056-0664150e48d5,In Progress,9e212722-7c11-4f73-992a-6145dc9a0f6d
9654b574-cde0-4510-8b37-5970817e09cc,Review,9e212722-7c11-4f73-992a-6145dc9a0f6d
e9a34d23-8c1a-43b9-be98-287b1fdc71bc,Done,9e212722-7c11-4f73-992a-6145dc9a0f6d
af4b52ee-f9ac-4517-9eb6-f05b1bb4f27f,Ideas,2fcefd7f-f100-4bc4-b759-121cc8acb5b8
b2b526c1-ffe8-444f-b956-d05d3992f735,Planning,2fcefd7f-f100-4bc4-b759-121cc8acb5b8
71dd297d-14c0-49ab-9b67-57747f09eeae,Assets,2fcefd7f-f100-4bc4-b759-121cc8acb5b8
53f6cff3-a957-4854-ba8e-bc1140240361,Scheduled,2fcefd7f-f100-4bc4-b759-121cc8acb5b8
7d5ba559-9274-4ce2-8e1c-76194de08718,Launched,2fcefd7f-f100-4bc4-b759-121cc8acb5b8
fdd3a630-5e40-4370-aded-b922bc8a8940,To Do,c28c7459-d7be-42aa-8593-4c9f4971b70a
bc6cb0e1-1897-44bf-8b48-04ea5d1286c8,In Progress,c28c7459-d7be-42aa-8593-4c9f4971b70a
6283568b-191b-4e1f-85f8-043eff7915f3,Waiting,c28c7459-d7be-42aa-8593-4c9f4971b70a
0b6d00df-05b6-411b-a2bb-82d9c8695326,Completed,c28c7459-d7be-42aa-8593-4c9f4971b70a
fba5fbfc-ea8b-461f-9f9e-6fa1b1eb7ff3,Backlog,e6ed97f2-dd03-4f64-bafa-2471cbf724d6
17084ea0-2e80-44fb-a24a-393f382f7d6f,Sprint Backlog,e6ed97f2-dd03-4f64-bafa-2471cbf724d6
b63aa493-6283-4c97-a9cf-f55f7fc1725e,In Progress,e6ed97f2-dd03-4f64-bafa-2471cbf724d6
19915d1d-693a-4df2-9a0f-c95600069dbb,Review,e6ed97f2-dd03-4f64-bafa-2471cbf724d6
345456c0-bbf2-4a34-8530-df453f55ed0b,Done,e6ed97f2-dd03-4f64-bafa-2471cbf724d6
d452314c-4663-45ad-8bcf-b566fae005b2,Backlog,668fc45d-5748-429f-b3f3-889087e51f2d
9487aabd-881b-46e7-9c1d-f32183611882,Sprint Backlog,668fc45d-5748-429f-b3f3-889087e51f2d
9a308a85-26d3-449e-81be-c2cd32040efb,In Progress,668fc45d-5748-429f-b3f3-889087e51f2d
b480ca95-64aa-478f-9cca-2fc18e808403,Review,668fc45d-5748-429f-b3f3-889087e51f2d
d35d5104-c605-48e3-adb4-0feefca1ce98,Done,668fc45d-5748-429f-b3f3-889087e51f2d
e4f4a709-b213-485b-bcdb-d46cc4bd32a8,To Do,db6bd791-39e2-4118-8866-a33234e45be1
b0b6e801-7cd5-4a47-b787-1b03ef18d622,In Progress,db6bd791-39e2-4118-8866-a33234e45be1
14e67ba0-bf62-4a12-bd91-3af8186a4b42,Waiting,db6bd791-39e2-4118-8866-a33234e45be1
c88d8d21-d34b-4b63-a5d4-ccf053d0acc3,Completed,db6bd791-39e2-4118-8866-a33234e45be1
91cd13fe-33db-4b8f-96e2-acf7ae4a7199,To Do,5a562c2c-8013-4cd8-818c-3fdb9b1422c1
d64a3449-e87f-4fd0-98c0-0f3a357b81a1,In Progress,5a562c2c-8013-4cd8-818c-3fdb9b1422c1
f8aada1e-2f3a-45db-9ddd-7af052909785,Waiting,5a562c2c-8013-4cd8-818c-3fdb9b1422c1
6c4e70d4-ce4d-4c1a-8571-002ffc9f3230,Completed,5a562c2c-8013-4cd8-818c-3fdb9b1422c1
27624e10-5ea3-4ab3-a3a4-c56925ddceab,Backlog,d4069455-0d59-4aa0-9e9f-05ec7aedd312
c17efe3c-0f82-4f63-8c73-48b3e0a6bb02,Sprint Backlog,d4069455-0d59-4aa0-9e9f-05ec7aedd312
db9ab5f2-9db2-4381-bfbc-8a4dd8b27966,In Progress,d4069455-0d59-4aa0-9e9f-05ec7aedd312
738b1cb1-dcc7-411d-87da-3496d75e2c74,Review,d4069455-0d59-4aa0-9e9f-05ec7aedd312
10110db6-fa0c-4af7-9803-10dd1e113770,Done,d4069455-0d59-4aa0-9e9f-05ec7aedd312
414d0777-4159-48c3-b259-57fa3ebb57f8,Backlog,21842afc-e56a-440e-9a3e-dd76b80a3ab0
b5e51df0-a084-4191-a7a5-f4490fc4eb46,Sprint Backlog,21842afc-e56a-440e-9a3e-dd76b80a3ab0
ff12d58a-8d5f-4c8e-994a-874afeb9859d,In Progress,21842afc-e56a-440e-9a3e-dd76b80a3ab0
9e39afda-2c59-4225-80bc-fcc66982714f,Review,21842afc-e56a-440e-9a3e-dd76b80a3ab0
bbb5d3ae-c68f-47ba-9582-55d59e31773f,Done,21842afc-e56a-440e-9a3e-dd76b80a3ab0
1e316697-9b8f-45e3-bb65-1649712e7703,Ideas,25822491-01bc-49b1-a667-7ba043033dca
f6d58fbc-7d99-4e4c-8494-b91fb48f75a8,Planning,25822491-01bc-49b1-a667-7ba043033dca
eed94a94-7e1a-4eb4-9df3-c701bf0cee07,Assets,25822491-01bc-49b1-a667-7ba043033dca
5235d6f0-d6ba-414c-bc85-78b09a63984e,Scheduled,25822491-01bc-49b1-a667-7ba043033dca
ae8818f0-0a40-4770-a015-ba1c5f9ed6b8,Launched,25822491-01bc-49b1-a667-7ba043033dca
ff79fb63-9be6-4d39-8d14-c648dcae8660,Backlog,83935b8b-2295-464e-a018-a6a88e404d5a
a8cf85e6-a219-41bf-94d2-b9a984e97eef,Sprint Backlog,83935b8b-2295-464e-a018-a6a88e404d5a
f93f4e4e-db0b-40a0-bf1d-39788ae38145,In Progress,83935b8b-2295-464e-a018-a6a88e404d5a
bce06dc1-c3c7-4bba-81a9-0accefbd11e2,Review,83935b8b-2295-464e-a018-a6a88e404d5a
82864303-37b5-4628-b56f-43ef1f9b500e,Done,83935b8b-2295-464e-a018-a6a88e404d5a
e174f0c6-98a1-4c50-9414-12dc6213fe73,Ideas,83707092-b754-468f-8f3b-2011fd484393
5afb7766-dac4-45cf-9ebf-36796bb9eaf9,Planning,83707092-b754-468f-8f3b-2011fd484393
81e6778b-65b0-4cc5-be50-6ff5c0844f6d,Assets,83707092-b754-468f-8f3b-2011fd484393
89ab5c04-481d-4ad8-ab92-a1b0055ece7b,Scheduled,83707092-b754-468f-8f3b-2011fd484393
308fee68-b731-4895-b310-71847298a538,Launched,83707092-b754-468f-8f3b-2011fd484393
702a0cef-69c6-4b5b-a424-f381fd04e094,Ideas,f5fd0ca3-fb13-4553-974b-1514e82a178e
12cb77af-7170-49f4-875f-ba3712713183,Planning,f5fd0ca3-fb13-4553-974b-1514e82a178e
d79cc298-e3fd-4b8f-bfe3-d85321e7b62c,Assets,f5fd0ca3-fb13-4553-974b-1514e82a178e
0ee0949d-4f9a-4d1c-991c-9f0908af3e20,Scheduled,f5fd0ca3-fb13-4553-974b-1514e82a178e
7b9122d1-c824-49b1-a3cc-59debdb092c8,Launched,f5fd0ca3-fb13-4553-974b-1514e82a178e
c930d256-8cd3-4d1f-a485-dec355bb572e,To Do,a5bf147b-b36b-43d5-a5a3-568e8103e75e
6deb5702-3e3f-4c5c-bb37-9b0376975663,In Progress,a5bf147b-b36b-43d5-a5a3-568e8103e75e
87fea326-61b6-4f86-a27a-e04c9b449eec,Waiting,a5bf147b-b36b-43d5-a5a3-568e8103e75e
7e0eab5d-d83f-4a22-bd7d-d8aaf6c787f8,Completed,a5bf147b-b36b-43d5-a5a3-568e8103e75e
00408ce3-77d7-4cf6-8c68-5c3646191632,To Do,e7433b3c-6c45-4ac3-a79d-d568e348b525
e5cd9268-156d-4722-a338-f9f9560c32cc,In Progress,e7433b3c-6c45-4ac3-a79d-d568e348b525
6947fbba-f2d5-4624-98c3-bd2b078eee5f,Waiting,e7433b3c-6c45-4ac3-a79d-d568e348b525
61000731-8bf4-4185-bf1e-dd54c0c55b98,Completed,e7433b3c-6c45-4ac3-a79d-d568e348b525
2c5c69fa-df8c-401e-b1d4-1c505287ca6f,Ideas,24a7ea01-84f2-42aa-b3cf-875d8f9f4666
c7fb1247-e0f9-4fd8-9bbb-cd64e648f3b3,Planning,24a7ea01-84f2-42aa-b3cf-875d8f9f4666
b300acd7-2a4b-474f-85ec-0fa0033ee232,Assets,24a7ea01-84f2-42aa-b3cf-875d8f9f4666
fe089f55-9638-447a-a42a-02adc1673f28,Scheduled,24a7ea01-84f2-42aa-b3cf-875d8f9f4666
a0721f3c-47fd-460d-82df-6bfc4fe9dbe6,Launched,24a7ea01-84f2-42aa-b3cf-875d8f9f4666
31f5fd17-147c-4c1a-8ec9-309644e993b6,To Do,78d1f591-3207-49ba-b069-1b5c518e580a
45816913-b0eb-4d39-910f-b9c5c12e7773,In Progress,78d1f591-3207-49ba-b069-1b5c518e580a
12623209-e24f-46bd-8e82-6b2ad4d51f22,Waiting,78d1f591-3207-49ba-b069-1b5c518e580a
56ac2f66-b1e9-4c5b-b89e-b97683c13edf,Completed,78d1f591-3207-49ba-b069-1b5c518e580a
551376de-539f-4d47-ae20-be4e85b78b46,To Do,324e9392-55d4-492e-b893-a1d6e231989e
90659181-d47d-4607-8c37-3fada5d5a309,In Progress,324e9392-55d4-492e-b893-a1d6e231989e
a7dfa6ce-22b3-4ad5-af55-9487db3e246b,Waiting,324e9392-55d4-492e-b893-a1d6e231989e
f5c0592d-615b-4bf7-81ac-8ddbd9deda91,Completed,324e9392-55d4-492e-b893-a1d6e231989e
55066a00-7250-4860-9fcf-8e52607c81f0,To Do,1d0f5be2-51da-4277-a58b-d50a9fc093e0
fcc6ec12-ca95-4dc8-b9ad-cc337ca78774,In Progress,1d0f5be2-51da-4277-a58b-d50a9fc093e0
fc03052e-d6c4-4d39-8cbc-87e5100bbfda,Waiting,1d0f5be2-51da-4277-a58b-d50a9fc093e0
6c6eff19-2e61-496a-a33b-52662684b376,Completed,1d0f5be2-51da-4277-a58b-d50a9fc093e0
b03d8208-e181-4896-a02b-ef9a7d96535c,To Do,efc5a92f-8b68-4a5c-8f87-b76de61a3c7e
36c0d560-efc9-42fe-ab60-9daffb2e9094,In Progress,efc5a92f-8b68-4a5c-8f87-b76de61a3c7e
1f9aac6b-89fe-4f23-bfc1-0d0ec50047bf,Waiting,efc5a92f-8b68-4a5c-8f87-b76de61a3c7e
78ada6d7-9687-42fb-9151-176946eaa989,Completed,efc5a92f-8b68-4a5c-8f87-b76de61a3c7e
48f77d09-6c15-41e0-a4cf-82579af4f47f,To Do,b894dc5b-8587-47b9-94e3-7275a3e35b1e
5e366ffe-84c4-42fe-b89a-1969da3ce28f,In Progress,b894dc5b-8587-47b9-94e3-7275a3e35b1e
a5b0a3d1-fb39-49b9-9d86-d915e7714fed,Waiting,b894dc5b-8587-47b9-94e3-7275a3e35b1e
03c068a5-df93-4465-8528-b96f18a1e524,Completed,b894dc5b-8587-47b9-94e3-7275a3e35b1e
7d8b9f1b-b51a-490d-bb15-4d5420f7ae6e,To Do,33f20d1e-6047-47ac-a674-3648d28e0501
8eab93bd-5779-4bd6-abe6-634517f3c36f,In Progress,33f20d1e-6047-47ac-a674-3648d28e0501
257545b3-15fe-4270-8776-fe705c4db979,Waiting,33f20d1e-6047-47ac-a674-3648d28e0501
4399d5d8-1d8f-4b64-8ec5-9f72224d278b,Completed,33f20d1e-6047-47ac-a674-3648d28e0501
318084e8-dc97-4fcc-b664-47f38d5d4a98,Backlog,7362cb8c-0f0e-420e-a1d2-c65523cd887e
a6cdd6bd-23a1-4d61-9d2a-78497ca9f6ba,Sprint Backlog,7362cb8c-0f0e-420e-a1d2-c65523cd887e
02934c33-6d7e-4d5a-8cfc-20107f1913e1,In Progress,7362cb8c-0f0e-420e-a1d2-c65523cd887e
986ff0c2-509c-4d5f-addc-c4c82972301c,Review,7362cb8c-0f0e-420e-a1d2-c65523cd887e
1e9363e8-b051-4673-bd2d-7d33941db97a,Done,7362cb8c-0f0e-420e-a1d2-c65523cd887e
c68ea853-2cdd-4562-af99-166a211404c7,Ideas,fa438af3-9e03-4e73-99f3-6d137d8450b6
0e05412c-ce32-4262-bcae-f31cde5a2d28,Planning,fa438af3-9e03-4e73-99f3-6d137d8450b6
f9c817b5-e52b-4044-b942-2191d55db4cc,Assets,fa438af3-9e03-4e73-99f3-6d137d8450b6
eb1e8dd0-c09b-45d9-98b7-314d41ae91e9,Scheduled,fa438af3-9e03-4e73-99f3-6d137d8450b6
0ee8fffb-892d-4964-9ff0-59259638ac4c,Launched,fa438af3-9e03-4e73-99f3-6d137d8450b6
eb9c3c8e-fff6-4dfd-b84b-3abf48c68562,Ideas,e579700a-3f94-4235-bcf9-33a03aa70b40
5acf3c1c-fd0d-405f-af5e-862e621ea062,Planning,e579700a-3f94-4235-bcf9-33a03aa70b40
f6b5a791-f4c6-4477-99e7-08c41955ef88,Assets,e579700a-3f94-4235-bcf9-33a03aa70b40
ec02eb2b-d726-4874-854a-736368a88ff7,Scheduled,e579700a-3f94-4235-bcf9-33a03aa70b40
fadef2f3-e852-47c0-8433-ec6fed575c41,Launched,e579700a-3f94-4235-bcf9-33a03aa70b40
6fc4b5fa-2680-4b8d-ba69-79602287e090,Backlog,ed6acac3-7c81-4cf1-b7a7-41c10b46f9a5
d32a7660-7593-43ab-991b-88406ffa4449,Sprint Backlog,ed6acac3-7c81-4cf1-b7a7-41c10b46f9a5
40d1d708-6923-430e-982b-92a2be842e68,In Progress,ed6acac3-7c81-4cf1-b7a7-41c10b46f9a5
06763ace-7c65-4140-83e3-eac97b53289d,Review,ed6acac3-7c81-4cf1-b7a7-41c10b46f9a5
b7cca4c9-bd26-4a28-82fc-39e9603bab04,Done,ed6acac3-7c81-4cf1-b7a7-41c10b46f9a5
3967bb94-d41e-48a0-9cb2-cd18f6cb6ad7,To Do,b2211d29-b5ee-426f-a68c-0271676c1cb7
42f12b49-0725-415a-aa3d-2e84fbad2b7b,In Progress,b2211d29-b5ee-426f-a68c-0271676c1cb7
eeafd06d-81ca-4e68-8a2d-51e43d4bc079,Waiting,b2211d29-b5ee-426f-a68c-0271676c1cb7
1533d990-668a-4461-843e-939075707eaf,Completed,b2211d29-b5ee-426f-a68c-0271676c1cb7
b5adbcd0-21c5-4235-ade6-d210143833df,Ideas,10c7eda4-0a63-4415-a711-05eb85810610
b56c1990-ffb1-4cfa-b4b8-f256cacb217a,Planning,10c7eda4-0a63-4415-a711-05eb85810610
5dfd75f3-a832-488c-bdd7-37e9fff69a74,Assets,10c7eda4-0a63-4415-a711-05eb85810610
a2814175-03f7-4fec-8a90-dc6778cb42e4,Scheduled,10c7eda4-0a63-4415-a711-05eb85810610
f9867c5d-5f81-4943-b987-c39b33a26940,Launched,10c7eda4-0a63-4415-a711-05eb85810610
03e8a4b9-4713-4804-996a-00f05c08fbfb,Ideas,f56ec4d1-1357-4a64-9e42-ef09bbb5a8a9
2a781a22-dcb1-41f0-90c3-5e350afd39e5,Planning,f56ec4d1-1357-4a64-9e42-ef09bbb5a8a9
eb03dfe7-b1c1-4696-8242-8d9d00a63bbd,Assets,f56ec4d1-1357-4a64-9e42-ef09bbb5a8a9
fad8a7a3-908e-46bc-b993-1c72b1f24bfb,Scheduled,f56ec4d1-1357-4a64-9e42-ef09bbb5a8a9
d33ff256-0900-4309-b7db-f01f7b822ea4,Launched,f56ec4d1-1357-4a64-9e42-ef09bbb5a8a9
44ebff62-2a3f-4f42-96d0-3d5c09314d1a,Backlog,2a7fd962-c6eb-4e8b-ab7e-122197f6833b
c5ab6ecf-31a2-4980-8539-60ad3a043a04,Sprint Backlog,2a7fd962-c6eb-4e8b-ab7e-122197f6833b
159a866b-0649-4eb1-9b81-89ff395887b6,In Progress,2a7fd962-c6eb-4e8b-ab7e-122197f6833b
63828011-39e4-493d-8889-1be72dbd7ef9,Review,2a7fd962-c6eb-4e8b-ab7e-122197f6833b
a01409c0-1985-4325-b6a9-24b6e06ca8e3,Done,2a7fd962-c6eb-4e8b-ab7e-122197f6833b
5653b284-ac16-46ec-a664-e9eaefdd6106,Backlog,60390bba-fc55-4b11-8015-7d08770a497f
2342c96f-1939-4bf9-a6e7-d86efda07f70,Sprint Backlog,60390bba-fc55-4b11-8015-7d08770a497f
aac82e72-2b9e-422d-aea1-cb99a0de205c,In Progress,60390bba-fc55-4b11-8015-7d08770a497f
2a72824b-85c3-428c-8fe1-1c4e2f0fee61,Review,60390bba-fc55-4b11-8015-7d08770a497f
a6e2bbc0-b886-4d7b-a822-90747bb48fa2,Done,60390bba-fc55-4b11-8015-7d08770a497f
fadea64d-d168-4447-a3dc-c5470deab7e1,To Do,16cb93d5-31e7-46be-a184-0ad74c0788c0
76f6fc45-4e9e-4a49-a556-13e3a1227ac7,In Progress,16cb93d5-31e7-46be-a184-0ad74c0788c0
50f65f8c-1cdd-4c8f-a4de-c2f6e8c127d1,Waiting,16cb93d5-31e7-46be-a184-0ad74c0788c0
d53114dd-4596-4694-8723-5f0cfba53038,Completed,16cb93d5-31e7-46be-a184-0ad74c0788c0
454137f9-5294-42ae-9592-ecf8266d1f2e,Ideas,cf9198d3-b35a-4de6-8a54-7deb51b48b71
9f72ab06-93e6-497d-94ff-812b213e50df,Planning,cf9198d3-b35a-4de6-8a54-7deb51b48b71
67b9401a-27e0-4611-a807-28665fc9714a,Assets,cf9198d3-b35a-4de6-8a54-7deb51b48b71
b6883021-ef73-4585-a636-e6428bdfd7dc,Scheduled,cf9198d3-b35a-4de6-8a54-7deb51b48b71
61918b01-6591-43de-a74a-b0d33e10d0b1,Launched,cf9198d3-b35a-4de6-8a54-7deb51b48b71
39b588b9-9681-4c93-9a9e-f96afc552657,To Do,5a81f948-45d7-436f-884a-71c4eab44d28
e0cb9848-6ab9-4fe3-b490-5dcfb476711e,In Progress,5a81f948-45d7-436f-884a-71c4eab44d28
acc45417-fd62-40b9-9c62-1599e4fd5237,Waiting,5a81f948-45d7-436f-884a-71c4eab44d28
a5d600e7-cae1-4a88-9c23-05d52e0e0265,Completed,5a81f948-45d7-436f-884a-71c4eab44d28
1f1879ed-22c1-4811-a463-fbb75ad89398,Ideas,d32c00b8-bdbb-490c-bb9e-b4e3dae86a5a
24d41236-cafd-4fb2-87f0-9ca8e226beb3,Planning,d32c00b8-bdbb-490c-bb9e-b4e3dae86a5a
6f62eb6d-8765-41f7-8d8f-cc7dc1348b1f,Assets,d32c00b8-bdbb-490c-bb9e-b4e3dae86a5a
378f4569-c0a6-4ec4-9b03-dfd41f39ea7c,Scheduled,d32c00b8-bdbb-490c-bb9e-b4e3dae86a5a
0a655cf3-73f5-4d88-8b3f-0101235ad148,Launched,d32c00b8-bdbb-490c-bb9e-b4e3dae86a5a
27e41ce3-34cf-46b8-8308-09c97ca88d56,To Do,60b6fbf9-60d5-43a8-a52a-c4d304fbc674
43ee710c-ce34-4aaf-8e0d-9dc3414c1b31,In Progress,60b6fbf9-60d5-43a8-a52a-c4d304fbc674
a3bec624-34e9-4724-b10e-001a059b9b5a,Waiting,60b6fbf9-60d5-43a8-a52a-c4d304fbc674
87e34b82-a192-412e-864a-c452fa6ae1f8,Completed,60b6fbf9-60d5-43a8-a52a-c4d304fbc674
89ea6d82-da1d-4dca-84dd-e0d1ff7f2c5d,Backlog,9e795d28-e830-406b-9f4a-d85566507ce5
be5479c1-04d5-45ee-838f-8f05ae760b2d,Sprint Backlog,9e795d28-e830-406b-9f4a-d85566507ce5
e820469e-4009-40f0-86a3-e9139b8c8df5,In Progress,9e795d28-e830-406b-9f4a-d85566507ce5
72089c31-93be-43f2-bdbb-a3519e7dd657,Review,9e795d28-e830-406b-9f4a-d85566507ce5
6a8c2dbb-2fe4-496a-b8d9-5dab045a21a6,Done,9e795d28-e830-406b-9f4a-d85566507ce5
99464c39-bf73-4514-98a5-610c7a1df151,Backlog,c738160f-ab2b-4de0-9e69-34d1dc676629
cf0b0373-58f3-4def-9f80-39665cfb5b45,Sprint Backlog,c738160f-ab2b-4de0-9e69-34d1dc676629
0549cb81-915e-4a9b-8872-74f51fb3ea0b,In Progress,c738160f-ab2b-4de0-9e69-34d1dc676629
c5204ee5-72d1-4569-99ec-12766185dd5d,Review,c738160f-ab2b-4de0-9e69-34d1dc676629
f898b446-b381-4a73-ae25-49505442f69b,Done,c738160f-ab2b-4de0-9e69-34d1dc676629
