id,full_name,email,role,team_id,joined_at
cabcd787-74a4-4d74-83e3-e561d40fc77d,Aarav Patel,aarav.patel@acmesystems.com,Senior Backend Engineer,e8820255-60bf-490b-80d2-65240a9a7286,2024-07-15T10:00:00
e1497f4f-d66c-4a2a-80f6-cbfcdfee7c99,Sofia Martinez,sofia.martinez@acmesystems.com,Backend Engineer,e8820255-60bf-490b-80d2-65240a9a7286,2024-08-01T09:00:00
97e1d9f3-0224-4258-8905-5c58a7c8f042,Chen Wei,chen.wei@acmesystems.com,Staff Engineer,e8820255-60bf-490b-80d2-65240a9a7286,2024-06-10T08:30:00
1246f764-9c07-4e3f-8175-4c36d6a26714,Priya Sharma,priya.sharma@acmesystems.com,Backend Engineer,e8820255-60bf-490b-80d2-65240a9a7286,2024-09-05T10:15:00
cac3b087-6987-4016-bc1d-53de0d26fc5c,Marcus Johnson,marcus.johnson@acmesystems.com,Principal Engineer,e8820255-60bf-490b-80d2-65240a9a7286,2024-05-20T09:00:00
d3d7cddf-1a72-4ef0-9a34-81acf7fe5e6c,Emma Thompson,emma.thompson@acmesystems.com,Senior Frontend Engineer,80cdd123-7cb1-4275-b158-fcd52d5e8aa2,2024-07-01T09:00:00
f0d148f5-e098-4eaa-870b-d589fba6615c,Raj Kumar,raj.kumar@acmesystems.com,Frontend Engineer,80cdd123-7cb1-4275-b158-fcd52d5e8aa2,2024-08-15T10:00:00
adc625fd-f6a6-44d7-bf7b-92d71d45b55f,Isabella Garcia,isabella.garcia@acmesystems.com,UI/UX Engineer,80cdd123-7cb1-4275-b158-fcd52d5e8aa2,2024-06-25T09:30:00
2dd2909c-bf44-48a6-9d5d-2a3134e432aa,Oliver Brown,oliver.brown@acmesystems.com,Frontend Engineer,80cdd123-7cb1-4275-b158-fcd52d5e8aa2,2024-09-10T08:45:00
133866d6-219d-4a0b-9b06-790911a11dae,Aisha Khan,aisha.khan@acmesystems.com,Lead Frontend Engineer,80cdd123-7cb1-4275-b158-fcd52d5e8aa2,2024-05-15T09:00:00
90e54eb1-57c5-4f6a-87d4-ca9c2c773103,Lucas Silva,lucas.silva@acmesystems.com,DevOps Engineer,b65de153-ae71-4a44-b822-7f207a017835,2024-07-20T10:00:00
e98e959b-a790-47c3-aa70-cec133949d8c,Yuki Tanaka,yuki.tanaka@acmesystems.com,Senior DevOps Engineer,b65de153-ae71-4a44-b822-7f207a017835,2024-06-15T09:00:00
8353699c-f48a-4c93-9e46-ad5527c2f01e,Sarah Connor,sarah.connor@acmesystems.com,Site Reliability Engineer,b65de153-ae71-4a44-b822-7f207a017835,2024-08-05T10:30:00
1bb33957-55ee-4478-9f12-f81689c7c967,Ahmed Hassan,ahmed.hassan@acmesystems.com,DevOps Engineer,b65de153-ae71-4a44-b822-7f207a017835,2024-09-01T09:15:00
01939827-99cc-4305-b05e-3650bcad908d,Nina Petrov,nina.petrov@acmesystems.com,Infrastructure Lead,b65de153-ae71-4a44-b822-7f207a017835,2024-05-10T08:30:00
0d369ac8-20f3-4893-96e6-a473857f8161,Daniel Kim,daniel.kim@techflow.com,Senior Product Manager,fcd2cdf7-89df-4aa0-a764-22fdc1c0909a,2024-06-01T09:00:00
0f14e79a-3ddb-4cc5-9623-31494526cc2b,Maria Rodriguez,maria.rodriguez@techflow.com,Product Manager,fcd2cdf7-89df-4aa0-a764-22fdc1c0909a,2024-07-10T10:00:00
d04c2497-1082-4fa7-8afb-3bf703154a31,James Wilson,james.wilson@techflow.com,Associate Product Manager,fcd2cdf7-89df-4aa0-a764-22fdc1c0909a,2024-08-20T09:30:00
d4f781fa-35c9-4281-a858-cef5bc0590e2,Fatima Ali,fatima.ali@techflow.com,Product Owner,fcd2cdf7-89df-4aa0-a764-22fdc1c0909a,2024-06-15T10:00:00
9396b757-25f8-49ad-9b48-0ef1592ea3ec,Thomas Anderson,thomas.anderson@techflow.com,VP Product,fcd2cdf7-89df-4aa0-a764-22fdc1c0909a,2024-04-01T08:00:00
8f9d1886-b18d-44c1-8e82-1120481f09d6,Dr. Alex Chen,alex.chen@techflow.com,Lead Data Scientist,d12da388-6025-422a-a216-4dec64b896ff,2024-05-15T09:00:00
727b79f1-6c2e-40e8-b7b5-2ca19330c217,Samantha Lee,samantha.lee@techflow.com,Data Scientist,d12da388-6025-422a-a216-4dec64b896ff,2024-07-01T10:00:00
10da8431-c41a-4dbd-890d-b0404efa0a9d,Vikram Singh,vikram.singh@techflow.com,ML Engineer,d12da388-6025-422a-a216-4dec64b896ff,2024-08-10T09:30:00
73e1c793-a0e5-4097-91b2-a2fd297cf476,Elena Popov,elena.popov@techflow.com,Data Analyst,d12da388-6025-422a-a216-4dec64b896ff,2024-06-20T10:15:00
42b1b358-5073-48e9-8e59-c30a8515b143,Mohammed Al-Rashid,mohammed.alrashid@techflow.com,Senior Data Scientist,d12da388-6025-422a-a216-4dec64b896ff,2024-05-01T09:00:00
5bb27f9f-8705-493b-a7b7-3e262121a60e,Katie O'Brien,katie.obrien@techflow.com,iOS Engineer,e6f7502a-5693-435f-87fa-0f633d0dc69d,2024-06-10T09:00:00
2ccc767e-78fb-4bc0-9b06-b400cf764fee,Andre Santos,andre.santos@techflow.com,Android Engineer,e6f7502a-5693-435f-87fa-0f633d0dc69d,2024-07-15T10:00:00
0a62b11a-5075-42d6-ac29-28149ebf507f,Zara Ahmed,zara.ahmed@techflow.com,Senior Mobile Engineer,e6f7502a-5693-435f-87fa-0f633d0dc69d,2024-05-25T09:30:00
7eb0494d-ff29-4e8b-890f-93881699bf24,Ryan Mitchell,ryan.mitchell@techflow.com,Mobile Architect,e6f7502a-5693-435f-87fa-0f633d0dc69d,2024-04-15T08:30:00
8d768217-c61b-4358-a9e0-8fa09b6ba069,Lily Zhang,lily.zhang@techflow.com,Mobile Engineer,e6f7502a-5693-435f-87fa-0f633d0dc69d,2024-08-01T10:00:00
ea92ac7e-6d83-47ef-88e0-90fbde02c93c,Max Weber,max.weber@datastream.io,Staff Platform Engineer,27017acb-6187-4878-8979-a8744b92f2be,2024-05-05T09:00:00
98863ec5-1248-464c-bf79-cd00605a0e5f,Ananya Gupta,ananya.gupta@datastream.io,Platform Engineer,27017acb-6187-4878-8979-a8744b92f2be,2024-07-20T10:00:00
b149c07c-de2f-4776-85e5-12676c41c5bd,Carlos Mendez,carlos.mendez@datastream.io,Senior Platform Engineer,27017acb-6187-4878-8979-a8744b92f2be,2024-06-01T09:30:00
9fc133d8-133f-45b2-86bc-8bbbd6331bec,Nora Jensen,nora.jensen@datastream.io,Platform Architect,27017acb-6187-4878-8979-a8744b92f2be,2024-04-10T08:00:00
033fd5a0-86d1-4ee0-957f-5e4442c258c5,Hiroshi Yamamoto,hiroshi.yamamoto@datastream.io,Platform Engineer,27017acb-6187-4878-8979-a8744b92f2be,2024-08-15T10:15:00
19c4e724-8b89-48d4-94e3-ed385964edeb,Diana Prince,diana.prince@datastream.io,Security Engineer,6625de60-4fc4-4255-b9f2-cc285b025bb7,2024-06-05T09:00:00
d4b58306-9278-49d6-b105-2ed4265fe5c2,Kevin Hart,kevin.hart@datastream.io,Senior Security Engineer,6625de60-4fc4-4255-b9f2-cc285b025bb7,2024-05-20T10:00:00
a9715902-1647-4f5f-8fd7-6c1c97fea58e,Natasha Romanoff,natasha.romanoff@datastream.io,Security Architect,6625de60-4fc4-4255-b9f2-cc285b025bb7,2024-04-15T08:30:00
e03200e3-c1a0-4d4e-aa94-4a423450cb10,Bruce Wayne,bruce.wayne@datastream.io,Security Engineer,6625de60-4fc4-4255-b9f2-cc285b025bb7,2024-07-10T09:30:00
80361947-f1e0-4ec5-b4ad-a68720e79f98,Selina Kyle,selina.kyle@datastream.io,AppSec Engineer,6625de60-4fc4-4255-b9f2-cc285b025bb7,2024-08-05T10:00:00
e2ae1c89-8298-4783-b8b3-6ddf6e78caa6,Tina Fey,tina.fey@datastream.io,QA Engineer,e36855cf-a8d3-47ff-9e45-e8b975d44cf2,2024-06-15T09:00:00
06d791c4-9820-481c-bef8-76b34648201b,Oscar Martinez,oscar.martinez@datastream.io,Senior QA Engineer,e36855cf-a8d3-47ff-9e45-e8b975d44cf2,2024-05-10T10:00:00
8217fa76-d772-490b-9204-b620c8f0d1c5,Pam Beesly,pam.beesly@datastream.io,QA Lead,e36855cf-a8d3-47ff-9e45-e8b975d44cf2,2024-04-20T08:30:00
ac6a9934-79d3-41d9-aa7b-d0c153ac60ce,Jim Halpert,jim.halpert@datastream.io,Test Automation Engineer,e36855cf-a8d3-47ff-9e45-e8b975d44cf2,2024-07-25T09:30:00
bb705b6d-5f90-4e52-8337-b4f1c544aa7a,Dwight Schrute,dwight.schrute@datastream.io,QA Engineer,e36855cf-a8d3-47ff-9e45-e8b975d44cf2,2024-08-20T10:15:00
dc0c8201-c3c5-4863-896b-8550b5ab12e6,Tony Stark,tony.stark@cloudnexus.com,Infrastructure Engineer,f8a3453a-dcd0-4ef5-aa39-068650aae703,2024-05-15T09:00:00
9c36dbe6-b919-444d-a422-0dbdf68fc599,Pepper Potts,pepper.potts@cloudnexus.com,Senior Infrastructure Engineer,f8a3453a-dcd0-4ef5-aa39-068650aae703,2024-06-10T10:00:00
65cb8643-8fc7-4e88-9666-e9c9ff874a1f,Steve Rogers,steve.rogers@cloudnexus.com,Cloud Architect,f8a3453a-dcd0-4ef5-aa39-068650aae703,2024-04-05T08:30:00
ab73b6ac-aed6-475e-b653-3d8292aa2ef8,Natalie Porter,natalie.porter@cloudnexus.com,Infrastructure Engineer,f8a3453a-dcd0-4ef5-aa39-068650aae703,2024-07-30T09:30:00
0c6d0ad4-4fac-4a2a-ab38-56091468a39f,Thor Odinson,thor.odinson@cloudnexus.com,Infrastructure Lead,f8a3453a-dcd0-4ef5-aa39-068650aae703,2024-05-01T09:00:00
5e0dea69-a4af-4ed3-b0a6-523e41bb8eed,Dr. Stephen Strange,stephen.strange@cloudnexus.com,ML Research Scientist,9bd2429d-97a1-448c-9708-26c06d13cd01,2024-04-15T08:30:00
a79e2c2d-0c72-4002-ade6-b64e25e23b0d,Wanda Maximoff,wanda.maximoff@cloudnexus.com,ML Engineer,9bd2429d-97a1-448c-9708-26c06d13cd01,2024-06-20T09:00:00
96185a79-a148-49c1-aded-c6943660cd58,Vision AI,vision.ai@cloudnexus.com,Senior ML Engineer,9bd2429d-97a1-448c-9708-26c06d13cd01,2024-05-25T10:00:00
6af95ff2-3b0a-444c-a416-6b765635b61b,Peter Parker,peter.parker@cloudnexus.com,ML Engineer,9bd2429d-97a1-448c-9708-26c06d13cd01,2024-07-15T09:30:00
b2f82396-7595-4e66-a4bd-0f2b5f5ff076,Dr. Bruce Banner,bruce.banner@cloudnexus.com,ML Architect,9bd2429d-97a1-448c-9708-26c06d13cd01,2024-04-01T08:00:00
2a8dccb7-8450-47c6-8218-0f4235872798,Carol Danvers,carol.danvers@cloudnexus.com,Customer Success Manager,f9080448-9b10-4271-827a-1d19f0859c30,2024-05-10T09:00:00
218cc156-bbfb-46f8-b7a6-c6e4c124b3ee,Sam Wilson,sam.wilson@cloudnexus.com,Customer Success Engineer,f9080448-9b10-4271-827a-1d19f0859c30,2024-06-25T10:00:00
d4e8d404-f20f-4e80-beff-4d818926945f,Bucky Barnes,bucky.barnes@cloudnexus.com,Technical Account Manager,f9080448-9b10-4271-827a-1d19f0859c30,2024-07-05T09:30:00
c70b02ef-4ff8-4952-a5ef-8ffe46a2fc5c,Scott Lang,scott.lang@cloudnexus.com,Support Engineer,f9080448-9b10-4271-827a-1d19f0859c30,2024-08-10T10:15:00
4e5f9565-32a1-41a4-8a27-a7c3fb9710de,Hope Van Dyne,hope.vandyne@cloudnexus.com,VP Customer Success,f9080448-9b10-4271-827a-1d19f0859c30,2024-04-10T08:30:00
e2cb9599-142a-452b-9298-fbc835299c35,Carolyn Rodriguez,carolyn.rodriguez@acme.com,Marketer,team-19,2022-03-12 17:33:27.645651
30498429-6ae8-4e44-b614-b792e81ab508,Thomas Cooper,thomas.cooper@acme.com,Engineer,team-19,2024-07-25 17:33:27.645651
89575840-bc95-4076-94df-a437ccf0afc0,David Bell,david.bell@acme.com,Designer,team-11,2019-04-18 17:33:27.645651
843278bb-f879-4217-8e87-5eaa183ea602,Cory Owen,cory.owen@acme.com,Ops,team-3,2024-05-12 17:33:27.645651
a4554e6e-ce89-410f-bd1c-dfbec2c42b7c,Douglas Anderson,douglas.anderson@acme.com,Designer,team-7,2023-12-13 17:33:27.645651
2e0c471a-a680-4162-9779-f0bb139896bc,Natasha Sharp,natasha.sharp@acme.com,Product Manager,team-17,2017-11-21 17:33:27.647661
779a217b-d757-4281-b7b7-aa206d214915,Leah Bell,leah.bell@acme.com,Product Manager,team-10,2025-11-03 17:33:27.647661
3dc4184c-d7a0-4477-8cdf-412adda1c1a6,Jessica Holland,jessica.holland@acme.com,Product Manager,team-7,2019-03-13 17:33:27.647661
d15a0a38-aaf6-4e3f-8689-184525cdbc6e,Ryan Morris,ryan.morris@acme.com,Ops,team-10,2024-09-14 17:33:27.647661
ef3a844c-a06f-4aff-877d-2c8b259b173d,Julie Wallace,julie.wallace@acme.com,Engineer,team-17,2018-02-21 17:33:27.647661
85babf4d-cff8-418e-9b59-40e01d2f914e,Michael Rodriguez,michael.rodriguez@acme.com,Product Manager,team-15,2018-09-04 17:33:27.647661
d11490b8-eab0-4447-87b3-f530a4d614b5,Jeffrey Dixon,jeffrey.dixon@acme.com,Engineer,team-16,2023-10-02 17:33:27.647661
12d2b6cf-9faa-42e9-bfb9-f2ba7fd6e254,Mark Hart,mark.hart@acme.com,Ops,team-19,2015-11-02 17:33:27.647661
657e4e96-ae95-4bdd-b0dd-9a4a352a3a8d,Christopher Finley,christopher.finley@acme.com,Marketer,team-8,2022-10-25 17:33:27.647661
2e699f80-26d2-4c2b-a47d-0d2f35872939,Sherry Griffin,sherry.griffin@acme.com,Engineer,team-14,2018-03-21 17:33:27.647661
64170e0c-824b-4a32-be63-fdafc45846b7,Diana Vargas,diana.vargas@acme.com,Engineer,team-9,2020-01-19 17:33:27.647661
0083d5c9-d143-4581-8cdc-b90a7aae7485,Jamie Anderson,jamie.anderson@acme.com,Marketer,team-16,2022-09-19 17:33:27.647661
40e17c82-ae0f-42b2-9279-52b936c606a7,Karen Chavez,karen.chavez@acme.com,Designer,team-13,2024-04-17 17:33:27.647661
c4319acf-77eb-4a54-8d1c-333775fa1c5b,Trevor Petty,trevor.petty@acme.com,Ops,team-10,2016-09-12 17:33:27.647661
6776e304-8539-4d6a-844a-764f14aa4c66,Tina Carter,tina.carter@acme.com,Designer,team-9,2018-12-20 17:33:27.647661
4fa39955-d1d4-4e4e-8bea-6f1eb47f9ede,Mark Brown MD,mark.brown.md@acme.com,Ops,team-7,2023-06-26 17:33:27.647661
3ee27d24-0482-4bde-85ba-9b0afb92df10,Elizabeth Erickson,elizabeth.erickson@acme.com,Ops,team-5,2024-03-23 17:33:27.647661
eeaedb43-6a23-47ca-8ad7-a43ae71ce7b7,Elizabeth Thomas,elizabeth.thomas@acme.com,Ops,team-4,2022-03-16 17:33:27.649669
1c533d06-c056-414e-8066-0b9f1bdc7d50,Jeremy Johnson,jeremy.johnson@acme.com,Designer,team-18,2020-03-06 17:33:27.649669
4446d680-e2dd-40a8-adb6-dddc56e36af4,Charles Clark,charles.clark@acme.com,Designer,team-14,2024-05-28 17:33:27.649669
f838d915-dfdf-4df1-91af-c84120f15b90,Jennifer Allen,jennifer.allen@acme.com,Designer,team-7,2016-08-05 17:33:27.649669
9c469143-ba7c-48c6-bfe9-8f4b77b2310c,Kristen Powell,kristen.powell@acme.com,Engineer,team-12,2022-09-29 17:33:27.649669
572d9ecb-3d05-459e-a2d3-9634ca78fa0e,Jason Dixon,jason.dixon@acme.com,Designer,team-16,2022-10-08 17:33:27.649669
7391804e-737e-4afe-923b-fd7f618fc692,Mary Hughes,mary.hughes@acme.com,Ops,team-9,2018-09-12 17:33:27.649669
cb5bec5a-25e8-4189-b345-ee560a3be1aa,Ashley Tanner,ashley.tanner@acme.com,Marketer,team-17,2019-10-05 17:33:27.649669
5de6823f-17d1-492b-81e2-40b4497f8bb0,Arthur King,arthur.king@acme.com,Engineer,team-3,2017-10-31 17:33:27.649669
3c368d29-c346-4e3e-b36a-653acc9eb906,Casey Medina DDS,casey.medina.dds@acme.com,Engineer,team-9,2025-04-14 17:33:27.649669
fc670356-90ca-4625-b0e5-5cf1149d8581,Richard Hines,richard.hines@acme.com,Designer,team-2,2016-03-20 17:33:27.649669
46d80ebe-7f74-4016-b166-5074d2162170,Aaron Grant,aaron.grant@acme.com,Marketer,team-5,2020-08-23 17:33:27.649669
ba85c64f-4955-427a-9f8a-f77eb2e1ed24,Haley Hughes,haley.hughes@acme.com,Engineer,team-10,2022-12-04 17:33:27.649669
bd50fba0-2530-41ee-8b5c-52a909daa7d1,Donna Ingram,donna.ingram@acme.com,Designer,team-5,2021-08-12 17:33:27.649669
18965191-75de-4ff4-9d85-3233a37e6746,Michelle Robinson,michelle.robinson@acme.com,Engineer,team-16,2023-06-17 17:33:27.649669
90d66c07-c085-4eb1-bb19-c40b73adcc5a,Austin Harrison,austin.harrison@acme.com,Ops,team-16,2020-06-24 17:33:27.649669
762a0246-9cd0-418f-a357-b0944eefede2,Kaitlyn Barton,kaitlyn.barton@acme.com,Designer,team-13,2025-03-27 17:33:27.649669
902c19e3-0332-4675-843b-2279ce3769ce,Jerry Williams,jerry.williams@acme.com,Marketer,team-12,2019-12-06 17:33:27.649669
227352f8-00e9-4fa1-9a5e-b7f89385a927,Breanna George,breanna.george@acme.com,Engineer,team-15,2025-12-26 17:33:27.651675
5ca389cb-efe5-483a-a893-ef7caa76172f,Beth Gibson,beth.gibson@acme.com,Engineer,team-2,2023-03-12 17:33:27.651675
f60d3534-af35-41f5-8b4c-c9f712eb00e7,Andrew Gonzalez,andrew.gonzalez@acme.com,Designer,team-18,2017-09-16 17:33:27.651675
5b40a3ba-a2c0-4e9d-a473-dc375e769fd9,Bobby Walker,bobby.walker@acme.com,Marketer,team-10,2024-12-02 17:33:27.651675
07975b34-bdbe-41e6-a6e7-a740a740d5f8,Jeffrey Cooper,jeffrey.cooper@acme.com,Marketer,team-19,2017-09-30 17:33:27.651675
86eff9e1-e65b-4733-b019-f2a40f833a6a,Jason Mcgee,jason.mcgee@acme.com,Engineer,team-10,2016-04-10 17:33:27.651675
395dc624-5f3a-4119-b83a-9b4c2e52f360,Samuel Jackson,samuel.jackson@acme.com,Ops,team-10,2023-11-28 17:33:27.651675
e2c2daba-cecc-4fb4-93c4-6eeae840f4a0,Jennifer David,jennifer.david@acme.com,Marketer,team-0,2020-09-08 17:33:27.651675
baeaaf7b-33f9-4972-b64f-e3d8150178f0,Stacy Mcbride,stacy.mcbride@acme.com,Ops,team-8,2022-07-01 17:33:27.651675
c9d9e5c1-7e6b-42b4-9130-6ed5eae90ecf,Ashley Rios,ashley.rios@acme.com,Engineer,team-2,2025-08-30 17:33:27.651675
4662d992-595b-4123-8474-c9842a7d004c,John Lyons,john.lyons@acme.com,Designer,team-5,2018-01-05 17:33:27.651675
de60441d-e829-45d1-a7f8-592b07aa2860,Michael Owens,michael.owens@acme.com,Ops,team-6,2017-11-10 17:33:27.651675
ab727051-7f64-4bf4-9ed9-bfe2439ddf8c,Bridget Salas,bridget.salas@acme.com,Ops,team-2,2023-03-02 17:33:27.651675
89b9348f-c260-4c9d-b4e9-03188cea1961,Angela Clark,angela.clark@acme.com,Designer,team-6,2020-05-16 17:33:27.651675
b080fa13-5f9d-4d04-b672-3b849faf1ce4,Denise King,denise.king@acme.com,Product Manager,team-9,2022-01-24 17:33:27.651675
3bdd87ef-55e9-4375-8ef1-2ac5812cc4b6,Mr. Paul Smith MD,mr..paul.smith.md@acme.com,Marketer,team-13,2021-06-08 17:33:27.651675
2f838cd5-961f-4639-8bc2-b005354e3bcd,Betty Stuart,betty.stuart@acme.com,Marketer,team-7,2016-11-03 17:33:27.651675
a8fe8286-f049-44ab-90c7-02d72ece7b9f,Jeff Boyer,jeff.boyer@acme.com,Marketer,team-8,2025-06-01 17:33:27.651675
9a19c88c-2dec-4672-aa83-472de945998f,Bradley Donaldson,bradley.donaldson@acme.com,Product Manager,team-2,2022-06-09 17:33:27.651675
3ff5d0ce-5343-4b6c-8761-4aaef1766329,David Glover,david.glover@acme.com,Designer,team-2,2019-08-31 17:33:27.651675
a50f69b2-edd3-4621-bf9c-884baf2faa0a,Joseph Bowman,joseph.bowman@acme.com,Product Manager,team-19,2024-12-13 17:33:27.651675
92246bc3-46b4-4013-995d-d845b32862c2,Cheryl Hayes,cheryl.hayes@acme.com,Product Manager,team-19,2024-11-29 17:33:27.651675
ff73ca96-954c-4818-86fc-ca501cc836d5,Michael Gilbert,michael.gilbert@acme.com,Product Manager,team-16,2018-04-10 17:33:27.651675
ce0d8855-2d63-46b5-8f7b-bcdae138827b,Mr. David Morton,mr..david.morton@acme.com,Ops,team-1,2025-06-10 17:33:27.651675
da7faf0f-bfde-400c-837c-451fe76c2454,Mrs. Natalie Maldonado,mrs..natalie.maldonado@acme.com,Marketer,team-12,2025-10-15 17:33:27.651675
8ff08acb-277c-4ac9-b7f4-a3414ba741c1,Erika Schaefer,erika.schaefer@acme.com,Designer,team-13,2017-12-08 17:33:27.651675
94287b75-e884-4ce9-9562-8a364fd8caea,Jose Smith,jose.smith@acme.com,Designer,team-14,2018-03-24 17:33:27.651675
27b646e1-12f2-4d32-ad5e-59658bd2bc5a,Mr. Robert Mendez,mr..robert.mendez@acme.com,Designer,team-8,2021-07-08 17:33:27.651675
68cebca0-0b5d-4d2f-b513-ce7808c7abe8,Elizabeth Reyes,elizabeth.reyes@acme.com,Designer,team-16,2022-09-13 17:33:27.651675
82000fa4-d712-46d4-b526-47cff4bfa07d,Jessica Hays,jessica.hays@acme.com,Engineer,team-19,2018-02-04 17:33:27.651675
91ca5311-04bc-48c5-9e87-a4d577641224,Brittney Fernandez,brittney.fernandez@acme.com,Marketer,team-5,2021-05-24 17:33:27.651675
edee8f52-c013-4b3b-b81e-df7bbf4fc117,Roy Obrien,roy.obrien@acme.com,Ops,team-0,2024-02-17 17:33:27.651675
9aa9fade-248a-4feb-92a7-63e47169e09e,Matthew Saunders,matthew.saunders@acme.com,Designer,team-12,2024-02-29 17:33:27.651675
a99b9b62-d122-4c4a-bc74-6e59dc624194,Madison Pham,madison.pham@acme.com,Designer,team-4,2022-12-16 17:33:27.651675
13d2f63b-0e95-4daf-aba9-c7d5dbb4d228,Katelyn Fry,katelyn.fry@acme.com,Ops,team-4,2022-03-09 17:33:27.651675
e9432fce-73b7-405b-8b7d-f5a1f3487610,Jacob Webb,jacob.webb@acme.com,Engineer,team-0,2017-10-19 17:33:27.651675
b030b0a6-4de1-48fb-9a80-e8f07e4d3961,Janet Jones,janet.jones@acme.com,Engineer,team-14,2019-05-03 17:33:27.651675
a547fb6f-4033-43a9-94ec-c5babbcdb47c,Suzanne Yu,suzanne.yu@acme.com,Product Manager,team-1,2018-08-11 17:33:27.651675
77090963-e98e-48e1-b746-e680784e71f7,Christopher Cobb,christopher.cobb@acme.com,Product Manager,team-14,2025-01-08 17:33:27.651675
4203b215-8a07-4eae-a37a-6dda26207e17,David West,david.west@acme.com,Designer,team-14,2025-01-23 17:33:27.651675
0a1eec85-8de6-4317-8614-1b03d58bab35,Patricia Allen,patricia.allen@acme.com,Product Manager,team-8,2016-05-17 17:33:27.651675
c7b1224f-2246-4e90-9faf-d36c69aeaeed,Jennifer Smith,jennifer.smith@acme.com,Designer,team-12,2019-10-13 17:33:27.651675
f7a11dfe-2bb6-450a-8952-97963fb26b3e,Eric Lucas,eric.lucas@acme.com,Engineer,team-19,2018-09-13 17:33:27.651675
5a56dc04-6e53-4451-80b6-fc1b387afd38,Cole Randolph,cole.randolph@acme.com,Designer,team-18,2017-06-01 17:33:27.651675
0a52475f-4455-47f9-a4db-9d0210430708,Michael Calderon MD,michael.calderon.md@acme.com,Ops,team-15,2024-07-01 17:33:27.651675
da1d1614-780d-4ec0-99f1-2fe37a9a1cb7,Erin George,erin.george@acme.com,Engineer,team-15,2025-03-01 17:33:27.651675
747d5cef-5f89-4417-a74e-aba3f791d646,Tracy Garcia,tracy.garcia@acme.com,Designer,team-3,2019-07-15 17:33:27.651675
6c1b9aed-496c-48c1-98b3-39c6188b5ad2,Angela Burnett,angela.burnett@acme.com,Product Manager,team-10,2020-03-18 17:33:27.651675
5f685151-8c24-42be-bb74-1314236ded3e,Jennifer Cruz,jennifer.cruz@acme.com,Designer,team-16,2021-06-27 17:33:27.651675
5de0c9b1-f1dc-41b9-b74d-7d5029201bc4,Patricia Choi,patricia.choi@acme.com,Ops,team-7,2018-12-08 17:33:27.651675
f67654b4-28fd-4107-941b-1527095471b5,Christine Wilkerson,christine.wilkerson@acme.com,Marketer,team-11,2025-08-20 17:33:27.651675
e18be967-575c-474d-bad1-dafb8dda06c5,Savannah Stanley,savannah.stanley@acme.com,Designer,team-18,2018-01-12 17:33:27.651675
c0897420-d521-4c22-9f92-d1892c70d2f1,Ronald Rodriguez,ronald.rodriguez@acme.com,Ops,team-6,2023-08-27 17:33:27.651675
423f5021-1c39-4906-b760-c28156269f8a,Ronnie Brewer,ronnie.brewer@acme.com,Engineer,team-4,2018-10-06 17:33:27.651675
361da858-92ea-4bdf-b778-e99d72081d07,Gabrielle Williams,gabrielle.williams@acme.com,Ops,team-16,2024-06-19 17:33:27.651675
5b24b596-bf0a-454d-80a5-356bb899cb26,Krystal Taylor,krystal.taylor@acme.com,Engineer,team-17,2019-06-25 17:33:27.651675
af0ed1d7-9f1b-414d-bab8-bdcb7b3c5ab7,Kenneth Sutton,kenneth.sutton@acme.com,Ops,team-2,2023-12-20 17:33:27.651675
62442392-2442-4433-8974-845f9fe265da,Nancy Yoder,nancy.yoder@acme.com,Engineer,team-1,2024-12-31 17:33:27.651675
93f25534-fc30-455d-9edc-3f0748e57ee2,Crystal Wilson,crystal.wilson@acme.com,Ops,team-6,2016-07-01 17:33:27.651675
218c197e-6556-4994-ac85-c69ec04b0051,Julie Gutierrez,julie.gutierrez@acme.com,Product Manager,team-13,2021-11-15 17:33:27.651675
b516bab0-d294-4bb8-b6d3-77c2bfcb3f1d,Darren Winters,darren.winters@acme.com,Product Manager,team-12,2022-02-17 17:33:27.651675
f1679681-b9a9-490d-8cb5-7cba0f1fc353,Charles Parker,charles.parker@acme.com,Product Manager,team-18,2017-03-06 17:33:27.651675
c50206c0-bb27-4edb-ac49-3a955aaaa387,Destiny Brady,destiny.brady@acme.com,Marketer,team-18,2024-12-09 17:33:27.651675
31846db3-0109-4d1f-8556-da8b46e8fa8d,Natalie Mclaughlin,natalie.mclaughlin@acme.com,Engineer,team-17,2022-05-19 17:33:27.651675
fe48723b-5b7c-4398-80b0-053881d63930,Whitney Wilkinson,whitney.wilkinson@acme.com,Designer,team-14,2020-10-04 17:33:27.651675
072e6f0e-06b4-4e29-b260-78da2f363c54,Megan Wilkinson,megan.wilkinson@acme.com,Ops,team-15,2021-05-05 17:33:27.651675
0454f1ce-d4fd-4835-bcb7-fc6178195336,Kaitlin Mendoza,kaitlin.mendoza@acme.com,Engineer,team-6,2019-07-29 17:33:27.651675
30bcc5a1-cb30-480d-a7da-a4c6eb9d1f86,Cynthia French,cynthia.french@acme.com,Designer,team-8,2015-08-25 17:33:27.651675
b9e309d8-932d-4a45-b4d8-80421058c4d8,Terry Peterson,terry.peterson@acme.com,Ops,team-12,2020-06-12 17:33:27.651675
29969b88-c656-4063-8092-25e2305f4a4c,Michael Leon,michael.leon@acme.com,Product Manager,team-6,2016-03-27 17:33:27.651675
2a82f8df-33ea-49a2-ba9a-00d4f40d642b,Holly Aguilar,holly.aguilar@acme.com,Product Manager,team-14,2015-12-09 17:33:27.651675
69578bba-e64b-4b65-9e18-a3bb0fe389c9,Michael Bailey,michael.bailey@acme.com,Engineer,team-17,2017-08-09 17:33:27.651675
de8a6583-e431-4e5f-9f79-fd54cca67a3b,Randy Villegas,randy.villegas@acme.com,Designer,team-2,2022-07-29 17:33:27.651675
dfbbf0b4-fcfe-4ef8-a941-fab58f8dbd22,Daniel Guzman,daniel.guzman@acme.com,Engineer,team-19,2020-07-23 17:33:27.651675
d8fc81c3-e42f-4b6f-afbc-575222693322,Kristie King,kristie.king@acme.com,Marketer,team-5,2021-05-04 17:33:27.651675
95a24e7f-6186-4dc4-85f9-301f4359ab25,Walter Ortega,walter.ortega@acme.com,Ops,team-10,2020-08-23 17:33:27.651675
f2434b48-6b16-45d5-9328-73831057dc9a,Lisa Rivera,lisa.rivera@acme.com,Engineer,team-13,2025-12-12 17:33:27.651675
5c37d9d9-cca7-46aa-9a3c-5a7be3108bd7,Joanne Gallagher,joanne.gallagher@acme.com,Marketer,team-18,2017-04-20 17:33:27.651675
34dfc78a-3658-4e86-ba61-f3c3e755dd63,Rachel Gonzales,rachel.gonzales@acme.com,Ops,team-5,2024-08-30 17:33:27.651675
d2245eb8-9ef8-454f-a07f-bcd3e84309b5,Nicholas Obrien,nicholas.obrien@acme.com,Product Manager,team-17,2021-11-02 17:33:27.651675
a22f164c-74ad-49b9-96f9-da1e51c7edf6,Patrick Nixon,patrick.nixon@acme.com,Product Manager,team-16,2020-06-11 17:33:27.651675
29987ced-d557-4420-9fdb-fd373d39efd0,Jason Brown,jason.brown@acme.com,Product Manager,team-10,2023-11-08 17:33:27.651675
59b02232-6d0d-49c1-b04a-89dbd5172932,Krystal Jensen,krystal.jensen@acme.com,Marketer,team-10,2025-06-11 17:33:27.651675
af1d144b-45f1-4fee-abcf-ac3d088c8144,Jennifer Goodwin,jennifer.goodwin@acme.com,Engineer,team-8,2018-02-09 17:33:27.651675
4bcfd293-a17c-498c-ac92-76ae1b514ea8,Stephanie Mckee,stephanie.mckee@acme.com,Product Manager,team-19,2023-03-19 17:33:27.651675
4e48a383-5f7a-4d84-b16f-b823ccbf5c8d,Stacey Griffin,stacey.griffin@acme.com,Marketer,team-6,2024-07-01 17:33:27.651675
7bcc1817-8a4e-48cb-9f53-8cfbe20c966b,Heather Jackson,heather.jackson@acme.com,Marketer,team-19,2025-11-04 17:33:27.651675
d1015cd2-6957-4e5a-913c-56576a5ca0fe,Ryan Edwards,ryan.edwards@acme.com,Designer,team-16,2022-08-08 17:33:27.659977
9b382d07-8d6e-4e13-824f-4a916d00c2b5,Donna Fletcher,donna.fletcher@acme.com,Ops,team-9,2024-01-19 17:33:27.659977
d7ea8acc-7855-4329-b3a1-98948121c738,Elizabeth Lee,elizabeth.lee@acme.com,Marketer,team-10,2015-12-08 17:33:27.659977
79975a7a-112c-4685-9257-2bc45ddeea82,Desiree Porter,desiree.porter@acme.com,Product Manager,team-12,2017-03-18 17:33:27.659977
e8492942-e2da-426e-9fd8-79727eb1b11f,Benjamin Serrano,benjamin.serrano@acme.com,Marketer,team-13,2024-01-02 17:33:27.659977
18e16528-4b8f-4d2a-b303-d32d297c4afe,Ashley Walker,ashley.walker@acme.com,Product Manager,team-17,2021-12-21 17:33:27.659977
21fede9b-e7c7-4c07-b4b0-7a31890fa8ee,Jenna Nunez,jenna.nunez@acme.com,Engineer,team-11,2021-07-16 17:33:27.659977
3f3765a4-7278-4711-b0d6-773838a22a89,Robert Mcintyre,robert.mcintyre@acme.com,Engineer,team-16,2022-06-10 17:33:27.659977
d3e9d217-288d-4473-b155-733a21efd6e6,Keith Robbins,keith.robbins@acme.com,Marketer,team-3,2020-09-08 17:33:27.659977
5183ac45-e5ec-4677-88e5-975924ee21e2,Reginald Payne,reginald.payne@acme.com,Engineer,team-13,2020-11-17 17:33:27.659977
9377b2c8-1056-42ee-b624-a4418ae9e92f,Kelly Mason,kelly.mason@acme.com,Engineer,team-3,2022-07-06 17:33:27.659977
4468f887-f0bd-446e-a3b3-94b854d88af1,Penny Stone,penny.stone@acme.com,Ops,team-13,2016-06-22 17:33:27.659977
28f27c62-9eab-4c7a-bec5-a89082ff69f0,Kimberly Edwards,kimberly.edwards@acme.com,Marketer,team-12,2019-12-29 17:33:27.659977
fa78d651-42e2-454f-b6b7-b412c544b05b,Nicholas Reese,nicholas.reese@acme.com,Designer,team-10,2023-11-12 17:33:27.659977
a87a7860-de24-4232-859d-c3ea07b26371,William Davis,william.davis@acme.com,Product Manager,team-17,2022-03-15 17:33:27.659977
fea248b4-0824-4583-b628-6210e9ecbbf4,Christopher Griffin,christopher.griffin@acme.com,Designer,team-19,2024-02-01 17:33:27.659977
fccc93f8-8958-4b6e-8fbd-d67fcb50fc18,Rachel Wilkerson,rachel.wilkerson@acme.com,Marketer,team-16,2025-08-07 17:33:27.659977
5fbd9db2-5aa7-4a12-a3f4-740c8dd80613,James Anderson,james.anderson@acme.com,Marketer,team-4,2021-11-22 17:33:27.659977
6eca5845-de80-4688-a15d-da876fc4e0e6,Laura Gonzalez,laura.gonzalez@acme.com,Ops,team-9,2017-09-24 17:33:27.659977
f83081c5-e797-4cb0-b64d-1af98e44202d,William Phillips,william.phillips@acme.com,Product Manager,team-2,2021-09-08 17:33:27.659977
e5ee84ed-f9db-4601-8029-7d5c23d5e01f,Jacqueline Miller,jacqueline.miller@acme.com,Marketer,team-0,2023-03-02 17:33:27.661984
f5c97c7b-82c6-49af-b2f1-f4a06800cf33,Brian Rubio,brian.rubio@acme.com,Designer,team-7,2025-05-12 17:33:27.662444
bbaee4b4-1f2e-4563-a29a-980397ed0e09,Sarah Campbell,sarah.campbell@acme.com,Product Manager,team-0,2017-10-19 17:33:27.662444
f73acc2d-7379-44bf-a9cd-6e2353440b85,Alyssa Burnett MD,alyssa.burnett.md@acme.com,Designer,team-0,2019-11-17 17:33:27.662444
4fcb7c82-b550-4203-8e14-575301e47126,Juan Lee,juan.lee@acme.com,Designer,team-16,2022-06-20 17:33:27.662444
49642ff9-d410-4bbc-a763-f05c207c0695,Rodney Harris,rodney.harris@acme.com,Engineer,team-4,2022-02-08 17:33:27.662444
0200e4fe-ce62-449d-bcf4-a8e8790a7799,Neil Garcia,neil.garcia@acme.com,Engineer,team-2,2025-06-10 17:33:27.662444
bb0fe899-b25d-4ea6-833f-9a5afda641ea,Victoria Holmes,victoria.holmes@acme.com,Product Manager,team-15,2017-12-26 17:33:27.662444
e865419b-37aa-4811-b045-2f97a59bae67,Ryan Diaz Jr.,ryan.diaz.jr.@acme.com,Ops,team-7,2018-09-02 17:33:27.662444
d5b8ca7d-94c1-4ff1-a098-35daab27c4c3,James Neal,james.neal@acme.com,Marketer,team-3,2016-04-21 17:33:27.662444
0e55a5b4-d2e8-4ffc-a9da-93b7068eb626,Cory Crawford,cory.crawford@acme.com,Designer,team-15,2020-09-08 17:33:27.662444
4446bd4b-765d-463d-8827-8ac13ef71a0a,Debbie Griffin,debbie.griffin@acme.com,Product Manager,team-12,2023-04-29 17:33:27.662444
873cdb64-e562-4ac2-8858-f3b26997c141,Melissa Flynn,melissa.flynn@acme.com,Engineer,team-17,2023-08-26 17:33:27.662444
329c80be-be7a-4c09-9145-9363a47000d2,David Anderson,david.anderson@acme.com,Engineer,team-14,2022-01-11 17:33:27.662444
833ba98d-c342-4d8b-b53d-c90a78ffe2f7,Tina Martin,tina.martin@acme.com,Ops,team-7,2018-07-25 17:33:27.662444
4abe15d6-3724-4381-a2a0-cf4c6e1e37fe,James Dennis,james.dennis@acme.com,Designer,team-10,2024-11-23 17:33:27.662444
67159aa5-c713-4983-a606-cef151077558,Sheri Williams,sheri.williams@acme.com,Designer,team-4,2019-11-21 17:33:27.662444
74797b27-de4c-4e29-a9e0-081ae56e2a6e,Natalie Kelley,natalie.kelley@acme.com,Designer,team-11,2019-01-04 17:33:27.662444
fa152a3b-89f5-4b0e-99ee-8238456bda5d,Brian Goodman,brian.goodman@acme.com,Product Manager,team-11,2025-07-15 17:33:27.662444
a3ebe10b-cab1-46ad-b718-56f44c182102,Robert Quinn,robert.quinn@acme.com,Marketer,team-17,2025-08-13 17:33:27.664520
5b763113-0faa-408e-9568-42bd4f8a8dac,Hailey Peterson,hailey.peterson@acme.com,Ops,team-13,2023-01-12 17:33:27.664520
ddcb89fc-9065-41f2-9034-7b6c46013915,Melissa Ashley,melissa.ashley@acme.com,Marketer,team-9,2021-11-15 17:33:27.664520
a842d396-1511-4bd7-9b1c-c33de3281cb1,John Salazar,john.salazar@acme.com,Engineer,team-19,2025-05-26 17:33:27.664520
8d3bf278-54ea-4bdc-977f-8f7be93da264,Richard Curry,richard.curry@acme.com,Ops,team-7,2020-11-20 17:33:27.664520
acc0179c-89a1-4281-a457-47a6ee68d5b1,Cory Adams,cory.adams@acme.com,Marketer,team-19,2015-09-13 17:33:27.664520
b9b00afc-1e24-4527-bf9a-842243cfb1af,Rita Young,rita.young@acme.com,Engineer,team-14,2016-08-13 17:33:27.664520
a7b1e0a8-c4ba-4c47-87f4-7015a518e9aa,Sylvia Ramos,sylvia.ramos@acme.com,Marketer,team-15,2025-09-13 17:33:27.664520
1306db32-8a67-4357-8654-4336621c9963,Jessica Greene,jessica.greene@acme.com,Product Manager,team-0,2019-09-15 17:33:27.664520
9ee2e9f7-710c-4b96-8861-104ebc3242e1,Adam Browning,adam.browning@acme.com,Designer,team-15,2025-01-21 17:33:27.664520
bf0a0a1d-a603-4637-b740-9bd63af2b579,Eric Guerrero,eric.guerrero@acme.com,Product Manager,team-14,2022-04-13 17:33:27.664520
0369bcd9-c571-4672-b68d-cfe6b07742ba,Chris Munoz,chris.munoz@acme.com,Engineer,team-14,2020-05-09 17:33:27.665421
b346badb-781e-472c-84de-39c3862f4707,John James,john.james@acme.com,Designer,team-6,2022-04-30 17:33:27.665421
00aee5c2-5625-4df2-a36e-4d81a1d201cc,Zachary Mora,zachary.mora@acme.com,Ops,team-10,2022-02-04 17:33:27.665421
5c999bf0-611a-48d0-9b34-0070707cc906,Joshua Wright,joshua.wright@acme.com,Engineer,team-11,2018-02-07 17:33:27.665842
6ff067c8-4606-440a-bf22-e60c81b69b3a,Robert Brown,robert.brown@acme.com,Designer,team-10,2023-10-12 17:33:27.665842
1dbf2ae7-d3ee-4ed6-937b-5d71681d4d7e,Michael Obrien,michael.obrien@acme.com,Marketer,team-4,2017-07-24 17:33:27.665842
601a5d1c-f3c2-4c45-9941-f4e746bf3161,Maria Walls,maria.walls@acme.com,Engineer,team-5,2015-12-16 17:33:27.665842
4c6a16d0-0391-4cc5-97b3-936d396321b1,Angela Griffin,angela.griffin@acme.com,Engineer,team-18,2018-11-12 17:33:27.666741
dff2b03a-d871-441f-a4ca-3ac723382c59,Michael Brown,michael.brown@acme.com,Marketer,team-1,2021-09-30 17:33:27.666741
963e26d2-3435-4520-b922-2d333629b28d,James Adams,james.adams@acme.com,Engineer,team-5,2016-09-25 17:33:27.668968
78d0c38f-b096-4dbc-8bd1-566ec54f7863,Kimberly Reynolds,kimberly.reynolds@acme.com,Ops,team-5,2016-03-26 17:33:27.668968
8d7bcfda-166f-4df8-8e68-ded86e68e423,Audrey Stuart,audrey.stuart@acme.com,Ops,team-16,2015-11-01 17:33:27.668968
9134f4f2-06f3-4239-9463-0e81ee9de07c,Scott Rivas,scott.rivas@acme.com,Designer,team-2,2016-10-25 17:33:27.668968
7eb968da-4034-4478-a104-bd29c0148516,George Gonzalez,george.gonzalez@acme.com,Marketer,team-16,2020-05-26 17:33:27.668968
06438a71-c1b3-4268-bef0-bb20d1d9673e,John Campos,john.campos@acme.com,Engineer,team-16,2016-05-13 17:33:27.668968
a671a6c5-63c6-43fb-a476-0353f8f553e1,Yolanda Herring,yolanda.herring@acme.com,Designer,team-6,2022-05-26 17:33:27.670995
b7c1682d-fb00-464b-a7a2-93146a53242b,Donald Michael,donald.michael@acme.com,Marketer,team-15,2025-02-05 17:33:27.670995
693b850c-a3c6-4f01-a015-e2c055c1e68a,Michael Frank,michael.frank@acme.com,Product Manager,team-10,2024-06-20 17:33:27.670995
1e0d6c97-8552-4880-97c7-334dd572400c,Mandy Ferguson,mandy.ferguson@acme.com,Ops,team-15,2019-07-04 17:33:27.670995
87669aa0-bb4c-4810-aaf2-102a86ea0afc,David Edwards,david.edwards@acme.com,Engineer,team-19,2021-09-01 17:33:27.670995
00cfefd7-6737-4dee-909f-28a7ae167403,Kayla Austin,kayla.austin@acme.com,Engineer,team-0,2025-05-17 17:33:27.670995
541188f4-4672-4977-9ed7-13f076f81004,Angel Contreras,angel.contreras@acme.com,Engineer,team-18,2022-12-15 17:33:27.670995
0cae4700-e94d-4982-8d4b-4d6a8602ea9f,Joseph Johnson,joseph.johnson@acme.com,Marketer,team-16,2022-06-05 17:33:27.670995
21b74749-a6fb-46a6-88cb-ff8340de3072,Cory Long,cory.long@acme.com,Engineer,team-3,2018-08-05 17:33:27.670995
c8b4d45d-d000-4126-9d81-4f40d5ead0b9,Yolanda Villanueva,yolanda.villanueva@acme.com,Ops,team-0,2017-01-16 17:33:27.670995
ba75355c-5d21-4c73-99c4-4119fe2d34ee,Pamela Hanson,pamela.hanson@acme.com,Engineer,team-2,2025-06-11 17:33:27.670995
69eb5f4d-e99c-4544-8968-1044a89d4da7,Ann Flowers,ann.flowers@acme.com,Engineer,team-2,2017-11-08 17:33:27.670995
5b2d81ef-0cdf-4149-a4f1-1b5c20abbecf,John Delacruz,john.delacruz@acme.com,Marketer,team-10,2020-07-03 17:33:27.670995
85f176c2-d2f4-43a8-b292-39b922890ec7,Raymond Rosario,raymond.rosario@acme.com,Product Manager,team-16,2018-01-21 17:33:27.670995
879494a6-ed1c-4ec7-93f8-b2cac879696b,Clinton Murillo,clinton.murillo@acme.com,Engineer,team-10,2023-03-26 17:33:27.672825
0f66dd6d-06b5-4553-84eb-498424b2005f,Timothy Ramirez,timothy.ramirez@acme.com,Designer,team-9,2017-08-03 17:33:27.672825
22876b6b-b117-4ea1-a148-1e2b08f25773,Maria Graham,maria.graham@acme.com,Marketer,team-7,2015-08-27 17:33:27.672825
09ef268f-abd0-4abb-b240-f76cf173c538,Roger Roberts,roger.roberts@acme.com,Designer,team-19,2017-05-07 17:33:27.672825
5d9eef9a-bea9-4bed-a8f5-bf559d2b7703,Tyler Long,tyler.long@acme.com,Product Manager,team-7,2019-11-08 17:33:27.672825
77bbb783-7181-44fe-8ab4-1b48c3936a74,Matthew Huerta,matthew.huerta@acme.com,Designer,team-10,2015-12-26 17:33:27.672825
29525bf3-73b3-4602-add3-a986e5a6a705,Danielle Fuller MD,danielle.fuller.md@acme.com,Marketer,team-4,2021-09-19 17:33:27.672825
8533678e-7702-4ab5-aec9-0cba6cf6d946,Amber Walter,amber.walter@acme.com,Marketer,team-16,2025-08-01 17:33:27.672825
9aecf936-373b-465a-a43b-62bde039c60a,Emily Jones,emily.jones@acme.com,Marketer,team-8,2016-06-04 17:33:27.672825
81d90617-f23c-4af5-9619-a02e2f13fd02,Jennifer Horne,jennifer.horne@acme.com,Marketer,team-3,2016-11-04 17:33:27.672825
bda7f87b-97bf-4e69-b781-27244850ae94,Michael Lewis,michael.lewis@acme.com,Engineer,team-1,2019-11-06 17:33:27.672825
9cc59613-c93a-4f19-9180-9c79c92d9229,Richard Burke,richard.burke@acme.com,Designer,team-8,2018-07-31 17:33:27.672825
14e0ffe9-acde-4f8f-a98c-86f5b42c376b,Cristina Jones DVM,cristina.jones.dvm@acme.com,Engineer,team-2,2020-02-07 17:33:27.672825
e5cd2862-ec7f-4a23-8bbb-61f4dc008219,Lori Cook,lori.cook@acme.com,Product Manager,team-13,2020-04-04 17:33:27.672825
52b7ebd3-8624-4e47-8453-9ccafba3cfaf,Olivia Wiggins,olivia.wiggins@acme.com,Ops,team-1,2019-03-08 17:33:27.672825
8eac5e81-263f-402d-b54f-a34bc9e6c053,David Walker,david.walker@acme.com,Designer,team-5,2022-02-28 17:33:27.672825
094db468-247d-4736-9eef-acf08d977614,Jennifer Garcia,jennifer.garcia@acme.com,Marketer,team-18,2017-07-30 17:33:27.672825
74cd3414-dddf-460a-aac6-36861510eade,Julie Booth,julie.booth@acme.com,Designer,team-5,2019-05-10 17:33:27.672825
4c3f0051-9ceb-45d7-aef9-281809688e3c,Nicholas White,nicholas.white@acme.com,Ops,team-0,2023-10-31 17:33:27.672825
fab7663e-1b1a-4502-9576-10993d3cbe52,Lisa Collins,lisa.collins@acme.com,Product Manager,team-10,2018-09-01 17:33:27.672825
98ed02dd-97ec-4fc5-a1de-da3381d69a76,Maria Garcia,maria.garcia@acme.com,Engineer,team-3,2024-12-24 17:33:27.672825
96220229-3b15-4e3e-b62f-55d525b4b9fa,Matthew Marquez,matthew.marquez@acme.com,Engineer,team-14,2017-07-18 17:33:27.672825
117239dd-43b3-49d7-9594-4e93d3319a18,Aaron Yang,aaron.yang@acme.com,Engineer,team-17,2024-02-02 17:33:27.674829
68e50965-0e8e-4fe7-b34d-0af5a2513ef8,Joshua Shepherd,joshua.shepherd@acme.com,Product Manager,team-18,2022-11-23 17:33:27.674829
bbc70314-b7fa-47c2-9b68-5f461c955305,Laura Mitchell,laura.mitchell@acme.com,Ops,team-0,2021-12-23 17:33:27.674829
78a203c0-ee21-41df-8cfd-d0a7d5117e11,Dustin Bradley,dustin.bradley@acme.com,Ops,team-7,2019-02-12 17:33:27.674829
580cca78-d5f7-46fc-8250-10c54062fc5e,Jessica Scott,jessica.scott@acme.com,Product Manager,team-16,2022-05-11 17:33:27.674829
f96736cd-6398-4236-9339-a86f638f5fa5,Taylor Payne,taylor.payne@acme.com,Ops,team-19,2019-02-12 17:33:27.674829
2793fb51-873c-4b78-a41a-8bbcbe2dde47,Tyler Kane,tyler.kane@acme.com,Ops,team-16,2020-12-31 17:33:27.674829
714131a4-818b-4cb8-aba8-8ba44d60b089,Stacey Gonzales,stacey.gonzales@acme.com,Product Manager,team-0,2025-01-21 17:33:27.674829
fc1899dd-8129-45b8-943d-87f58ab8838d,Tina Merritt MD,tina.merritt.md@acme.com,Ops,team-3,2015-09-29 17:33:27.674829
451b390a-d5f1-4017-9c69-e5c5cdc99cef,Amy Allen,amy.allen@acme.com,Ops,team-8,2019-11-26 17:33:27.674829
edf8c746-6335-4a14-917f-499eff3583d4,Robert Barber,robert.barber@acme.com,Designer,team-3,2016-04-11 17:33:27.674829
cd53c502-b3b2-4898-af47-f8ee16ba10a0,Randall Sanchez,randall.sanchez@acme.com,Product Manager,team-3,2025-11-02 17:33:27.674829
24b6a454-1cd1-4016-a899-d3354ac837fc,Jesus Watson,jesus.watson@acme.com,Product Manager,team-6,2025-12-16 17:33:27.674829
61620a4e-1690-4ad0-9e7d-425b6b8909bc,Leah Wheeler,leah.wheeler@acme.com,Product Manager,team-2,2019-11-08 17:33:27.674829
8ee18b1b-a0c2-43d7-a583-2c05c786b8e5,Katie Weber MD,katie.weber.md@acme.com,Ops,team-1,2016-11-30 17:33:27.675832
0a21f149-3e16-435b-9466-d8dd66a8c09b,Vicki Shaffer,vicki.shaffer@acme.com,Ops,team-3,2019-04-03 17:33:27.675832
89091c98-4282-47f5-83bb-1a1c7dee27b2,Amber Ellis,amber.ellis@acme.com,Designer,team-8,2017-07-02 17:33:27.675832
2622970b-8490-461f-a849-70f16fc80a71,Christina Kennedy,christina.kennedy@acme.com,Designer,team-11,2016-11-19 17:33:27.675832
2354d082-537a-4ee4-a519-dbc53222169a,Devin Garcia,devin.garcia@acme.com,Marketer,team-15,2016-12-20 17:33:27.675832
7ece7231-7d04-4788-a368-3f66c105a570,Taylor Weiss,taylor.weiss@acme.com,Ops,team-18,2020-05-08 17:33:27.675832
b7675358-c9e4-41a7-90a1-de1b3c364bda,Angela Harrington,angela.harrington@acme.com,Marketer,team-7,2016-10-03 17:33:27.675832
a4a38e0d-8114-464c-80cf-b6c2ab83a865,Kristy Smith,kristy.smith@acme.com,Marketer,team-10,2018-06-09 17:33:27.675832
8d29ee7e-8bb4-4a52-8c6c-fadf931d2a87,Shannon Cooper,shannon.cooper@acme.com,Designer,team-4,2017-03-02 17:33:27.675832
517d4bf1-6ac6-4c9b-9e24-34e908d2bdb5,James Reeves,james.reeves@acme.com,Marketer,team-7,2022-02-24 17:33:27.675832
06aec7c5-7787-4a47-bb0e-28198ef387a0,Ronald Martin,ronald.martin@acme.com,Designer,team-3,2021-06-29 17:33:27.675832
046a1382-8de7-4cae-91d1-8295c69a049b,Jennifer Mills,jennifer.mills@acme.com,Marketer,team-14,2018-04-08 17:33:27.675832
8da1ff34-9aa0-467f-bfb2-1ffb9fb548c4,Brandon Lee,brandon.lee@acme.com,Engineer,team-9,2016-02-10 17:33:27.675832
bffd5055-a888-49d4-838f-58d81e048c21,Zachary Morrison,zachary.morrison@acme.com,Marketer,team-12,2021-11-23 17:33:27.675832
1beb3af9-b6ec-4620-baca-9e014f96de94,Judy Richards,judy.richards@acme.com,Designer,team-2,2020-12-25 17:33:27.675832
f97619db-85fe-4c02-a458-d3bb71136ed9,Robin Webster,robin.webster@acme.com,Marketer,team-1,2016-09-23 17:33:27.675832
05c7e4f0-e364-4b1a-8efa-786c66b68bee,Matthew Lawrence,matthew.lawrence@acme.com,Engineer,team-11,2022-04-30 17:33:27.675832
e316f66f-1ab5-456b-b6ee-12ab1d9abc2e,Michelle Bennett,michelle.bennett@acme.com,Marketer,team-8,2015-09-19 17:33:27.675832
695430e9-54e9-4da9-9f2d-0f1e89b02ad7,Kathleen Brown,kathleen.brown@acme.com,Engineer,team-14,2021-07-18 17:33:27.675832
11987378-826f-4fc8-bcd0-9fa01b15f0ad,Brianna Wilkinson,brianna.wilkinson@acme.com,Product Manager,team-19,2020-01-01 17:33:27.675832
cd369060-2d6c-4de1-b298-767dfa07abd8,Jessica Mcdaniel,jessica.mcdaniel@acme.com,Product Manager,team-7,2021-11-25 17:33:27.675832
5f5975f3-2a02-4e57-bc94-a6d35dac3c5b,Douglas Guerrero,douglas.guerrero@acme.com,Product Manager,team-8,2024-02-15 17:33:27.675832
f2eff918-9a08-402a-86c6-936192f3718e,Stacey Brown,stacey.brown@acme.com,Engineer,team-11,2018-03-12 17:33:27.675832
f805629a-ae76-4027-8e86-851e00899a40,Troy Meyers,troy.meyers@acme.com,Designer,team-19,2019-11-20 17:33:27.675832
d66d558d-6863-4873-bb9c-fffdf733ddc5,Sarah Peck,sarah.peck@acme.com,Product Manager,team-3,2025-12-04 17:33:27.675832
ba4c117b-3c3e-4cdc-9b38-23e465b45e25,Andrew Hendrix,andrew.hendrix@acme.com,Product Manager,team-18,2025-08-24 17:33:27.675832
b7e7f849-665a-4fc6-a368-5b044b69ef6a,Darlene Salinas,darlene.salinas@acme.com,Product Manager,team-10,2019-04-13 17:33:27.675832
a9b2ebf4-9b45-4126-aa0e-ae0d761d4cdf,Christopher Henson,christopher.henson@acme.com,Engineer,team-7,2023-12-01 17:33:27.675832
9718bfd2-b1f5-4359-929b-2b6cf8f4dfbf,Kimberly Underwood,kimberly.underwood@acme.com,Marketer,team-17,2018-08-26 17:33:27.675832
7147a7b7-e8df-4346-b387-831048c90d4d,Dennis Jackson,dennis.jackson@acme.com,Designer,team-17,2017-07-04 17:33:27.675832
f3b8649e-fc34-405f-bc60-b43e1b787841,Keith Rivera,keith.rivera@acme.com,Designer,team-0,2016-08-07 17:33:27.675832
ca38bc94-f21d-4c95-8fec-e25e2bf3e7e7,Samantha Davis,samantha.davis@acme.com,Product Manager,team-10,2025-01-26 17:33:27.675832
0172878b-5118-4793-86e9-36ae1a1f2a3a,Michael Smith,michael.smith@acme.com,Product Manager,team-3,2020-08-12 17:33:27.675832
de65e8ad-83a5-409d-9658-9d8ca772c315,Dr. Jonathan Barker,dr..jonathan.barker@acme.com,Designer,team-15,2019-09-28 17:33:27.675832
b05d81af-2b46-4bd4-957b-4f70f4341edb,Melissa Cooper,melissa.cooper@acme.com,Designer,team-17,2021-02-10 17:33:27.675832
68a05417-c857-4bc1-a1e8-16562a0b1336,Danielle Davis,danielle.davis@acme.com,Designer,team-1,2024-06-28 17:33:27.678888
db0791fa-bc7c-4494-93c8-2eaaee793c50,Heather Williams,heather.williams@acme.com,Engineer,team-14,2016-05-17 17:33:27.678888
b00cdcc3-dc1a-4a0f-9cf0-64e601b1a6e7,Charles Gallegos,charles.gallegos@acme.com,Designer,team-9,2019-01-21 17:33:27.679279
c924f835-9508-42cf-8223-4676024abd43,Mike Oneill,mike.oneill@acme.com,Engineer,team-9,2022-05-25 17:33:27.679279
aeecb76f-563b-41cb-801b-cb08875c1ec9,David Russo,david.russo@acme.com,Engineer,team-2,2025-01-20 17:33:27.679279
15ed402e-acd7-4743-b26b-fd1a333381c3,Raymond Hendrix,raymond.hendrix@acme.com,Designer,team-12,2020-05-28 17:33:27.679279
239a1033-76c9-4cd4-9a2d-0687a0b5949a,Jennifer Stephenson,jennifer.stephenson@acme.com,Engineer,team-7,2023-08-23 17:33:27.679279
5de2bcae-3334-421a-887b-10fb943c65dc,Mario Berger,mario.berger@acme.com,Marketer,team-1,2024-05-30 17:33:27.679279
59c0bed7-d01e-44e3-bcc7-f454e26010eb,Stacy Vasquez,stacy.vasquez@acme.com,Marketer,team-5,2015-10-13 17:33:27.679279
3476d2a7-ad51-458a-a0eb-419dcf898c81,Julie Gonzalez,julie.gonzalez@acme.com,Designer,team-17,2025-05-09 17:33:27.679279
5fb14d5d-fe49-4a69-b13c-8fbaa1ec3a2d,Stephanie Jenkins,stephanie.jenkins@acme.com,Engineer,team-13,2025-07-17 17:33:27.679279
bc02e2ed-4574-404c-8015-ee77cc22322f,Cassandra Peters,cassandra.peters@acme.com,Ops,team-10,2025-01-25 17:33:27.679279
7c0c295e-fb96-4013-8db9-fd885708d5e1,Justin Harvey,justin.harvey@acme.com,Product Manager,team-7,2017-09-01 17:33:27.679279
16c2d627-e7d9-4013-a38d-3cd8410c96e6,Laura Hernandez,laura.hernandez@acme.com,Engineer,team-3,2023-06-07 17:33:27.679279
50c03338-755b-4a3c-a102-593116e1c5f4,Mary Mahoney,mary.mahoney@acme.com,Marketer,team-13,2017-05-29 17:33:27.679279
24e6b414-a056-4c04-9eea-0144dbc8f257,Terry Gardner,terry.gardner@acme.com,Ops,team-2,2019-02-16 17:33:27.679279
25447c8f-5bef-4865-9db4-ec8f7bb2438f,Juan Li,juan.li@acme.com,Product Manager,team-18,2018-12-19 17:33:27.679279
e24508f2-babf-4f55-9207-182ee57f8eb6,Randy Gibson,randy.gibson@acme.com,Marketer,team-13,2017-06-02 17:33:27.679279
e5590d8e-1589-484e-99ac-29ffb061231b,Jonathan Higgins,jonathan.higgins@acme.com,Product Manager,team-15,2017-08-07 17:33:27.679279
dc7233e0-8d42-43b3-b680-7597377bea3f,Michelle Thomas,michelle.thomas@acme.com,Product Manager,team-2,2021-03-11 17:33:27.679279
bcae22a0-c76b-4c98-b376-5a17a74149b3,Andrew Miller,andrew.miller@acme.com,Product Manager,team-4,2016-05-31 17:33:27.679279
09176fca-fbcf-4f00-a92d-2529824d5bcf,Donna Walker,donna.walker@acme.com,Product Manager,team-7,2022-01-07 17:33:27.679279
0379ef57-41b0-4d50-b4d8-eb423a52ff93,Melissa Robinson,melissa.robinson@acme.com,Designer,team-4,2019-11-26 17:33:27.679279
19d87c80-858e-47f4-a6f1-f2d9e34a7ed8,Eric Johnson,eric.johnson@acme.com,Designer,team-15,2019-06-26 17:33:27.679279
a8536829-7e4a-4ec0-99ae-032e67940f68,Richard Garcia,richard.garcia@acme.com,Designer,team-7,2025-03-21 17:33:27.679279
bf22b8e0-b37d-4d7f-b01e-9159ef30d8df,Sean Torres PhD,sean.torres.phd@acme.com,Marketer,team-18,2018-11-04 17:33:27.679279
f7f64aa7-5722-4d20-925e-ffbcf6e4426f,Jennifer Olsen,jennifer.olsen@acme.com,Designer,team-14,2018-10-13 17:33:27.681713
93a0ea7e-9e26-485d-a7e9-11eb51c75c86,Caleb Phillips,caleb.phillips@acme.com,Designer,team-16,2016-08-24 17:33:27.681713
e01e4533-44a0-4687-a75d-c740923272ad,Ian Simon,ian.simon@acme.com,Marketer,team-18,2025-04-13 17:33:27.681713
d2a8638d-18f9-461b-8033-415c5bf0b712,Billy Randall,billy.randall@acme.com,Designer,team-6,2019-06-13 17:33:27.681713
7e827cc6-32ca-40c8-92ed-99d77b4526de,Roger Ramirez,roger.ramirez@acme.com,Product Manager,team-4,2016-02-10 17:33:27.681713
f06d7d73-585c-4480-8094-04593a314e3f,Phillip Reyes,phillip.reyes@acme.com,Marketer,team-8,2019-07-09 17:33:27.681713
1c0edd36-68d5-4a29-9362-e00998f242fb,Trevor Santana,trevor.santana@acme.com,Designer,team-10,2018-01-17 17:33:27.681713
052db483-2760-4ed9-b412-5924a8d41f3d,Mrs. Theresa Marquez,mrs..theresa.marquez@acme.com,Engineer,team-0,2021-06-14 17:33:27.681713
8fa1b645-312d-4fb6-bb16-3a91ce388557,Peter Juarez,peter.juarez@acme.com,Engineer,team-14,2024-08-11 17:33:27.681713
3572aa08-c9b2-491e-9b72-139d79b59a34,Brian Morrison,brian.morrison@acme.com,Ops,team-19,2016-07-23 17:33:27.681713
e28b186c-e99d-4c58-a56c-d06fadf55a66,Christina Rice,christina.rice@acme.com,Marketer,team-9,2023-05-01 17:33:27.681713
3b952822-eab3-4ad0-a888-d481fb50bcb5,Michael Wolfe,michael.wolfe@acme.com,Ops,team-2,2015-08-28 17:33:27.681713
e00c3fd1-2eec-43d5-aff0-20ffdb2257c8,Jeff Palmer,jeff.palmer@acme.com,Product Manager,team-11,2025-09-18 17:33:27.681713
01d34c7a-c9dc-4a88-9146-9e5358dbd287,David Jimenez,david.jimenez@acme.com,Marketer,team-18,2020-09-07 17:33:27.681713
e4820461-b451-45eb-8870-b7bf4eb1deae,Debbie Hernandez,debbie.hernandez@acme.com,Engineer,team-16,2020-09-23 17:33:27.681713
a527f1b3-076c-4a7a-8d37-b6f15d4f4ad4,John Fisher,john.fisher@acme.com,Marketer,team-16,2023-04-26 17:33:27.681713
821a0a2c-1186-4902-b028-39a4e97d9601,Michael Collins,michael.collins@acme.com,Ops,team-12,2021-11-30 17:33:27.681713
6d44bdef-d9f2-494b-ae6f-432fe8cd2902,Stephanie Wells,stephanie.wells@acme.com,Marketer,team-13,2025-01-27 17:33:27.681713
a1b17e6b-60ea-478a-9762-8665a4f4a6b8,Ronald Roberson,ronald.roberson@acme.com,Designer,team-18,2024-06-21 17:33:27.681713
4dd4fe24-d857-4bb0-b8bf-6fecda7c1b7b,Sean Porter,sean.porter@acme.com,Engineer,team-16,2019-06-04 17:33:27.681713
dd73a937-2043-496d-929a-34da91736216,Mary Adams,mary.adams@acme.com,Marketer,team-7,2021-07-21 17:33:27.681713
c5079bae-d50c-4951-9cef-21225b027c62,Jerry Potts,jerry.potts@acme.com,Ops,team-7,2023-06-25 17:33:27.681713
44b841d0-1692-408a-9b81-8ea32e68e42f,Jacqueline Moss,jacqueline.moss@acme.com,Marketer,team-8,2022-09-25 17:33:27.681713
7ef42e81-89c4-450c-b328-6f5e99d59a92,Katie Booker,katie.booker@acme.com,Designer,team-5,2019-01-07 17:33:27.681713
e1a2aa49-10aa-482d-93b2-199a01106d0d,Heather Long,heather.long@acme.com,Ops,team-0,2020-10-06 17:33:27.681713
555f29db-d9ff-4cc5-b845-30344a387b58,Beverly Simpson,beverly.simpson@acme.com,Engineer,team-15,2016-03-02 17:33:27.681713
14cf0ba9-b68c-4c08-b830-22c426f3e80e,Sharon Wise,sharon.wise@acme.com,Engineer,team-14,2019-03-11 17:33:27.681713
3ff089e2-ace2-44ae-9b48-f1f45b6ed7c4,Mark Evans,mark.evans@acme.com,Designer,team-10,2020-09-05 17:33:27.681713
abb7c002-1376-43c4-8b34-b9a07e082e2d,Michael Frazier,michael.frazier@acme.com,Product Manager,team-0,2025-02-13 17:33:27.683717
44ae8127-0ac6-4d3e-a8cd-690553830d2f,Steven Scott,steven.scott@acme.com,Marketer,team-0,2017-03-28 17:33:27.683717
1fa8e641-29e6-4b30-af97-d8ac4e66c144,Sara Newman,sara.newman@acme.com,Designer,team-11,2023-07-29 17:33:27.683717
474083cc-7525-4b8c-b3df-edce31b95afa,Jessica Graham,jessica.graham@acme.com,Ops,team-8,2025-02-01 17:33:27.683717
835aacfd-b3a8-45f5-964f-1a803bda8cad,Jennifer Roberts,jennifer.roberts@acme.com,Marketer,team-14,2019-03-04 17:33:27.683717
57ec7b0f-3d6d-44eb-aed3-d593f41f1653,Allen Davies,allen.davies@acme.com,Engineer,team-7,2022-03-05 17:33:27.683717
c791f66f-454c-43fd-bf11-2921994933b6,Emily Smith,emily.smith@acme.com,Designer,team-8,2023-02-03 17:33:27.683717
157bb8c5-d826-41d5-8c9a-fc9ba77fb986,Renee Burns,renee.burns@acme.com,Product Manager,team-14,2017-10-28 17:33:27.683717
14a83be7-1a5c-40c3-8161-bf15288a5a98,Joyce Figueroa,joyce.figueroa@acme.com,Engineer,team-6,2024-02-25 17:33:27.683717
c9af88ae-1f82-4207-8105-608188368730,Rachel Rosales,rachel.rosales@acme.com,Ops,team-2,2022-11-18 17:33:27.683717
720c91ed-2b68-4843-aacc-bfa170582d2f,Nicholas Dennis,nicholas.dennis@acme.com,Engineer,team-13,2022-02-03 17:33:27.683717
492e2b91-108e-422e-a05e-98466b2c5b63,Jennifer Callahan,jennifer.callahan@acme.com,Marketer,team-10,2024-01-24 17:33:27.683717
b7df5f66-e8bf-4797-bb0d-e4a016891e2e,Richard Vance,richard.vance@acme.com,Designer,team-3,2017-12-21 17:33:27.683717
72b36ee6-c4e6-4c23-9701-9ef0cd14b060,Denise Johnson,denise.johnson@acme.com,Marketer,team-8,2020-04-14 17:33:27.683717
a50220c1-ead2-4873-821c-fb8ff200f388,Kenneth Powell,kenneth.powell@acme.com,Designer,team-3,2018-02-15 17:33:27.683717
da0e1bf6-18f4-4126-9782-b68a9ae79d50,Daniel Johnson,daniel.johnson@acme.com,Product Manager,team-19,2021-07-02 17:33:27.683717
f4df3d0d-8d15-4d07-93d0-27607b972625,Matthew Johnson,matthew.johnson@acme.com,Engineer,team-12,2024-11-28 17:33:27.683717
7dbc82fe-1989-4c9d-9187-e46631226924,Anne James,anne.james@acme.com,Designer,team-8,2018-06-18 17:33:27.683717
c953ff02-2d4f-46c1-add3-a74c7ad55c3f,Chelsea Mcmahon,chelsea.mcmahon@acme.com,Designer,team-19,2018-06-09 17:33:27.683717
304af1e1-7561-48d9-8f59-ba43ae82fa4b,Joel Webb,joel.webb@acme.com,Product Manager,team-1,2022-02-18 17:33:27.683717
d352b9c0-d556-4c10-a4f1-07f4d9fdeec7,Paul Wilson,paul.wilson@acme.com,Marketer,team-6,2022-07-17 17:33:27.683717
4fa6e283-434e-44c8-8226-447eeee89384,Anthony Williams,anthony.williams@acme.com,Product Manager,team-14,2021-05-23 17:33:27.683717
dc2c9c40-0f08-4fa2-b3da-d29bc1829199,Maria Smith,maria.smith@acme.com,Designer,team-1,2020-03-04 17:33:27.683717
43d3f959-d391-484e-bb52-8e99a8621161,Robert Lopez,robert.lopez@acme.com,Designer,team-5,2025-01-09 17:33:27.683717
fecf1908-9ce7-46c6-a096-11ed4c880560,Julia Carter,julia.carter@acme.com,Designer,team-9,2022-06-17 17:33:27.683717
a943d72d-d234-4363-a487-d3ca1f41bd47,Robert Thomas,robert.thomas@acme.com,Ops,team-3,2025-08-14 17:33:27.683717
035ac444-c10e-4779-b473-7fcc6677ab71,Adam Hays,adam.hays@acme.com,Engineer,team-4,2017-03-31 17:33:27.683717
7fda7dc7-49a9-4f50-9ebb-99a2c0af8f6d,Jessica Armstrong,jessica.armstrong@acme.com,Product Manager,team-14,2022-03-10 17:33:27.685721
5b146c6b-98bd-476d-8c37-a341e58e0d99,Mary Brewer,mary.brewer@acme.com,Ops,team-18,2016-11-01 17:33:27.685721
20e5f23a-913f-4920-bc46-e3900f83e07c,Devin Brooks,devin.brooks@acme.com,Marketer,team-8,2023-08-21 17:33:27.685721
df4c7ef2-7654-4544-9ea4-d877ffafc7d2,Jamie Vargas,jamie.vargas@acme.com,Product Manager,team-11,2021-09-05 17:33:27.685721
9a2f4cb8-0b02-4d1b-9780-26683528af63,Roger Chan,roger.chan@acme.com,Ops,team-11,2018-06-01 17:33:27.685721
e802bd57-581e-4343-96ac-69efdc3482ab,Lori Blankenship,lori.blankenship@acme.com,Product Manager,team-6,2025-10-09 17:33:27.685721
bd43e896-7c9f-4df5-a2b0-cdaa03023973,Wayne Kim,wayne.kim@acme.com,Engineer,team-10,2017-06-25 17:33:27.685721
23113e74-922e-482b-8906-b6e7e4846c04,Michael Gonzalez,michael.gonzalez@acme.com,Ops,team-6,2024-08-30 17:33:27.685721
519064b2-58be-429b-9501-f22161a1f5ba,Elizabeth Williams,elizabeth.williams@acme.com,Marketer,team-5,2022-02-01 17:33:27.685721
98f2ac22-b01d-4b07-9a77-e480343409f7,Kevin Vang,kevin.vang@acme.com,Engineer,team-18,2022-07-01 17:33:27.685721
17930a6d-ecdc-487d-a94e-264d697060ca,Jonathan Clarke,jonathan.clarke@acme.com,Marketer,team-9,2017-07-17 17:33:27.685721
a11c96ab-7622-4591-a4e6-5c455de740fb,Katrina Leonard,katrina.leonard@acme.com,Designer,team-5,2020-04-22 17:33:27.685721
1343b1a1-5f57-4ca0-81dc-82e5dedc7df1,Autumn Fuller,autumn.fuller@acme.com,Designer,team-7,2025-12-16 17:33:27.685721
132cb288-b8aa-4ca1-9553-e04d2a7b8c17,William Tucker,william.tucker@acme.com,Ops,team-7,2024-03-06 17:33:27.685721
ea9b33ee-4031-4388-8b91-2320673fbf94,Michael Russo,michael.russo@acme.com,Engineer,team-15,2016-04-11 17:33:27.685721
fb0875d9-8dfc-4cd1-971c-0c67661b08f2,Sierra Smith,sierra.smith@acme.com,Product Manager,team-5,2017-10-14 17:33:27.685721
8eb0e83b-64c4-4d7e-819d-fa3e6a9e2aee,Timothy Ferguson,timothy.ferguson@acme.com,Ops,team-13,2015-10-18 17:33:27.685721
7fc961ec-f651-49b6-a58e-645884eeff49,John Garza,john.garza@acme.com,Engineer,team-15,2018-09-04 17:33:27.685721
aff44e6f-9595-4b5c-af4b-7e26e8087ece,Donna Ramirez,donna.ramirez@acme.com,Marketer,team-0,2017-04-12 17:33:27.685721
95fdde48-3545-4f40-9bcf-aa5c271a28a1,Antonio Frederick,antonio.frederick@acme.com,Engineer,team-19,2021-10-30 17:33:27.685721
b1d60e80-1e5e-4570-81c3-ffbb7380a7bf,Danny Gutierrez,danny.gutierrez@acme.com,Marketer,team-14,2023-07-08 17:33:27.685721
d6ce6335-e802-421c-b0b3-a8b938da465f,John Olsen,john.olsen@acme.com,Product Manager,team-2,2017-06-22 17:33:27.685721
fe2fe427-c2b4-4757-ad3f-a46c357ffc76,Jesse Padilla,jesse.padilla@acme.com,Ops,team-6,2017-06-16 17:33:27.685721
a05dea57-1828-492d-a4ce-9204836fb9e8,Kevin Booth,kevin.booth@acme.com,Ops,team-4,2015-12-19 17:33:27.685721
915b952c-30af-452b-aa5a-4b22b95ed202,Anthony Martin,anthony.martin@acme.com,Designer,team-13,2016-09-10 17:33:27.687464
ddf429e5-effd-43c4-9d6e-832c63073f38,Kayla White,kayla.white@acme.com,Product Manager,team-0,2019-02-09 17:33:27.687464
89ca0059-8b68-40b1-8815-1084e6e14dc5,Lisa Stewart,lisa.stewart@acme.com,Ops,team-4,2021-08-03 17:33:27.687464
3df1aba1-8b73-4ed0-9e77-f7958a59c046,Christopher Evans,christopher.evans@acme.com,Engineer,team-16,2018-07-05 17:33:27.687464
e6a5b9be-8d64-4849-aa7f-ff285a4f9e74,Jonathan Ramos,jonathan.ramos@acme.com,Designer,team-17,2021-08-29 17:33:27.687464
f83d2846-b588-407d-b0aa-5b4a5de7ef72,James Doyle,james.doyle@acme.com,Engineer,team-0,2025-04-19 17:33:27.687464
f5e622de-5330-4a13-bb2e-94391bfc7c91,Marvin Robinson,marvin.robinson@acme.com,Ops,team-5,2023-06-11 17:33:27.687464
a435eed3-091a-435f-acf8-be79d683538c,Mr. Steven Maddox Jr.,mr..steven.maddox.jr.@acme.com,Product Manager,team-0,2017-12-01 17:33:27.687464
9b2a10ae-2f83-4fa0-bd05-ea71dc569de6,Valerie Sandoval,valerie.sandoval@acme.com,Marketer,team-1,2021-09-10 17:33:27.687464
bd05801e-6188-4d20-afd6-cf749d8a3fd6,Christopher Lamb,christopher.lamb@acme.com,Designer,team-16,2024-01-10 17:33:27.687464
45b6cc6a-f5b5-4e6d-9ee3-71e204601815,Valerie Murphy,valerie.murphy@acme.com,Marketer,team-11,2016-12-06 17:33:27.687464
92c2a640-a63b-4073-82c9-3e920672b0c1,Amy Cain,amy.cain@acme.com,Engineer,team-3,2021-09-24 17:33:27.687464
d34bbdba-06b4-448c-8945-0c27a152b743,Robert Collins,robert.collins@acme.com,Designer,team-7,2020-06-11 17:33:27.687464
227f6d37-5564-4652-af92-c30293499e37,Shannon Gomez,shannon.gomez@acme.com,Designer,team-17,2015-08-23 17:33:27.687464
09f208a4-74df-4630-a3aa-aae16edbd819,Charles Baldwin,charles.baldwin@acme.com,Product Manager,team-7,2017-12-12 17:33:27.687464
45b8b570-6670-4e72-b528-b9860b90eec6,Megan Callahan,megan.callahan@acme.com,Designer,team-1,2024-05-11 17:33:27.687464
813c8051-c7da-4ad7-89f8-5a0c27c8fc90,Christopher Martin,christopher.martin@acme.com,Designer,team-9,2016-04-04 17:33:27.687464
26c364f0-6bf0-43e6-be07-e42f61b14e95,Timothy Kelley,timothy.kelley@acme.com,Marketer,team-3,2022-04-30 17:33:27.687464
663402fd-5657-4bf4-8dc9-4e5c33117de9,Donna Bishop MD,donna.bishop.md@acme.com,Designer,team-8,2018-08-02 17:33:27.687464
010cd660-8b35-4676-983e-70ff49046792,Tammy Williams,tammy.williams@acme.com,Engineer,team-8,2022-01-13 17:33:27.687464
d32a58f2-5289-4536-80d7-ac7e23fdfe88,Christopher Shah,christopher.shah@acme.com,Engineer,team-18,2020-11-25 17:33:27.687464
0a7f94be-ad4a-4895-8738-7f52856b3abc,Lauren Schmidt,lauren.schmidt@acme.com,Engineer,team-10,2016-02-09 17:33:27.687464
d0a076cd-b34f-4a12-a1d8-69631e4db0a9,Amber Flores,amber.flores@acme.com,Engineer,team-2,2023-02-18 17:33:27.687464
e92e8a10-a4de-4ace-9869-519663142a84,Carol George,carol.george@acme.com,Marketer,team-11,2021-03-21 17:33:27.687464
1f472122-2783-4cc6-936d-eb633268d967,John Miranda,john.miranda@acme.com,Ops,team-10,2021-06-25 17:33:27.687464
27f9ce36-0b37-4891-bb70-68996bcde160,Anthony Wade,anthony.wade@acme.com,Marketer,team-3,2024-08-10 17:33:27.689204
7262983a-028c-4503-b93c-2430e177a835,Jasmine Rogers,jasmine.rogers@acme.com,Ops,team-5,2016-02-26 17:33:27.689204
23845f9f-130f-44df-bb31-04d741a40bbf,Douglas Parker,douglas.parker@acme.com,Designer,team-7,2020-02-11 17:33:27.689204
774d3dde-8a79-4294-aed2-107866a06d94,Melinda Walker,melinda.walker@acme.com,Product Manager,team-4,2022-09-08 17:33:27.689204
ac68ff35-c861-43c1-87ee-b55f899c8bc1,Teresa Lopez,teresa.lopez@acme.com,Engineer,team-1,2020-07-11 17:33:27.689204
2a9e9768-3902-4131-b761-c477f07e0f4e,Nicole Chung,nicole.chung@acme.com,Product Manager,team-10,2020-04-11 17:33:27.689204
fdefc94e-7982-4590-9b02-bd0944af4818,Jessica Sparks,jessica.sparks@acme.com,Designer,team-19,2019-09-05 17:33:27.689204
ef526282-7caa-40ef-8710-e2e24c635f74,Bradley Henry MD,bradley.henry.md@acme.com,Designer,team-17,2022-11-17 17:33:27.689204
a418ba1c-4bcb-4c86-9fc0-6dc9d3a45259,Richard Reyes,richard.reyes@acme.com,Engineer,team-15,2023-05-04 17:33:27.689204
94280c6a-b291-4680-bfcb-85f2741bc3a5,Holly Bowers,holly.bowers@acme.com,Designer,team-8,2018-06-24 17:33:27.689204
0aa1d856-f568-433b-99f2-69cea2044aca,Bonnie Arellano,bonnie.arellano@acme.com,Engineer,team-5,2015-09-19 17:33:27.689204
9d0fe42e-4151-48fa-9574-e7db10957d36,Karen Harris,karen.harris@acme.com,Designer,team-2,2019-12-19 17:33:27.689204
dd46f48d-31f7-44c6-8449-0dd650cc81d3,Dr. Charlotte Khan,dr..charlotte.khan@acme.com,Designer,team-0,2020-04-29 17:33:27.689204
043b98ea-173c-40ef-a2dd-82e5aea857be,Dawn Gonzalez,dawn.gonzalez@acme.com,Ops,team-9,2020-07-25 17:33:27.689204
eb072714-cab0-487f-b8d7-5251f7851bac,Carlos Cooper,carlos.cooper@acme.com,Product Manager,team-6,2025-09-22 17:33:27.689204
008862e3-a9c1-4fa1-8ea1-04041249e2aa,Mark Clayton,mark.clayton@acme.com,Marketer,team-1,2017-02-20 17:33:27.689204
f3a17a24-ce48-409a-b2f2-e2e3f9348ab6,Glenda Gaines,glenda.gaines@acme.com,Engineer,team-15,2023-08-10 17:33:27.689204
3bebdc71-648c-4481-bbf8-2616855ab8da,Cameron Kaiser,cameron.kaiser@acme.com,Designer,team-18,2018-07-23 17:33:27.689204
8b1c58df-a845-41d6-85c6-8c7d79be98c2,Laura Thompson,laura.thompson@acme.com,Designer,team-4,2025-05-28 17:33:27.689204
16540763-af53-4396-99eb-f2cecaf653d7,Douglas Brown,douglas.brown@acme.com,Engineer,team-2,2022-05-20 17:33:27.689204
caf663c3-2d86-42ee-8f0c-b6df5f1090aa,Danielle Boyd,danielle.boyd@acme.com,Designer,team-17,2020-06-29 17:33:27.689204
70c3cbe2-3ffd-43f6-aed1-b9702a78b79f,Seth Mendez,seth.mendez@acme.com,Ops,team-7,2018-11-17 17:33:27.689204
35f5b98e-7674-42bc-b9e2-ff2453fb9e1e,Rebekah Powell,rebekah.powell@acme.com,Designer,team-8,2025-01-10 17:33:27.689204
1637a2c8-d9c8-4281-918f-3116e8f6e887,Steven Huffman,steven.huffman@acme.com,Designer,team-12,2022-09-14 17:33:27.689204
64508872-8a54-4631-8a81-623bd488fc6e,Andrew Bryant,andrew.bryant@acme.com,Marketer,team-16,2021-09-20 17:33:27.690944
7c42d4ad-889f-437f-a0d2-f8d92518ce4e,Eric Richardson,eric.richardson@acme.com,Ops,team-7,2020-09-26 17:33:27.690944
9e016cc6-5115-45ef-94ab-25b278454c54,Lisa Huber,lisa.huber@acme.com,Marketer,team-18,2022-06-08 17:33:27.690944
fcc10515-ddf4-4ff5-90c5-0841618b9d0c,Michael Black,michael.black@acme.com,Marketer,team-15,2017-11-05 17:33:27.690944
be13e8d3-a34d-4a94-acbd-017d89842ea6,Amber Jackson,amber.jackson@acme.com,Product Manager,team-15,2020-03-22 17:33:27.690944
6e408321-1903-4b30-aa76-a3729ee933bd,Eric Norris,eric.norris@acme.com,Designer,team-6,2025-03-11 17:33:27.690944
3a18c349-e3c7-4507-972e-0491e0ab76b9,Brandi Powell,brandi.powell@acme.com,Engineer,team-5,2016-07-05 17:33:27.690944
65577b97-f1e4-4a47-bbc4-56c7e776f38a,Marissa Brown,marissa.brown@acme.com,Marketer,team-17,2024-05-12 17:33:27.690944
1da8fb05-1212-4b6b-ae82-22b4a0c405dd,Dominique Herring,dominique.herring@acme.com,Engineer,team-1,2022-11-12 17:33:27.690944
b925716d-ce4c-4a49-b1ba-8bd081afc862,Rebecca Cline,rebecca.cline@acme.com,Designer,team-17,2020-11-20 17:33:27.690944
a793ea96-32a5-4141-a405-ac69cacf44b8,Krista Gomez,krista.gomez@acme.com,Marketer,team-9,2017-03-15 17:33:27.690944
2e7fe05c-3b84-4b56-a289-8facb1707dfa,Sean Gonzales,sean.gonzales@acme.com,Engineer,team-13,2020-04-17 17:33:27.690944
e7b3f1aa-f020-479e-9838-b952f754b2ca,John Moran,john.moran@acme.com,Ops,team-19,2024-08-03 17:33:27.690944
15cb8904-58a3-4269-9755-72eb4d5ddb6f,Mark Wise,mark.wise@acme.com,Designer,team-18,2021-01-27 17:33:27.690944
9c7311c4-db41-4085-94dc-a8293590c964,Kayla Christensen,kayla.christensen@acme.com,Product Manager,team-14,2019-11-25 17:33:27.690944
910f56ae-bdb7-4f32-b403-aabdbb55ab26,Lauren Wilson,lauren.wilson@acme.com,Ops,team-13,2021-02-10 17:33:27.691946
935ab65a-3d67-4d4a-99a4-0e2b59ae5109,Erika Neal,erika.neal@acme.com,Product Manager,team-18,2023-03-13 17:33:27.691946
5636f937-22d9-4e37-be70-fb2e0621e95f,Marilyn Harrison,marilyn.harrison@acme.com,Product Manager,team-4,2017-04-12 17:33:27.691946
00621457-a248-48ec-aafa-21d3390c1744,Denise Cooper,denise.cooper@acme.com,Designer,team-6,2017-09-26 17:33:27.692603
6cc66db5-25de-4899-a4a4-e9d970cd637c,Jason Simpson,jason.simpson@acme.com,Engineer,team-1,2021-02-01 17:33:27.692603
448f1843-a772-497e-bf5b-43d76d16e357,Peter Powell,peter.powell@acme.com,Product Manager,team-17,2024-05-11 17:33:27.692603
15267c15-ffc9-4cd0-b95d-3e4328b14e06,Larry Cook,larry.cook@acme.com,Product Manager,team-6,2022-09-04 17:33:27.692603
782194b6-d7c5-4d22-9f78-1f3ae7fc58f6,Derek Diaz,derek.diaz@acme.com,Product Manager,team-4,2017-06-09 17:33:27.692603
46c276a3-de4c-47ad-8d58-f8ce09a4c77a,Todd Harris,todd.harris@acme.com,Engineer,team-17,2024-03-23 17:33:27.692603
15de1b87-26f2-42c5-a337-1d16c209b896,William Turner,william.turner@acme.com,Designer,team-6,2024-12-13 17:33:27.692603
7cb86a7b-f46c-4b09-83ba-609cc7f134f5,Richard Murray,richard.murray@acme.com,Engineer,team-16,2022-10-04 17:33:27.692603
84c5365f-72ca-4fc9-8287-a8b342861c33,Jasmine Lambert,jasmine.lambert@acme.com,Designer,team-19,2024-06-21 17:33:27.692603
af4260b0-e645-44a1-87ee-5c6f9e0b4639,Bethany Khan,bethany.khan@acme.com,Designer,team-15,2019-10-22 17:33:27.692603
be64317d-61af-43d1-a765-bddf61699c56,Mark Oconnell,mark.oconnell@acme.com,Product Manager,team-6,2019-11-14 17:33:27.692603
0f968a70-dd17-47c7-a38b-e108ffcb03bd,Matthew Robinson,matthew.robinson@acme.com,Marketer,team-9,2017-11-27 17:33:27.692603
83388c62-3fd2-4cb3-b859-d8b69427392a,Kent Mccoy,kent.mccoy@acme.com,Product Manager,team-0,2020-03-24 17:33:27.692603
b593689b-6ad4-4663-bb6f-b655282a98f2,Brittany Myers,brittany.myers@acme.com,Product Manager,team-11,2015-10-06 17:33:27.692603
1d9e5d78-710b-4877-9e75-12e7b5ef1b4c,Michelle Nguyen,michelle.nguyen@acme.com,Product Manager,team-1,2024-03-22 17:33:27.692603
968e5609-db88-4be8-ba13-6f6ff97c9403,Manuel Malone,manuel.malone@acme.com,Marketer,team-10,2020-04-02 17:33:27.694610
6eff7aec-d4a5-41fb-96fd-4f4f273df638,Brett Castillo,brett.castillo@acme.com,Marketer,team-14,2024-08-04 17:33:27.694610
9bf5a40e-f16f-44d7-8737-c51c76847b81,Tina Conner,tina.conner@acme.com,Marketer,team-16,2018-08-10 17:33:27.694610
4b6f92b4-c91d-45dc-b64d-b6d82adee052,Christina Hayes,christina.hayes@acme.com,Designer,team-10,2024-03-05 17:33:27.694610
b325acbc-e11e-40e0-843f-a49f2e320aa7,Rose Smith,rose.smith@acme.com,Marketer,team-12,2023-01-24 17:33:27.694610
26453d7d-08e9-49fc-bbf3-2937c7190882,James Montes,james.montes@acme.com,Marketer,team-3,2022-06-26 17:33:27.694610
14e3021e-cfef-49ac-ac37-3812b0383ad5,Kristina Powell,kristina.powell@acme.com,Marketer,team-3,2025-03-17 17:33:27.694610
5b0ef6a2-54da-46bb-a8b0-2cf31622f848,Kevin Garza,kevin.garza@acme.com,Marketer,team-17,2019-01-22 17:33:27.694610
42deef27-ad21-4a05-8805-944125ab91c8,Jason Vasquez,jason.vasquez@acme.com,Product Manager,team-5,2024-07-05 17:33:27.694610
700d5bd9-d2f4-43fb-9fac-a79254226f60,Lisa Summers,lisa.summers@acme.com,Marketer,team-0,2023-11-27 17:33:27.694610
885d52b7-03c8-4598-8eae-3b24d5da1ff2,Brian Pham,brian.pham@acme.com,Designer,team-13,2015-12-16 17:33:27.694610
66a89487-614b-4e67-a1ed-5eb738fb78ff,Deanna Norman,deanna.norman@acme.com,Engineer,team-6,2020-07-16 17:33:27.694610
bb8ee47d-137a-4d7d-8163-110aafbcaed8,Vanessa Robertson,vanessa.robertson@acme.com,Designer,team-1,2020-07-12 17:33:27.695621
33a8ea52-28f9-43a3-828a-65172a0f0fc9,Aimee Charles,aimee.charles@acme.com,Ops,team-5,2023-01-26 17:33:27.695621
1d972a6d-69bc-40ba-8bd3-4e014e11f032,Miss Angela Mitchell,miss.angela.mitchell@acme.com,Product Manager,team-17,2024-07-14 17:33:27.695621
63932e71-d18e-474d-baf4-b1903f5fbd8e,Kenneth Lynch,kenneth.lynch@acme.com,Designer,team-5,2022-10-31 17:33:27.695621
828d2cc4-44b9-4aca-ab34-3507f10b8eb4,Tamara Murphy,tamara.murphy@acme.com,Engineer,team-8,2023-10-03 17:33:27.695621
9381e837-c4be-4c68-8411-cdaf5f05b604,Jessica White,jessica.white@acme.com,Engineer,team-14,2019-03-07 17:33:27.696313
09f4b894-93f5-44f7-990d-e02579121c76,Cindy Allen,cindy.allen@acme.com,Engineer,team-15,2018-09-05 17:33:27.696313
2b6626d8-7f63-4ecc-a6b7-e7d196dc246f,Andrew Reyes,andrew.reyes@acme.com,Product Manager,team-3,2021-01-03 17:33:27.696313
476ea3e6-c84d-4437-82eb-3cc52ca80e4f,Lucas Flores,lucas.flores@acme.com,Product Manager,team-17,2023-03-01 17:33:27.696313
cecb2ca9-80ab-4f2b-86bc-710fb8b450c6,Peter Young,peter.young@acme.com,Marketer,team-16,2019-01-23 17:33:27.696313
ee908b9c-df46-4a27-aeb5-790bf324e5d3,Eric Murillo,eric.murillo@acme.com,Product Manager,team-1,2021-11-21 17:33:27.696313
bff047c6-fc9f-496b-9249-ff0529395e46,Marie Hicks,marie.hicks@acme.com,Engineer,team-15,2018-04-19 17:33:27.696313
cc36cda0-d79c-4205-bc69-75fb1e9dd575,Richard Carlson,richard.carlson@acme.com,Product Manager,team-17,2018-11-15 17:33:27.696313
627b840a-6839-4b53-88fc-7ca29bcc5d2b,David Hammond,david.hammond@acme.com,Ops,team-14,2024-04-06 17:33:27.696313
5c35c280-035c-47df-863a-8c7c1a8107af,Michael Flores,michael.flores@acme.com,Ops,team-14,2025-12-31 17:33:27.696313
8f0578c6-fe2f-4fdd-811a-3c3b0bf519d0,Mrs. Martha Fuller,mrs..martha.fuller@acme.com,Ops,team-3,2020-04-01 17:33:27.696313
2eb466d3-9150-4195-9c53-ada50703e1c6,Cameron Smith,cameron.smith@acme.com,Engineer,team-7,2020-01-01 17:33:27.696313
54e90bf7-cd2e-4cae-babe-c43666324f2d,Jeffrey Todd,jeffrey.todd@acme.com,Product Manager,team-12,2017-03-07 17:33:27.696313
8325fb3c-e70f-4379-81ad-38f1e10c58f4,Frances Werner,frances.werner@acme.com,Marketer,team-7,2025-07-30 17:33:27.696313
6862152c-ab6d-4ca2-9333-cd40bb750372,Johnathan Wood,johnathan.wood@acme.com,Product Manager,team-17,2019-04-28 17:33:27.696313
76380838-3404-40fc-bcbb-db1ead44c882,Julie Duran,julie.duran@acme.com,Designer,team-16,2025-05-30 17:33:27.696313
bfa3a795-4a93-46ba-8c7c-7bcead10da41,Hector Hickman,hector.hickman@acme.com,Engineer,team-4,2015-10-23 17:33:27.696313
deaffe66-fc08-4321-85aa-f665bc573c26,Jill Cabrera,jill.cabrera@acme.com,Engineer,team-13,2022-11-02 17:33:27.696313
8c20ff48-0334-4024-ae61-bb2169c1532d,Javier Phelps,javier.phelps@acme.com,Ops,team-10,2023-03-14 17:33:27.696313
3ff3ff54-e8b3-4884-b683-d377f777a526,Christopher Aguilar,christopher.aguilar@acme.com,Product Manager,team-6,2021-05-18 17:33:27.696313
f8d11894-1963-427c-a0c0-e8b6524f404d,Chris Griffith,chris.griffith@acme.com,Marketer,team-2,2016-04-14 17:33:27.696313
4dc52886-a424-444b-b4b6-dbf80a50fdc8,Joseph Hardy,joseph.hardy@acme.com,Designer,team-3,2020-12-21 17:33:27.696313
f5f14a24-7a6f-4001-981b-1e95d2556ce8,Clinton Pratt,clinton.pratt@acme.com,Ops,team-14,2020-12-18 17:33:27.696313
b6386b53-0815-45f1-9ad6-9efe330b4ee8,Tanya Johnson,tanya.johnson@acme.com,Product Manager,team-3,2023-02-12 17:33:27.696313
1d79c0a2-57a4-40a4-9b15-034b595a793c,Kenneth Brown,kenneth.brown@acme.com,Engineer,team-19,2020-06-17 17:33:27.696313
84113c8f-7c8e-4423-b52e-87a9a9e1fb63,Alicia Ray,alicia.ray@acme.com,Product Manager,team-5,2021-01-24 17:33:27.696313
a735f12a-dd36-4ccb-b76c-399b989cfc2f,Daniel Francis,daniel.francis@acme.com,Engineer,team-4,2018-03-07 17:33:27.696313
18b89efe-72fb-4644-8650-cc104066a542,Megan Santos,megan.santos@acme.com,Engineer,team-10,2025-04-18 17:33:27.696313
70a4e9a0-e8bc-4b75-95ed-7a88333bbcab,Zachary Walton,zachary.walton@acme.com,Ops,team-8,2017-03-01 17:33:27.696313
bbbea256-3bf0-429a-ba83-a95d8f1d53f5,Thomas Carter,thomas.carter@acme.com,Product Manager,team-15,2020-05-30 17:33:27.696313
6b6a7053-b634-4db0-8db3-8ac16b92833e,Francisco Davis,francisco.davis@acme.com,Marketer,team-11,2016-04-06 17:33:27.696313
9521e5c0-8bd4-4c38-8746-77158433173e,David Mitchell,david.mitchell@acme.com,Marketer,team-4,2019-01-04 17:33:27.696313
39b65380-2ae6-4d09-bac9-74cb8862983e,Richard Burns,richard.burns@acme.com,Marketer,team-14,2019-01-14 17:33:27.696313
be6c8901-8418-4d4b-bad4-833d07bda277,Samantha Ballard,samantha.ballard@acme.com,Product Manager,team-8,2024-02-17 17:33:27.696313
afd8fa3f-d5e3-42a5-90a1-d984b65a9f24,Kyle Day,kyle.day@acme.com,Engineer,team-2,2023-12-20 17:33:27.696313
1ec849ff-502e-4139-929b-bf53af73e667,Kelly Warren,kelly.warren@acme.com,Designer,team-18,2023-09-02 17:33:27.696313
0a873470-7264-4a19-96f4-5186b3482bc3,William Marquez,william.marquez@acme.com,Ops,team-8,2020-08-22 17:33:27.696313
21defdf6-c675-4dec-969f-e1cf62e22140,Troy Caldwell,troy.caldwell@acme.com,Product Manager,team-11,2016-03-18 17:33:27.696313
3b97467a-cd7c-49c2-b6da-47aeb9889539,Kaitlyn Valencia,kaitlyn.valencia@acme.com,Marketer,team-8,2019-12-18 17:33:27.696313
a28c00e4-9f99-44a9-a084-4b5c31784ced,Tracy Savage,tracy.savage@acme.com,Ops,team-4,2015-08-29 17:33:27.696313
911936d6-6ef5-4afe-9712-16dd44345c90,Diana Duffy,diana.duffy@acme.com,Marketer,team-5,2022-08-01 17:33:27.696313
01931075-b024-4314-8c66-c6f23ee495b1,Tammy Hamilton,tammy.hamilton@acme.com,Designer,team-18,2017-06-08 17:33:27.696313
8ce65030-6f7b-41d3-ac3c-00ab61071115,Lisa Williams,lisa.williams@acme.com,Designer,team-12,2015-12-19 17:33:27.696313
85f06a14-4a45-45e1-8bf7-a23f0300262d,Sandra Shelton,sandra.shelton@acme.com,Ops,team-16,2023-08-23 17:33:27.696313
05c73e75-c3bc-4ca9-b220-af461c74261e,Eileen Morgan,eileen.morgan@acme.com,Marketer,team-2,2018-12-07 17:33:27.696313
045422b9-32e4-4178-8736-bbefcfdb91cb,John Lewis,john.lewis@acme.com,Marketer,team-10,2023-08-30 17:33:27.696313
c8d7d011-526c-4dd5-bcd3-a7fe207f9cc5,Jacob Washington,jacob.washington@acme.com,Designer,team-8,2021-10-12 17:33:27.696313
bca1f62a-a4ad-4621-9117-23cf035315a9,Michelle Schmidt,michelle.schmidt@acme.com,Designer,team-1,2017-10-30 17:33:27.696313
c4cc81d7-b7d6-4b9a-9067-1417473a1a2c,Gerald Deleon,gerald.deleon@acme.com,Ops,team-10,2022-01-25 17:33:27.696313
b7e80fc7-600a-41a4-8f7a-9fcaaf516f97,Carla Cummings,carla.cummings@acme.com,Product Manager,team-1,2019-09-02 17:33:27.696313
000d42c8-ffd4-4330-9edb-7f5a8c631c84,Brandon Graham,brandon.graham@acme.com,Designer,team-9,2019-11-29 17:33:27.696313
c6f190ab-eaf4-4410-8bd6-f19e9e3f1245,Joseph Clements,joseph.clements@acme.com,Product Manager,team-15,2016-07-01 17:33:27.696313
5d5501eb-2fbc-4139-b37d-3460ae1f00b8,Mario Thomas,mario.thomas@acme.com,Engineer,team-5,2021-12-29 17:33:27.696313
21c082a2-7062-46e2-bac5-6d0994806147,Taylor Farley,taylor.farley@acme.com,Engineer,team-18,2019-12-09 17:33:27.696313
30b273aa-e2d1-4796-ba81-1c6b2b989d2c,Ronald Moore,ronald.moore@acme.com,Designer,team-8,2025-11-24 17:33:27.696313
34730030-b3ef-4d1e-bb4f-fc3e853e9cf7,Tony Smith,tony.smith@acme.com,Engineer,team-17,2025-08-06 17:33:27.696313
47ef1d48-58d8-4bda-b17e-5c8091019f94,Leslie Donovan,leslie.donovan@acme.com,Ops,team-4,2023-06-03 17:33:27.700403
76e1f62b-0b3a-48f2-a0a4-368f66e26db3,James Mcfarland,james.mcfarland@acme.com,Ops,team-11,2018-01-26 17:33:27.700403
a8c724a9-8315-476b-a936-635f291d268c,Madison Humphrey,madison.humphrey@acme.com,Ops,team-6,2024-06-23 17:33:27.700403
e076fc17-064a-4a5c-bb7c-802db60418fc,Craig Grimes,craig.grimes@acme.com,Designer,team-3,2022-02-06 17:33:27.700403
814c56ae-cc0f-4510-baf9-c20b620c87c9,Eddie Edwards,eddie.edwards@acme.com,Product Manager,team-8,2020-02-28 17:33:27.700403
24c6f820-e343-4809-8b3d-6303f39a562c,Jesse Wells,jesse.wells@acme.com,Marketer,team-19,2018-10-10 17:33:27.700403
30d877d3-ad6f-4537-8298-0c405c14c20b,Robert Reynolds,robert.reynolds@acme.com,Ops,team-7,2024-06-22 17:33:27.700403
10fb1f66-31da-481d-9f06-ca316dedb713,Casey Romero,casey.romero@acme.com,Ops,team-4,2023-07-13 17:33:27.700403
b03aad43-b8e0-4aee-8050-13d39612b977,Michael Webb,michael.webb@acme.com,Product Manager,team-8,2017-10-03 17:33:27.700403
17ace16c-adaf-4ba7-90ce-dbf3995eea33,Austin Crawford,austin.crawford@acme.com,Ops,team-5,2023-10-21 17:33:27.700403
d5f6e6c4-7e70-43b0-83f1-5a03ff01f4bf,Emily Garza,emily.garza@acme.com,Ops,team-9,2025-07-15 17:33:27.700403
56130435-052a-4b5a-a9db-f4e0fcee8cba,Leah Ayala,leah.ayala@acme.com,Ops,team-19,2025-08-17 17:33:27.700403
6ea95cb0-863d-4669-8cdc-589c9fe54181,Robert Brady,robert.brady@acme.com,Designer,team-3,2018-02-16 17:33:27.700403
5aab746e-2c1f-47d6-99e7-5b9497091666,Isabel Frazier,isabel.frazier@acme.com,Ops,team-13,2023-01-29 17:33:27.700403
3d2f533d-6f31-4b72-9265-6022179cfde1,Willie Moore,willie.moore@acme.com,Designer,team-19,2022-01-10 17:33:27.700403
c5507540-5641-43ec-abea-11b0030db66e,Kathleen Garrison,kathleen.garrison@acme.com,Product Manager,team-5,2023-07-26 17:33:27.700403
0fafc3d8-8589-4684-a5d2-20162b1804bb,Ronald Miranda,ronald.miranda@acme.com,Designer,team-1,2019-03-05 17:33:27.700403
a35aa3ef-595a-4c2e-b6d9-fa7d8f3c5f8e,Nicole Martinez,nicole.martinez@acme.com,Ops,team-3,2017-07-29 17:33:27.700403
899aecbd-78ab-4bd5-b903-9f36e365d73d,Katherine Johnson,katherine.johnson@acme.com,Marketer,team-16,2018-06-22 17:33:27.700403
b1bbab9b-deb0-4b86-828a-e3442883f6ac,Patrick Wallace,patrick.wallace@acme.com,Marketer,team-16,2025-11-22 17:33:27.700403
b52a0584-0940-4145-83c8-f1b85c13a35e,Oscar Wright,oscar.wright@acme.com,Product Manager,team-1,2022-01-29 17:33:27.700403
95ee7774-8c38-4b52-b57a-007ac8eb9cfd,Christopher Taylor,christopher.taylor@acme.com,Product Manager,team-19,2023-02-01 17:33:27.700403
a60dd5fd-62ef-406f-b0d5-9e85b5a41f84,Cathy Morgan,cathy.morgan@acme.com,Product Manager,team-9,2022-02-25 17:33:27.700403
4505cf0e-5574-4aca-9591-88999aebefe3,Kaitlyn Lam,kaitlyn.lam@acme.com,Designer,team-13,2025-04-03 17:33:27.700403
9d4486a8-5875-4d62-beef-f571d4b33cb1,Jamie Jordan,jamie.jordan@acme.com,Ops,team-2,2021-05-23 17:33:27.700403
f84ccaf7-4309-4713-a59d-1372a090d782,Joshua Evans,joshua.evans@acme.com,Ops,team-6,2020-01-29 17:33:27.700403
73d21e02-7b9a-43e8-9590-83144f3fb851,Maria Morgan,maria.morgan@acme.com,Ops,team-18,2023-11-10 17:33:27.700403
b98a5de7-ed51-42dc-9be2-2746e12be464,Melissa Gomez,melissa.gomez@acme.com,Marketer,team-19,2022-11-04 17:33:27.700403
2d98c1ce-7f08-413a-9175-e8457a888697,Joshua Stephens,joshua.stephens@acme.com,Designer,team-10,2025-06-13 17:33:27.700403
c8f8e9ff-5ef2-41b6-b13a-b870f13cbb9a,Karen Short,karen.short@acme.com,Marketer,team-13,2023-11-23 17:33:27.700403
38ee735f-6743-47ee-b668-b3566a5daf3b,Amanda Ferrell,amanda.ferrell@acme.com,Marketer,team-9,2020-05-11 17:33:27.700403
53130cf3-2391-4df5-aca5-c631f192526a,William Lamb,william.lamb@acme.com,Marketer,team-14,2019-05-18 17:33:27.700403
227884e3-bf0d-489a-8ce7-5526c5d926e2,Lauren Palmer,lauren.palmer@acme.com,Ops,team-6,2016-01-12 17:33:27.700403
e864c85d-1a8a-4c37-9ad3-b21c725f1df2,Luis Thompson,luis.thompson@acme.com,Engineer,team-3,2025-05-27 17:33:27.700403
103016d3-529e-4107-94e0-cf046cea133c,Christine Meyers,christine.meyers@acme.com,Designer,team-0,2021-06-25 17:33:27.700403
ce46792f-b072-4361-9d69-0023a0a42c0d,Alyssa Beck,alyssa.beck@acme.com,Product Manager,team-2,2022-12-01 17:33:27.700403
d9b3b1b3-6eb2-490c-b08f-8c7ed06d77e5,Joseph Galvan,joseph.galvan@acme.com,Designer,team-10,2016-04-14 17:33:27.700403
042e23a8-8288-4ef4-82d5-95da4aee22a2,Maria Jordan,maria.jordan@acme.com,Product Manager,team-4,2019-01-17 17:33:27.700403
0551d05c-ad09-4269-b8ae-f40b4349c507,Erika Young DVM,erika.young.dvm@acme.com,Designer,team-17,2024-12-02 17:33:27.700403
7db4b4d4-8feb-4f0a-895d-bec3ed23dc7b,Seth Peterson,seth.peterson@acme.com,Designer,team-8,2019-11-18 17:33:27.700403
b0dafe0e-8a76-4f7b-99e2-6ba8f182ac17,Michael Gonzalez,michael.gonzalez1@acme.com,Engineer,team-3,2016-10-08 17:33:27.700403
3bc00589-ef30-4042-b171-e38d078d4353,Linda Rowe,linda.rowe@acme.com,Ops,team-7,2024-02-19 17:33:27.700403
ae6d949d-d1d6-4979-a50b-32b8ebfa2086,John Rose,john.rose@acme.com,Engineer,team-16,2024-08-21 17:33:27.700403
47f4119b-34cf-4437-8b5c-7fbc36a18cde,Isaac Bowers,isaac.bowers@acme.com,Ops,team-16,2025-04-17 17:33:27.700403
ba4650d6-e75c-4463-94f1-13d1c4670d2f,Denise Chavez DDS,denise.chavez.dds@acme.com,Marketer,team-3,2020-03-11 17:33:27.700403
abdbcf25-55e8-4a3f-b03e-7d0f4d8e5d66,Mr. Andrew Williams,mr..andrew.williams@acme.com,Product Manager,team-5,2019-12-09 17:33:27.700403
5642122f-6194-4d07-aecf-cecca6839619,Nicholas Barnes,nicholas.barnes@acme.com,Product Manager,team-0,2017-03-07 17:33:27.700403
80d87bb1-ff6a-4851-8c45-c1ffbb92da9d,Taylor Martinez,taylor.martinez@acme.com,Marketer,team-6,2019-09-25 17:33:27.700403
da5b6622-e3b6-404f-9f96-789ef0d01106,Steven Flores,steven.flores@acme.com,Marketer,team-6,2024-05-15 17:33:27.700403
1ff731be-edd6-44e9-9a53-d1324b5f6ba7,Nicole Gray,nicole.gray@acme.com,Ops,team-1,2022-01-22 17:33:27.700403
2b1e79fc-18b9-4c6b-b0c4-5f871a8ddd58,Matthew Morris,matthew.morris@acme.com,Engineer,team-19,2022-11-25 17:33:27.700403
f9045336-f56a-445e-9e48-a0579b17a929,Felicia Owen,felicia.owen@acme.com,Product Manager,team-14,2018-10-22 17:33:27.700403
147f2dee-6c93-4864-9222-63c40b93d091,Christopher Calderon,christopher.calderon@acme.com,Ops,team-10,2023-07-27 17:33:27.700403
ca334fb4-fdad-4eaf-9196-af5004c8b41b,Hayden Leonard,hayden.leonard@acme.com,Engineer,team-2,2022-08-02 17:33:27.700403
871df47c-8fb2-428e-8a5b-49a7fd22a88f,Gary Simon DDS,gary.simon.dds@acme.com,Ops,team-5,2017-03-11 17:33:27.700403
03879484-e72f-4976-896b-088613870a61,Kelsey Gates,kelsey.gates@acme.com,Engineer,team-11,2022-11-17 17:33:27.700403
c25c2320-137d-4027-86ac-1554a838cd56,Robert Lewis,robert.lewis@acme.com,Product Manager,team-16,2020-02-27 17:33:27.700403
563f31ee-ef85-4fa7-9861-4f9965d120db,Kimberly Moreno,kimberly.moreno@acme.com,Ops,team-6,2017-05-08 17:33:27.700403
002e6838-4f15-42e4-ad84-314ace537b98,Brian Chan,brian.chan@acme.com,Marketer,team-1,2017-07-06 17:33:27.700403
30fdc291-aaa8-4518-9f9e-3a9dbc36b739,Miguel Castro,miguel.castro@acme.com,Marketer,team-0,2023-09-05 17:33:27.700403
11f77ddf-1834-424c-930d-d89592efef61,Albert Hughes,albert.hughes@acme.com,Designer,team-9,2023-09-17 17:33:27.700403
3a4a74d5-910c-4006-87af-a861d85820cd,Stephen Dawson,stephen.dawson@acme.com,Engineer,team-12,2019-05-30 17:33:27.700403
dbd369e4-9660-4907-aa33-73e2ed82393f,Tina Santos,tina.santos@acme.com,Marketer,team-18,2020-04-07 17:33:27.700403
19c9679b-f5e3-4cc3-a5c9-77e804119ab4,Robin Yang,robin.yang@acme.com,Designer,team-18,2025-10-03 17:33:27.700403
e6771db6-f3dd-40a5-9411-a423f91e011b,Jennifer Davis DDS,jennifer.davis.dds@acme.com,Engineer,team-17,2017-02-23 17:33:27.700403
dcccfb54-1638-40e8-91ae-ea22d7cbd930,Katherine Cox,katherine.cox@acme.com,Engineer,team-5,2021-08-14 17:33:27.700403
f11afd4d-3b47-44b6-830b-8af500ce2756,Danny Odonnell,danny.odonnell@acme.com,Marketer,team-1,2018-07-28 17:33:27.700403
3f5fc724-14a3-475a-a907-9df86ee8fe6f,Melanie Ramirez,melanie.ramirez@acme.com,Ops,team-1,2020-07-22 17:33:27.700403
486e1f7f-e09d-4c2c-ac08-b804b2344c83,Robert Weber,robert.weber@acme.com,Engineer,team-1,2024-04-16 17:33:27.700403
7346643d-2e5f-4a3e-98d3-a5b6cebdee86,Joshua Guerra,joshua.guerra@acme.com,Engineer,team-5,2025-10-04 17:33:27.700403
a0ef73d8-84bd-4a1a-b8ce-7ee959af6c63,Bethany Mcbride,bethany.mcbride@acme.com,Ops,team-16,2016-02-14 17:33:27.700403
b6b934e0-56e9-42fc-8e90-b3009c51a0a9,Suzanne Huff,suzanne.huff@acme.com,Engineer,team-0,2019-07-15 17:33:27.700403
20b08bb7-4b34-4735-84ee-851c0252edd4,Jennifer Edwards,jennifer.edwards@acme.com,Designer,team-13,2018-03-09 17:33:27.700403
66dd769c-fd4f-40c3-bfb5-6441e469a6ec,Timothy Hawkins,timothy.hawkins@acme.com,Ops,team-16,2022-01-23 17:33:27.700403
ae1a1ebf-3de0-4a58-8db5-603ff95770ed,Brian Thomas,brian.thomas@acme.com,Product Manager,team-19,2017-10-25 17:33:27.700403
43a8f86d-0dd3-4f12-ba06-fa4b4c7b09e5,Suzanne Jordan,suzanne.jordan@acme.com,Ops,team-4,2023-08-05 17:33:27.700403
3692c601-448f-4676-ae1a-8c21dbb034b8,John Harris,john.harris@acme.com,Ops,team-15,2018-07-06 17:33:27.700403
3f2766e7-3a3b-4496-a252-9b2f55fa5964,Erica Evans,erica.evans@acme.com,Product Manager,team-4,2020-11-05 17:33:27.700403
85fbd6b7-d074-4a6c-a338-ddb35afbff30,Mr. Jeffrey Dickson,mr..jeffrey.dickson@acme.com,Ops,team-2,2020-01-13 17:33:27.700403
5cda1e91-df03-4be9-a31e-96ddd80ce4b1,Melissa Jensen,melissa.jensen@acme.com,Engineer,team-0,2017-12-07 17:33:27.700403
63163d2a-9aab-401b-ac9f-edf0a239f88c,Joseph Martinez,joseph.martinez@acme.com,Ops,team-19,2017-10-05 17:33:27.700403
4d87c1e7-6176-4527-8053-cff79e25a62b,Elizabeth Price,elizabeth.price@acme.com,Product Manager,team-3,2017-01-01 17:33:27.700403
51c51f18-23c0-4cd9-92a1-52ed1eac5d40,Jacqueline Young,jacqueline.young@acme.com,Ops,team-2,2019-02-08 17:33:27.700403
42d925be-3fbc-49a1-a535-d32d026d65b9,Randall James,randall.james@acme.com,Engineer,team-8,2015-10-19 17:33:27.700403
9759e3ca-68b1-4ffe-aa50-8620f9f5973b,Joanna Larson,joanna.larson@acme.com,Ops,team-2,2021-09-23 17:33:27.700403
735706b1-c012-45d9-867d-044cc7fc49c4,Jeremy Douglas,jeremy.douglas@acme.com,Product Manager,team-19,2021-03-20 17:33:27.700403
f685448b-fa24-4ca5-97cc-038c4e2b1140,Bryan Pace,bryan.pace@acme.com,Marketer,team-4,2024-04-29 17:33:27.700403
8175101d-5ba0-4a4a-8d41-d8b31de25822,Patrick Kelly,patrick.kelly@acme.com,Ops,team-0,2018-07-18 17:33:27.700403
5182ff11-e0ed-4e40-8d1e-e51dffe80fa1,Francis Gonzalez,francis.gonzalez@acme.com,Designer,team-14,2019-01-07 17:33:27.700403
5a3800f1-e63a-420a-a51f-4ceeb85e8638,David Cantrell,david.cantrell@acme.com,Marketer,team-10,2025-07-29 17:33:27.700403
cb0c3d02-09be-4c86-9ad6-c4a12206ba06,Jimmy Jensen,jimmy.jensen@acme.com,Designer,team-6,2024-01-02 17:33:27.700403
bd35e8c3-f223-45dc-a53f-e32c5f2018de,Joanne Phillips,joanne.phillips@acme.com,Designer,team-18,2025-07-15 17:33:27.700403
82006880-3560-4930-bc15-b569a8f45640,Javier Bates,javier.bates@acme.com,Engineer,team-2,2016-02-10 17:33:27.700403
5bd591be-976e-409a-ad8d-e267c63e5b3d,Krista Macias,krista.macias@acme.com,Product Manager,team-15,2018-07-07 17:33:27.700403
c9443ff7-5dd6-4287-9c57-c85986e307c5,Samantha Smith DDS,samantha.smith.dds@acme.com,Product Manager,team-8,2015-09-30 17:33:27.700403
eca27099-5906-46ff-ae40-0c387726eb61,Jade Baker,jade.baker@acme.com,Product Manager,team-19,2021-10-29 17:33:27.700403
99f9b07a-f809-4697-b6a5-73def56e6f6e,Tara Taylor,tara.taylor@acme.com,Product Manager,team-12,2020-10-16 17:33:27.700403
6c5f0109-8c75-49e9-a2ca-14418781273f,Tracey Williams,tracey.williams@acme.com,Designer,team-4,2018-05-14 17:33:27.700403
73b91d51-5c39-4a45-9964-d84b8c1533f4,Brian Crawford,brian.crawford@acme.com,Ops,team-6,2024-07-04 17:33:27.700403
28965fa4-234a-483c-a6f0-1d50f8dc786f,Crystal Davenport,crystal.davenport@acme.com,Engineer,team-18,2018-10-29 17:33:27.700403
59d6df64-28c8-4ec8-b173-253081fc0bec,Patrick Allen,patrick.allen@acme.com,Engineer,team-2,2015-11-26 17:33:27.700403
376c1153-fda7-49c2-a0ff-cd9f4f5bc4f9,Bradley Green,bradley.green@acme.com,Engineer,team-7,2022-05-25 17:33:27.700403
a10db218-e64a-4ed6-b5a1-dda5d0c6a6c1,Tyler Brown,tyler.brown@acme.com,Engineer,team-17,2023-04-16 17:33:27.700403
83cf7dd5-f8f2-4910-8eb2-7ed8a79e4892,Nicole Hooper,nicole.hooper@acme.com,Marketer,team-5,2018-07-04 17:33:27.700403
e9100bce-d44e-4c05-b3af-11be63c6abe7,Jillian Leach,jillian.leach@acme.com,Product Manager,team-3,2025-03-30 17:33:27.700403
3d5d21f3-57ff-43a3-aef3-6d79c13a0c64,Phillip Moore,phillip.moore@acme.com,Engineer,team-19,2023-08-15 17:33:27.708468
b81aca4a-aa37-499d-bf95-0882fdc63184,Caleb Myers,caleb.myers@acme.com,Product Manager,team-6,2017-09-04 17:33:27.708468
277c896a-b5cd-4f8c-b990-577650e5da84,Scott Ferguson,scott.ferguson@acme.com,Engineer,team-3,2019-12-27 17:33:27.708468
2240b714-66d1-4e6d-8d15-e8512ec3ff48,Jennifer Cooper,jennifer.cooper@acme.com,Engineer,team-0,2020-08-24 17:33:27.708468
4add9a32-3607-45c2-a06e-f7cc769921e4,Maria White,maria.white@acme.com,Ops,team-1,2024-08-19 17:33:27.708468
3fa050c4-cbda-49d9-aad8-c62122dcdb4a,Jessica Williams,jessica.williams@acme.com,Engineer,team-3,2017-05-28 17:33:27.708468
7ae09356-e6fe-40cf-b3e8-7f1af030d6f7,Lisa Green DDS,lisa.green.dds@acme.com,Designer,team-2,2019-03-01 17:33:27.708468
2485d2b8-e60e-4018-9705-4dcddfaaeca8,Pam Wilson,pam.wilson@acme.com,Marketer,team-17,2025-08-22 17:33:27.708468
535fd35e-83d1-4721-ae4f-79c45b7d7e03,Michelle Rodriguez,michelle.rodriguez@acme.com,Product Manager,team-7,2016-01-10 17:33:27.708468
101b0957-9047-4dc4-9b9d-89b68f96a922,Lisa Williams,lisa.williams1@acme.com,Designer,team-17,2023-02-17 17:33:27.708468
d4978130-0640-4aa2-868f-76374711c3a3,Toni Coleman,toni.coleman@acme.com,Marketer,team-4,2020-01-04 17:33:27.708468
535c95fd-9cb7-418b-a17b-1ac3ba2729ce,Nancy White,nancy.white@acme.com,Marketer,team-19,2016-10-17 17:33:27.708468
eafe2840-2248-4b63-aec1-fdbb34bff9c6,Cynthia Contreras,cynthia.contreras@acme.com,Marketer,team-1,2021-11-26 17:33:27.708468
8fe69199-11eb-40bc-9528-1bed15be5f82,Lisa Green,lisa.green@acme.com,Designer,team-11,2021-04-03 17:33:27.708468
398e90aa-5a3b-4a77-b780-796071a6c945,Kyle James,kyle.james@acme.com,Ops,team-13,2018-02-01 17:33:27.708468
8e98c300-0850-4b02-b164-f47b3c22a60d,Donna Morrison,donna.morrison@acme.com,Marketer,team-1,2017-02-12 17:33:27.708468
52e2392c-d097-4577-b367-4d57ecb79640,Mark Cummings,mark.cummings@acme.com,Marketer,team-0,2019-01-31 17:33:27.708468
8de26ce0-ecae-4bdd-a31d-66f0a1db4eca,Rhonda Johnston,rhonda.johnston@acme.com,Designer,team-12,2025-06-05 17:33:27.708468
ac3b2db8-d4b9-4829-af43-ab9433ecb699,Jackie White,jackie.white@acme.com,Ops,team-5,2024-12-22 17:33:27.710477
d837ccd8-fd6b-48f0-b8ae-11a5fadac18b,Katherine Elliott,katherine.elliott@acme.com,Engineer,team-10,2016-09-23 17:33:27.710477
cdc9b56a-e320-49ca-a321-153414ff021c,Stacy Hall,stacy.hall@acme.com,Engineer,team-3,2018-08-28 17:33:27.710477
6b793eab-2374-405c-a0c1-f9d61688aec6,Amanda Baker,amanda.baker@acme.com,Product Manager,team-19,2016-02-03 17:33:27.710477
3c0fbfc2-52fd-4596-a108-59ab4524edcb,Mary Thomas,mary.thomas@acme.com,Product Manager,team-11,2017-09-20 17:33:27.710477
5b18ab9c-3167-4117-93e3-792c4a10749c,Jimmy Beltran,jimmy.beltran@acme.com,Marketer,team-18,2024-12-14 17:33:27.710477
9258cbc7-5c77-4feb-81ae-e96964df932a,Kyle Ramirez,kyle.ramirez@acme.com,Designer,team-8,2020-04-05 17:33:27.710477
d1e45cbd-e61d-4a54-bdee-6ac4ddfadf01,Tonya Colon,tonya.colon@acme.com,Ops,team-18,2016-08-29 17:33:27.710477
b858814a-921a-4ac1-b26f-cc9cb784fc2b,Brenda Guerrero,brenda.guerrero@acme.com,Designer,team-10,2022-06-13 17:33:27.710477
8071ea10-344f-40a1-93af-6292082409b3,Jonathan Fields,jonathan.fields@acme.com,Ops,team-9,2025-01-13 17:33:27.710477
2d3c3d8c-2ccd-4ceb-9019-c45a3c8261d6,Margaret Young,margaret.young@acme.com,Marketer,team-2,2025-08-27 17:33:27.710477
ecbb6172-918e-4690-97ad-20f6a0f985e7,Stephen Fernandez,stephen.fernandez@acme.com,Designer,team-6,2020-02-23 17:33:27.710477
c368ecdc-31e8-4f69-b34a-f1e1e8677a20,Oscar Mccall,oscar.mccall@acme.com,Marketer,team-1,2018-04-08 17:33:27.710477
0994c638-47a0-4238-8e94-282fa64e4eb1,Kendra Mcmahon,kendra.mcmahon@acme.com,Ops,team-17,2016-10-29 17:33:27.710477
28f95b80-8472-44ac-8b06-05738712f7bb,Alejandro Gomez,alejandro.gomez@acme.com,Product Manager,team-1,2019-05-17 17:33:27.710477
31621588-7f6b-45f0-b062-ca2fa9596798,Robert Solomon,robert.solomon@acme.com,Engineer,team-19,2020-09-18 17:33:27.710477
9faed0ca-b307-411a-b4ca-b3d5661e09b6,Edward Collins,edward.collins@acme.com,Ops,team-14,2021-07-26 17:33:27.710477
d872e7f5-4de2-4240-9d4f-71fd2f93c574,Derek Newman,derek.newman@acme.com,Engineer,team-4,2015-11-12 17:33:27.710477
93e94192-2fe0-416e-809c-0faac50f1dc8,Calvin Martinez,calvin.martinez@acme.com,Ops,team-14,2018-08-05 17:33:27.710477
62d2024b-2c2b-4373-8457-116182cd2b58,Larry Collins,larry.collins@acme.com,Engineer,team-18,2017-10-10 17:33:27.710477
f0f79017-2fe8-4ceb-9721-4c66dfc0ab0f,Mercedes Reynolds,mercedes.reynolds@acme.com,Ops,team-12,2022-12-29 17:33:27.710477
b4502dbc-bafa-4f97-8f1c-929ea4caea84,Tanya Jones,tanya.jones@acme.com,Ops,team-0,2021-02-25 17:33:27.710477
f3780d08-e0cc-45a2-853c-a7cf65e3c647,John Fry,john.fry@acme.com,Designer,team-19,2023-08-30 17:33:27.712175
42390fdc-5609-436e-936c-bc15a41a8c95,Charles Alvarez,charles.alvarez@acme.com,Marketer,team-15,2016-09-13 17:33:27.712175
e968cba3-8bb8-4da5-9385-9fbb78092058,Joshua Cisneros,joshua.cisneros@acme.com,Product Manager,team-17,2024-12-12 17:33:27.712175
86f30f3c-fa77-4149-bdce-7e80eef413f8,Thomas Smith,thomas.smith@acme.com,Engineer,team-10,2015-09-06 17:33:27.712175
5b23e5d2-a938-4789-96b3-9367d2202141,Carl Jackson,carl.jackson@acme.com,Ops,team-13,2022-08-04 17:33:27.712175
b333133d-a9dd-4f31-9483-ac8310dcfbdb,James Ramirez,james.ramirez@acme.com,Product Manager,team-9,2022-01-29 17:33:27.712175
d68c9485-862d-4b84-9dbf-48daa71d787a,Joshua Scott,joshua.scott@acme.com,Product Manager,team-4,2016-08-27 17:33:27.712175
c0cf5b01-df0c-4ee0-b438-5a5b41553ac0,Michelle Hansen,michelle.hansen@acme.com,Marketer,team-15,2015-12-17 17:33:27.712175
e457f177-55d1-4bea-b4e9-f91f34d11a3c,Edward Dunn,edward.dunn@acme.com,Engineer,team-9,2019-01-28 17:33:27.712175
76c5beef-b3ab-4310-9c8f-05fbfd6ce884,Lisa Clayton,lisa.clayton@acme.com,Product Manager,team-13,2015-08-31 17:33:27.712175
95bf54d2-4e6b-4608-9e06-5c80660a3268,Julie Randall,julie.randall@acme.com,Designer,team-9,2017-10-04 17:33:27.712175
5bec2696-eacf-44e0-85c3-f57b4842e637,Matthew Campbell,matthew.campbell@acme.com,Marketer,team-18,2021-08-02 17:33:27.712175
98793818-e191-4515-9d1f-a61ecb78587e,John Fitzgerald,john.fitzgerald@acme.com,Designer,team-8,2016-06-08 17:33:27.712175
4ead64bc-b5d6-49ea-b623-f9f6b825a69b,Kimberly Davis,kimberly.davis@acme.com,Ops,team-18,2024-10-16 17:33:27.712175
92b15444-0736-4993-8e7f-6f86a85d0575,Brittany Williams,brittany.williams@acme.com,Ops,team-16,2020-12-23 17:33:27.712175
9f1d3fde-9cbd-4868-981f-6016bcae456a,Carrie Valencia,carrie.valencia@acme.com,Marketer,team-7,2022-09-14 17:33:27.712175
b7aec4f7-9406-41f0-a218-a4cab68bc3e4,Shawn Marquez,shawn.marquez@acme.com,Ops,team-1,2018-09-07 17:33:27.712175
5a872235-81fb-4611-8f6f-d500531bd5b1,Justin Williams,justin.williams@acme.com,Engineer,team-2,2017-06-28 17:33:27.712175
9bfcaaef-52f5-4cdc-a248-e17ce6f020d5,Lisa Olson,lisa.olson@acme.com,Ops,team-1,2017-09-15 17:33:27.712175
c4777506-026c-43bf-8c42-5b89b1de5f9c,Rick Thompson,rick.thompson@acme.com,Marketer,team-12,2017-11-18 17:33:27.712175
0d9f3d1a-8a67-41c5-aaaa-5d04a8211085,Edwin Mcbride,edwin.mcbride@acme.com,Ops,team-18,2024-10-31 17:33:27.712175
5606e975-2976-49f9-adab-099cfff45e26,Aaron Alvarez,aaron.alvarez@acme.com,Ops,team-18,2020-12-14 17:33:27.712175
94d48295-bd60-4880-b18c-0fa10091c01e,Robert Pennington,robert.pennington@acme.com,Engineer,team-4,2024-05-13 17:33:27.712175
30a4c5f2-1a12-46f0-bfc2-6768a69933b5,Jasmine Pope,jasmine.pope@acme.com,Marketer,team-2,2021-07-25 17:33:27.712175
f8cbd980-4a73-4f10-bda8-9df48314772b,Brian King,brian.king@acme.com,Designer,team-5,2019-03-11 17:33:27.712175
c791725e-4db0-40dd-8333-8fe9e564c922,Wendy Hoover,wendy.hoover@acme.com,Marketer,team-9,2022-01-13 17:33:27.712175
be6a6c4e-631b-402d-9f50-795f6047ff2f,Alexandra Perez,alexandra.perez@acme.com,Engineer,team-7,2021-10-12 17:33:27.712175
886a7e74-4b6c-47fc-9c07-4b1f03f826a9,Jaime Bennett,jaime.bennett@acme.com,Ops,team-19,2023-05-18 17:33:27.712175
bf548ec6-7326-4819-80c6-89c969056dc3,Bonnie Burke,bonnie.burke@acme.com,Ops,team-2,2022-10-05 17:33:27.712175
d9717485-8702-4b79-bea7-3be173586454,Susan Silva,susan.silva@acme.com,Marketer,team-17,2021-09-21 17:33:27.712175
301aa31c-0890-4915-b206-80e0a8579f11,Ryan Hall,ryan.hall@acme.com,Product Manager,team-0,2025-03-18 17:33:27.712175
88cfc8c1-3a22-4f40-a148-def497e77a11,David Porter,david.porter@acme.com,Designer,team-15,2022-01-14 17:33:27.712175
87bd5e72-c459-4a07-a36b-1ee1e2bc942a,Connie Sanchez,connie.sanchez@acme.com,Marketer,team-15,2023-10-14 17:33:27.712175
9f3b847d-10c6-4c27-a48d-b9fc154d7f92,Edward Burns,edward.burns@acme.com,Product Manager,team-12,2022-01-20 17:33:27.712175
d2e84322-5be1-4d15-a329-5e633540e2f0,Andrew George,andrew.george@acme.com,Product Manager,team-5,2018-10-07 17:33:27.712175
c04383e4-91c8-413d-88a4-13b0582bdc92,Robert Hamilton,robert.hamilton@acme.com,Ops,team-13,2015-12-15 17:33:27.712175
2c196a69-f75d-4555-bb78-66112892b4be,Donna Long,donna.long@acme.com,Engineer,team-13,2016-07-26 17:33:27.712175
b1f736ee-4b05-479b-a7db-a1fa9338fd10,Paul Silva,paul.silva@acme.com,Designer,team-18,2015-09-02 17:33:27.712175
f87f3931-c62b-411b-bec2-0cdc0cdedf5e,Joshua Johnson,joshua.johnson@acme.com,Designer,team-11,2024-07-12 17:33:27.712175
9143a2fe-383c-4136-ab8f-1e20b629b7e5,Michael Cook,michael.cook@acme.com,Ops,team-14,2019-02-04 17:33:27.712175
24642729-85c1-4e58-8fb6-5ddec3d7bc8f,Lori Garcia,lori.garcia@acme.com,Product Manager,team-9,2019-09-25 17:33:27.712175
fff938fd-83f6-4ef4-b8a6-ee553420854d,Marco Fletcher,marco.fletcher@acme.com,Marketer,team-16,2016-11-09 17:33:27.712175
518d1734-3e41-4cac-8840-9f65a047c302,Robert Kim,robert.kim@acme.com,Product Manager,team-6,2025-09-16 17:33:27.712175
dde09ff9-6e3d-4276-9949-aa99cee5ec05,David Harris,david.harris@acme.com,Designer,team-4,2025-09-12 17:33:27.712175
9f9a9bc1-97b0-40b7-81c5-3faa90d6e084,Kenneth Clark,kenneth.clark@acme.com,Designer,team-6,2021-01-14 17:33:27.712175
ea5850b8-882c-4c58-a864-df1b7d726dcf,Kristin Case,kristin.case@acme.com,Product Manager,team-8,2025-09-14 17:33:27.712175
49929106-66a7-4194-bcd4-5b6fa72be084,Michael Freeman,michael.freeman@acme.com,Product Manager,team-5,2021-04-29 17:33:27.712175
2711653c-bda9-4616-bbf4-35e641dc9a43,Robert Ward,robert.ward@acme.com,Marketer,team-0,2023-05-09 17:33:27.712175
aa31b06b-7bae-4501-9b8d-5b8983dc9880,Emma Mckinney,emma.mckinney@acme.com,Product Manager,team-9,2018-08-14 17:33:27.712175
7135151a-d684-44e6-ad37-3383b8e86078,John Walsh,john.walsh@acme.com,Marketer,team-1,2015-10-16 17:33:27.712175
4f1113d9-aa40-4a8c-be2b-a3a95d3bb5a7,Lauren Carlson,lauren.carlson@acme.com,Engineer,team-18,2018-08-20 17:33:27.712175
0e42d8fb-4bc1-405f-88dd-c48281e46e6e,Jennifer Taylor,jennifer.taylor@acme.com,Marketer,team-11,2017-04-14 17:33:27.712175
e775687d-b8b6-456f-9138-93d9e2f2fee9,Ashley Trevino,ashley.trevino@acme.com,Marketer,team-2,2017-12-17 17:33:27.712175
6ae65b86-edb0-4a5c-9b34-b901d5a7baa6,Deborah Watts,deborah.watts@acme.com,Engineer,team-18,2020-06-07 17:33:27.712175
24067fd3-3d7e-4fcb-a8e2-c8a62e93afdf,Taylor Martin,taylor.martin@acme.com,Product Manager,team-3,2017-11-07 17:33:27.712175
5adabb3f-ab3d-4d99-9830-36b4b1ccde2f,Matthew Jones,matthew.jones@acme.com,Product Manager,team-14,2024-12-11 17:33:27.712175
8c9269c0-911f-4e56-9571-5a281ae343cf,Steven Colon,steven.colon@acme.com,Engineer,team-9,2021-05-26 17:33:27.712175
848379bd-3873-47de-ad65-3586742235cb,William Ryan,william.ryan@acme.com,Designer,team-12,2023-01-28 17:33:27.712175
fc08614c-4d6c-4e4e-801c-764d8a419929,Paul Phillips,paul.phillips@acme.com,Ops,team-19,2017-09-14 17:33:27.716976
d828507b-41d8-479e-a46b-45913d0a1526,Connie Torres,connie.torres@acme.com,Designer,team-17,2015-10-07 17:33:27.718987
0b488f02-2947-41f4-b75a-9c26b5f4fcd5,Timothy Singleton,timothy.singleton@acme.com,Product Manager,team-10,2016-07-21 17:33:27.718987
02c91a2d-501d-4776-8044-6115d7f2c845,Amanda Lewis,amanda.lewis@acme.com,Marketer,team-2,2022-06-11 17:33:27.718987
e1f1073b-bcd2-41e2-84de-d3fd84826e4c,Sean Wilson,sean.wilson@acme.com,Designer,team-9,2017-11-09 17:33:27.718987
77f95eb3-df7d-4af4-a646-89e528449c4b,Teresa Lucas,teresa.lucas@acme.com,Product Manager,team-10,2023-09-12 17:33:27.718987
03faf2bb-c743-4d67-83f0-477dbe8ef39a,Kenneth Johnson,kenneth.johnson@acme.com,Designer,team-9,2022-12-03 17:33:27.718987
33960a79-d15c-47d5-b2bd-8e21d2c133ab,Kevin Rivera,kevin.rivera@acme.com,Designer,team-6,2025-10-31 17:33:27.718987
edfd5607-45d6-4c4d-8990-db119cca07ff,Heather Estrada,heather.estrada@acme.com,Product Manager,team-10,2025-04-06 17:33:27.718987
ad7937b2-3979-402a-9430-ca7f7a3bb5b1,Andrew Kirk,andrew.kirk@acme.com,Engineer,team-8,2024-09-10 17:33:27.718987
e74b4d67-24a6-488d-8b3b-6b8ee5d54b2a,Katherine Adams,katherine.adams@acme.com,Engineer,team-18,2018-10-17 17:33:27.718987
a998121a-4c44-4009-9c0d-bf39cf3ebc59,Peter Peterson,peter.peterson@acme.com,Designer,team-12,2021-04-26 17:33:27.718987
1ace8ffe-b779-41f6-8447-145c21ab40aa,Kayla Lin,kayla.lin@acme.com,Designer,team-5,2018-07-15 17:33:27.718987
4ef29c6e-8dd5-48bc-b855-8826f9571137,Bradley Kennedy,bradley.kennedy@acme.com,Product Manager,team-1,2019-07-14 17:33:27.718987
64fb5beb-1d88-4c17-9b57-49116d083ba7,Wendy Francis,wendy.francis@acme.com,Ops,team-3,2018-10-12 17:33:27.718987
f5d92bb4-d783-41e7-acd1-b771eaa833ff,Raymond Richardson,raymond.richardson@acme.com,Designer,team-10,2016-02-16 17:33:27.718987
102e55b9-e194-4560-84e6-5251ae8e5530,Jesus Ramirez,jesus.ramirez@acme.com,Product Manager,team-6,2020-04-15 17:33:27.718987
cb489512-be95-4468-a4a2-5047fa2ed31e,Eric Williams,eric.williams@acme.com,Engineer,team-7,2015-12-08 17:33:27.718987
0a435114-73de-4716-8a20-ce82a9b4f16c,Cynthia Washington,cynthia.washington@acme.com,Marketer,team-6,2015-12-19 17:33:27.718987
71102bc0-c03e-4136-968e-e3db9145013b,Jessica Bates,jessica.bates@acme.com,Engineer,team-0,2016-08-19 17:33:27.718987
4ebe918f-cdd6-4e9b-abe6-20069778bf8e,Kristopher Watts,kristopher.watts@acme.com,Ops,team-17,2019-01-18 17:33:27.718987
d55e1a61-628a-4715-b1f6-7fbf643a08d6,Natalie Martinez,natalie.martinez@acme.com,Designer,team-10,2015-09-17 17:33:27.718987
f7281509-ebf9-4b03-8ad8-3be72fe0e325,Kelly Petty,kelly.petty@acme.com,Engineer,team-16,2020-03-22 17:33:27.718987
20ebe27b-0804-457f-9d61-6102b51e84df,Ryan Jones,ryan.jones@acme.com,Product Manager,team-4,2021-10-31 17:33:27.718987
1aab6636-a36f-4506-82bd-66504a9fe38c,Krystal Sanchez,krystal.sanchez@acme.com,Designer,team-5,2021-11-12 17:33:27.718987
215c38fb-8930-4dfd-a956-7330cbd82645,Bradley Haynes,bradley.haynes@acme.com,Designer,team-6,2025-05-27 17:33:27.718987
4d45931b-a544-40cc-bea5-699f20cb861b,Kimberly Garcia,kimberly.garcia@acme.com,Ops,team-3,2024-10-13 17:33:27.718987
3076fe41-aab4-49af-a2ff-a246807e1891,Samantha Vaughn,samantha.vaughn@acme.com,Engineer,team-17,2016-06-26 17:33:27.718987
37181370-7e3c-4227-8ff5-0cd2ca9440d3,Brenda Gonzales,brenda.gonzales@acme.com,Engineer,team-0,2015-10-03 17:33:27.718987
9f302fc8-945e-4b76-a200-602604dd9072,Jacob Nguyen,jacob.nguyen@acme.com,Marketer,team-15,2021-02-09 17:33:27.718987
b028d3e3-39ca-45f6-97b1-12ab981aba3b,Patrick Jenkins,patrick.jenkins@acme.com,Product Manager,team-2,2025-05-11 17:33:27.718987
86960402-1024-41c2-95db-6d8c7c3d9246,Jonathan Green,jonathan.green@acme.com,Ops,team-12,2021-11-10 17:33:27.718987
86c6608b-b51b-4a91-8991-915497509bf2,Hailey Pacheco,hailey.pacheco@acme.com,Marketer,team-2,2016-06-14 17:33:27.718987
2e7ecd0e-211c-4566-8daf-e1c9da969f4d,Stephanie Cooper,stephanie.cooper@acme.com,Designer,team-18,2020-07-19 17:33:27.718987
05133f73-14e5-4de7-b361-bcb16b9c962f,Jose Morgan,jose.morgan@acme.com,Product Manager,team-12,2016-05-28 17:33:27.718987
a51733b9-0ee8-41a6-8aad-b58798b1fc5c,Brent Little,brent.little@acme.com,Engineer,team-2,2023-07-10 17:33:27.718987
de557007-4d06-45ff-9ae1-cbe05a611f93,Brian Taylor,brian.taylor@acme.com,Marketer,team-14,2018-12-06 17:33:27.718987
53e7fc3c-5526-4ffa-9341-8700c4f2bbea,Tracey Bray,tracey.bray@acme.com,Designer,team-11,2020-05-23 17:33:27.718987
6db6b532-258e-41b6-8c4f-4b4f48069937,Elizabeth Miller,elizabeth.miller@acme.com,Ops,team-3,2015-10-27 17:33:27.718987
bf3a2e55-09a1-4647-8b05-89cad1fb43ba,Jeremy Hunt,jeremy.hunt@acme.com,Engineer,team-10,2025-05-26 17:33:27.718987
39a2aa63-3cfb-4ab3-9333-2c5eb412b682,Matthew Ellis,matthew.ellis@acme.com,Ops,team-13,2022-05-29 17:33:27.718987
c2c9aa96-7ec0-4274-a682-fb71a904cec7,Jeffery Andrade,jeffery.andrade@acme.com,Product Manager,team-11,2016-11-18 17:33:27.718987
253212d0-d446-4be6-9e91-480d3402316b,Brett Washington,brett.washington@acme.com,Engineer,team-16,2016-03-24 17:33:27.718987
233ce65a-7956-4b8e-a0b1-78b7d78f02c6,Luis White,luis.white@acme.com,Product Manager,team-10,2022-07-09 17:33:27.718987
d306f1c2-3c1a-4dad-bb5a-0eea35db6247,Anna Hunt,anna.hunt@acme.com,Engineer,team-10,2024-05-26 17:33:27.718987
32c3ab0e-fc30-4472-be73-c4d619ae758e,Dean Walker,dean.walker@acme.com,Marketer,team-16,2020-07-28 17:33:27.718987
824e34f0-d3c0-4716-82d2-9b1d2b510958,Jason Fox,jason.fox@acme.com,Ops,team-17,2022-10-05 17:33:27.718987
036cafb3-37a5-4124-812e-8b5c4d1b2ce2,Edward Mcguire,edward.mcguire@acme.com,Marketer,team-19,2022-09-24 17:33:27.718987
0f692320-ca1c-40a2-8aa8-dba10474b33a,Leslie Parker,leslie.parker@acme.com,Engineer,team-9,2020-05-30 17:33:27.718987
590b125e-2967-42e1-bdda-10489e667caf,Brandon Gibson,brandon.gibson@acme.com,Ops,team-3,2023-06-07 17:33:27.718987
308cbf00-7357-4114-ab9c-89177a6b7d87,John Valdez,john.valdez@acme.com,Ops,team-12,2019-09-24 17:33:27.718987
485a9d36-3445-4828-bf08-a9af001b38eb,Colleen Stevenson,colleen.stevenson@acme.com,Engineer,team-2,2022-09-20 17:33:27.718987
0c2c397d-da02-410c-bfa6-0dba8dcebf41,Paula Shannon,paula.shannon@acme.com,Engineer,team-2,2021-03-23 17:33:27.718987
67b9bbd0-d70f-4871-a2b9-6358e3fa6271,Matthew Lynch,matthew.lynch@acme.com,Ops,team-13,2020-06-03 17:33:27.718987
c4ad8241-432f-4f85-b611-43063f13da26,Elizabeth Mosley,elizabeth.mosley@acme.com,Product Manager,team-7,2018-05-22 17:33:27.718987
ffda27f3-1ba1-488c-9f78-f780cf91d872,Tamara Pittman,tamara.pittman@acme.com,Marketer,team-17,2025-11-15 17:33:27.718987
bde70be1-4cc8-42f7-94c1-36d0cdb130c7,Jennifer Williams,jennifer.williams@acme.com,Designer,team-4,2017-04-06 17:33:27.718987
176e2dfc-024e-433b-82d1-804d96f09d8e,Alex Mccann,alex.mccann@acme.com,Ops,team-3,2023-09-01 17:33:27.718987
0088457b-fbcc-4fdf-aa7c-e683df5da177,Joshua Lopez,joshua.lopez@acme.com,Product Manager,team-4,2022-09-15 17:33:27.718987
37404f3a-86ed-4bfa-8b95-8fc4ac7912b7,Luke Salas,luke.salas@acme.com,Ops,team-0,2018-12-09 17:33:27.718987
5d0f7bdb-39ea-4ea2-adcb-4b8d4ed2e1d2,Ruth Gonzales PhD,ruth.gonzales.phd@acme.com,Designer,team-17,2023-03-29 17:33:27.718987
c18b4c57-e837-4e89-a4d2-2d714fb87d71,Cassandra Perez,cassandra.perez@acme.com,Designer,team-2,2021-09-04 17:33:27.718987
ea5a7b6f-46b2-450d-a937-93a4dbc46004,Stephanie Murray,stephanie.murray@acme.com,Marketer,team-9,2019-11-26 17:33:27.718987
efc16982-d2de-41e7-b345-3c190c2e4dad,Sarah Frazier,sarah.frazier@acme.com,Product Manager,team-6,2022-06-03 17:33:27.718987
14a23f8e-d7c5-41e7-9f3b-cf60028b3b89,Megan Le,megan.le@acme.com,Designer,team-13,2015-10-31 17:33:27.718987
59f46992-2c2d-4659-a50d-b97240d045d0,Whitney Page,whitney.page@acme.com,Ops,team-16,2020-07-29 17:33:27.718987
57aae1bd-8e67-45dd-8ae5-2d453021e6a7,Michael Walter,michael.walter@acme.com,Engineer,team-1,2023-02-23 17:33:27.718987
0038fc38-7037-437f-a4ce-bee2f5629ff7,Roberto Owens,roberto.owens@acme.com,Designer,team-0,2024-01-29 17:33:27.718987
0349cd42-c0ce-4741-b97b-3690ddea0a73,Angel Johnson,angel.johnson@acme.com,Product Manager,team-6,2016-01-17 17:33:27.718987
7f5d5873-ae47-4bdb-a048-71a9c816792e,Antonio Walsh,antonio.walsh@acme.com,Ops,team-9,2022-05-18 17:33:27.725118
e8a5e8b4-1c30-43c7-9775-c41a59fc1156,Jessica Brandt,jessica.brandt@acme.com,Engineer,team-15,2022-10-10 17:33:27.725118
84b6a986-562d-469c-a89b-8fcf26eaf59b,James Spence,james.spence@acme.com,Designer,team-15,2025-05-12 17:33:27.725118
79474a4c-3e3a-4a8e-b263-8b088c7e4e14,Jason Brown,jason.brown1@acme.com,Designer,team-0,2021-05-22 17:33:27.725118
33a44802-5bda-4ce1-96cb-a6cb26e78281,Lisa Gordon,lisa.gordon@acme.com,Engineer,team-12,2019-11-23 17:33:27.725118
b2ffe3b1-20c8-4b17-9282-e1ff5329ad49,Erica Glover,erica.glover@acme.com,Engineer,team-4,2021-07-24 17:33:27.725118
b554a9cf-ddd7-4fc6-a847-652aca520f35,Kevin Thompson,kevin.thompson@acme.com,Designer,team-4,2019-03-31 17:33:27.725118
abb10a89-487f-46ed-aca1-dcd9ffea9bcf,Sheila Baker,sheila.baker@acme.com,Ops,team-9,2025-05-24 17:33:27.725118
a761610a-8109-4e12-abe7-6214d99820ac,Kevin Holmes,kevin.holmes@acme.com,Engineer,team-5,2025-05-30 17:33:27.725118
d653f9c0-de63-49b0-a479-70adcb968434,Andre Mccoy,andre.mccoy@acme.com,Marketer,team-19,2016-02-11 17:33:27.725118
a86b846a-3bf2-4c65-aa2a-ce6655705126,Carrie Franklin,carrie.franklin@acme.com,Designer,team-15,2015-11-28 17:33:27.725118
796d5445-3215-4571-9acc-9aede72b9874,Sylvia Brandt,sylvia.brandt@acme.com,Product Manager,team-5,2016-07-23 17:33:27.725118
73e54991-e7d9-4df4-bf8d-34fab5c4dc6c,Christian Chambers,christian.chambers@acme.com,Marketer,team-3,2017-08-11 17:33:27.725118
5d61e7e0-4566-45a1-a1fc-56243cf265ce,David Dean,david.dean@acme.com,Engineer,team-2,2024-12-18 17:33:27.725118
7f306c54-810c-42d3-8b58-409514ecc001,Jasmine Johnson,jasmine.johnson@acme.com,Product Manager,team-16,2021-12-06 17:33:27.725118
910416f6-0323-46f3-9fcc-4ed117391dc2,Phillip Hernandez,phillip.hernandez@acme.com,Marketer,team-2,2018-11-11 17:33:27.725118
62544878-d239-4233-bab7-4c007da69404,Ashley Mccall,ashley.mccall@acme.com,Marketer,team-11,2020-07-01 17:33:27.725118
8c23698e-656a-4ba1-ae0b-d5c5eb8321ed,Joel Brock,joel.brock@acme.com,Product Manager,team-12,2018-04-28 17:33:27.725118
17b4894c-79eb-4505-b009-17cd7af1b44b,Peter Murray,peter.murray@acme.com,Marketer,team-0,2016-05-01 17:33:27.725118
334837b4-98af-4a69-bc21-2dd7f1729d72,Anita Ruiz,anita.ruiz@acme.com,Designer,team-2,2018-06-19 17:33:27.725118
e91d8ddc-a924-45fb-b41b-0951a7385042,Sharon Leach,sharon.leach@acme.com,Product Manager,team-2,2020-10-21 17:33:27.725118
19909f14-64c2-4807-a21b-6f0a21cdeb8a,Alicia Lamb,alicia.lamb@acme.com,Designer,team-11,2023-06-18 17:33:27.725118
8f8078d7-4f6a-4509-9a1a-0572ad424278,Jeremy Soto,jeremy.soto@acme.com,Designer,team-6,2024-12-11 17:33:27.725118
9f0be520-a0bf-402d-8741-850f76bf8818,Pamela Smith,pamela.smith@acme.com,Product Manager,team-4,2016-01-20 17:33:27.725118
88d9e158-9aa2-4ee0-a868-318c067b40f7,Rodney Cruz,rodney.cruz@acme.com,Designer,team-1,2021-03-25 17:33:27.725118
a664a113-fed5-43da-a08e-1c1688f6c969,Stephen Brooks DDS,stephen.brooks.dds@acme.com,Marketer,team-18,2021-06-27 17:33:27.725118
eed8829c-9756-4c44-bc82-04c9d4983e5f,Kelly Kent,kelly.kent@acme.com,Designer,team-12,2022-02-19 17:33:27.725118
3c1c48a0-bebd-43a9-b6c0-6ba07cf0b7b0,Angela Jones,angela.jones@acme.com,Designer,team-17,2019-08-21 17:33:27.725118
76b0625d-bb7a-4949-9af9-9d4f9429180e,Roger Hatfield,roger.hatfield@acme.com,Marketer,team-1,2022-12-08 17:33:27.725118
c5550448-2713-4532-9c94-415e70d4f0a5,Lisa Bates,lisa.bates@acme.com,Engineer,team-18,2017-05-18 17:33:27.725118
48554fa1-6ae8-4bfe-a425-e40dabe5a79b,Eugene Nolan,eugene.nolan@acme.com,Product Manager,team-5,2018-08-30 17:33:27.725118
fc2611a6-1e0a-4122-8601-f372fc97685b,Sandra Hayes,sandra.hayes@acme.com,Product Manager,team-7,2017-03-27 17:33:27.725118
51bf4346-448d-4a9f-86da-c8789f0fd62c,Theresa Leonard,theresa.leonard@acme.com,Engineer,team-4,2016-04-01 17:33:27.725118
4e0984d5-2cff-4434-b6b1-63b961554eff,Richard Davis,richard.davis@acme.com,Engineer,team-15,2018-09-24 17:33:27.725118
a71dfc70-6713-4b66-901a-d5579bd381bf,Larry Park,larry.park@acme.com,Engineer,team-12,2023-04-25 17:33:27.725118
d237a514-8da7-47b3-8ffa-4038064e10a2,Cynthia Rogers,cynthia.rogers@acme.com,Product Manager,team-19,2023-03-18 17:33:27.725118
822c2f0e-f0d4-4146-be81-91ea5e9b5f75,David Adams,david.adams@acme.com,Engineer,team-2,2015-10-20 17:33:27.725118
f49af3bc-12f8-419d-8ab5-0a9965e61d94,Tara Brown,tara.brown@acme.com,Ops,team-3,2022-09-13 17:33:27.725118
aaab6dbb-009d-430a-86af-cba8f2b554bb,Karen Simon,karen.simon@acme.com,Ops,team-4,2017-10-08 17:33:27.725118
2432867c-07f0-44f8-bf48-4e7f631ecf15,Sarah Martinez,sarah.martinez@acme.com,Designer,team-11,2018-10-02 17:33:27.725118
a1fe7108-4104-4f22-86e2-2ab65640aed8,Daniel Wong,daniel.wong@acme.com,Product Manager,team-4,2019-10-05 17:33:27.725118
248fac80-ab7f-4bba-9321-a574d9647ae9,Alexander Jimenez,alexander.jimenez@acme.com,Marketer,team-15,2018-07-11 17:33:27.725118
82e26156-bf06-40dc-8320-34dc31a6013c,Carrie Collins,carrie.collins@acme.com,Marketer,team-1,2025-10-01 17:33:27.725118
a8f6cb4c-a8da-45ae-bfc4-58853d3265d3,Susan Wallace,susan.wallace@acme.com,Ops,team-18,2018-03-01 17:33:27.725118
8e8a3abd-41f6-4175-89d7-75631f995700,Crystal Wood,crystal.wood@acme.com,Ops,team-5,2024-08-23 17:33:27.725118
f7ef1572-4c65-4c2f-bf30-d4420cf7ca7a,Patricia Hicks DDS,patricia.hicks.dds@acme.com,Product Manager,team-18,2025-12-17 17:33:27.725118
8e4ebba3-90b1-46da-9e38-ee4775a5166d,Joshua Ryan,joshua.ryan@acme.com,Marketer,team-4,2018-01-19 17:33:27.725118
c004c806-bb84-485c-a9a2-61bc26c2e104,Monica Frederick,monica.frederick@acme.com,Product Manager,team-12,2021-10-29 17:33:27.725118
b2d8f2ff-dcc5-4429-bf0c-059ca119db96,Samantha Jacobs,samantha.jacobs@acme.com,Ops,team-18,2023-10-13 17:33:27.725118
c5863c6f-9b87-4eb2-a161-db79cba7f7e2,John Long,john.long@acme.com,Marketer,team-12,2025-03-31 17:33:27.725118
3f0ad62c-f8ac-440e-be15-2053380fcb32,Megan Gardner,megan.gardner@acme.com,Designer,team-4,2024-11-01 17:33:27.725118
850c71ed-9039-43a7-b540-35e683340e9c,Nicholas Richards,nicholas.richards@acme.com,Ops,team-5,2022-11-15 17:33:27.728912
fec28a3c-810d-470d-a045-567565dc7652,Andrew Richards,andrew.richards@acme.com,Marketer,team-6,2022-06-12 17:33:27.728912
dc31f720-b443-4bab-8289-d7b0081c20fb,Vickie Wilson,vickie.wilson@acme.com,Designer,team-0,2022-06-22 17:33:27.728912
e46f8402-7118-4858-84e1-e76c65ea8526,Tamara Roth,tamara.roth@acme.com,Engineer,team-4,2025-08-10 17:33:27.728912
5df1d2b5-673c-4498-8c55-3c0b419d7117,Kelly Valdez,kelly.valdez@acme.com,Product Manager,team-5,2017-01-05 17:33:27.728912
51bf3aea-ee71-4dd5-af14-f588aaecf322,Patricia Mccoy,patricia.mccoy@acme.com,Product Manager,team-7,2022-05-13 17:33:27.728912
01632dbb-5d1d-4ccb-b2f7-857dd566c64f,Amber Martin,amber.martin@acme.com,Engineer,team-9,2017-12-19 17:33:27.728912
bb5fbfff-ab15-4dcb-adf9-9fa33925c04c,Patrick Thompson,patrick.thompson@acme.com,Ops,team-1,2024-03-10 17:33:27.728912
096513f9-a796-4507-a58f-35d9fc0e2431,Eric Ryan,eric.ryan@acme.com,Product Manager,team-9,2022-05-20 17:33:27.728912
d13df2e8-0c21-47d6-bcac-2c6bb0266e71,William Pennington,william.pennington@acme.com,Product Manager,team-12,2015-12-02 17:33:27.728912
eb99c444-ac5a-4526-bf39-ed7f167cc8c4,Michael Lam,michael.lam@acme.com,Product Manager,team-5,2025-02-05 17:33:27.728912
2b55e752-afac-43c2-a9ad-25c01dd6f747,Amy Taylor,amy.taylor@acme.com,Ops,team-12,2021-07-07 17:33:27.728912
aa890b20-893b-4a4b-be1e-171192ad949a,Curtis Phillips,curtis.phillips@acme.com,Designer,team-16,2019-05-21 17:33:27.728912
6be58f81-50f1-4992-befb-e58ace427233,Kristina Graham,kristina.graham@acme.com,Designer,team-0,2016-02-22 17:33:27.728912
eeb01d62-5338-4f74-8522-1e224c29fcfe,Timothy Carter,timothy.carter@acme.com,Designer,team-16,2017-01-14 17:33:27.728912
98765fc6-b466-43da-b80f-a79334710990,Scott Lewis,scott.lewis@acme.com,Ops,team-4,2021-05-29 17:33:27.728912
e7e42d00-0c36-48a6-bc01-81e0d8bf84b3,Christine Cowan,christine.cowan@acme.com,Engineer,team-1,2018-05-07 17:33:27.728912
303f96fe-5296-4610-81ca-135e383f87cd,Mrs. Tiffany Roberts,mrs..tiffany.roberts@acme.com,Engineer,team-0,2018-08-28 17:33:27.728912
a883cf65-829a-4973-a768-5c6c3967f72f,Hannah Dalton PhD,hannah.dalton.phd@acme.com,Designer,team-18,2023-05-11 17:33:27.728912
bc38c8c8-9e6f-4529-a2b6-5ece87a0dbd1,Christopher Morris,christopher.morris@acme.com,Designer,team-12,2025-12-13 17:33:27.728912
01e292da-9976-4125-a3c8-18c871fa79fa,Robert Garcia,robert.garcia@acme.com,Ops,team-11,2016-05-26 17:33:27.728912
10f08c73-aa5a-437e-b6b5-100df5d5e34d,Kathryn Hill,kathryn.hill@acme.com,Engineer,team-8,2016-04-04 17:33:27.728912
9561f067-5477-490b-99ed-c8f6d4150add,Nichole Fritz,nichole.fritz@acme.com,Marketer,team-6,2025-04-12 17:33:27.728912
e438312e-b03d-45df-9d0a-3707d516bb74,Dawn Robbins,dawn.robbins@acme.com,Designer,team-12,2025-12-20 17:33:27.728912
6012fdf5-6e6b-4070-a50b-dbf684e7c349,David Villarreal,david.villarreal@acme.com,Ops,team-1,2023-01-19 17:33:27.728912
1a03aa31-d29a-418a-9c12-cba32c516ef0,Dustin Mejia,dustin.mejia@acme.com,Marketer,team-19,2016-07-10 17:33:27.730918
8135e820-9975-4f75-9b28-ab38903ef66c,James Weber,james.weber@acme.com,Designer,team-17,2018-05-03 17:33:27.730918
611578bc-1a79-41b9-ae90-fd103685669c,Daniel Brown,daniel.brown@acme.com,Designer,team-13,2025-10-23 17:33:27.730918
fcfdc227-08ae-4241-8a63-b553d14e4516,Megan Wood,megan.wood@acme.com,Marketer,team-0,2021-09-22 17:33:27.730918
b88027f1-a12e-442f-836b-3bdb9448077d,Deanna Harris,deanna.harris@acme.com,Marketer,team-1,2025-12-02 17:33:27.730918
89026e21-ad8a-4366-b9e1-a0ffbd15d089,Stephen Rogers,stephen.rogers@acme.com,Engineer,team-0,2022-01-23 17:33:27.730918
4532b139-14c1-43d9-b34a-c3bfd0370023,Jody Garcia,jody.garcia@acme.com,Ops,team-6,2018-09-28 17:33:27.730918
bca435dd-1c04-48f7-8cc9-bcdbbf2c8f94,Anthony Benson,anthony.benson@acme.com,Marketer,team-10,2022-07-10 17:33:27.730918
468ce352-385f-4aa4-b876-7f17699c40f7,Drew Vargas,drew.vargas@acme.com,Designer,team-15,2015-09-10 17:33:27.730918
ce7fa032-679b-4bfd-815a-121b6e6f6dce,Claire Harrison,claire.harrison@acme.com,Product Manager,team-18,2018-09-15 17:33:27.730918
963c575b-7b46-4e64-898f-4b2f13d28551,Sherri Cohen,sherri.cohen@acme.com,Marketer,team-5,2016-09-20 17:33:27.730918
15bd7f56-0a0a-495c-8cb6-f5ecf5807a76,Travis Adams,travis.adams@acme.com,Product Manager,team-2,2024-08-10 17:33:27.730918
e6468178-48e8-46d8-97d0-3c8a983ad364,John Lin,john.lin@acme.com,Ops,team-15,2020-09-26 17:33:27.730918
5d410999-222a-4570-87f5-deaf1ef51492,Sarah Barrett,sarah.barrett@acme.com,Product Manager,team-17,2015-09-05 17:33:27.730918
724bfd25-d8f7-412d-b1fe-92f5d43f9062,Scott Whitaker,scott.whitaker@acme.com,Marketer,team-3,2020-05-27 17:33:27.730918
9c47aa44-c809-40a5-9ab6-eb5097b759f9,Jason Miller,jason.miller@acme.com,Designer,team-18,2024-05-25 17:33:27.730918
554eb7d1-86c9-4221-ab14-946abfbcbd5a,Mrs. Jenna Hamilton,mrs..jenna.hamilton@acme.com,Product Manager,team-5,2024-10-29 17:33:27.730918
ada67239-723d-469b-bb13-e30c92dabbfb,Candice Kennedy,candice.kennedy@acme.com,Designer,team-15,2019-10-07 17:33:27.730918
dba2e436-a5e9-4e52-91c1-5bde6e88d6a8,Chad Thompson,chad.thompson@acme.com,Designer,team-15,2023-04-13 17:33:27.730918
93a1ea65-3521-4eda-ad33-9ec9293015f9,Stephen Cooper,stephen.cooper@acme.com,Designer,team-17,2021-10-19 17:33:27.730918
47bd0d7e-079c-4986-9ef2-555f16255b7c,Tracy Ortiz,tracy.ortiz@acme.com,Ops,team-7,2021-09-17 17:33:27.730918
774e1cb7-cabe-4207-a0f9-f26de2d8bbf9,Donald Alexander,donald.alexander@acme.com,Marketer,team-15,2022-02-28 17:33:27.730918
927543ff-2713-4d8f-8f77-c5675ed50dee,Julia Schroeder,julia.schroeder@acme.com,Marketer,team-14,2021-07-17 17:33:27.730918
bef0fd34-bc69-4870-a9db-50c318292a3d,Tamara Harrison,tamara.harrison@acme.com,Engineer,team-11,2024-11-12 17:33:27.730918
3e6765c2-ccae-4710-9a5a-40b5ea50186c,Sean Ortiz,sean.ortiz@acme.com,Engineer,team-6,2019-01-25 17:33:27.730918
6999f958-20e7-4267-9bd6-2a168aeba1c6,Nicole Fuller,nicole.fuller@acme.com,Ops,team-9,2021-06-30 17:33:27.730918
e94d8309-b7f9-4b4d-96bf-786c892cc207,Regina Hughes,regina.hughes@acme.com,Designer,team-1,2016-07-14 17:33:27.730918
c23be1fd-80f9-4a76-8267-d56f7816a2d9,Courtney Wilcox,courtney.wilcox@acme.com,Engineer,team-11,2024-02-07 17:33:27.730918
144048ae-01b7-4940-b7d1-e396fd99b731,Angel Stewart,angel.stewart@acme.com,Ops,team-1,2017-09-16 17:33:27.732922
b44d6086-8996-469c-90f6-3fc65596a027,Craig Duffy,craig.duffy@acme.com,Ops,team-1,2017-08-10 17:33:27.732922
b64b16db-0433-4b4d-b466-7c3abff9cb07,Andrew Davis,andrew.davis@acme.com,Product Manager,team-16,2021-11-05 17:33:27.732922
a156ac63-d67d-4a0e-b1d4-08838f0617fc,Jennifer Everett,jennifer.everett@acme.com,Marketer,team-16,2016-06-21 17:33:27.732922
a9e94ebb-1bfd-4b82-8081-4d5f05d6a92f,Jeff Garcia,jeff.garcia@acme.com,Ops,team-10,2018-09-04 17:33:27.732922
37bc73c1-4c0e-469a-b529-0ec355efd443,Megan Black,megan.black@acme.com,Ops,team-10,2025-08-17 17:33:27.732922
58078e9d-b799-4fa0-8e05-ed1e494370cc,Emily Howe,emily.howe@acme.com,Product Manager,team-19,2022-06-01 17:33:27.732922
b083b38a-46ad-4f76-8e4f-bad7b4f8e225,Jerry Miller,jerry.miller@acme.com,Designer,team-2,2017-08-31 17:33:27.732922
b7ba3a29-cefd-431b-8c2c-7488144feb69,Rachel Thompson,rachel.thompson@acme.com,Engineer,team-17,2018-08-15 17:33:27.732922
e35d842e-c04a-4c9c-bc9b-67736110a134,Andrew Wright,andrew.wright@acme.com,Designer,team-17,2025-12-19 17:33:27.732922
1c949099-856d-410a-aef3-ddac33cc8999,Stacey Holmes,stacey.holmes@acme.com,Engineer,team-2,2015-10-23 17:33:27.732922
b5eb7602-d6a8-4cc0-88c1-3f98aa6a46cf,Regina Mann,regina.mann@acme.com,Product Manager,team-16,2025-03-03 17:33:27.732922
d8887c12-246d-4164-a023-fbd89190e192,Teresa Yoder,teresa.yoder@acme.com,Product Manager,team-7,2019-07-22 17:33:27.732922
ca687e63-6140-4c5b-8e07-a5f2bd7dc102,Lisa Oconnor,lisa.oconnor@acme.com,Designer,team-10,2024-12-11 17:33:27.732922
1e5ff56c-0a4e-43bc-9eb2-da9e88d2afdd,Robert Thompson,robert.thompson@acme.com,Marketer,team-7,2015-11-05 17:33:27.732922
b1eeeaff-eaa8-43ab-b82f-f84bb94a1a46,Marcus Joseph,marcus.joseph@acme.com,Ops,team-4,2019-10-09 17:33:27.732922
10960307-5105-4b81-a5e8-9bdf61dc9ef3,Rachel Roman,rachel.roman@acme.com,Engineer,team-17,2023-10-26 17:33:27.732922
431977bf-ca4a-42c9-84e4-82611b5f897f,Thomas Bradley,thomas.bradley@acme.com,Designer,team-10,2016-12-11 17:33:27.732922
f11d888b-f445-4e9e-a4c9-fdcdc1767da0,James Bernard,james.bernard@acme.com,Engineer,team-15,2017-02-03 17:33:27.732922
5b138579-b72c-484f-a0a9-0cd6d4ae053a,Robert Wolf,robert.wolf@acme.com,Marketer,team-11,2024-04-11 17:33:27.732922
13e06df5-ead0-4ef6-9ec1-26ff32efb472,Erika Colon,erika.colon@acme.com,Ops,team-13,2022-05-05 17:33:27.732922
06af1332-abb4-4fc8-8d52-f34882d42bae,John Fisher,john.fisher1@acme.com,Ops,team-7,2018-11-10 17:33:27.732922
ea6fb93f-56d1-43ac-ad16-731b16acb56a,Jeffrey Braun,jeffrey.braun@acme.com,Designer,team-0,2016-09-19 17:33:27.732922
ecb50c61-33c2-4379-8f40-d0612b876f2c,Nicholas Campbell,nicholas.campbell@acme.com,Marketer,team-14,2021-09-27 17:33:27.732922
20c6a72c-0c52-4457-98d4-6da133791be1,Jeffrey Foster,jeffrey.foster@acme.com,Designer,team-11,2023-12-10 17:33:27.734925
b10fcd11-c522-43bf-bf6e-c76487960354,Dawn Wilson,dawn.wilson@acme.com,Product Manager,team-17,2023-02-07 17:33:27.734925
9a381598-3cd4-4854-ae7d-757ebc8ecb42,Tracy Cunningham,tracy.cunningham@acme.com,Engineer,team-13,2022-04-29 17:33:27.734925
57873372-b59c-4ff9-b2f5-2de08e499907,Kenneth Dixon,kenneth.dixon@acme.com,Product Manager,team-11,2018-09-13 17:33:27.734925
99bf476d-0e28-46f9-8889-6fda968b7a42,Dean Lin,dean.lin@acme.com,Ops,team-18,2016-02-20 17:33:27.734925
2bffc592-625f-4b32-a6b6-80fdd45e3893,James Rasmussen,james.rasmussen@acme.com,Ops,team-14,2021-05-14 17:33:27.734925
286becc6-923f-4627-b82d-3b5249cd53fd,James Ellis,james.ellis@acme.com,Designer,team-8,2022-10-24 17:33:27.734925
fb3f4067-eb5b-4f38-87a8-b718c98e2721,Amanda Moran,amanda.moran@acme.com,Ops,team-7,2023-09-19 17:33:27.734925
4cb46b1f-87c6-458d-a759-5222a95c7970,Brenda Nguyen,brenda.nguyen@acme.com,Ops,team-5,2023-10-25 17:33:27.734925
daa8916e-7e6c-4186-8d05-e2bf011743db,Kara Johnston,kara.johnston@acme.com,Marketer,team-12,2019-04-04 17:33:27.734925
be9600a3-328a-4b04-bcbf-2c6157a312ce,John King,john.king@acme.com,Designer,team-8,2024-12-02 17:33:27.734925
3d3cc94b-e652-4f17-9238-91d406216c55,Theresa Hernandez,theresa.hernandez@acme.com,Engineer,team-1,2020-06-08 17:33:27.734925
cac8b373-2d70-478c-8012-c08488203105,Amy Taylor,amy.taylor1@acme.com,Product Manager,team-11,2024-10-04 17:33:27.734925
2f1fcca9-b656-44a9-aae8-2d21b976f069,Daniel Sanchez,daniel.sanchez@acme.com,Marketer,team-3,2022-06-21 17:33:27.734925
f91d15b4-4c5d-413e-8b88-03c121cc2c80,Robert Sloan,robert.sloan@acme.com,Marketer,team-1,2019-09-14 17:33:27.734925
5d7d20c1-6a82-46d8-a277-3e63281bb09a,Stacey Taylor,stacey.taylor@acme.com,Engineer,team-18,2019-04-15 17:33:27.734925
cae71cba-7c3b-4b9d-ab93-44c135ef9da7,Michelle James,michelle.james@acme.com,Designer,team-11,2022-08-01 17:33:27.734925
d1933d19-583e-437b-b605-b738129b71d2,Dennis Jacobs,dennis.jacobs@acme.com,Product Manager,team-16,2024-06-28 17:33:27.734925
9d04d4c4-2e2d-4237-a958-e444a7948685,David Barrett,david.barrett@acme.com,Engineer,team-13,2018-07-09 17:33:27.734925
7a89506d-0069-497f-94b2-48971837c9f0,Rebecca Clements,rebecca.clements@acme.com,Marketer,team-13,2018-11-15 17:33:27.734925
defe09a7-2bb0-457e-91f9-33d0814ef4f2,Sheila Thomas,sheila.thomas@acme.com,Marketer,team-4,2020-04-02 17:33:27.734925
6eab97db-ca16-4211-b559-f33bf5e976b8,Sara Reyes,sara.reyes@acme.com,Designer,team-6,2023-10-25 17:33:27.734925
946b0546-268a-406d-a73d-05c6c7be7590,Jennifer Nguyen,jennifer.nguyen@acme.com,Engineer,team-19,2018-08-05 17:33:27.734925
c49c3684-0145-4e45-9ca6-9ce582036242,Jeffrey Oconnor,jeffrey.oconnor@acme.com,Designer,team-12,2015-11-17 17:33:27.734925
7b38bacc-d00f-402c-b2d7-40125f5629af,Keith Cook,keith.cook@acme.com,Ops,team-19,2025-01-10 17:33:27.734925
5912dbc8-0ea8-4f58-a595-e6933296e938,Charles Gill,charles.gill@acme.com,Marketer,team-19,2025-05-05 17:33:27.734925
6a65b834-a017-430e-8b3d-7306dd4680dc,Carla Gonzalez,carla.gonzalez@acme.com,Engineer,team-6,2020-10-18 17:33:27.736928
c00944a3-9be3-483d-95d1-b072eb0d8ce8,Jasmin Ramirez,jasmin.ramirez@acme.com,Ops,team-17,2017-03-10 17:33:27.736928
4198840b-794f-4f05-ab4a-97c28ded8984,Lisa Miller,lisa.miller@acme.com,Marketer,team-18,2018-06-14 17:33:27.736928
e05a894e-a059-4377-82f4-3a9979317d0b,Virginia Smith,virginia.smith@acme.com,Engineer,team-8,2021-11-09 17:33:27.736928
3a226049-3955-424e-8228-a86c27501c00,Jill Roberts,jill.roberts@acme.com,Designer,team-10,2023-05-13 17:33:27.736928
4da2a4a4-a0ad-455f-a721-efd945c244bf,Laura Fischer,laura.fischer@acme.com,Ops,team-4,2021-11-28 17:33:27.736928
5dd0c61c-43e7-4d25-acf5-10d49e8df910,Michael Copeland,michael.copeland@acme.com,Designer,team-1,2016-02-01 17:33:27.736928
699a1de2-4c8e-4a36-9e64-c12fdb32aa34,Colleen White,colleen.white@acme.com,Ops,team-8,2017-11-25 17:33:27.736928
dc87f59b-3dcc-47b6-8b5b-0540402f22b8,Richard Bailey,richard.bailey@acme.com,Designer,team-6,2016-03-02 17:33:27.736928
8b6ceac5-7d0f-48e9-a656-d780d1fe684b,Sean Gordon,sean.gordon@acme.com,Product Manager,team-7,2019-11-19 17:33:27.736928
68053c74-d46c-43f0-b6bf-ce62c9677920,Teresa Robinson,teresa.robinson@acme.com,Product Manager,team-14,2025-02-04 17:33:27.736928
c3338474-651e-4e3a-8b33-1fbc08e68059,Ashley Collier,ashley.collier@acme.com,Designer,team-8,2020-03-11 17:33:27.736928
becd1d0d-96f4-4162-bd6e-dedd9a1e25f5,Tiffany West,tiffany.west@acme.com,Engineer,team-14,2017-09-28 17:33:27.736928
c425a5be-7fb9-4423-8837-62632160de2b,Timothy Hayes,timothy.hayes@acme.com,Product Manager,team-0,2020-05-15 17:33:27.736928
1bd3ed70-2f06-4b5d-bc31-070338663554,Edward Mason,edward.mason@acme.com,Designer,team-19,2019-06-02 17:33:27.736928
230f4e89-390d-4949-a2ef-24c4ed767c2d,Jeffrey Davis,jeffrey.davis@acme.com,Ops,team-14,2022-09-23 17:33:27.736928
7f4f7453-593d-44bc-87e8-c2ac73926f14,Terrence Stevenson,terrence.stevenson@acme.com,Ops,team-4,2016-12-11 17:33:27.736928
59c181f9-d7d5-4ccd-bebf-3358df203563,Denise May,denise.may@acme.com,Engineer,team-2,2024-01-08 17:33:27.736928
87fdac62-3512-4372-b548-42d951fd155f,John Rodriguez,john.rodriguez@acme.com,Designer,team-7,2017-12-20 17:33:27.736928
f6eb7d8c-ebc1-49be-b295-e5dc3d9dafe9,Aaron Floyd,aaron.floyd@acme.com,Ops,team-4,2024-09-13 17:33:27.736928
5e1d806a-c9cc-43a8-8185-ed84eb5a9fa3,Elizabeth Webb,elizabeth.webb@acme.com,Engineer,team-8,2024-07-04 17:33:27.736928
a418d092-cb9e-40a0-a0ed-94036eec2cfc,Karen Brown,karen.brown@acme.com,Ops,team-18,2020-06-24 17:33:27.736928
f839a222-06aa-4146-9199-634a54baf06e,Rachel Ware,rachel.ware@acme.com,Designer,team-8,2021-01-29 17:33:27.738932
5ee816d9-d2c7-41fd-8dce-7b96f0d28383,Cynthia Ryan,cynthia.ryan@acme.com,Engineer,team-10,2019-10-29 17:33:27.738932
dd5c759d-4b99-45b2-a038-68d988f463ab,Michelle Hudson,michelle.hudson@acme.com,Marketer,team-8,2025-05-27 17:33:27.738932
00a1e347-abbb-42d7-ac79-819d4ee04e53,Diane Hernandez,diane.hernandez@acme.com,Ops,team-3,2016-08-16 17:33:27.738932
29ad56c8-92e7-4ee4-970d-5915ebda0647,Jeffrey Rivera,jeffrey.rivera@acme.com,Marketer,team-16,2023-12-20 17:33:27.738932
14dc176d-9bac-4100-b6e7-8c10d92680e0,Frederick Hall,frederick.hall@acme.com,Marketer,team-4,2023-11-07 17:33:27.738932
4dc8215c-12e5-4c63-8337-5834193e14be,Aaron Johnson,aaron.johnson@acme.com,Engineer,team-12,2020-04-12 17:33:27.738932
f2c97f0c-49b7-4dec-82cc-6efe8883d40b,Hannah Hill,hannah.hill@acme.com,Ops,team-6,2025-03-11 17:33:27.738932
9e434363-10f0-4704-ad0b-d053d87394cf,David Steele,david.steele@acme.com,Ops,team-19,2019-04-11 17:33:27.738932
62b0d54e-7bbf-4a4d-ade1-76ed63af4d06,Rachel Ponce,rachel.ponce@acme.com,Product Manager,team-17,2018-04-09 17:33:27.738932
2e364484-27cf-4ef3-9c7e-eac90352d787,Lisa Scott,lisa.scott@acme.com,Ops,team-12,2022-02-24 17:33:27.738932
0060a92f-4711-4d67-90a0-4e9762142765,Brandon Melendez,brandon.melendez@acme.com,Marketer,team-14,2016-12-22 17:33:27.738932
77d6ec22-41e0-4341-a12a-582b90cb84b4,Julia Mccoy,julia.mccoy@acme.com,Marketer,team-8,2020-10-29 17:33:27.738932
352f5abe-8612-4c7b-8358-cb56e79b41a4,Jennifer Coleman,jennifer.coleman@acme.com,Marketer,team-11,2022-11-24 17:33:27.738932
f93eaefa-4d7a-4782-867c-1e4685355458,Ronnie Bell,ronnie.bell@acme.com,Ops,team-16,2020-11-26 17:33:27.738932
c9e8edce-9193-4fc7-9ba1-2f7aa3a696f3,Nicholas Moore,nicholas.moore@acme.com,Marketer,team-5,2015-12-31 17:33:27.738932
9ffb6c34-ca4f-4a27-9cbd-5a1920ca02b0,Derek Weeks,derek.weeks@acme.com,Marketer,team-1,2016-03-13 17:33:27.738932
72ff920a-5b4e-49f1-a4d2-1ed98fef74ee,Mr. Jerry Silva,mr..jerry.silva@acme.com,Designer,team-19,2018-08-08 17:33:27.738932
302ee64b-0a41-438c-95fe-ecef98b9a997,Timothy Rogers,timothy.rogers@acme.com,Designer,team-12,2019-08-25 17:33:27.738932
e5ada641-f374-4ad5-a660-284d2fd0fa28,Denise Yang,denise.yang@acme.com,Marketer,team-12,2024-06-22 17:33:27.738932
29804e12-39c3-4a52-b8af-25e6da3d1ee5,Anne Hoffman,anne.hoffman@acme.com,Marketer,team-9,2025-05-28 17:33:27.740935
3328ea7b-2b6a-4fd9-a984-1356ee649307,Ronald Joseph,ronald.joseph@acme.com,Engineer,team-18,2018-10-20 17:33:27.740935
6f814960-992f-49b8-a957-0448556c270d,Kyle Smith,kyle.smith@acme.com,Ops,team-18,2017-01-31 17:33:27.740935
eec920da-2597-4c22-8b2f-df18935f8d77,Jacob Morton,jacob.morton@acme.com,Designer,team-8,2017-12-31 17:33:27.740935
ae16ead4-413a-457b-b44c-92b87b84e20f,Lynn Graham,lynn.graham@acme.com,Ops,team-7,2020-02-04 17:33:27.740935
0ad434eb-7b9c-490a-9138-236a3b4f9798,Stephanie Clark,stephanie.clark@acme.com,Ops,team-7,2015-11-14 17:33:27.740935
2c3ceb0c-8f3b-4dcf-acf5-8aa44aa07f56,Heidi Wolf,heidi.wolf@acme.com,Product Manager,team-9,2018-06-28 17:33:27.740935
5aa3a236-780a-472d-9941-5a5d22b06049,Zachary Roberson,zachary.roberson@acme.com,Marketer,team-2,2017-12-23 17:33:27.740935
5c8e20e8-1511-4789-91ca-e7f22f1af0c3,Vickie Bell,vickie.bell@acme.com,Designer,team-2,2024-07-25 17:33:27.740935
7d785401-7c4e-4979-8591-69cf9133707e,Brandon Torres,brandon.torres@acme.com,Designer,team-18,2018-08-18 17:33:27.740935
c63dbf9a-64d7-401a-9c7b-d656e065c7e7,Kenneth Cordova,kenneth.cordova@acme.com,Ops,team-5,2019-04-19 17:33:27.740935
2f54ff22-7b40-48f2-97fb-e5d758ff6fdb,Sarah Dorsey,sarah.dorsey@acme.com,Product Manager,team-7,2020-11-07 17:33:27.740935
ab58de8a-89ee-421b-8703-eae4e8016025,Stephanie Chandler,stephanie.chandler@acme.com,Ops,team-4,2025-07-20 17:33:27.740935
e65fe668-a631-4409-aaa9-1191020c5037,Keith Solis,keith.solis@acme.com,Designer,team-2,2020-08-16 17:33:27.740935
5cd392c6-eb48-4381-93b6-eaa426a4baaf,Aaron Elliott,aaron.elliott@acme.com,Engineer,team-18,2019-05-20 17:33:27.740935
075d68c8-f300-499d-95d3-b995ffe1e997,Sarah Melendez,sarah.melendez@acme.com,Ops,team-3,2017-10-15 17:33:27.740935
cb6c7f18-e59e-47c0-9711-ec5ab8b91a02,Nathan Hernandez,nathan.hernandez@acme.com,Marketer,team-12,2019-12-06 17:33:27.740935
6c07c609-8caf-4157-901f-b7bbd75b5c53,Tonya Moore,tonya.moore@acme.com,Designer,team-16,2018-08-13 17:33:27.740935
1d549ae7-6281-47f4-8bdb-5ab454f4609f,Peter Kirk,peter.kirk@acme.com,Designer,team-10,2024-08-16 17:33:27.740935
1bd00179-833c-4ba4-961d-3b9ae91fc491,Michael Austin,michael.austin@acme.com,Engineer,team-8,2021-07-08 17:33:27.740935
b9d34026-ef69-4771-950d-67bc7eb98e61,Mrs. Mackenzie Clarke,mrs..mackenzie.clarke@acme.com,Designer,team-12,2018-02-21 17:33:27.740935
1439a595-b65e-4be0-85d7-93c8089fc5a8,Patricia Cross,patricia.cross@acme.com,Designer,team-5,2023-06-01 17:33:27.742938
39cedfab-51be-4d6e-8551-6c5d1ce77f68,Bianca Whitehead,bianca.whitehead@acme.com,Ops,team-11,2023-07-30 17:33:27.742938
ddad707c-173d-4abe-adae-4e660b5c0313,Christopher Torres,christopher.torres@acme.com,Engineer,team-5,2024-06-23 17:33:27.742938
047affb8-0474-4dc1-bfdd-d85d54f21890,John Weber,john.weber@acme.com,Ops,team-7,2022-03-30 17:33:27.742938
91a28efe-54d6-444c-9a1a-86ad82aa1206,Casey Tran,casey.tran@acme.com,Product Manager,team-13,2017-10-30 17:33:27.742938
67071ab4-0de2-4ac1-ad60-05c0462b00c1,Phyllis James,phyllis.james@acme.com,Product Manager,team-18,2023-07-03 17:33:27.742938
dfc880c0-fd59-40ec-ad8d-bdd195a3a6ba,Erin Carter,erin.carter@acme.com,Designer,team-11,2023-06-15 17:33:27.742938
6b54b408-3a1c-477b-ba51-3e3bea9ae1db,Julie Ortega,julie.ortega@acme.com,Ops,team-19,2024-04-25 17:33:27.742938
3f046baa-083c-430b-a14f-c44103fa79cb,Joseph Davis,joseph.davis@acme.com,Engineer,team-10,2017-12-21 17:33:27.742938
e6e71bd6-7f58-4eea-985c-f7c4f69618e2,Carl Miller,carl.miller@acme.com,Product Manager,team-18,2015-11-24 17:33:27.742938
d4942bf9-6224-459d-a12d-4a8bbb532131,Rebecca Soto,rebecca.soto@acme.com,Product Manager,team-5,2025-05-16 17:33:27.742938
10a57077-cf33-4744-824f-d0f16a7ae5e0,Melanie Larson,melanie.larson@acme.com,Engineer,team-13,2025-03-17 17:33:27.742938
840ab794-7d0a-4f35-b072-e76fe784fc19,Russell Curtis,russell.curtis@acme.com,Product Manager,team-3,2021-03-19 17:33:27.742938
97ddf0ed-2ae2-45ef-8db7-01e8cae0ac2f,Joseph Miller,joseph.miller@acme.com,Ops,team-5,2022-06-10 17:33:27.742938
05c78a51-96d7-40f2-aae6-f6e73da3c1a8,James Mendoza,james.mendoza@acme.com,Designer,team-15,2022-05-23 17:33:27.742938
3a4b6414-5baf-4423-ad80-c2314fa77aec,Kathryn Allen,kathryn.allen@acme.com,Engineer,team-2,2017-11-04 17:33:27.742938
6139fddc-c90b-4329-9944-3bfdb2763cab,Matthew Garcia,matthew.garcia@acme.com,Ops,team-16,2016-03-18 17:33:27.742938
c9fee838-11fe-49f5-90c8-4f86d70c8997,Patrick Swanson,patrick.swanson@acme.com,Ops,team-5,2018-10-24 17:33:27.742938
44692fed-b514-434a-bd2e-c8f0b7c65a4b,Lisa Simmons,lisa.simmons@acme.com,Ops,team-16,2023-07-21 17:33:27.742938
73dac58f-70c2-4c74-b75b-3574fee179f0,Brittany Cardenas,brittany.cardenas@acme.com,Marketer,team-16,2025-11-27 17:33:27.742938
2fe8e77a-29ff-47e8-8bf7-d5d24c3f04fc,Michael Mueller,michael.mueller@acme.com,Designer,team-14,2020-07-26 17:33:27.742938
a95fea49-2e90-42bd-9387-85ae3ce7d320,Dana Cruz,dana.cruz@acme.com,Marketer,team-3,2021-01-19 17:33:27.742938
a2ca0693-cc0f-46d1-81f1-4670ddae152d,Casey Higgins,casey.higgins@acme.com,Designer,team-6,2024-09-15 17:33:27.744942
dd18e19d-9f62-4994-8ecd-74d342cecbd9,Kirsten Kennedy,kirsten.kennedy@acme.com,Engineer,team-9,2020-02-22 17:33:27.744942
b3ed4eac-b5e3-417a-8a63-4fcdf93fc0f4,Michael Smith,michael.smith1@acme.com,Product Manager,team-4,2021-03-01 17:33:27.744942
5fa43f8d-f4a2-4662-b02f-3c0f3a3a3e5a,Dustin Hogan,dustin.hogan@acme.com,Designer,team-2,2019-10-27 17:33:27.744942
fd6367e2-407d-49f6-8fab-3682f936037a,Chelsea Peters,chelsea.peters@acme.com,Marketer,team-1,2022-03-11 17:33:27.744942
73be4e2d-17d6-4134-be6e-ac3e4a2a1b84,Calvin Patrick,calvin.patrick@acme.com,Designer,team-16,2016-01-22 17:33:27.744942
b146615f-62fe-4f76-ba4a-e9418ae62597,Antonio Moss,antonio.moss@acme.com,Engineer,team-17,2023-10-19 17:33:27.744942
c1105774-7c7a-4602-9582-b496d5341216,Shawn King,shawn.king@acme.com,Engineer,team-18,2019-12-25 17:33:27.744942
6bebfab4-a3d5-4fd3-8903-6d3b1285597c,Alexander Brown,alexander.brown@acme.com,Designer,team-6,2021-03-23 17:33:27.744942
565d3d34-2e9f-4b54-a144-8009d7c299b1,Jennifer Hale MD,jennifer.hale.md@acme.com,Engineer,team-6,2016-10-03 17:33:27.744942
cf5e35a2-919a-482b-b0b0-cb4052dd0098,Paul Reyes,paul.reyes@acme.com,Engineer,team-17,2018-01-20 17:33:27.744942
e22aab15-dae6-48ec-ba3b-ab02e4982c25,Zachary Smith,zachary.smith@acme.com,Designer,team-16,2019-03-05 17:33:27.744942
23f0e7dc-1e2f-41e7-ad48-ff857ca628b3,Natalie Hall,natalie.hall@acme.com,Product Manager,team-5,2016-05-19 17:33:27.744942
794eade2-e0d2-4004-8f30-49a49d5c7ea8,Jacob Adams,jacob.adams@acme.com,Ops,team-19,2019-10-20 17:33:27.744942
0f686aa1-4cfa-47e1-a806-e69a3f90983d,Tammy Meza,tammy.meza@acme.com,Ops,team-8,2025-12-26 17:33:27.744942
bfd0c081-3973-4e99-8a89-8f734a031e65,Joshua Russell,joshua.russell@acme.com,Designer,team-14,2025-11-13 17:33:27.744942
70b838fd-67e0-4dec-bf91-2b64603b3326,Curtis Hernandez,curtis.hernandez@acme.com,Ops,team-1,2017-11-22 17:33:27.744942
af2ff77c-ebad-49d9-b047-de04b13d6cf0,Mark Perez,mark.perez@acme.com,Product Manager,team-6,2022-05-13 17:33:27.744942
d3b3c99d-3a41-472f-b87e-267ac08278e4,James Ibarra,james.ibarra@acme.com,Designer,team-4,2023-12-26 17:33:27.744942
3c88def6-1885-4a81-9fa7-3bdf73cc0cf9,Daniel Harvey,daniel.harvey@acme.com,Ops,team-5,2024-06-06 17:33:27.744942
8e0c4dd1-f4bc-4c21-aac8-889860194d41,Kelly Harrell,kelly.harrell@acme.com,Product Manager,team-12,2016-10-02 17:33:27.744942
d7102caa-3499-4b0d-9347-16d3fd8ac0dc,Jennifer Scott,jennifer.scott@acme.com,Ops,team-1,2015-12-22 17:33:27.744942
f7a07f6d-8632-4eb2-bd82-229bbbcdb36f,Gilbert Mcknight,gilbert.mcknight@acme.com,Product Manager,team-3,2019-01-21 17:33:27.744942
9798ee05-e79a-47a5-a587-a6fae24682c0,Steven Fowler,steven.fowler@acme.com,Ops,team-3,2018-12-29 17:33:27.744942
eebaba91-a51a-4912-afeb-2d5aaf6d35ca,Linda Scott,linda.scott@acme.com,Designer,team-3,2021-01-09 17:33:27.746945
9873b06f-30e0-45f9-84d9-3a4389dbc6fd,James Moore,james.moore@acme.com,Product Manager,team-2,2016-03-15 17:33:27.746945
4076fc05-f6a2-425e-b967-74a0703f1fbd,Brian Young,brian.young@acme.com,Ops,team-2,2019-07-29 17:33:27.746945
3e77364d-f638-4978-845b-23447f34d407,Monica Aguilar,monica.aguilar@acme.com,Product Manager,team-10,2016-10-28 17:33:27.746945
8489f053-fee4-45f2-9116-44cd7888fadc,Karen Valdez,karen.valdez@acme.com,Marketer,team-12,2020-11-16 17:33:27.746945
b20b9539-de5f-4418-bc2f-ec35b188040d,Joseph Dennis,joseph.dennis@acme.com,Product Manager,team-1,2023-01-23 17:33:27.746945
1176376b-1b0d-4a34-ba0b-bc7ddddfb569,Janet Ball,janet.ball@acme.com,Engineer,team-8,2017-03-27 17:33:27.746945
7e704aad-4b1d-4ea3-8813-87b8eb89a67f,Gary Bond,gary.bond@acme.com,Designer,team-5,2025-06-29 17:33:27.746945
7abfc751-63f4-417b-8227-15b7e32bf9d7,Donna Banks,donna.banks@acme.com,Engineer,team-16,2024-01-27 17:33:27.746945
a06ac62c-b2f6-4a41-bca3-a1d191d17673,Anthony Cook,anthony.cook@acme.com,Product Manager,team-3,2016-12-25 17:33:27.746945
aaf57a8b-3850-4faa-9b8f-4c5918df0870,Wendy Peck,wendy.peck@acme.com,Designer,team-3,2023-02-18 17:33:27.746945
62f2bdc2-47dc-4b1c-8330-df665092cf73,Jamie Flynn,jamie.flynn@acme.com,Ops,team-10,2021-01-10 17:33:27.746945
30a0885f-9e39-4d6f-becd-4dd7413b7727,Destiny Whitehead,destiny.whitehead@acme.com,Ops,team-2,2018-06-11 17:33:27.746945
05c33f00-81c0-4b23-ad7c-4d0aae2fa3e3,Bruce Bennett,bruce.bennett@acme.com,Engineer,team-2,2022-07-25 17:33:27.746945
335d2d91-3662-4a54-b555-651ccc4aa680,Christine Nichols,christine.nichols@acme.com,Engineer,team-1,2024-05-18 17:33:27.746945
f3bd923d-8d4b-4bd2-93b5-2147a2a3043b,Adrian Lara,adrian.lara@acme.com,Ops,team-15,2017-07-01 17:33:27.746945
9b713a23-7f07-4a7e-b821-e2616550a8bb,Brittany Duncan,brittany.duncan@acme.com,Ops,team-10,2022-01-30 17:33:27.746945
de14f3e2-5f4c-4276-9c6e-f0a9431a6aba,Mary Green,mary.green@acme.com,Marketer,team-4,2015-12-12 17:33:27.746945
d335c8c3-dabb-453a-b1a2-3b136a46b130,Angelica Gibbs,angelica.gibbs@acme.com,Marketer,team-1,2017-03-03 17:33:27.746945
af635a44-52b2-456d-96c5-561fc7c80dc6,Kayla James,kayla.james@acme.com,Marketer,team-14,2017-03-18 17:33:27.746945
f2d9b381-8516-46d8-a6e0-fa2cfb474b93,Angel Estrada,angel.estrada@acme.com,Designer,team-0,2022-09-21 17:33:27.746945
e06bcd79-e170-4191-a077-adc16b3ceded,Jacob Silva,jacob.silva@acme.com,Ops,team-16,2016-07-28 17:33:27.746945
09740e0b-b2d0-4f20-ab63-762e7ca64e48,Justin Woods,justin.woods@acme.com,Engineer,team-12,2023-02-24 17:33:27.746945
024198b7-33eb-4dd3-8bb4-68fdd8f65dbd,Tammy Boyle,tammy.boyle@acme.com,Product Manager,team-17,2024-10-11 17:33:27.746945
65ae9bbf-bfb1-418c-b216-53109c74746a,Martin Martin,martin.martin@acme.com,Ops,team-8,2018-05-23 17:33:27.746945
a64ee06c-b0e5-4a55-a8d9-a2ab3a5cfde3,Leslie Barr,leslie.barr@acme.com,Designer,team-17,2021-12-01 17:33:27.746945
c1c08fad-d280-473d-8d09-a2b4937e952d,Kimberly Reed,kimberly.reed@acme.com,Product Manager,team-0,2018-12-20 17:33:27.746945
9c8a787e-af5f-4de9-baf0-7467cc99703d,Eric Nichols,eric.nichols@acme.com,Marketer,team-3,2017-05-09 17:33:27.748948
7e59243c-0202-4c44-8d65-cc74ae0e2fc5,Shannon Koch,shannon.koch@acme.com,Product Manager,team-17,2016-02-17 17:33:27.748948
5b8712af-5e12-469e-9097-0ddd79436c8f,Lisa Williams,lisa.williams2@acme.com,Ops,team-11,2015-08-13 17:33:27.748948
cee7ab32-e16d-4b8c-8a53-e9aee9760394,Haley Vega,haley.vega@acme.com,Engineer,team-10,2020-03-09 17:33:27.748948
31e479ac-8e23-4753-afae-dbe8a610c1d2,Kelly Reyes,kelly.reyes@acme.com,Ops,team-18,2022-07-05 17:33:27.748948
b57a0728-2e44-4b17-b02f-98c90247a387,Brandon Carroll,brandon.carroll@acme.com,Marketer,team-8,2021-09-07 17:33:27.748948
2e916a17-2303-4ff9-84f4-a85580e3ac4c,Briana Velasquez,briana.velasquez@acme.com,Product Manager,team-13,2021-07-23 17:33:27.748948
3d31404c-4229-4674-a010-cd941536a476,Kathleen Thomas,kathleen.thomas@acme.com,Ops,team-17,2018-04-11 17:33:27.748948
84be7722-33c4-4181-b0f4-21975dfdc5f5,Kelly Morgan,kelly.morgan@acme.com,Marketer,team-14,2025-08-05 17:33:27.748948
f5f472b1-d8ae-43d2-bde2-2f4ee6c85f25,Karen Miller,karen.miller@acme.com,Ops,team-17,2017-09-17 17:33:27.748948
41ce2656-cd95-4bab-b5b7-0b5b66f3587f,Stephen Adams,stephen.adams@acme.com,Engineer,team-8,2021-01-30 17:33:27.748948
d7b794ad-13a8-4c1d-8fb1-fb42ff672281,Evan Burnett,evan.burnett@acme.com,Engineer,team-14,2023-06-09 17:33:27.748948
9153cb2e-3b69-4c03-978c-e6a01cbf3e61,Jennifer Baker,jennifer.baker@acme.com,Designer,team-1,2021-06-09 17:33:27.748948
7f716b87-725a-4337-a362-5aa11e35d3cb,Taylor Walker,taylor.walker@acme.com,Engineer,team-3,2023-05-01 17:33:27.748948
cb1a510a-1585-419c-a446-a5b2cf5fb401,Melissa Hudson,melissa.hudson@acme.com,Designer,team-2,2017-08-17 17:33:27.748948
d1002d3c-54a6-40d4-8391-6dad3618cdc7,James Rogers,james.rogers@acme.com,Marketer,team-4,2019-12-13 17:33:27.748948
86a1446f-dfec-450b-a33d-0c81027f148b,James Humphrey,james.humphrey@acme.com,Engineer,team-14,2021-07-31 17:33:27.748948
33a6cff6-ba7a-4754-aa68-3a2aa7a9c2bc,Elizabeth Sanchez,elizabeth.sanchez@acme.com,Engineer,team-13,2016-07-12 17:33:27.748948
80d5cbdc-1c36-47a1-920e-fb9f12713fe7,Joshua Coleman,joshua.coleman@acme.com,Engineer,team-9,2019-09-29 17:33:27.748948
94a8a174-ee03-4c44-8f93-edf481aec47d,Tanner Thompson,tanner.thompson@acme.com,Engineer,team-7,2024-12-21 17:33:27.748948
fd61955d-3cdf-487b-add6-2d8ab09be737,Rachel Hicks,rachel.hicks@acme.com,Ops,team-4,2023-02-15 17:33:27.748948
3e9e2a94-933d-49aa-9020-4662bfe13a90,Sherry Stark,sherry.stark@acme.com,Engineer,team-17,2023-04-09 17:33:27.748948
494cbf2c-9932-4490-a575-5b38b386706a,Michele Robles,michele.robles@acme.com,Engineer,team-16,2016-01-18 17:33:27.748948
fd22a1a4-ae0b-4834-b17a-b09559f03e96,Victor Marshall,victor.marshall@acme.com,Marketer,team-16,2020-11-18 17:33:27.748948
6acd6e9a-1904-49ea-9a33-c6fdf473b59d,Lisa Hicks,lisa.hicks@acme.com,Designer,team-15,2020-09-19 17:33:27.748948
2bc32fd0-4c59-4b64-b796-6f79e3e50dc9,April Miller,april.miller@acme.com,Marketer,team-18,2020-08-01 17:33:27.750691
5cb4e76b-4b04-45d0-afa6-d700b4b8fa3e,David Nguyen,david.nguyen@acme.com,Engineer,team-12,2016-04-05 17:33:27.750691
b6acf49c-5989-4274-a393-ac859d9d5244,Vanessa Prince,vanessa.prince@acme.com,Designer,team-0,2017-03-22 17:33:27.750691
32d1708a-54fd-4cc5-88a1-afac83773a68,Kristin Santiago MD,kristin.santiago.md@acme.com,Designer,team-7,2015-08-20 17:33:27.750691
911532d4-d4ac-496a-99c7-8cc8da5e1f5c,Philip Powers,philip.powers@acme.com,Ops,team-11,2023-10-08 17:33:27.750691
20bbd300-be80-4592-a76a-07a186987d23,Aaron Berry,aaron.berry@acme.com,Ops,team-5,2023-01-09 17:33:27.750691
3f07d11c-4415-4eac-b2ec-3b0e402d1bf7,Daniel Sullivan,daniel.sullivan@acme.com,Ops,team-0,2017-10-15 17:33:27.750691
ff2948ac-8b9c-463b-8085-4f56d2ded00b,Michael Jones,michael.jones@acme.com,Ops,team-12,2019-05-25 17:33:27.750691
b3caad33-1711-4157-ad1a-68ad9385a25b,Nicole Williams,nicole.williams@acme.com,Engineer,team-19,2022-08-09 17:33:27.750691
75097881-6e39-4a0b-86f6-fb1e289070f7,Jamie Patterson,jamie.patterson@acme.com,Designer,team-17,2018-04-19 17:33:27.750691
3284e8c6-47c4-4a97-8673-c86da4d8280f,Jacob Thomas,jacob.thomas@acme.com,Designer,team-10,2015-09-27 17:33:27.750691
fefa0767-6158-42de-a9e1-3d6cab598200,Carlos Knight,carlos.knight@acme.com,Marketer,team-13,2015-12-04 17:33:27.750691
8bea7fec-2902-4760-8edb-4ace898d677e,Aaron Miller,aaron.miller@acme.com,Product Manager,team-9,2023-05-13 17:33:27.750691
f4096cf7-8fe1-4605-969f-4231f9cf2d59,Cynthia Ward,cynthia.ward@acme.com,Designer,team-19,2018-02-01 17:33:27.750691
0a76f05c-b5df-4e0f-8cd4-7cff9ae9bec1,Melanie Murphy,melanie.murphy@acme.com,Marketer,team-17,2025-07-21 17:33:27.750691
3b856c38-4e7f-48da-a355-c5650ee1f242,Briana Lindsey,briana.lindsey@acme.com,Engineer,team-10,2019-09-19 17:33:27.750691
0b1252fe-8bb0-4842-9276-2009bcfd82c9,Crystal Williams,crystal.williams@acme.com,Designer,team-10,2025-08-13 17:33:27.750691
2735dacd-0206-459a-9157-e136970ee8f3,Rebecca James,rebecca.james@acme.com,Marketer,team-6,2022-12-11 17:33:27.750691
bdfdb286-0c33-407d-8e31-ec63c200b3b5,Taylor Ball,taylor.ball@acme.com,Ops,team-8,2024-07-07 17:33:27.750691
ad84f087-c37c-4439-9e47-475848d691a7,Mary Stephens,mary.stephens@acme.com,Product Manager,team-18,2023-09-07 17:33:27.750691
0103eb1a-ebe0-4def-a640-49b0b4549752,Marie Chen,marie.chen@acme.com,Engineer,team-12,2019-08-17 17:33:27.750691
1cac2242-33eb-478a-84e2-b9a8cb0794da,Edward Coleman,edward.coleman@acme.com,Ops,team-5,2019-01-10 17:33:27.750691
d926cbb1-7b59-4791-b403-866cdf1d481c,Jeffrey Miranda,jeffrey.miranda@acme.com,Marketer,team-9,2024-01-30 17:33:27.750691
9189bc69-1fd2-4348-898f-35b03a933919,Kimberly Gordon,kimberly.gordon@acme.com,Ops,team-9,2019-05-14 17:33:27.750691
9aa69236-36bf-4d20-b725-06fcfb625e01,Latoya Simmons,latoya.simmons@acme.com,Engineer,team-4,2022-12-13 17:33:27.750691
fd1f1b76-fc54-4658-8087-f0bbc848f4f2,Heather Erickson,heather.erickson@acme.com,Marketer,team-12,2021-03-03 17:33:27.752432
c9580924-96cf-495f-8190-40953ca21eb9,Katherine Riley,katherine.riley@acme.com,Marketer,team-13,2016-07-21 17:33:27.752432
61b8c699-919b-4dd3-8c16-2ddabfa7d999,Wendy Joyce,wendy.joyce@acme.com,Designer,team-11,2020-01-28 17:33:27.752432
c99cef86-43b7-484a-900c-d2753adb223f,Timothy Harrell,timothy.harrell@acme.com,Ops,team-9,2023-07-08 17:33:27.752432
5ba43027-a5f5-4771-9fa8-21babaadeb88,Dr. Erin Sims,dr..erin.sims@acme.com,Ops,team-12,2024-10-13 17:33:27.752432
91490c30-5192-472b-bd12-e5129f78d9a4,Omar Rivas,omar.rivas@acme.com,Engineer,team-10,2017-04-05 17:33:27.752432
a22454e6-66c6-49bb-9e27-526f2336ddac,Antonio Baker,antonio.baker@acme.com,Product Manager,team-8,2023-07-09 17:33:27.752432
fba4e291-99a4-4835-96da-5a3dd8e72e51,Lori Ford,lori.ford@acme.com,Engineer,team-6,2017-07-04 17:33:27.752432
1b388d57-0922-46f8-a01a-c1fa8801deb1,Ronald Baker,ronald.baker@acme.com,Product Manager,team-8,2019-02-26 17:33:27.752432
2bce5905-0122-406a-b52d-337e18c88750,Ariel Cruz DDS,ariel.cruz.dds@acme.com,Marketer,team-18,2021-03-04 17:33:27.752432
f171f548-6d6f-46e5-9392-e0db2f45f29c,Sharon Collins,sharon.collins@acme.com,Engineer,team-16,2022-01-01 17:33:27.752432
31764333-3b95-4ec6-9a9a-29ffd2cac0bb,Erica Montgomery,erica.montgomery@acme.com,Product Manager,team-19,2024-04-06 17:33:27.752432
395d0729-c0e3-4004-a98e-d81a8819dee0,Veronica Harris,veronica.harris@acme.com,Designer,team-6,2022-09-21 17:33:27.752432
16879d08-1f29-4fa6-882f-d4defcc5cacd,James Rodriguez,james.rodriguez@acme.com,Ops,team-5,2023-07-30 17:33:27.752432
4dfe0912-da0a-49ae-bc4c-df5b0b5b5515,Amber Evans,amber.evans@acme.com,Engineer,team-1,2025-11-19 17:33:27.752432
82d6856d-80e6-47dc-8181-dc660f325808,Maria Collins,maria.collins@acme.com,Engineer,team-19,2018-12-03 17:33:27.752432
763c652a-e384-47c3-95dc-66613642e126,Stefanie Johnson,stefanie.johnson@acme.com,Product Manager,team-0,2021-05-02 17:33:27.752432
00c9a148-deea-4db6-9df6-7458efe0376a,Carla Scott,carla.scott@acme.com,Designer,team-3,2018-02-20 17:33:27.752432
52a0f12d-c2f3-4be1-891d-da356d585b20,Keith Lawson,keith.lawson@acme.com,Ops,team-3,2023-11-17 17:33:27.752432
fede222e-ec17-42e3-8184-9f10bcf183a0,Adam Ryan,adam.ryan@acme.com,Ops,team-15,2023-02-06 17:33:27.752432
38b0ea84-39c0-47dd-8d26-985d06c9846d,Justin Branch,justin.branch@acme.com,Ops,team-4,2020-12-24 17:33:27.752432
2b89d5ef-cbc5-4d14-a1e5-3489c9347bbf,Jared Rosales,jared.rosales@acme.com,Product Manager,team-15,2016-05-09 17:33:27.752432
7c2befb1-ecf1-46f4-a287-30eb3a4565f4,Valerie Larsen,valerie.larsen@acme.com,Marketer,team-5,2024-04-26 17:33:27.752432
88ebf259-f861-48c4-be16-872228630d5e,Russell Glenn,russell.glenn@acme.com,Marketer,team-7,2020-12-04 17:33:27.752432
5e295b85-bde4-4ab7-8b55-b5bbbaa7d017,Kara Williams,kara.williams@acme.com,Designer,team-15,2024-06-19 17:33:27.754172
c80de76c-d673-48d6-bc3d-786b07bd70a5,Adam Santana,adam.santana@acme.com,Designer,team-19,2020-10-29 17:33:27.754172
34588651-b26c-4fd8-b52a-b63058d13c6e,Christopher Johnson,christopher.johnson@acme.com,Ops,team-8,2020-07-17 17:33:27.754172
64177253-c918-47c1-9c47-46b37acbff18,Dr. Laura Ross MD,dr..laura.ross.md@acme.com,Engineer,team-17,2017-11-22 17:33:27.754172
a7fe8f78-7123-44c2-9b2b-75a56ce4743c,Phyllis Hill,phyllis.hill@acme.com,Product Manager,team-2,2023-01-03 17:33:27.754172
a7599de4-6e97-482e-8f37-339aef8be3a3,Rachel Freeman,rachel.freeman@acme.com,Marketer,team-9,2022-06-28 17:33:27.754172
2a6c4bc7-cf73-4832-a496-ac3ca152ca7c,Felicia Thomas,felicia.thomas@acme.com,Engineer,team-2,2023-06-27 17:33:27.754172
380ae7d3-a7d9-4554-8414-a761e9e72eca,Adam Snyder,adam.snyder@acme.com,Engineer,team-9,2015-11-23 17:33:27.754172
c013c759-d4b1-4159-b7e7-1c662983ffde,Gregory Vazquez,gregory.vazquez@acme.com,Product Manager,team-14,2016-02-03 17:33:27.754172
1110c0a3-bdb7-42ba-b524-50abbfdb7dce,Mr. Austin Bean,mr..austin.bean@acme.com,Ops,team-19,2019-08-06 17:33:27.754172
48946db5-e216-4754-af41-968dcb82a91d,Cynthia Castillo,cynthia.castillo@acme.com,Marketer,team-19,2020-10-06 17:33:27.754172
222d3630-ae7e-4de7-91e4-419b58065802,Lindsey David,lindsey.david@acme.com,Marketer,team-0,2023-11-19 17:33:27.754172
c355a380-071a-4ec0-940d-899894c83f3a,Monica Gross,monica.gross@acme.com,Engineer,team-11,2018-09-04 17:33:27.754172
b2722cef-e036-4612-aba9-4c353b0026ad,Jeff Roberts,jeff.roberts@acme.com,Product Manager,team-4,2024-02-18 17:33:27.754172
e4488c55-a3f6-4447-b6b9-2d7593208086,Diane May,diane.may@acme.com,Designer,team-10,2017-06-30 17:33:27.754172
b927c9d0-c098-4006-af74-3041814f7d39,Robert Webster,robert.webster@acme.com,Designer,team-7,2021-08-01 17:33:27.754172
39c1f9d4-e7e2-4c1f-b21b-17c38c775e9c,Jordan Martin,jordan.martin@acme.com,Designer,team-17,2015-09-14 17:33:27.754172
a295c7a0-58eb-4b16-a7cd-326588ff8f78,Sheri Hernandez,sheri.hernandez@acme.com,Marketer,team-9,2022-11-25 17:33:27.754172
8bc9ac64-fcff-482b-bd9d-d66e44b18f6a,Mindy Ellis,mindy.ellis@acme.com,Designer,team-1,2025-10-03 17:33:27.754172
a9cfd2ad-5c0b-45a6-86e0-dba12a799ddd,Dr. Julie Diaz DDS,dr..julie.diaz.dds@acme.com,Product Manager,team-8,2018-03-07 17:33:27.754172
122d9921-7f6b-407a-bd6e-05c064ff805c,Annette Simmons,annette.simmons@acme.com,Engineer,team-12,2017-06-02 17:33:27.754172
e7ad939b-419b-4686-a221-f05a103031b2,Andrea Dean,andrea.dean@acme.com,Designer,team-3,2018-05-29 17:33:27.754172
e906f44d-3078-469a-8dce-87b584cca432,Megan Reyes,megan.reyes@acme.com,Engineer,team-2,2021-11-04 17:33:27.754172
d817ed7c-6c58-44f1-b4ed-f4848c3f5cff,Heather Davis,heather.davis@acme.com,Designer,team-12,2017-04-11 17:33:27.754172
37cd8a2e-add4-4518-ad3e-0f031d09e1b8,Jessica Carter,jessica.carter@acme.com,Designer,team-5,2025-08-11 17:33:27.754172
68d89ca0-e8a6-4b57-8b76-30b4e94dfc19,Dominique Pittman,dominique.pittman@acme.com,Designer,team-18,2022-10-06 17:33:27.755911
31ea2f63-49d0-4944-9ba3-9b28c712cf36,Ray Rivera,ray.rivera@acme.com,Marketer,team-19,2019-10-07 17:33:27.755911
11c5e379-0c32-4e24-a44c-7f63f83c5e5e,Kimberly Hogan,kimberly.hogan@acme.com,Marketer,team-3,2024-05-01 17:33:27.755911
d06c998e-f66a-4b97-8f82-eebd1abec86a,Kathleen Robinson,kathleen.robinson@acme.com,Engineer,team-11,2025-09-03 17:33:27.755911
cba5b5e2-4477-49db-aa31-f5f2b92ac877,Andrew Davis,andrew.davis1@acme.com,Designer,team-16,2018-06-16 17:33:27.755911
b306a129-5717-4753-a0e8-52818b7c74ce,Dawn Morgan,dawn.morgan@acme.com,Product Manager,team-12,2022-03-23 17:33:27.755911
a3807246-fc70-4431-b014-04e74704f172,Christopher Fleming,christopher.fleming@acme.com,Engineer,team-5,2017-11-13 17:33:27.755911
156e1097-f49c-441f-ab11-1473939edd95,Jennifer Huff DVM,jennifer.huff.dvm@acme.com,Ops,team-10,2015-11-20 17:33:27.755911
35fbea73-a7a1-4b55-af83-2b64167857d7,Diana Jones,diana.jones@acme.com,Ops,team-9,2021-03-04 17:33:27.755911
de8bf76d-a33a-4f8c-ada6-29bc45a550dc,Troy Williams,troy.williams@acme.com,Engineer,team-14,2018-12-06 17:33:27.755911
522b0d96-d650-4372-b5a2-5c9d74d60299,Nicole Peterson,nicole.peterson@acme.com,Ops,team-17,2017-12-12 17:33:27.755911
71a3c1bd-f9f7-4a1b-8fbf-d238380a1a9e,Sara Obrien,sara.obrien@acme.com,Designer,team-2,2016-06-15 17:33:27.755911
503f1ae2-09a9-4574-8e08-b0ad3bc3411b,Melinda Jones,melinda.jones@acme.com,Ops,team-12,2019-08-24 17:33:27.755911
3601ac1d-347e-4618-9c01-0738d5ee12b8,Ricky Ortiz,ricky.ortiz@acme.com,Designer,team-7,2023-05-12 17:33:27.755911
15d7f52c-a682-4762-8818-e91cac233041,Stephanie Gray,stephanie.gray@acme.com,Ops,team-17,2019-05-06 17:33:27.756914
835af450-5bfd-40c1-b243-ccb46939067a,Angel Cabrera,angel.cabrera@acme.com,Ops,team-2,2018-02-01 17:33:27.756914
0e213d3c-1167-459c-9034-1171b1b51962,Taylor Quinn,taylor.quinn@acme.com,Ops,team-1,2024-03-26 17:33:27.756914
f54cfa2b-836f-4f78-ac62-72d6818cb796,Arthur Miller,arthur.miller@acme.com,Designer,team-14,2024-05-19 17:33:27.756914
b3fb99f0-646b-412a-890d-93023779c372,Kiara Hayes,kiara.hayes@acme.com,Marketer,team-0,2016-05-13 17:33:27.756914
6a6ae598-e77e-4022-8b5d-da319595fed6,Andrew Norman,andrew.norman@acme.com,Engineer,team-6,2020-03-02 17:33:27.756914
b7049b21-4066-4358-9579-675487642a9a,Kenneth Morgan,kenneth.morgan@acme.com,Product Manager,team-14,2016-08-18 17:33:27.756914
16b2f841-a615-4782-96d0-0515ebdd448c,Brandon Stone,brandon.stone@acme.com,Marketer,team-19,2015-12-09 17:33:27.756914
4d965d7b-abe3-487d-8451-f62d4fcf72ce,Mary Rodriguez,mary.rodriguez@acme.com,Product Manager,team-17,2016-06-16 17:33:27.756914
a637e22a-f9ac-484c-aa27-579394e01d8a,Ashley Ryan,ashley.ryan@acme.com,Product Manager,team-6,2017-10-18 17:33:27.756914
05b08e0b-6bcd-4c1f-87e3-5a5ab42c7cfe,Gregory Austin,gregory.austin@acme.com,Marketer,team-5,2016-11-07 17:33:27.756914
2a710667-392e-4ba2-9b85-94a01bcad3d8,Anthony Melton,anthony.melton@acme.com,Designer,team-18,2016-06-04 17:33:27.756914
7e0c1e44-581c-4362-a031-fe28bc0d5e50,Tracy Thompson,tracy.thompson@acme.com,Designer,team-8,2022-07-29 17:33:27.756914
95d0fd76-fe5d-4c61-b3bd-a91a2095f3bb,Thomas Owens,thomas.owens@acme.com,Ops,team-6,2025-01-09 17:33:27.756914
d781eb36-050d-4404-82bd-a02dd19d7a5a,Beth Simpson,beth.simpson@acme.com,Designer,team-6,2019-12-19 17:33:27.756914
008f4598-f15f-4b0f-9829-46a25e2b3bd4,Tracy Ruiz,tracy.ruiz@acme.com,Ops,team-13,2023-05-23 17:33:27.756914
59dd2ab5-8b5a-415f-8ec8-5518b57ba754,Kellie Fry,kellie.fry@acme.com,Product Manager,team-0,2025-02-03 17:33:27.756914
dd796d9d-4289-48a9-9ba3-b15925f1fdde,Brandon Carrillo,brandon.carrillo@acme.com,Marketer,team-9,2025-03-08 17:33:27.756914
db84d0e9-a7e0-44ee-8c2f-0fb706abc744,Tara Love,tara.love@acme.com,Marketer,team-4,2017-08-30 17:33:27.756914
71041daf-5d50-4533-9e83-01100a8c7b3f,Miranda Roberts,miranda.roberts@acme.com,Product Manager,team-2,2018-11-24 17:33:27.756914
dd4b926f-b4f2-427a-80ca-ec2efafc37c3,Meghan Price,meghan.price@acme.com,Marketer,team-9,2023-06-12 17:33:27.756914
eafc4459-b2c3-4346-aaf1-d9f5eb77ee10,Michael Davis,michael.davis@acme.com,Ops,team-14,2025-11-16 17:33:27.756914
dc133631-f0f9-40f0-827b-b4bfe601fa2a,Eric Espinoza MD,eric.espinoza.md@acme.com,Marketer,team-1,2020-01-28 17:33:27.758918
4b8cd892-9343-46b8-861c-dae15fd0b547,Marcia Conley,marcia.conley@acme.com,Product Manager,team-8,2022-07-24 17:33:27.758918
db703065-d41e-4a15-b919-303fa0abae30,Holly Maddox,holly.maddox@acme.com,Engineer,team-7,2018-02-05 17:33:27.758918
9a158746-a9f9-4c43-9598-3ff52e6df05f,Amy Sandoval,amy.sandoval@acme.com,Ops,team-3,2016-08-23 17:33:27.758918
37fc7735-8d17-4996-ba9c-3329523be260,Melinda Callahan,melinda.callahan@acme.com,Ops,team-19,2023-08-12 17:33:27.758918
ee4ddfa9-344c-49fa-b065-b2bd541c4225,Valerie Rocha,valerie.rocha@acme.com,Engineer,team-8,2019-04-25 17:33:27.758918
1a9a71da-d426-4dcc-8560-0ea5bc57b27b,Victoria Walker,victoria.walker@acme.com,Marketer,team-18,2020-05-17 17:33:27.758918
31d1ac46-1a80-44ac-9778-da93239cfa2c,William Price,william.price@acme.com,Product Manager,team-14,2024-07-27 17:33:27.758918
1ea24b7a-ddc5-4075-bb67-d9b1fb173e52,Stephen Mccoy,stephen.mccoy@acme.com,Product Manager,team-8,2017-10-02 17:33:27.758918
4bb69093-4c80-48c8-892b-03098a3bcbe5,Joshua Young,joshua.young@acme.com,Product Manager,team-3,2020-08-12 17:33:27.758918
8801d9e6-5efd-4e90-82bf-8423c063dd02,James Rivera,james.rivera@acme.com,Product Manager,team-16,2024-03-14 17:33:27.758918
e212d889-07b9-4965-abe8-5b573830835f,Mary Herrera,mary.herrera@acme.com,Ops,team-8,2016-04-28 17:33:27.758918
fd33e0f0-0e0a-4632-9bf8-e2380bc28b78,Robert Howard,robert.howard@acme.com,Ops,team-2,2019-11-18 17:33:27.758918
eb31f5b8-d01c-446e-bfba-929c2eaedbc3,David Horton,david.horton@acme.com,Ops,team-10,2020-04-27 17:33:27.758918
205f8076-7041-4222-818f-0db63479a31e,Leon Garrett,leon.garrett@acme.com,Ops,team-15,2020-06-16 17:33:27.758918
c9a30bd8-7054-46b5-b30a-d3d5fc55c79e,Laura Maldonado,laura.maldonado@acme.com,Designer,team-19,2018-09-10 17:33:27.758918
2bf4f58c-20ee-4b66-9ce5-b9148317114a,Paula Kennedy,paula.kennedy@acme.com,Designer,team-6,2017-08-21 17:33:27.758918
c640d5d7-ea78-4c0e-ba28-6a6e8331f138,Mary Martin,mary.martin@acme.com,Engineer,team-8,2019-10-01 17:33:27.758918
b9cbceee-eb6f-4d20-830e-8a0d47b3ca2c,Daryl Beck,daryl.beck@acme.com,Marketer,team-18,2022-07-12 17:33:27.758918
867aa878-df64-49a6-ab98-fbae7240567b,Brian Miller,brian.miller@acme.com,Engineer,team-14,2020-08-27 17:33:27.758918
0bd65e02-7883-4e0b-a6ae-1a6cffe582a9,Samuel Blackburn,samuel.blackburn@acme.com,Product Manager,team-2,2024-03-24 17:33:27.758918
51022f55-bcbd-41cd-ad27-55640bb5031c,Jennifer Brooks,jennifer.brooks@acme.com,Ops,team-14,2015-11-22 17:33:27.758918
50cc8a7a-1a2c-4f48-a8ea-d38449108865,Emily Young,emily.young@acme.com,Product Manager,team-18,2024-09-02 17:33:27.758918
1b84ba37-e741-49d4-aebc-c2d3d71f0403,James Arias,james.arias@acme.com,Designer,team-12,2017-06-22 17:33:27.758918
fe508f0d-8187-489b-bfdd-d981d8db67dc,Denise Ho,denise.ho@acme.com,Marketer,team-0,2017-11-09 17:33:27.758918
e61c639a-b446-493d-8777-7da48af98aec,Judith Hancock,judith.hancock@acme.com,Marketer,team-4,2024-12-10 17:33:27.758918
63c82f83-dd4c-40d5-ba29-92374e6c25aa,Gabriel Anderson,gabriel.anderson@acme.com,Product Manager,team-6,2017-01-13 17:33:27.758918
3c53af3f-50f0-4373-90c8-7334c3d81a51,Susan Stafford,susan.stafford@acme.com,Ops,team-8,2018-09-10 17:33:27.758918
6a76aefc-6bd6-4dad-8f14-605b5663b769,Marc Thompson,marc.thompson@acme.com,Designer,team-14,2016-08-16 17:33:27.758918
b0fa71e9-1f0f-4631-90bb-e79303163faa,Ryan Sexton,ryan.sexton@acme.com,Ops,team-15,2021-05-17 17:33:27.760921
84d17af4-cc07-450e-8b5f-ce0f105e6ed7,Steven Lewis,steven.lewis@acme.com,Engineer,team-12,2025-10-08 17:33:27.760921
213a6523-0cd2-44f2-b538-8146bd34fb73,Dawn Jackson,dawn.jackson@acme.com,Ops,team-0,2020-09-16 17:33:27.760921
97bb5f51-1637-493d-8b85-06ba090e7040,Nicole Norman,nicole.norman@acme.com,Designer,team-13,2017-05-01 17:33:27.760921
5475357c-fcea-4596-b0a4-7aea5b7706fc,Dustin Robinson,dustin.robinson@acme.com,Designer,team-8,2018-11-11 17:33:27.760921
9f34cd31-f5cd-43af-b7db-e1f8ec26826c,Joseph Williams,joseph.williams@acme.com,Designer,team-8,2017-04-05 17:33:27.760921
e83315d6-327a-4294-bf39-a08fa608852f,Laura Day,laura.day@acme.com,Ops,team-16,2017-07-10 17:33:27.760921
25a3fd0d-42bb-4ed9-81e4-791ba8baa01e,Brian Gill,brian.gill@acme.com,Engineer,team-5,2016-04-01 17:33:27.760921
2efe7e93-e921-4e43-b134-5fe7dcd116b3,Katie Cox,katie.cox@acme.com,Engineer,team-7,2021-01-03 17:33:27.760921
d56ab216-cca8-4782-919d-fd88dbd1d9cc,Teresa Crawford,teresa.crawford@acme.com,Product Manager,team-12,2016-02-29 17:33:27.760921
ad9ff53c-9ce1-4dcf-9de0-39631f76b7c1,Amanda Simpson,amanda.simpson@acme.com,Engineer,team-9,2019-05-03 17:33:27.760921
5ddbc9ef-6138-4e9f-8f67-e6c374b8ad1f,Jessica Garner,jessica.garner@acme.com,Product Manager,team-17,2015-08-21 17:33:27.760921
504fd3eb-35a5-412c-abbf-f611a7725ec1,Debbie Young,debbie.young@acme.com,Marketer,team-7,2022-01-23 17:33:27.760921
64b581ff-d083-45dc-ae98-e124b76408a1,Alexander Wilson,alexander.wilson@acme.com,Marketer,team-9,2023-12-14 17:33:27.760921
92cb8811-153b-4047-bfca-1bc686aa5688,Michelle Lopez,michelle.lopez@acme.com,Product Manager,team-5,2018-05-04 17:33:27.760921
349a6c3c-f78d-4bae-9cf9-3e31d3b5d396,Julie Carter,julie.carter@acme.com,Engineer,team-18,2021-08-24 17:33:27.760921
24345255-76bc-4ad8-9f1a-c60942114ba9,Daniel Marks MD,daniel.marks.md@acme.com,Engineer,team-10,2023-03-07 17:33:27.760921
05a2dcfd-605e-4da5-a423-2418d91a3ade,Peter Stewart,peter.stewart@acme.com,Designer,team-17,2020-06-04 17:33:27.760921
8c0a26df-86a0-419f-92b7-0075b191f7d1,Renee Ramirez,renee.ramirez@acme.com,Marketer,team-14,2022-08-08 17:33:27.760921
89281162-4333-4efc-844e-6ec46a49fcc9,Julie Marshall,julie.marshall@acme.com,Product Manager,team-17,2021-07-18 17:33:27.760921
46311bb4-081e-40b0-ae13-3fce9c0714e9,Sharon Lewis,sharon.lewis@acme.com,Engineer,team-14,2018-12-17 17:33:27.760921
09f304a8-7d47-44b5-be65-8f628310aab7,Roy Foley,roy.foley@acme.com,Marketer,team-17,2021-01-10 17:33:27.760921
b828d3ac-8cea-4c06-9a3e-ce6b8e1095d5,Karen Jordan,karen.jordan@acme.com,Product Manager,team-5,2023-11-19 17:33:27.760921
c59cf419-24d5-44c0-adf4-d984e8ff0b21,Debbie Owen,debbie.owen@acme.com,Designer,team-1,2022-08-30 17:33:27.760921
d60b3690-face-4fe8-b39a-6c21cf9f775e,Tony Horn,tony.horn@acme.com,Designer,team-6,2024-08-17 17:33:27.760921
a6a568f5-63e2-4a7b-9f7a-6d0c488b5144,George Williams,george.williams@acme.com,Engineer,team-19,2022-08-28 17:33:27.760921
3c5c32bc-3c46-4109-a482-75df6ddaff42,Carlos Myers,carlos.myers@acme.com,Product Manager,team-13,2020-09-21 17:33:27.760921
929da4fb-f7af-4b1e-b6b8-fcea7b764b08,Brenda Smith,brenda.smith@acme.com,Product Manager,team-10,2020-12-26 17:33:27.762924
aec305bb-ff68-45df-8fe4-fa868654b5f3,Lauren Anderson,lauren.anderson@acme.com,Marketer,team-9,2016-01-02 17:33:27.762924
ae2331ea-7962-4664-8fca-ae318071759e,Rodney Hernandez,rodney.hernandez@acme.com,Designer,team-4,2018-06-28 17:33:27.762924
cd398641-2bf4-4942-8940-a429bf0a29d2,Shelley Gonzalez,shelley.gonzalez@acme.com,Marketer,team-15,2021-10-15 17:33:27.762924
2e226b0f-a5b8-420e-8d8b-4bd0a2ba22fc,Susan Klein,susan.klein@acme.com,Product Manager,team-6,2017-12-20 17:33:27.762924
38ef8514-705b-4494-8ecd-4776f74cc898,Craig Hernandez,craig.hernandez@acme.com,Designer,team-14,2023-12-26 17:33:27.762924
d352eaab-8f0d-4608-ae8f-6096dc586c44,Cynthia Peters,cynthia.peters@acme.com,Engineer,team-6,2019-01-31 17:33:27.762924
e0b22734-dc3e-4522-a6fb-d93360bb3119,Thomas Williams,thomas.williams@acme.com,Product Manager,team-2,2020-09-20 17:33:27.762924
107944a8-ca36-4bf9-b9ac-08fa80b803f8,Richard Williams,richard.williams@acme.com,Engineer,team-19,2022-06-23 17:33:27.762924
b7d99e50-3b09-4d15-83f5-ba96436731bf,Brad Simpson,brad.simpson@acme.com,Marketer,team-12,2020-10-29 17:33:27.762924
1ecbe6e4-08f9-4ba0-a2bd-f8aa927f756b,Carlos Oneal,carlos.oneal@acme.com,Marketer,team-2,2025-05-11 17:33:27.762924
c6b34abd-1bc4-4ce3-b46a-86ce4c7239e4,Katelyn Smith,katelyn.smith@acme.com,Marketer,team-14,2023-07-09 17:33:27.762924
3d533a9d-797a-4aea-b3df-5fd02f5049bd,Julia Gray,julia.gray@acme.com,Engineer,team-12,2019-05-15 17:33:27.762924
c0472933-60be-427f-bdf8-3bd2ef69266f,Bryan Hale,bryan.hale@acme.com,Marketer,team-6,2023-07-24 17:33:27.762924
6663bbe4-a045-4b69-b084-e8d607b3fef2,Stephanie Butler,stephanie.butler@acme.com,Product Manager,team-9,2017-07-02 17:33:27.762924
a7311eba-d089-4e24-a072-8ed835d71721,Jennifer Mooney,jennifer.mooney@acme.com,Engineer,team-3,2017-07-14 17:33:27.762924
27d04743-0ce1-47c7-b926-534a29510a9e,Kara Martin DDS,kara.martin.dds@acme.com,Product Manager,team-13,2019-01-06 17:33:27.762924
a1cd1f28-147c-4054-87ed-e387922173a9,Candice Nguyen,candice.nguyen@acme.com,Engineer,team-2,2024-06-17 17:33:27.762924
ae61f8e4-5a7a-4638-bf86-d2cec8ff4147,Thomas Kennedy,thomas.kennedy@acme.com,Product Manager,team-19,2022-12-10 17:33:27.762924
d7824f37-d1d1-4306-b965-747686405de6,Tracy Alvarado,tracy.alvarado@acme.com,Product Manager,team-17,2025-09-26 17:33:27.762924
e6fdf877-0b98-4fe4-95c7-337155396975,Leonard Mcdaniel,leonard.mcdaniel@acme.com,Ops,team-16,2016-08-26 17:33:27.762924
29bf4966-893b-4ef8-afd2-38da2cfa11d7,Jesse Keller,jesse.keller@acme.com,Marketer,team-14,2020-08-30 17:33:27.762924
3eaf8f73-62fb-4470-95e4-8c07c0cb6bde,Travis Herrera,travis.herrera@acme.com,Marketer,team-14,2018-07-17 17:33:27.762924
ecc249fd-6802-4609-bac4-50e148a2e584,Robert Rodriguez,robert.rodriguez@acme.com,Engineer,team-18,2023-07-23 17:33:27.762924
3434259d-93d0-42b1-b0f8-917f348f6abb,Teresa Bell,teresa.bell@acme.com,Engineer,team-1,2023-08-24 17:33:27.762924
3e3f8a38-bd09-4ca6-bdb0-cce2b48f0ead,Andrew Fowler,andrew.fowler@acme.com,Engineer,team-5,2022-09-27 17:33:27.762924
decf026a-7f62-4f60-b5d1-12b8115f8d35,Steven Meyer,steven.meyer@acme.com,Product Manager,team-4,2022-09-04 17:33:27.762924
e01fabec-c380-4a2d-ae07-3a15f54a04ac,Justin Smith,justin.smith@acme.com,Product Manager,team-0,2016-07-18 17:33:27.762924
3dbcb238-17c7-4d5b-ad7a-89bf4fbade77,Brian Malone,brian.malone@acme.com,Marketer,team-15,2022-07-02 17:33:27.764927
4792c765-4887-45f0-a215-26b62d3fc32a,Jennifer Turner,jennifer.turner@acme.com,Designer,team-17,2021-08-06 17:33:27.764927
e59082cd-1b29-43b6-a29c-fddc800635f5,Benjamin Lane,benjamin.lane@acme.com,Engineer,team-7,2018-10-31 17:33:27.764927
0b1649b5-9858-4165-a11e-4878c6b3c544,Leah West,leah.west@acme.com,Ops,team-10,2019-04-10 17:33:27.764927
0f779489-3ef2-4627-93a7-638be7b6947d,Eric Brown,eric.brown@acme.com,Ops,team-2,2017-08-25 17:33:27.764927
21bd77ba-ab37-46a7-a88d-7d8e14c1a676,Jeffrey Clark MD,jeffrey.clark.md@acme.com,Product Manager,team-8,2023-06-17 17:33:27.764927
b8429170-8ae3-4911-b7b5-1c27be8d3873,Jill Barry,jill.barry@acme.com,Ops,team-6,2024-12-13 17:33:27.764927
323bc412-069d-4766-ae49-23e393936869,Nancy Gardner,nancy.gardner@acme.com,Ops,team-6,2016-11-16 17:33:27.764927
2d87aff7-92ac-4566-ac66-5a135f5e960d,Maria Maldonado,maria.maldonado@acme.com,Designer,team-9,2015-12-27 17:33:27.764927
450b3a08-f3be-419d-9507-a6c8b5d491b1,Katrina Simpson,katrina.simpson@acme.com,Engineer,team-19,2024-12-01 17:33:27.764927
3eef45b4-4c1a-4b81-9a6b-413fddecc8cd,Stacy Johnson,stacy.johnson@acme.com,Ops,team-0,2017-02-26 17:33:27.764927
83a5036b-4e6a-41d6-ba02-968f31accb69,Jimmy Thomas,jimmy.thomas@acme.com,Marketer,team-17,2023-09-23 17:33:27.764927
edbde55e-b44f-4840-b162-3ebdf3bd630b,Anna Medina,anna.medina@acme.com,Marketer,team-7,2016-03-02 17:33:27.764927
09d44de1-7d4a-4a23-9a7e-9259fcbccabb,Jacqueline Smith,jacqueline.smith@acme.com,Ops,team-15,2025-05-11 17:33:27.764927
04833bf2-79cf-4b13-a287-653789ca3d9b,William Young,william.young@acme.com,Product Manager,team-2,2016-02-26 17:33:27.764927
8ff2dcd6-3c26-4317-a8f7-f4ce995af5b6,Allison Smith,allison.smith@acme.com,Engineer,team-4,2022-04-03 17:33:27.764927
6495ea33-61f9-42db-b589-4734e230450e,Gregory Mcclain,gregory.mcclain@acme.com,Product Manager,team-17,2024-10-12 17:33:27.764927
04876911-4cf0-4b53-96c3-7520bf3dd132,Julia Cowan,julia.cowan@acme.com,Ops,team-15,2025-12-19 17:33:27.764927
0f5d5d19-1a99-4218-8554-bc945fd9aa17,Meghan Marshall,meghan.marshall@acme.com,Designer,team-17,2015-12-15 17:33:27.764927
eaad1ff8-269d-4ca9-a435-5f0794b69a64,Adam Campbell,adam.campbell@acme.com,Marketer,team-14,2016-11-12 17:33:27.764927
5f4b44c0-ea3d-41c4-a1af-b92bd3a61593,Dustin Crosby,dustin.crosby@acme.com,Ops,team-14,2023-01-04 17:33:27.764927
60c8510e-e8db-4911-822d-faac955d501c,John Brown,john.brown@acme.com,Product Manager,team-8,2023-05-07 17:33:27.764927
2cc9b56c-efb9-4b3a-99c7-b1e85e54954b,Kayla Alvarez,kayla.alvarez@acme.com,Marketer,team-3,2025-01-28 17:33:27.764927
6025453c-29dc-46df-ab6d-8d30e5fe76d1,Kelly Morrison,kelly.morrison@acme.com,Designer,team-12,2022-11-28 17:33:27.764927
c724e4f1-290e-4942-94bc-24d389728142,Erica Lopez,erica.lopez@acme.com,Designer,team-4,2019-07-14 17:33:27.764927
2424e63e-d6ce-40f8-ae23-0e7b90a63d6a,Bailey Hartman,bailey.hartman@acme.com,Marketer,team-12,2021-07-22 17:33:27.766670
a29ee1c1-5737-4820-96bc-8edd52e79df5,Jennifer Henderson,jennifer.henderson@acme.com,Ops,team-13,2021-01-30 17:33:27.766670
1fb43b04-ccb3-42c8-995e-2bac017b2084,Miss Donna Williams,miss.donna.williams@acme.com,Engineer,team-15,2025-11-06 17:33:27.766670
9e3721d6-e080-4dfa-ad9d-57d662e3886b,Mark Key,mark.key@acme.com,Ops,team-15,2016-09-24 17:33:27.766670
63ff5038-7b63-4f73-8a44-b8d52be6feb9,Lisa Davis,lisa.davis@acme.com,Product Manager,team-11,2019-02-27 17:33:27.766670
62ceff60-0b2a-4b94-a474-031410fafc62,Sandra Yates,sandra.yates@acme.com,Ops,team-5,2022-04-09 17:33:27.766670
7a92e828-9e6f-410c-99c9-e08f1f349e1e,Anna Parrish,anna.parrish@acme.com,Ops,team-18,2019-03-07 17:33:27.766670
e79de62d-1f12-4cb7-af06-de96f919eb17,Jennifer Gilmore,jennifer.gilmore@acme.com,Engineer,team-11,2017-07-09 17:33:27.766670
3ffa5cee-1b90-489c-845a-fe071310c5f1,James Mejia,james.mejia@acme.com,Designer,team-18,2023-02-13 17:33:27.766670
3322ade1-bb0b-4af3-9207-64af6a69f74d,Courtney Ryan,courtney.ryan@acme.com,Engineer,team-17,2020-11-25 17:33:27.766670
8d1e250a-3aa1-4bc8-b6aa-7eee964b67e3,Laura Bailey,laura.bailey@acme.com,Product Manager,team-5,2025-07-03 17:33:27.766670
d787b593-e6a4-4174-8696-f3cc34206799,Justin Castro,justin.castro@acme.com,Ops,team-13,2017-01-19 17:33:27.766670
0bd0595e-943d-4ffb-a397-f612752f2737,Rebecca Carter,rebecca.carter@acme.com,Product Manager,team-5,2024-06-17 17:33:27.766670
b47379b0-bfad-4bc4-9040-6dadcc6dd91a,Michelle Potter MD,michelle.potter.md@acme.com,Product Manager,team-17,2025-05-08 17:33:27.766670
e8c362b6-2a6e-430d-b533-1fd9417411e2,Walter Garcia,walter.garcia@acme.com,Engineer,team-8,2017-08-25 17:33:27.766670
82fff670-2bc6-4a6b-853b-35c9f382bddb,Douglas Hodges,douglas.hodges@acme.com,Marketer,team-6,2020-01-20 17:33:27.766670
a2290d42-5773-4841-b149-39f035b10f11,Tanya White,tanya.white@acme.com,Designer,team-1,2020-03-13 17:33:27.766670
f31b4454-eca5-4d67-918f-be88afa7eec2,John Snyder,john.snyder@acme.com,Ops,team-3,2021-07-21 17:33:27.766670
b1cd930d-c584-4c5f-8374-c5edd214ac15,Sarah Hale,sarah.hale@acme.com,Designer,team-9,2018-07-26 17:33:27.766670
d83db8d0-18fc-4517-9076-ce7d79ef2518,Amanda Johnson,amanda.johnson@acme.com,Engineer,team-9,2016-09-11 17:33:27.766670
73683b07-0f60-47c0-9dfd-c0638c80f79b,Lindsay Graham,lindsay.graham@acme.com,Product Manager,team-4,2019-11-25 17:33:27.766670
8959944c-1697-45e6-9b21-81d2a793697f,Isabella York,isabella.york@acme.com,Ops,team-7,2020-12-14 17:33:27.766670
358fb9d1-a7e7-4f7e-9ea7-2c1e65a2432a,Elizabeth Hurst,elizabeth.hurst@acme.com,Product Manager,team-14,2023-02-22 17:33:27.766670
609e280a-1156-4b89-9c36-231b43271236,Roger Rogers,roger.rogers@acme.com,Ops,team-13,2019-07-26 17:33:27.766670
27389402-886e-4173-88c4-5e0a4da194ab,Amanda Wheeler,amanda.wheeler@acme.com,Engineer,team-5,2024-07-02 17:33:27.766670
f1a25725-c83b-443d-b9b5-55b13956865f,Alyssa Valenzuela,alyssa.valenzuela@acme.com,Marketer,team-14,2017-11-22 17:33:27.768410
8154188d-42b5-45f2-b790-8c1bedaf8da0,Toni Martin,toni.martin@acme.com,Ops,team-13,2022-06-22 17:33:27.768410
104d2fb8-f244-4010-897d-0f294050d12f,Wendy Brennan,wendy.brennan@acme.com,Designer,team-13,2021-04-01 17:33:27.768410
eb3fe5b9-f257-470e-ab43-f24f513c4f07,Joel Jensen,joel.jensen@acme.com,Designer,team-12,2019-05-09 17:33:27.768410
a75e4008-7bf8-4d74-b8b1-70953c2c8074,Leah Scott,leah.scott@acme.com,Product Manager,team-17,2020-12-17 17:33:27.768410
16945b3f-9f6c-4eec-a042-d84dcaf37ac0,Christian Green,christian.green@acme.com,Engineer,team-5,2024-09-25 17:33:27.768410
a1002925-50a7-4cf8-9b17-4cc4abfdca60,Christopher Guzman,christopher.guzman@acme.com,Designer,team-18,2018-11-27 17:33:27.768410
a4c29309-34e4-408e-b668-461589e54e28,Brian Wilson,brian.wilson@acme.com,Designer,team-13,2015-08-29 17:33:27.768410
85e309e2-410b-48d8-925e-c19583aa2cdd,Larry Taylor,larry.taylor@acme.com,Product Manager,team-18,2024-04-27 17:33:27.768410
e1e68494-fbf8-460e-a2dc-f131cc4c3155,Monica Johnson,monica.johnson@acme.com,Product Manager,team-3,2021-01-03 17:33:27.768410
bd491311-0b6b-49d9-aaaf-66befaf2f1da,Brandi Morris,brandi.morris@acme.com,Ops,team-15,2024-07-31 17:33:27.768410
6eb81347-5aa9-4770-b24b-4c99c2f2d80a,Alexis Brown,alexis.brown@acme.com,Product Manager,team-17,2020-07-05 17:33:27.768410
1f514b19-b064-44b8-94b6-aa188697c72b,Candice Miles,candice.miles@acme.com,Engineer,team-5,2015-10-12 17:33:27.768410
38f79fe0-0297-4973-9df7-4fa794bdd431,Mariah Wagner,mariah.wagner@acme.com,Marketer,team-7,2025-12-20 17:33:27.768410
3524ecc1-a6c9-4244-96f9-3a8de4898462,Amanda Gonzalez PhD,amanda.gonzalez.phd@acme.com,Product Manager,team-4,2021-04-22 17:33:27.768410
95a1473e-1fb1-4744-8b88-debfa2a0832f,Michael Black,michael.black1@acme.com,Ops,team-4,2018-01-22 17:33:27.768410
f8770a12-2670-49c7-95cd-a92b464e071b,Alexandra Johnson,alexandra.johnson@acme.com,Ops,team-19,2024-11-19 17:33:27.768410
c826f48e-bb69-4183-ac5b-9fbf1dbcd125,Debbie Roberts,debbie.roberts@acme.com,Product Manager,team-11,2019-10-26 17:33:27.768410
6f352d96-669c-4753-9c2e-6a45cd7232a9,Kelly King,kelly.king@acme.com,Ops,team-8,2022-09-13 17:33:27.768410
439bdf95-0904-4cf6-bc92-a38fca4a54f2,Charles Jones,charles.jones@acme.com,Designer,team-18,2024-02-22 17:33:27.768410
30f578bc-bbf1-4d87-bcb6-35fb55fc144f,Larry Leonard,larry.leonard@acme.com,Ops,team-16,2024-08-13 17:33:27.768410
80d92391-3adb-43af-837c-ed4e0320061e,Stefanie Roman,stefanie.roman@acme.com,Ops,team-18,2017-06-04 17:33:27.768410
eb3062db-7c36-4624-9cc1-6e52e26f82a6,Thomas Duran,thomas.duran@acme.com,Ops,team-0,2024-08-09 17:33:27.768410
2b7a2770-e5cb-462c-8064-71f4faff5616,Anthony Fitzgerald,anthony.fitzgerald@acme.com,Engineer,team-6,2019-09-11 17:33:27.768410
f250b8cc-7b42-4958-9578-e3d697c289be,Paula Logan,paula.logan@acme.com,Designer,team-11,2018-05-03 17:33:27.770150
d138a084-970b-4142-b3fa-a88fff91bbca,Kathryn Johnson,kathryn.johnson@acme.com,Engineer,team-11,2019-09-02 17:33:27.770150
23c9ac4c-a1cd-43e2-ab25-d49c27f0d98c,Linda Finley,linda.finley@acme.com,Designer,team-15,2022-01-08 17:33:27.770150
a7f24a89-a101-4cd9-8f4c-b57610aeb668,Bryan Sellers,bryan.sellers@acme.com,Designer,team-9,2024-10-16 17:33:27.770150
1b0527a0-fa4f-40f5-819c-d02371e58dc9,Carmen Morgan,carmen.morgan@acme.com,Engineer,team-15,2024-10-08 17:33:27.770150
42006712-5d56-4c90-ba83-5fef0095258a,Shane Harris,shane.harris@acme.com,Designer,team-15,2016-04-05 17:33:27.770150
1415f66f-4d27-4cd7-9ef8-32654ef28d37,Robert Williams,robert.williams@acme.com,Designer,team-17,2017-10-31 17:33:27.770150
2df07cfa-dc3f-4342-9333-b164bf2dec68,Christopher Mccann,christopher.mccann@acme.com,Marketer,team-3,2021-08-21 17:33:27.770150
d285c173-fe8b-4a86-bd20-28c50b85a4f4,Michael Sexton,michael.sexton@acme.com,Marketer,team-7,2025-05-09 17:33:27.770150
77bdcba7-88d6-4d06-a48f-636ef5ac514d,Cheryl Taylor,cheryl.taylor@acme.com,Ops,team-2,2025-03-11 17:33:27.770150
d2ffd3bb-9624-45c2-91e4-2f45c7c5ec41,Caleb Berry,caleb.berry@acme.com,Ops,team-11,2024-12-10 17:33:27.770150
f6ccebd0-4928-4d53-987c-d9b4b62bc7a5,Dr. Daniel Garcia MD,dr..daniel.garcia.md@acme.com,Marketer,team-12,2021-03-07 17:33:27.770150
dd48e431-ee59-42c5-9894-fc4320ce1f1d,Jackson French,jackson.french@acme.com,Ops,team-8,2016-06-09 17:33:27.770150
81cdd4cc-e44f-474b-966e-4f6a6341c5fc,Deborah Pope,deborah.pope@acme.com,Ops,team-7,2020-05-18 17:33:27.770150
cf179a4c-389b-4ac9-97dd-f19e4f403169,Mario Lopez,mario.lopez@acme.com,Designer,team-9,2021-06-13 17:33:27.770150
d84b574f-0108-43a7-a928-5b91e6fa0253,Randall Neal,randall.neal@acme.com,Product Manager,team-13,2018-11-12 17:33:27.770150
80e39df7-26af-4fe7-9277-b9d514b01ec4,Brittany Keith,brittany.keith@acme.com,Designer,team-16,2016-05-13 17:33:27.770150
1fd2b36f-ef64-445e-ab3f-02d430bceeb1,Mark Thomas,mark.thomas@acme.com,Marketer,team-11,2017-09-19 17:33:27.770150
e575a412-7722-4053-b0a0-5abcf93a83db,Carrie Brown,carrie.brown@acme.com,Designer,team-14,2024-10-05 17:33:27.770150
86da34be-71eb-4a4b-b19e-454845fda03d,Christopher Shaw,christopher.shaw@acme.com,Designer,team-0,2021-06-24 17:33:27.770150
42bbad23-5add-4679-a545-180733caa19c,Elizabeth Huang,elizabeth.huang@acme.com,Engineer,team-5,2018-11-03 17:33:27.770150
59673d45-4a51-4c2e-b612-8dbf3f3765b9,Zachary Gutierrez,zachary.gutierrez@acme.com,Product Manager,team-17,2024-12-18 17:33:27.770150
a83d3dd1-3f4f-4b42-a5d7-4d305bd552ad,Randy Thompson,randy.thompson@acme.com,Product Manager,team-18,2024-10-13 17:33:27.770150
c2e92781-2d7b-44f6-80ee-5b2497c05db2,Brett Willis,brett.willis@acme.com,Engineer,team-9,2022-07-02 17:33:27.770150
27facd09-1eec-470d-b05e-b85e9fe7b609,Erika Lawson,erika.lawson@acme.com,Designer,team-2,2022-07-18 17:33:27.770150
9431268d-2daf-47e5-9c74-37340fca52b6,Colleen Smith,colleen.smith@acme.com,Product Manager,team-2,2018-02-10 17:33:27.771890
c65fd236-8e74-42e3-b9a2-0abf0ac00afe,Dr. Michael Gomez,dr..michael.gomez@acme.com,Designer,team-15,2024-04-25 17:33:27.771890
2eb27ba2-2fb1-4b08-b6c3-7be1e77ff9ef,Christopher Bailey,christopher.bailey@acme.com,Product Manager,team-7,2019-06-11 17:33:27.771890
65890aab-0fbc-4d82-8020-0793807d436c,Anne Gonzalez,anne.gonzalez@acme.com,Designer,team-14,2019-03-10 17:33:27.771890
413c65bf-94af-40b1-ae1b-1426dfc80ecb,Rebecca Walker,rebecca.walker@acme.com,Marketer,team-18,2016-10-23 17:33:27.771890
2a12caa7-cdcb-40ce-88d1-701ca159673e,Paul Gonzalez,paul.gonzalez@acme.com,Designer,team-2,2022-08-05 17:33:27.771890
4c87d461-262c-4914-ac95-af6744c953e9,Brittany Burns,brittany.burns@acme.com,Ops,team-6,2022-08-13 17:33:27.771890
f3e639c6-dc40-468c-a4fc-e4f779983ea4,Sharon Mason,sharon.mason@acme.com,Engineer,team-14,2015-11-23 17:33:27.771890
187bb6e1-7758-4aea-bb1d-62285c30a886,Anthony Good,anthony.good@acme.com,Engineer,team-18,2020-04-06 17:33:27.771890
9f496789-861a-4497-bc8b-409e4d8717a6,Michael Simpson,michael.simpson@acme.com,Designer,team-18,2025-05-29 17:33:27.771890
f82aadfa-ea78-4405-b764-537179244ab3,Amy Mcdaniel,amy.mcdaniel@acme.com,Designer,team-12,2021-03-03 17:33:27.771890
cd7b6687-09fc-4cd6-812a-6eba7f70c823,Kenneth Larson,kenneth.larson@acme.com,Ops,team-12,2024-08-13 17:33:27.771890
44959a54-cdf9-4c2a-9962-b7e5c1b008af,Daniel Scott,daniel.scott@acme.com,Marketer,team-2,2019-09-27 17:33:27.771890
ebcab592-a2f1-4263-8435-cd3a2eb47ae8,Kenneth Armstrong,kenneth.armstrong@acme.com,Marketer,team-10,2022-02-18 17:33:27.771890
0c32fcd7-b17f-4fe5-8723-fa6da23e1b32,Robert Wells,robert.wells@acme.com,Ops,team-3,2025-11-22 17:33:27.771890
4634fc0d-9c3e-4249-836b-bee6bba8ca47,Joseph Young,joseph.young@acme.com,Designer,team-1,2018-02-19 17:33:27.772892
621a795f-dd7f-4a03-a07b-7ef30b3615eb,Gail Wilson,gail.wilson@acme.com,Ops,team-5,2022-09-07 17:33:27.772892
ca76f87f-a03a-4e86-8d7f-2b39d600114e,Charles Rivera,charles.rivera@acme.com,Designer,team-10,2018-11-24 17:33:27.772892
ccae8564-7831-4f5e-9824-16836a0f8265,Gabrielle Warren,gabrielle.warren@acme.com,Marketer,team-15,2025-06-25 17:33:27.772892
e1e0cd14-67dc-4e42-887f-d2f80294d240,Ronald Jones,ronald.jones@acme.com,Engineer,team-2,2022-01-27 17:33:27.772892
546de8a0-5547-45f3-9805-12344250994e,Alexander Scott,alexander.scott@acme.com,Marketer,team-2,2021-03-06 17:33:27.772892
637d582e-3f10-4b47-9cca-fa87bf53ac1b,Jorge Lopez,jorge.lopez@acme.com,Marketer,team-3,2021-05-22 17:33:27.772892
2cbbef61-a0cf-4e15-8624-e2699a572eda,Rachel Davis,rachel.davis@acme.com,Product Manager,team-2,2019-08-14 17:33:27.772892
0e6f186a-2f9f-473b-926f-3df21550d084,Alexandra Brock,alexandra.brock@acme.com,Product Manager,team-8,2022-07-10 17:33:27.772892
5aefc0cf-93ce-46dd-bdb1-abc3bda8f497,Jon Davis,jon.davis@acme.com,Marketer,team-0,2016-06-16 17:33:27.772892
01b00cc4-1a55-4190-a64e-ac2c07fdb74b,Austin Strickland,austin.strickland@acme.com,Engineer,team-6,2019-02-20 17:33:27.772892
10a06a81-aa8a-488a-929a-177452c4d172,Daniel Sanchez,daniel.sanchez1@acme.com,Ops,team-19,2019-01-12 17:33:27.772892
2d24738b-c8c9-46f3-9095-a1197b73c3df,Thomas Moore,thomas.moore@acme.com,Marketer,team-13,2021-06-30 17:33:27.772892
c12a7cb4-6f6e-4b00-afe5-e27f8235d866,Jacob White,jacob.white@acme.com,Ops,team-6,2019-11-12 17:33:27.772892
40fd8cc3-42ca-4cd4-95d3-9e9dd0d573b3,Amy Robinson,amy.robinson@acme.com,Product Manager,team-2,2017-03-22 17:33:27.772892
7fd586a8-3818-4dbd-92bb-1c7023cd6a04,Sarah Fox,sarah.fox@acme.com,Engineer,team-7,2021-11-15 17:33:27.772892
6aed59d2-ecf1-4d09-ba0d-6eb4284c9e73,Anna Donovan,anna.donovan@acme.com,Engineer,team-1,2019-08-15 17:33:27.772892
46d14cd4-4c7f-401a-806f-9a4fc69ed18f,Bonnie Coffey,bonnie.coffey@acme.com,Ops,team-16,2024-01-09 17:33:27.772892
521cced5-25cc-4bcf-bb85-875d96a1465b,Daniel Harper,daniel.harper@acme.com,Ops,team-6,2019-08-10 17:33:27.772892
06e459f0-3bff-4013-b000-02b06c9ce369,Cristian George,cristian.george@acme.com,Designer,team-7,2016-09-02 17:33:27.772892
27086873-4115-44e0-a54e-aa8e1e4750ea,Angela Wright,angela.wright@acme.com,Engineer,team-8,2023-07-09 17:33:27.772892
37bbe861-5f2f-4e2e-a43f-ad94596f2528,David Carroll,david.carroll@acme.com,Ops,team-16,2017-07-09 17:33:27.772892
e473cb23-0313-4013-8167-6bdd740305c1,Mackenzie Brown,mackenzie.brown@acme.com,Designer,team-19,2016-01-12 17:33:27.772892
8613029a-9072-4ccf-b9e6-3cb1e5590cb0,Laura Campbell,laura.campbell@acme.com,Designer,team-1,2018-05-02 17:33:27.772892
bc768152-18c8-4fdc-9ef2-8d558a34aee6,Nicole Johnson,nicole.johnson@acme.com,Ops,team-15,2018-12-18 17:33:27.774896
42da8413-6ad6-47be-9ae7-9d082a7e2f54,Shannon Obrien,shannon.obrien@acme.com,Ops,team-17,2018-10-16 17:33:27.774896
d892c9d1-b13b-4c04-8762-0bfa2959018d,Rhonda Pena,rhonda.pena@acme.com,Designer,team-19,2021-02-21 17:33:27.774896
ab2be7a8-6c0a-493c-8976-6c91286eff3b,Rhonda Williams,rhonda.williams@acme.com,Marketer,team-8,2018-03-01 17:33:27.774896
202af98c-f8d3-4263-a10d-a359d9b7187a,Cynthia Brown,cynthia.brown@acme.com,Product Manager,team-11,2025-07-12 17:33:27.774896
8d13e9e6-f1bd-4794-969e-01dc740d73a1,Robin Brooks,robin.brooks@acme.com,Marketer,team-6,2022-01-19 17:33:27.774896
a7fd9bb5-331d-4f7f-87cd-ec5dc282b626,Melissa Holmes,melissa.holmes@acme.com,Marketer,team-15,2017-09-17 17:33:27.774896
938aa455-89cb-4a65-b77f-e00fdfddb62a,Amy Brooks,amy.brooks@acme.com,Product Manager,team-13,2021-01-09 17:33:27.774896
1757474e-1862-417d-9d0f-61606128f326,Heidi Miller,heidi.miller@acme.com,Ops,team-11,2023-06-15 17:33:27.774896
bf8464ea-a2f5-45cd-9c26-040f5ec0afef,Monique Miller,monique.miller@acme.com,Ops,team-16,2020-03-28 17:33:27.774896
db7f6007-8213-4a09-8f83-fd3b18c3bb10,Joshua Malone,joshua.malone@acme.com,Engineer,team-0,2020-11-21 17:33:27.774896
0604c9a0-2049-4649-b17e-ef65508e2aa5,Amanda Kennedy,amanda.kennedy@acme.com,Marketer,team-13,2017-09-23 17:33:27.774896
c60aa24b-c9c3-4fae-884f-464d651a1d89,Frederick Johnston,frederick.johnston@acme.com,Ops,team-13,2020-06-20 17:33:27.774896
3024e05e-57f9-4baa-9cce-bd5b160522e7,Anthony Smith,anthony.smith@acme.com,Designer,team-1,2020-09-14 17:33:27.774896
cf35b20a-4449-4a75-9018-4f3a00aa05bd,Rose Martinez,rose.martinez@acme.com,Ops,team-5,2025-12-21 17:33:27.774896
c18db1bb-2007-4947-adba-740cbd367b1b,Susan Quinn,susan.quinn@acme.com,Marketer,team-13,2016-07-03 17:33:27.774896
86f05c4b-5ae7-4727-b2d6-9b5ffc3a1cf8,Ryan Wood,ryan.wood@acme.com,Designer,team-0,2021-02-04 17:33:27.774896
acaf9634-4c11-4666-abaa-d35e777b2f1c,Jeanette Santos,jeanette.santos@acme.com,Marketer,team-12,2023-04-13 17:33:27.774896
efeaae70-5b21-4e65-8bb9-8d78b285718e,William Hicks,william.hicks@acme.com,Product Manager,team-7,2024-07-17 17:33:27.774896
feb56658-5e54-41c3-ae4f-a040d781e9b5,Miguel Payne,miguel.payne@acme.com,Engineer,team-11,2020-12-23 17:33:27.774896
649cfd73-cf78-46f4-bca8-0d857a3aa8e1,Jennifer Simpson,jennifer.simpson@acme.com,Ops,team-6,2024-11-26 17:33:27.774896
5b5b07fe-a577-47c0-bd07-82941bcd1c1b,Dana Rogers,dana.rogers@acme.com,Designer,team-5,2018-03-06 17:33:27.774896
4dbb9196-48d7-4c06-adb9-58beba96e758,Phillip Miller,phillip.miller@acme.com,Ops,team-8,2021-05-21 17:33:27.774896
14549588-68fe-4502-aa49-3e6f5e85fd68,Dana Walker,dana.walker@acme.com,Marketer,team-16,2020-10-04 17:33:27.774896
4c162a55-8c11-4b9c-acd9-299857fcb4a8,Jennifer Schneider,jennifer.schneider@acme.com,Designer,team-19,2021-12-27 17:33:27.774896
496e774c-2b48-4ec3-9c8b-e6613e752e7b,Kristen Keller,kristen.keller@acme.com,Marketer,team-15,2020-06-15 17:33:27.774896
75e8ea20-9220-4d4d-824a-846105783da6,Erica Peterson,erica.peterson@acme.com,Product Manager,team-16,2016-01-03 17:33:27.774896
558f3a1a-94a8-4a08-b94c-866217efdc31,Joe Smith,joe.smith@acme.com,Ops,team-17,2016-08-08 17:33:27.774896
6142eb0a-c1fb-4cda-87d7-fc07256110d9,David Conrad,david.conrad@acme.com,Engineer,team-5,2023-11-08 17:33:27.774896
c3097ba5-5958-41ae-a201-9a6ae0cd8f2d,Donald Larsen,donald.larsen@acme.com,Marketer,team-1,2021-12-24 17:33:27.776899
5741d941-7188-408f-a4c3-60d4c159b33c,Kayla Cain,kayla.cain@acme.com,Designer,team-4,2024-03-13 17:33:27.776899
6b4ae143-8b0b-48f3-abe0-037160584699,Nicholas Parker,nicholas.parker@acme.com,Ops,team-0,2016-04-08 17:33:27.776899
3f8726e2-61f8-493b-9df6-5175934c3abc,Joshua Valentine,joshua.valentine@acme.com,Ops,team-5,2024-07-13 17:33:27.776899
156f0bdd-1b84-4e68-8018-0b28515788b6,Corey Perez,corey.perez@acme.com,Ops,team-4,2024-08-30 17:33:27.776899
7f65869d-ccc7-4a98-8d1a-6ceb0104247f,Cassandra Lopez,cassandra.lopez@acme.com,Designer,team-15,2016-02-24 17:33:27.776899
0b3c5bd8-83ae-4877-9e0a-9de12b701bb2,Jessica Gill,jessica.gill@acme.com,Engineer,team-18,2020-09-27 17:33:27.776899
12535743-ed64-4be5-aaa6-d3b68538c7fd,Sarah Rowland,sarah.rowland@acme.com,Engineer,team-16,2016-03-01 17:33:27.776899
cfeceb1a-0dcd-46c6-8de7-e327649f9769,Kelly Nelson,kelly.nelson@acme.com,Product Manager,team-7,2022-10-20 17:33:27.776899
5ba526ed-026c-467f-91b9-c099f44e7c92,Michelle Brown,michelle.brown@acme.com,Product Manager,team-3,2019-04-02 17:33:27.776899
b577a383-15d6-4f90-ab25-ae4b7096203c,Phillip Garcia,phillip.garcia@acme.com,Ops,team-6,2023-06-21 17:33:27.776899
87953af3-9dc2-4707-be9f-9e83db07d0c7,Donald Hansen,donald.hansen@acme.com,Engineer,team-4,2020-10-24 17:33:27.776899
b1080c4b-c158-4840-bc69-b773dcc0cd37,Sandra Thomas,sandra.thomas@acme.com,Product Manager,team-0,2024-06-09 17:33:27.776899
3668a3ee-9b48-47ad-8c28-f4149ee1ac78,Michael Lewis DDS,michael.lewis.dds@acme.com,Engineer,team-6,2021-08-11 17:33:27.776899
7b57804c-1fe6-4402-9ed4-baef4a205520,Chelsea Oneill,chelsea.oneill@acme.com,Marketer,team-6,2019-05-02 17:33:27.776899
cea9ea3f-d694-4820-91ff-476cdf5ec410,Benjamin James,benjamin.james@acme.com,Ops,team-8,2019-06-18 17:33:27.776899
0c150a13-cffb-4881-9610-7744774fe293,Bailey Mccarthy,bailey.mccarthy@acme.com,Designer,team-14,2025-06-13 17:33:27.776899
a5221258-2ecc-4938-bf64-028845247d40,Yolanda Rodriguez,yolanda.rodriguez@acme.com,Ops,team-9,2021-07-24 17:33:27.776899
31ace59e-7d63-4a33-b809-123bcb33ee4f,Justin Evans,justin.evans@acme.com,Product Manager,team-16,2019-04-01 17:33:27.776899
f6c6cc79-2b77-4fe4-a1cc-4a3e7f854a79,Richard Castillo,richard.castillo@acme.com,Marketer,team-1,2021-06-12 17:33:27.776899
43ab36ec-c6e8-4b00-ace3-7e65ef323596,Michael Armstrong,michael.armstrong@acme.com,Marketer,team-13,2025-03-28 17:33:27.776899
8f1cf187-6c3f-4222-bb47-40edca9dab97,James Smith,james.smith@acme.com,Engineer,team-1,2023-05-01 17:33:27.776899
4a40742b-09e6-488c-804b-13d99a677f17,Scott Clay,scott.clay@acme.com,Designer,team-14,2021-07-03 17:33:27.776899
50899850-a878-4c48-a57e-77c98546346c,Troy Turner MD,troy.turner.md@acme.com,Engineer,team-8,2021-04-22 17:33:27.776899
2985ed83-56dc-4ac9-939e-e7e9f483ff30,Corey Weaver,corey.weaver@acme.com,Product Manager,team-5,2016-05-22 17:33:27.776899
3c143d85-70d0-4282-b002-8c22537eb97a,Laura Vasquez,laura.vasquez@acme.com,Designer,team-6,2025-03-02 17:33:27.776899
8184ffb6-fb19-4f59-90b7-d1e002de200f,Sara Barron,sara.barron@acme.com,Ops,team-10,2022-04-09 17:33:27.776899
28b5a0b3-6e43-4639-94c1-77df0deda995,Amy Burton,amy.burton@acme.com,Ops,team-16,2021-03-24 17:33:27.776899
58224409-70c4-4c9e-a527-3313a8485de0,Heather Sandoval,heather.sandoval@acme.com,Engineer,team-7,2017-11-15 17:33:27.778903
b5d57603-5b5b-457f-a2b4-adc0f07686cd,Mrs. Melissa Anderson DVM,mrs..melissa.anderson.dvm@acme.com,Engineer,team-0,2019-01-27 17:33:27.778903
9ae9ef5a-0d98-4ee2-9616-d4a6a1effc61,Jessica Bradley,jessica.bradley@acme.com,Marketer,team-4,2021-02-17 17:33:27.778903
85d8b276-41a0-4103-a1f2-13de3c3b02de,Nicole Jones,nicole.jones@acme.com,Ops,team-7,2017-12-28 17:33:27.778903
dce5a118-bc4f-46c0-aa72-87eea62dcf40,Rodney Hamilton,rodney.hamilton@acme.com,Designer,team-11,2017-11-01 17:33:27.778903
04e18fa6-2a4b-4f54-a39f-240903c970ae,Michael Torres,michael.torres@acme.com,Designer,team-6,2016-03-09 17:33:27.778903
37188067-4963-46e2-9fca-770682a97628,Bryan Molina,bryan.molina@acme.com,Product Manager,team-10,2019-02-14 17:33:27.778903
18ff93f5-3c68-491a-bdbc-69bcea79d0fc,Karen Sparks,karen.sparks@acme.com,Ops,team-8,2017-10-16 17:33:27.778903
303c7392-1617-4fc9-9923-44d5a0b6af3b,Kelly Oneal,kelly.oneal@acme.com,Marketer,team-15,2018-12-08 17:33:27.778903
cf595dc2-4f89-48c2-8929-b2722ae28556,Mitchell Blanchard,mitchell.blanchard@acme.com,Product Manager,team-17,2023-08-31 17:33:27.778903
faada767-8474-40df-a9b4-de147f5ec904,Lance Walters,lance.walters@acme.com,Product Manager,team-13,2017-09-13 17:33:27.778903
e70c35d4-073a-4cba-8014-28011ef3f27d,Lisa Strickland,lisa.strickland@acme.com,Engineer,team-5,2024-05-24 17:33:27.778903
200d33e7-262f-4497-b2bf-0efb13bfd21d,Troy Johnston,troy.johnston@acme.com,Product Manager,team-6,2021-06-03 17:33:27.778903
b45e43ea-56a9-48fa-a77c-486533b746c0,Gwendolyn Hart,gwendolyn.hart@acme.com,Marketer,team-15,2024-06-03 17:33:27.778903
d01ae0f5-bb3c-4aa3-b5d0-0940248b0611,Amanda Mitchell,amanda.mitchell@acme.com,Engineer,team-3,2021-01-10 17:33:27.778903
f81c3353-532c-49a0-92e0-c306dcfccdc8,Betty Bishop,betty.bishop@acme.com,Product Manager,team-18,2016-04-26 17:33:27.778903
1ea1807a-73a4-446d-ae8e-b80a70a8e7be,Brian Hoffman,brian.hoffman@acme.com,Engineer,team-3,2018-10-12 17:33:27.778903
24ab5f63-b2e2-4ce9-a229-2f24f564153d,Mary Ramirez,mary.ramirez@acme.com,Designer,team-3,2016-03-30 17:33:27.778903
9ce0466a-46d5-4d6d-b27d-c70790b37fb2,Bradley Smith,bradley.smith@acme.com,Ops,team-5,2020-05-31 17:33:27.778903
2ddb4444-9dca-4acc-9f65-229f15452e75,Edwin Miranda,edwin.miranda@acme.com,Designer,team-13,2023-08-01 17:33:27.778903
9bfd700a-37b3-43db-9b21-9c7b002837af,Kristen Diaz,kristen.diaz@acme.com,Engineer,team-13,2020-06-03 17:33:27.778903
324ed123-6e95-4eac-a22c-a6699bd074d0,Natasha Butler,natasha.butler@acme.com,Product Manager,team-0,2016-10-04 17:33:27.778903
2b4a274d-cc38-4b42-8a7f-705391c2367f,Erik Mahoney,erik.mahoney@acme.com,Product Manager,team-10,2018-05-23 17:33:27.778903
8767ed22-9f77-4685-94fa-ba575140ba26,Brian Gilbert,brian.gilbert@acme.com,Product Manager,team-18,2024-06-05 17:33:27.778903
c2da6245-598f-4304-a855-6a2d871330ed,Cody Patel,cody.patel@acme.com,Engineer,team-11,2018-08-15 17:33:27.778903
acc9a22b-5560-4084-a628-0f9b05d2ae6a,Dr. Stephen Cohen DDS,dr..stephen.cohen.dds@acme.com,Engineer,team-14,2021-03-25 17:33:27.778903
3dccfcbc-9f8a-4f5f-a4fc-5437d565d3fc,Nicole Wells,nicole.wells@acme.com,Engineer,team-6,2018-10-28 17:33:27.778903
285a789b-4841-4a90-8df5-73a00e89222e,Zachary Winters,zachary.winters@acme.com,Product Manager,team-8,2023-01-24 17:33:27.780905
493c1357-1ec7-4fcf-9435-35248504686a,Kyle Phillips,kyle.phillips@acme.com,Engineer,team-18,2018-01-27 17:33:27.780905
91c80f21-f13c-4765-b364-0754442e46f8,Jacob Taylor,jacob.taylor@acme.com,Product Manager,team-1,2020-11-20 17:33:27.780905
9b0af7e0-e079-43bf-8658-f95e26016ecc,Patricia Curtis,patricia.curtis@acme.com,Marketer,team-14,2025-05-23 17:33:27.780905
21f1bef2-14c9-49a5-a895-d82744b1bc79,Christopher Martinez,christopher.martinez@acme.com,Product Manager,team-11,2016-04-06 17:33:27.780905
e54a079e-bf48-4bb4-a39e-7409a097fb15,Kelsey Richmond,kelsey.richmond@acme.com,Product Manager,team-14,2016-06-12 17:33:27.780905
edd16d86-5dd6-418e-901c-c961de706978,Adam Riley,adam.riley@acme.com,Engineer,team-15,2020-12-26 17:33:27.780905
7a86392c-826f-44c6-9a5b-90b9ae11dc8f,Dominic Ray,dominic.ray@acme.com,Marketer,team-3,2023-02-24 17:33:27.780905
19282231-f4ae-4601-bf40-342e38477c22,Paula Howard,paula.howard@acme.com,Designer,team-1,2021-03-22 17:33:27.780905
409749e3-8f1a-44eb-9417-bc0b9eab3ae2,Samuel Cole,samuel.cole@acme.com,Designer,team-1,2022-06-14 17:33:27.780905
adc5b58f-cff2-4b69-83f7-8897a73a8fec,Thomas Arnold,thomas.arnold@acme.com,Designer,team-10,2020-10-07 17:33:27.780905
6f24f77f-1c3b-4ff4-82a4-c933d1f4225d,Richard Robinson,richard.robinson@acme.com,Product Manager,team-17,2018-05-25 17:33:27.780905
2315770e-a6bc-4adc-af12-9ee127c75489,Sandra Edwards,sandra.edwards@acme.com,Marketer,team-3,2022-01-26 17:33:27.780905
37319744-4005-4a98-bf2c-edf932e1f857,David Hanna,david.hanna@acme.com,Product Manager,team-9,2019-02-02 17:33:27.780905
00f79854-a4e8-4faf-8986-5da30717e1c8,Dr. Ryan Watson,dr..ryan.watson@acme.com,Designer,team-4,2020-01-16 17:33:27.780905
94a27a29-4979-40ff-829c-7838f7e8a749,Kelly Williams,kelly.williams@acme.com,Ops,team-16,2017-01-25 17:33:27.780905
d4ffcd21-d361-4482-b1d6-01edb26fd52f,Kyle Hendricks,kyle.hendricks@acme.com,Product Manager,team-12,2016-08-22 17:33:27.780905
b89c79da-c838-4843-a762-3697e24c018b,Rachel Pennington,rachel.pennington@acme.com,Designer,team-17,2018-12-25 17:33:27.780905
d2ad5ced-9841-434e-a598-361f0fd35dd4,Claudia Wilson,claudia.wilson@acme.com,Engineer,team-16,2025-08-12 17:33:27.780905
f0f7c21d-ef5e-4399-bd96-e865c30cbcc7,Jeffrey Torres,jeffrey.torres@acme.com,Designer,team-6,2024-02-25 17:33:27.780905
61f59397-1f6f-4b05-9d9f-e8960ba77e23,Mary Coleman,mary.coleman@acme.com,Ops,team-0,2017-07-31 17:33:27.780905
18a6e42a-5c9d-4608-bbcf-046c52d7cfd7,Michael Stafford,michael.stafford@acme.com,Designer,team-13,2022-05-14 17:33:27.780905
b51b6476-46bf-4319-a986-619d8d7d2d67,Robert Maynard,robert.maynard@acme.com,Designer,team-7,2024-05-05 17:33:27.780905
25edf4b7-3a16-4362-9a0f-edf350b0527f,Shawn Anderson,shawn.anderson@acme.com,Designer,team-4,2020-01-26 17:33:27.780905
585e589d-685f-4a26-b63b-fbf215a95afb,Jody Smith,jody.smith@acme.com,Marketer,team-11,2021-12-05 17:33:27.780905
83a8943f-64e0-45a7-914e-0b6b77de92b6,Rebecca Grant,rebecca.grant@acme.com,Designer,team-19,2018-10-30 17:33:27.780905
60c2a21e-b085-4b47-81c0-c4276d580352,Dawn Frost,dawn.frost@acme.com,Product Manager,team-8,2016-01-12 17:33:27.780905
8790e9b8-6007-4787-a1e7-324b89f25ec3,Marissa Sullivan,marissa.sullivan@acme.com,Designer,team-8,2021-12-22 17:33:27.780905
70c75bf3-4605-4f61-896a-a680876bc72c,Emily Russell,emily.russell@acme.com,Marketer,team-11,2019-11-24 17:33:27.782908
dd4ce404-0c90-4c29-a502-e94509bbc676,Kimberly Nguyen,kimberly.nguyen@acme.com,Engineer,team-11,2023-05-17 17:33:27.782908
3519fc03-11bf-4415-8808-3c3dde057c97,Benjamin Case,benjamin.case@acme.com,Ops,team-7,2019-08-25 17:33:27.782908
a429b090-4e75-40da-99dd-e24da6d29ea0,Laura West,laura.west@acme.com,Ops,team-6,2022-01-27 17:33:27.782908
0f44dfe4-6673-48ce-8bc4-afc3fd0d229e,Jordan Sims,jordan.sims@acme.com,Designer,team-17,2017-10-30 17:33:27.782908
e95e1394-4609-41ed-b847-fc9bca53dd01,Bryan Wilcox,bryan.wilcox@acme.com,Marketer,team-11,2023-04-07 17:33:27.782908
ebd8c452-9b4c-4fd8-b47b-07252209e25b,Ashley Copeland,ashley.copeland@acme.com,Product Manager,team-18,2025-10-11 17:33:27.782908
7af5174d-00f0-4ebd-8a21-1b2aa53f0afe,Brandon Sanchez,brandon.sanchez@acme.com,Engineer,team-7,2018-03-28 17:33:27.782908
0e238039-81d3-48ad-ab07-9bcbf59343ec,Glenda Patrick,glenda.patrick@acme.com,Ops,team-14,2020-06-14 17:33:27.782908
d96a74fa-08b2-4549-888f-21312b9152a3,Danielle Matthews,danielle.matthews@acme.com,Engineer,team-19,2021-02-02 17:33:27.782908
fcad41cf-8ed7-40cf-9617-a38f9e1e84c1,Elizabeth Wright,elizabeth.wright@acme.com,Engineer,team-13,2018-06-29 17:33:27.782908
8296da67-ab28-4d11-acd1-d925cc73fae2,Sara Stewart,sara.stewart@acme.com,Designer,team-18,2021-05-23 17:33:27.782908
970dc888-9bc7-4cfe-ac20-99f392b46d46,Donna Delacruz,donna.delacruz@acme.com,Marketer,team-7,2016-01-29 17:33:27.782908
034d8c70-1908-41cb-b52d-202438ba6a42,Robert Vincent,robert.vincent@acme.com,Ops,team-13,2025-08-07 17:33:27.782908
5bcbbd59-1d51-4a1d-a94e-b4a9aceb107b,Erin Kim,erin.kim@acme.com,Product Manager,team-8,2020-06-04 17:33:27.782908
76c938fe-afa1-46b2-9251-3a145b49f2b1,Andrew Myers,andrew.myers@acme.com,Engineer,team-12,2019-07-19 17:33:27.782908
1aeab18e-729f-4752-af04-999cac0f6eae,Kevin Richard,kevin.richard@acme.com,Ops,team-7,2019-07-25 17:33:27.782908
022c8179-9456-41ce-b39d-08adcc100929,Scott Moreno,scott.moreno@acme.com,Designer,team-3,2017-01-03 17:33:27.782908
df9b2f8f-43a2-41f9-98c4-f29c90f854dd,Joann Barr,joann.barr@acme.com,Marketer,team-0,2019-06-25 17:33:27.782908
a82ff755-a02e-4b48-80ee-fdcb21de019d,Julia Brown,julia.brown@acme.com,Marketer,team-2,2023-08-31 17:33:27.782908
c02aee5b-253f-4c8c-9fb6-ba53638d0f21,Jennifer Avila,jennifer.avila@acme.com,Engineer,team-8,2017-05-20 17:33:27.782908
5639948b-0b3c-4270-ab0a-ed713a5a3622,Nathaniel Miller,nathaniel.miller@acme.com,Engineer,team-7,2021-06-07 17:33:27.782908
ece00e0c-98b6-47fc-aefd-9a06acb60661,Jessica Willis,jessica.willis@acme.com,Marketer,team-15,2017-08-06 17:33:27.782908
9c144818-d8e1-43c1-9dd1-f2aabba5591e,Mrs. Monique King MD,mrs..monique.king.md@acme.com,Marketer,team-2,2024-05-09 17:33:27.782908
8cb3574d-48c4-4610-a51f-31bf4f781740,Matthew Winters,matthew.winters@acme.com,Ops,team-4,2022-01-26 17:33:27.782908
b466695d-30a1-4cd0-80be-b7d495afa913,Meghan French,meghan.french@acme.com,Marketer,team-13,2025-04-07 17:33:27.784651
f56d21c9-ed7f-4d5a-b00c-be035ed5da02,Samantha Bowman,samantha.bowman@acme.com,Engineer,team-15,2019-12-24 17:33:27.784651
3001d54a-41c7-4bd2-b880-1d22f510e3f2,Patrick Reyes,patrick.reyes@acme.com,Marketer,team-14,2018-10-19 17:33:27.784651
1411cd84-e699-4759-8545-b30635c9c7ae,Dr. Michael Mcbride DDS,dr..michael.mcbride.dds@acme.com,Engineer,team-6,2023-11-21 17:33:27.784651
75db68c0-3f86-460d-8054-e5cb9e8d4bb9,Douglas Stafford,douglas.stafford@acme.com,Engineer,team-9,2017-03-01 17:33:27.784651
ac3a4fac-20ad-4c04-b2b9-76b8b22c5ce2,Erin Long,erin.long@acme.com,Ops,team-4,2024-09-25 17:33:27.784651
c1bbb7d1-ca01-446a-b498-e159f52e6671,Vicki Hernandez,vicki.hernandez@acme.com,Marketer,team-18,2020-10-24 17:33:27.784651
71d7c0b9-2d73-407b-9dc5-e3743b60af7e,Devon Lopez,devon.lopez@acme.com,Product Manager,team-4,2025-11-25 17:33:27.784651
91a352cb-e7ef-403f-b14d-e46f1499151a,Melissa Herrera,melissa.herrera@acme.com,Marketer,team-10,2023-03-08 17:33:27.784651
b46649ba-1ee4-42fa-80a6-d7e4b2a3fc4c,Sierra Lopez DVM,sierra.lopez.dvm@acme.com,Ops,team-11,2019-01-02 17:33:27.784651
86258c7b-3cf8-4381-b6fe-d89da4c70943,Kristin Mitchell,kristin.mitchell@acme.com,Designer,team-16,2019-03-31 17:33:27.784651
99188323-e9f6-4196-8e83-f864f9f129ca,Melissa Crawford,melissa.crawford@acme.com,Ops,team-19,2018-02-27 17:33:27.784651
f5178d7d-284b-46a1-b93b-13fd29decc2b,Heather Smith,heather.smith@acme.com,Product Manager,team-3,2024-07-12 17:33:27.784651
cf606b61-b77d-4448-9f87-430ed4c6266a,John Kelley,john.kelley@acme.com,Engineer,team-1,2021-03-08 17:33:27.784651
982749bd-7906-477b-906f-a4c7c17f6547,Tiffany Henry,tiffany.henry@acme.com,Marketer,team-4,2023-12-14 17:33:27.784651
3a48c49f-7c0b-4b9b-bf62-4fe7169d6482,Micheal Wallace,micheal.wallace@acme.com,Engineer,team-15,2022-10-26 17:33:27.784651
64f56385-b61b-4d13-b09e-335837c6137e,Jeremy Giles,jeremy.giles@acme.com,Ops,team-3,2016-12-15 17:33:27.784651
d390c6f7-290c-44a7-8503-c0d2d55f9ebf,Alison Foster,alison.foster@acme.com,Designer,team-10,2020-06-16 17:33:27.784651
11de2908-821c-40e9-86ba-a481da5b16d1,Alfred Taylor,alfred.taylor@acme.com,Marketer,team-13,2025-02-22 17:33:27.784651
e5a7d669-0512-4c6c-a086-c7d031b0f58e,Tina Johnson,tina.johnson@acme.com,Engineer,team-16,2022-01-23 17:33:27.784651
6665dd84-be85-4e7d-9308-e446c34df047,Jason Bell,jason.bell@acme.com,Marketer,team-0,2016-02-26 17:33:27.784651
1885ac4b-7a90-45f8-b267-d6c05d5e9a2d,Omar Ward,omar.ward@acme.com,Engineer,team-8,2020-03-25 17:33:27.784651
fa45485a-8531-4160-84be-d845c2e6e5eb,Christopher Burgess,christopher.burgess@acme.com,Marketer,team-15,2020-07-22 17:33:27.784651
f279a1f9-4473-4ace-be20-218dba8c077b,Christopher Flores,christopher.flores@acme.com,Designer,team-2,2019-12-31 17:33:27.784651
100b5385-b633-4654-875d-80edde057fb7,Steven King,steven.king@acme.com,Designer,team-1,2021-07-08 17:33:27.784651
6e8ef478-2e4c-4756-8003-1574196174cf,Sandra Carter,sandra.carter@acme.com,Engineer,team-10,2019-06-11 17:33:27.786391
68fc13b1-48c2-4191-b2cf-1ff75e17d4f7,Laurie Hardin,laurie.hardin@acme.com,Designer,team-19,2015-10-10 17:33:27.786391
22c8521d-92f0-4956-bfa2-f21cbb9b6300,Elizabeth Douglas,elizabeth.douglas@acme.com,Engineer,team-15,2019-11-24 17:33:27.786391
884f02b6-8374-4be3-839e-9a59fcc88af4,Yolanda Blankenship,yolanda.blankenship@acme.com,Designer,team-17,2016-01-09 17:33:27.786391
9230acf8-e8f9-40dc-be47-a4cd3266e337,Teresa Murphy,teresa.murphy@acme.com,Product Manager,team-16,2025-01-18 17:33:27.786391
6fb74c23-ea32-4030-95d9-5fc5005dc315,Patricia Wyatt,patricia.wyatt@acme.com,Designer,team-16,2020-12-04 17:33:27.786391
dcb4b5a1-1ef5-47ed-9efb-e89fcc7ff3b2,Cory Edwards,cory.edwards@acme.com,Ops,team-8,2016-02-05 17:33:27.786391
04575ac0-d398-47ca-be5b-7196f9c64e8a,April Davis,april.davis@acme.com,Marketer,team-14,2019-03-06 17:33:27.786391
b2044341-e66f-4433-b307-e46faa6ddfc7,Laura Ray,laura.ray@acme.com,Product Manager,team-16,2024-07-17 17:33:27.786391
47f0193b-7550-4587-b26b-0ffca34a19bd,Kim Smith,kim.smith@acme.com,Product Manager,team-0,2017-05-04 17:33:27.786391
d5826b09-ff15-4576-aaa3-67e11653c9d4,Russell Guerra,russell.guerra@acme.com,Designer,team-8,2020-04-05 17:33:27.786391
f29e00fe-5be1-4101-bd61-ad5802775bc3,Dylan Thomas,dylan.thomas@acme.com,Marketer,team-8,2020-06-07 17:33:27.786391
df2b6bc1-c748-4fbf-be2b-6c8f3dbfe922,Daniel Rodriguez,daniel.rodriguez@acme.com,Product Manager,team-5,2016-07-21 17:33:27.786391
b216d627-6dc1-409a-b41d-689d5dab9b9a,Kelly Spencer,kelly.spencer@acme.com,Designer,team-6,2020-10-21 17:33:27.786391
99e93c95-b0ca-42aa-b9ef-52c3f2678ba4,Joshua James,joshua.james@acme.com,Ops,team-18,2025-05-19 17:33:27.786391
c854ae46-7d61-40e5-bc31-f4421eb98332,Luis Bryant,luis.bryant@acme.com,Ops,team-4,2023-09-21 17:33:27.786391
9f321054-5a4e-48f9-8ac6-71b7010e36ee,Mrs. Sonya Hudson,mrs..sonya.hudson@acme.com,Engineer,team-8,2020-07-16 17:33:27.786391
9a414e65-3fab-4acb-9e4c-33c0fcf46274,Edwin Wilson,edwin.wilson@acme.com,Designer,team-14,2021-07-25 17:33:27.786391
1b178440-fc93-44cb-8313-231e57bfb11c,Ms. Caitlyn Ware,ms..caitlyn.ware@acme.com,Marketer,team-8,2020-06-13 17:33:27.786391
ea4373c9-94e2-4ea5-8f95-e91785a1dfb6,Amber Lane,amber.lane@acme.com,Ops,team-2,2021-01-26 17:33:27.786391
16aa583e-27f2-4d16-8635-22090bf1cf75,Kayla Owen,kayla.owen@acme.com,Product Manager,team-7,2018-01-02 17:33:27.786391
292363cf-3495-41f6-9532-44a0f32ea9bc,Seth Pearson,seth.pearson@acme.com,Product Manager,team-9,2022-07-14 17:33:27.786391
882d2b11-08ba-4358-90bc-ff22a5ab7ef4,Andrew Cooper,andrew.cooper@acme.com,Marketer,team-6,2023-10-04 17:33:27.786391
7ac671e8-3471-4820-ae40-00db6ce4869e,Matthew Phelps,matthew.phelps@acme.com,Designer,team-13,2024-03-26 17:33:27.786391
02835ef1-6eae-4cd4-bfc0-2c0012d09a41,George Kelley,george.kelley@acme.com,Engineer,team-2,2025-02-26 17:33:27.788131
6170fafb-5974-4eb1-b69e-bfeedfe41bb0,Mr. Thomas Higgins,mr..thomas.higgins@acme.com,Ops,team-15,2024-08-22 17:33:27.788131
61718c3f-2166-4346-9eab-613244c8fb3e,Lisa Myers,lisa.myers@acme.com,Marketer,team-16,2018-09-27 17:33:27.788131
060fd540-c711-48e5-a431-4df21f07d539,Jennifer Rowe,jennifer.rowe@acme.com,Marketer,team-14,2021-11-29 17:33:27.788131
bc137e18-22c3-4c11-bb07-057ef11dba95,Sara Barnes,sara.barnes@acme.com,Ops,team-14,2025-12-04 17:33:27.788131
1a9fa748-329e-4a5b-9d3c-1ab853c4a62f,Julie Hughes DDS,julie.hughes.dds@acme.com,Designer,team-9,2025-11-12 17:33:27.788131
9f3959f6-5ab2-4b36-a8ca-16513baa10fb,Michael Martin,michael.martin@acme.com,Designer,team-18,2024-02-09 17:33:27.788131
20951aea-7fce-4554-811e-d67583a606b4,Jonathan Doyle,jonathan.doyle@acme.com,Product Manager,team-13,2016-09-25 17:33:27.788131
b2e1e669-b975-486c-bb61-a5d4f1b56ea8,Carolyn Stuart,carolyn.stuart@acme.com,Engineer,team-9,2023-04-19 17:33:27.788131
ba4dfbeb-964f-4065-a02b-f2c07fac9d74,Priscilla Phillips,priscilla.phillips@acme.com,Designer,team-9,2019-05-24 17:33:27.788131
dafb6a85-af9b-4d93-9e64-94e7739ad713,Michael Jones,michael.jones1@acme.com,Engineer,team-0,2023-06-17 17:33:27.788131
60da1026-a014-4798-b40b-43e3c43689cc,Karen Singh,karen.singh@acme.com,Engineer,team-12,2015-11-15 17:33:27.788131
ec0b7f6b-008a-4144-91cf-531ba15cc2f6,Alicia Reese,alicia.reese@acme.com,Product Manager,team-7,2017-05-17 17:33:27.788131
1c96bb71-413e-4caf-a1cb-c2fed8259a2c,Colleen Perkins,colleen.perkins@acme.com,Product Manager,team-15,2022-11-13 17:33:27.788131
f92a8476-e09e-425b-858f-67548f2afef6,Jade Rice,jade.rice@acme.com,Ops,team-15,2022-11-19 17:33:27.788131
f2249cb7-070b-425b-ad19-7c77ad2e950b,Brandon Gonzalez,brandon.gonzalez@acme.com,Ops,team-3,2019-12-20 17:33:27.790137
c2d0c71d-c608-4ce6-9d51-1787964eeee9,Scott Little,scott.little@acme.com,Product Manager,team-8,2016-11-25 17:33:27.790137
6fff0223-695b-4230-a289-cf8a02cc2f07,Karen Beltran,karen.beltran@acme.com,Designer,team-18,2025-03-14 17:33:27.790137
4ca2d2fa-9d1f-461b-a8af-4e4538df27df,Kelsey Young,kelsey.young@acme.com,Designer,team-18,2019-12-25 17:33:27.790137
205b5c2b-3700-4043-a900-a441b388a987,Jonathan Love MD,jonathan.love.md@acme.com,Engineer,team-4,2022-06-17 17:33:27.790137
a83378c8-e1fd-4ae9-ad75-a7a3a9010e25,Laura Pearson,laura.pearson@acme.com,Designer,team-10,2024-09-03 17:33:27.790137
de9f7c56-5b65-4e18-8f30-149e96f761d5,Catherine Potter,catherine.potter@acme.com,Engineer,team-11,2019-05-03 17:33:27.790137
b13fd7c9-6fdd-4fca-ab19-10d499cc7f49,Michael Powell,michael.powell@acme.com,Marketer,team-11,2021-02-17 17:33:27.790137
552cc366-dfb8-4d5d-a5f7-21f12372b406,Matthew Martin,matthew.martin@acme.com,Engineer,team-17,2024-05-05 17:33:27.790137
e44a3969-1fea-40e7-acc5-5d164136bc44,Margaret George,margaret.george@acme.com,Ops,team-9,2025-09-23 17:33:27.790137
76d1070d-2f1e-4687-9d62-c1e562cf9345,Anne Leonard,anne.leonard@acme.com,Engineer,team-15,2021-05-02 17:33:27.790137
6ff07fce-7bcf-42ad-a6e9-10c5a3122bbf,David Turner,david.turner@acme.com,Marketer,team-6,2019-05-31 17:33:27.790137
4d312d14-c4c9-40ff-a495-07f2d0bc8479,Jesse Alexander,jesse.alexander@acme.com,Marketer,team-8,2025-12-18 17:33:27.790137
b8182cdb-76d9-45b4-8873-20438a532393,Daniel Haas,daniel.haas@acme.com,Ops,team-1,2024-09-13 17:33:27.790137
df49a33c-4cfe-479d-a9eb-867c6cf4dd72,Samantha White,samantha.white@acme.com,Product Manager,team-17,2018-09-29 17:33:27.790137
af651d69-9fdd-4972-ad43-b049f60bcc81,April Hernandez,april.hernandez@acme.com,Marketer,team-8,2022-11-25 17:33:27.790137
bc5c7c79-d142-4760-99ca-09733deba612,Summer Taylor,summer.taylor@acme.com,Ops,team-0,2020-08-01 17:33:27.790137
bc4afa0f-e2fb-41e5-a78b-05d5cfcfbf1f,James Jones,james.jones@acme.com,Ops,team-1,2016-04-02 17:33:27.790137
5edfea7c-48e9-4643-9327-69281d0c8593,Cole Aguilar,cole.aguilar@acme.com,Engineer,team-12,2023-08-15 17:33:27.790137
f97fca03-039d-4270-8959-56cf30e22141,James Grant,james.grant@acme.com,Ops,team-9,2018-01-02 17:33:27.790137
dd83402e-3383-42c1-b0c4-1731057578c1,Jenny Garcia,jenny.garcia@acme.com,Marketer,team-1,2017-01-14 17:33:27.790137
ee5edb86-4778-4f49-b1b3-1d06a2bfd18d,Adrian Bradford,adrian.bradford@acme.com,Marketer,team-16,2020-05-05 17:33:27.790137
206969d1-fabd-4dac-af75-1029b5855ff1,Cindy Hudson,cindy.hudson@acme.com,Ops,team-6,2022-09-30 17:33:27.790137
603ff919-2861-4a90-8916-3d1d7de2f3ae,Peggy Cobb,peggy.cobb@acme.com,Marketer,team-2,2016-05-18 17:33:27.790137
081b2fce-c0ea-491e-9632-b3e7f177917f,Brandon Horn,brandon.horn@acme.com,Engineer,team-1,2020-06-20 17:33:27.792142
2533dd4c-e0ab-4246-a60b-b17b78722237,Jacqueline Duke,jacqueline.duke@acme.com,Product Manager,team-11,2016-10-18 17:33:27.792142
4aee11c7-53a7-4641-9e29-bda1aff775ec,Kristina Peters,kristina.peters@acme.com,Marketer,team-12,2015-11-17 17:33:27.792142
a23da6d4-9ef4-443e-9e0f-23645fde29d4,Julia Gonzalez,julia.gonzalez@acme.com,Engineer,team-3,2018-07-13 17:33:27.792142
761157a6-231a-4b72-a770-9f1924a76791,Charles Aguilar,charles.aguilar@acme.com,Ops,team-13,2023-03-15 17:33:27.792142
a28a4438-5d58-4fed-883c-ddd12b37d1dd,Paul Perez,paul.perez@acme.com,Marketer,team-5,2019-08-25 17:33:27.792142
a7091304-d622-4122-86f8-db49f5d80786,Elizabeth Gibson,elizabeth.gibson@acme.com,Marketer,team-8,2022-12-23 17:33:27.792142
9ed52ce3-f61d-4eb1-9883-00b078f81546,Kelsey Kane,kelsey.kane@acme.com,Product Manager,team-9,2018-01-14 17:33:27.792142
221b6673-50dd-4615-bde1-4f1b52703ae1,Michelle Rivera,michelle.rivera@acme.com,Product Manager,team-13,2022-09-06 17:33:27.792142
b8ec1162-59d3-4519-9c56-88456e2e0947,Jonathon Bryant,jonathon.bryant@acme.com,Ops,team-11,2022-08-08 17:33:27.792142
5873666c-d476-403a-8a41-4c2904e71d37,Wesley Miller,wesley.miller@acme.com,Designer,team-15,2018-09-30 17:33:27.792142
bd565acc-3ef3-4f07-bb1c-db9bdc57eb72,Christian Mcguire,christian.mcguire@acme.com,Ops,team-7,2022-02-17 17:33:27.792142
6a2352c7-220c-4d8d-9e4a-b47d0c04eece,Lydia Kim,lydia.kim@acme.com,Designer,team-3,2016-10-03 17:33:27.792142
6b15f4a9-19f7-430f-a03d-bf64a23e9f3b,Morgan Butler,morgan.butler@acme.com,Designer,team-1,2016-08-21 17:33:27.792142
64761757-9307-4aad-82d8-a27b5bba0790,Susan Sosa,susan.sosa@acme.com,Designer,team-3,2018-08-14 17:33:27.792142
94bd3ca9-ee4a-435f-902d-f0dcab294366,Jonathan Brown,jonathan.brown@acme.com,Engineer,team-2,2018-12-04 17:33:27.792142
bb39451f-21ac-4cbe-a6d4-80808b7a7838,Richard Peters,richard.peters@acme.com,Product Manager,team-8,2015-10-01 17:33:27.792142
1fe80620-2c2b-4885-9a61-a0efddd38f26,Taylor Charles,taylor.charles@acme.com,Product Manager,team-2,2023-04-17 17:33:27.792142
efb4f985-4854-43c9-aaed-e0625403b67c,Michael Edwards,michael.edwards@acme.com,Marketer,team-4,2023-02-08 17:33:27.792142
90ac1d70-2764-4be3-87cf-c90b03042c35,Susan Juarez,susan.juarez@acme.com,Engineer,team-0,2021-11-01 17:33:27.792142
e7c77d4f-ade8-4b17-b898-18fab07b8813,Kimberly Stewart,kimberly.stewart@acme.com,Marketer,team-1,2018-04-18 17:33:27.792142
6b3bcfe2-1ad5-4b0e-bcf9-25a050e05990,Samantha Wong,samantha.wong@acme.com,Ops,team-15,2016-10-07 17:33:27.792142
cbfa3a81-52cc-4ee3-9c69-265779849f04,Gabrielle Miller,gabrielle.miller@acme.com,Designer,team-12,2024-04-25 17:33:27.792142
43247044-8bac-44a6-83fb-d0cc9877c8bc,Bianca Knight,bianca.knight@acme.com,Marketer,team-18,2018-11-01 17:33:27.792142
e31da91f-a7fd-4919-92bd-fb70915f41e4,Roger Hurley,roger.hurley@acme.com,Engineer,team-4,2025-04-13 17:33:27.792142
877118aa-7289-4079-bfbd-f0f06fbe26ea,Garrett Evans,garrett.evans@acme.com,Engineer,team-18,2021-09-10 17:33:27.794146
8ba5d1b5-a6d1-499a-8b64-dc1bc9f51f23,Sergio Warner,sergio.warner@acme.com,Engineer,team-3,2024-04-29 17:33:27.794146
3e1f625c-8866-4f81-9013-f69c4260bcc3,Helen Best,helen.best@acme.com,Marketer,team-12,2023-07-17 17:33:27.794146
398dde20-a3f6-4e7a-a9b3-fde9f7fb856d,Barbara Cruz,barbara.cruz@acme.com,Marketer,team-4,2025-04-19 17:33:27.794146
0adafec9-7ee1-4e72-916f-b829c328e67e,Brian Hudson,brian.hudson@acme.com,Marketer,team-18,2021-11-23 17:33:27.794146
7fad6c3c-7874-4d44-94f3-15e79af12a4f,Shelly Bryant,shelly.bryant@acme.com,Product Manager,team-1,2016-07-17 17:33:27.794146
d2148a18-38d5-4e88-acf4-ed14b2b99116,Jason Campbell,jason.campbell@acme.com,Designer,team-1,2019-02-24 17:33:27.794146
cf9f0067-382f-4900-ac61-1be32e0cd842,Sarah Campbell,sarah.campbell1@acme.com,Designer,team-3,2015-08-20 17:33:27.794146
785294cb-afaa-471e-9316-79556a58b525,Cole Brown,cole.brown@acme.com,Ops,team-6,2017-08-05 17:33:27.794146
f54eb524-41bc-4b50-a0cb-f7e75253ea54,Bailey Cherry,bailey.cherry@acme.com,Ops,team-18,2016-01-26 17:33:27.794146
8c0649b6-707d-41fb-b0a9-c487e39a316e,Joshua Kelly,joshua.kelly@acme.com,Engineer,team-15,2021-06-10 17:33:27.794146
e4b0d947-4806-4fb4-a233-317554857d54,Elizabeth Smith,elizabeth.smith@acme.com,Product Manager,team-4,2021-06-04 17:33:27.794146
45e6946d-c0ec-4cc2-bff8-b189db70ce6d,Charlotte Wyatt,charlotte.wyatt@acme.com,Designer,team-9,2025-12-10 17:33:27.794146
18897874-3f79-4e4c-8d3d-8665235e43f0,Cindy Peterson,cindy.peterson@acme.com,Ops,team-15,2017-01-25 17:33:27.794146
ef7f3db5-4ddb-49b0-bc48-def711bdd150,Brandon Price,brandon.price@acme.com,Product Manager,team-17,2025-11-22 17:33:27.794146
0d5fbaf6-83dd-48ca-87a9-d74b34b49d97,Donna Gross,donna.gross@acme.com,Ops,team-9,2024-03-21 17:33:27.794146
4c172ba3-f5ad-44c3-8c4d-456ab83d2c35,Andrew Elliott,andrew.elliott@acme.com,Ops,team-13,2023-02-14 17:33:27.794146
fefcc11b-51a1-41d8-8d48-da91ce36692a,David Graves,david.graves@acme.com,Ops,team-18,2022-07-29 17:33:27.794146
a85ba0d6-dbb6-455c-963c-9730baa3e3db,Beverly Williams,beverly.williams@acme.com,Product Manager,team-2,2016-11-26 17:33:27.794146
4050d96a-a8ba-4e23-af03-092ae2a16c85,Scott Rogers,scott.rogers@acme.com,Designer,team-2,2016-10-04 17:33:27.794146
840beb7e-4d0a-4081-842e-f9401c5cf131,Timothy Howe,timothy.howe@acme.com,Engineer,team-6,2023-09-28 17:33:27.794146
4c730d59-50ba-4acf-ac63-d29920ebe95d,Kelly Green,kelly.green@acme.com,Engineer,team-15,2021-11-19 17:33:27.794146
a7701275-8da9-4f04-9f55-9936f664471d,Juan Smith,juan.smith@acme.com,Engineer,team-9,2021-01-06 17:33:27.794146
052b3279-d087-4d90-be8d-dd29ee3c1a9d,Laura Dickerson,laura.dickerson@acme.com,Product Manager,team-12,2017-11-19 17:33:27.794146
6664bc1a-4fd8-4a31-8e2a-dda15a1d3049,Jeffery Roberts,jeffery.roberts@acme.com,Designer,team-1,2022-12-13 17:33:27.796149
f3b4e57d-1651-4c6b-acfc-473e785f5633,Sarah Higgins,sarah.higgins@acme.com,Ops,team-1,2018-01-28 17:33:27.796149
bc637a1b-f45d-4ef7-ae92-115ec0885673,John Chambers,john.chambers@acme.com,Designer,team-8,2024-07-01 17:33:27.796149
659bdbef-9535-40dd-a25e-dd8ade1565ba,Kathryn Gonzales,kathryn.gonzales@acme.com,Designer,team-0,2019-11-23 17:33:27.796149
4545c292-70f8-4edb-a465-e259a5f5f77b,Dawn Miller,dawn.miller@acme.com,Designer,team-16,2022-03-10 17:33:27.796149
d791c90e-d1f4-4e4d-a691-caf8f24bb1f2,Julie Patrick,julie.patrick@acme.com,Engineer,team-4,2024-09-22 17:33:27.796149
da40ebd1-62b0-4f3a-951d-e310a6b8d431,Mario Roberts,mario.roberts@acme.com,Engineer,team-5,2022-03-05 17:33:27.796149
29e677e6-24b0-438e-a373-df83c7d320e0,Colleen Fletcher,colleen.fletcher@acme.com,Marketer,team-9,2020-06-21 17:33:27.796149
b53fb7e3-352a-47ae-8070-dd5907ccc6f8,Peter Vaughan,peter.vaughan@acme.com,Designer,team-2,2022-07-30 17:33:27.796149
a95d002e-3c10-49b1-b82e-d9cd8f970d88,Miss Misty West,miss.misty.west@acme.com,Engineer,team-10,2016-09-22 17:33:27.796149
f04e015d-9172-4166-805d-32a0465bff01,Scott Ortiz,scott.ortiz@acme.com,Designer,team-8,2025-01-01 17:33:27.796149
bd56be18-be24-4e9b-baa9-418ba56b40e6,Christopher Harrison,christopher.harrison@acme.com,Ops,team-6,2017-12-13 17:33:27.796149
779ce40b-6ac5-43c0-b4dd-6f361a9b647e,Tracy Wagner,tracy.wagner@acme.com,Engineer,team-13,2023-02-25 17:33:27.796149
0333f787-ab54-4ba0-931c-69350ef57b18,Jason Mcintyre,jason.mcintyre@acme.com,Marketer,team-12,2018-03-23 17:33:27.796149
033b63ec-98ef-486d-95ce-148454a434c5,Sean Crawford,sean.crawford@acme.com,Marketer,team-4,2024-11-28 17:33:27.796149
a7afbaac-effe-49da-a16c-e4c5f7a5650f,Andrea Smith,andrea.smith@acme.com,Marketer,team-14,2022-11-01 17:33:27.796149
e8441cee-0ef9-4a02-9c2e-d69a6f789e25,Meagan Harris,meagan.harris@acme.com,Marketer,team-19,2019-03-02 17:33:27.796149
902f4069-285a-46ad-9fe6-a64100c80f39,Mrs. Laura Roberts,mrs..laura.roberts@acme.com,Marketer,team-5,2020-08-21 17:33:27.796149
d6a5e41c-814e-44b7-9770-4bda933a2ca5,Crystal Boyle,crystal.boyle@acme.com,Designer,team-2,2022-03-05 17:33:27.796149
333d6a22-fc46-4672-bcb4-3b3f9997982a,Michael Smith,michael.smith2@acme.com,Product Manager,team-8,2024-08-24 17:33:27.796149
90c2d842-aa6e-4438-93aa-44cad04c524c,Christy Choi,christy.choi@acme.com,Product Manager,team-10,2023-12-15 17:33:27.796149
92e726c8-fddb-4a7a-8d4b-7e4186ce20c2,Mark Shaffer,mark.shaffer@acme.com,Marketer,team-3,2021-03-14 17:33:27.796149
e57a11af-a5b7-44b5-9d29-880d1cefca71,Darrell Blair,darrell.blair@acme.com,Ops,team-5,2024-06-18 17:33:27.796149
f21edf84-85be-4fc5-9a2f-06dce66838b4,Michelle Ellis,michelle.ellis@acme.com,Designer,team-17,2021-10-27 17:33:27.796149
52c18593-f108-4a2c-bf95-0e32a055cc7c,Daniel Robinson,daniel.robinson@acme.com,Marketer,team-12,2024-12-05 17:33:27.798153
1ff6318a-d7eb-4242-a346-8fd23a27320d,Danny Owen,danny.owen@acme.com,Ops,team-4,2023-12-19 17:33:27.798153
cd686d73-c64a-4e52-b52e-f520fa656416,Stephanie Hill,stephanie.hill@acme.com,Engineer,team-4,2016-10-26 17:33:27.798153
c5ac0353-51cd-4272-9dec-47c19695c336,Crystal Stephens,crystal.stephens@acme.com,Ops,team-6,2019-02-03 17:33:27.798153
e7dd0b3d-9471-4ded-a08d-0098f5e923dd,Mark Oliver,mark.oliver@acme.com,Marketer,team-4,2022-04-03 17:33:27.798153
49c3bf70-a981-44c2-9c18-5b8846adbe56,Tyler Smith,tyler.smith@acme.com,Engineer,team-18,2022-12-24 17:33:27.798153
c51d62da-265a-4cf8-b975-679bd22f0336,Eric Vasquez,eric.vasquez@acme.com,Marketer,team-18,2020-04-17 17:33:27.798153
e6cde004-a9b1-41e9-9cbc-8477e0821083,Charles Taylor,charles.taylor@acme.com,Marketer,team-17,2016-12-31 17:33:27.798153
c92af855-a515-4acc-a873-656181931320,Jennifer Davenport,jennifer.davenport@acme.com,Product Manager,team-9,2025-01-19 17:33:27.798153
be75e0ca-f921-4e83-baab-d4f04c6ba9fe,Derek Nguyen,derek.nguyen@acme.com,Engineer,team-15,2016-04-24 17:33:27.798153
9b2842ea-4a6e-4b46-b1a3-76f594a35748,Christopher Carter,christopher.carter@acme.com,Product Manager,team-9,2023-05-31 17:33:27.798153
f6c57a84-03f0-4269-8889-0359ca269cfd,Erin Trevino,erin.trevino@acme.com,Product Manager,team-12,2020-09-22 17:33:27.798153
229fde3a-4423-427b-ae76-3c27b917b7aa,Margaret Lynch,margaret.lynch@acme.com,Marketer,team-6,2025-05-11 17:33:27.798153
4c8ebd36-a5b6-407b-9208-b70cd005c182,Gina Vasquez,gina.vasquez@acme.com,Ops,team-19,2022-08-18 17:33:27.798153
1b2738b6-c762-481f-8e1f-ae0df82ceb7e,Mary Boone,mary.boone@acme.com,Ops,team-19,2022-06-06 17:33:27.798153
f99a2d2e-98a5-47db-977d-27018f88d0c7,Joseph Warren,joseph.warren@acme.com,Engineer,team-11,2016-08-07 17:33:27.798153
0eabb9a0-4e8e-4a71-aa2f-87f9dbec3353,Lori Hutchinson,lori.hutchinson@acme.com,Marketer,team-5,2023-11-21 17:33:27.798153
af7635fb-6ba8-4672-90ff-5526fd71f91e,Charles Murray,charles.murray@acme.com,Product Manager,team-0,2023-12-12 17:33:27.798153
4100d4df-e281-42fc-8b36-4db9a19fe062,Steven Moore,steven.moore@acme.com,Product Manager,team-5,2021-08-18 17:33:27.798153
52fd83e3-fbf0-48ce-be40-cd98f7fe8280,Andrew Gill,andrew.gill@acme.com,Marketer,team-10,2022-08-19 17:33:27.798153
d1f1fe51-eee6-48b9-a7ea-53e463bf037b,Diana Soto,diana.soto@acme.com,Designer,team-10,2020-06-12 17:33:27.798153
dd5544ed-d229-4f31-a98c-cf91cdae8806,Erin Rice,erin.rice@acme.com,Engineer,team-16,2023-08-30 17:33:27.798153
65e608e3-7664-4158-9923-3a9a417ff7ed,Melissa Brown,melissa.brown@acme.com,Ops,team-11,2020-10-03 17:33:27.798153
07574e32-97d7-493e-a951-013589e7195a,Christy Ayers,christy.ayers@acme.com,Designer,team-8,2019-05-18 17:33:27.798153
f9e6271a-d51f-4e7d-a1c9-4df19051c058,Joseph Humphrey,joseph.humphrey@acme.com,Ops,team-11,2017-05-08 17:33:27.800156
b16ab2cb-cc61-458b-819f-c633d0e3c0fa,Eric Riley,eric.riley@acme.com,Designer,team-13,2025-01-14 17:33:27.800156
9fe68891-1b0b-4646-8664-c6f29b1a1ab8,Meghan Williams,meghan.williams@acme.com,Ops,team-10,2021-11-16 17:33:27.800156
3c845eb3-5227-4dfd-b0bf-f234a37cdd90,Bonnie Carr,bonnie.carr@acme.com,Marketer,team-19,2017-01-13 17:33:27.800156
26c3e44b-3010-4e19-b423-f895abf6470c,Christopher Thompson,christopher.thompson@acme.com,Product Manager,team-12,2017-05-04 17:33:27.800156
f110ce4d-e304-4bc8-acdb-78b4e7ccc2ad,Christy Cisneros,christy.cisneros@acme.com,Marketer,team-17,2025-09-04 17:33:27.800156
263b8613-a532-490e-9fb8-32369bd44b45,Bradley Simpson,bradley.simpson@acme.com,Marketer,team-19,2017-11-11 17:33:27.800156
d285f4e7-624e-4e36-820a-92415d0aed12,Susan Richards,susan.richards@acme.com,Product Manager,team-17,2022-03-25 17:33:27.800156
a63d6707-fe27-4014-8873-32016e5abff2,Sara Horn,sara.horn@acme.com,Engineer,team-10,2023-05-24 17:33:27.800156
14c53f3e-8637-4bc1-93b0-540d5c6a38bf,Gina Osborne,gina.osborne@acme.com,Marketer,team-16,2016-03-28 17:33:27.800156
eb855dc3-b8f5-4843-9393-3dcb0d993d44,Dennis Sanchez,dennis.sanchez@acme.com,Designer,team-15,2022-09-08 17:33:27.800156
4c73f1b5-7997-406e-8ad3-08a83d74a247,Leslie Jimenez,leslie.jimenez@acme.com,Ops,team-5,2021-07-01 17:33:27.800156
1c673791-7a34-46f4-a13b-48d144ef1f6c,Shannon Bates,shannon.bates@acme.com,Ops,team-16,2025-02-18 17:33:27.800156
e1342f57-94e2-4b50-9365-d88dc37506cf,Leah Price,leah.price@acme.com,Product Manager,team-11,2024-01-21 17:33:27.800156
8bb6acc3-fb39-4a98-8af9-f19f11ea5308,Melissa Ryan,melissa.ryan@acme.com,Product Manager,team-15,2016-05-24 17:33:27.800156
aa691103-d25e-4090-804f-ee0fbbc47575,Michelle Joyce,michelle.joyce@acme.com,Marketer,team-5,2024-03-24 17:33:27.800156
2ed983a6-9fd2-4776-b9e2-8e82aa542379,Brian Rogers,brian.rogers@acme.com,Marketer,team-8,2017-10-22 17:33:27.800156
cc43f7a2-1545-485e-9e50-a0842a466ca5,Alfred Armstrong,alfred.armstrong@acme.com,Engineer,team-7,2024-05-25 17:33:27.800156
83235b5c-98b2-4a66-a1c6-828751f70003,Mary Smith,mary.smith@acme.com,Product Manager,team-2,2025-06-02 17:33:27.800156
08a38fa2-b655-4bf1-a510-a434350d21ec,Christine Boyd DDS,christine.boyd.dds@acme.com,Designer,team-16,2020-05-11 17:33:27.800156
62b77b8c-59f4-4831-bf1c-81ccdb6d19c2,Chelsey Rios,chelsey.rios@acme.com,Designer,team-7,2025-04-01 17:33:27.800156
61f8bd5b-b95f-4f5b-baec-c287069caf8f,Mariah Ross,mariah.ross@acme.com,Ops,team-6,2018-05-11 17:33:27.801901
af9fa524-0bdf-498c-8ae3-8442b698998d,Jimmy Watkins,jimmy.watkins@acme.com,Ops,team-6,2025-11-11 17:33:27.801901
11b45060-8bf2-432f-a591-14adbc1d2328,William Patterson,william.patterson@acme.com,Designer,team-6,2025-07-24 17:33:27.801901
01dd099e-d550-4861-b944-e5b9e3e95fb3,Grace Malone,grace.malone@acme.com,Engineer,team-18,2022-01-20 17:33:27.801901
dcf9931b-0d0f-451c-8ff6-4bd87a25388c,Paula Roberson,paula.roberson@acme.com,Engineer,team-10,2016-08-21 17:33:27.801901
b1d38243-b68f-4a8a-847b-6ef69390b06b,Brian Wilson,brian.wilson1@acme.com,Product Manager,team-9,2021-11-08 17:33:27.801901
3ccc5004-7484-45dd-a6d7-d7da72e1dd52,Patricia Hahn,patricia.hahn@acme.com,Designer,team-0,2019-08-19 17:33:27.801901
29c93e01-5d77-40e2-8441-e71df9b45b21,Nicole Carey,nicole.carey@acme.com,Marketer,team-10,2016-11-02 17:33:27.801901
78135d6b-c5fb-4286-8c8b-b31938d09320,Blake Beard,blake.beard@acme.com,Marketer,team-8,2022-03-24 17:33:27.801901
98e5ed6b-f5ba-496e-b5b9-d6b9435cf797,Regina Reed,regina.reed@acme.com,Designer,team-6,2021-12-30 17:33:27.801901
85490a02-4a94-4c70-a1bc-9af7fb899fc9,Jennifer Manning,jennifer.manning@acme.com,Product Manager,team-6,2024-07-26 17:33:27.801901
3da3bf0f-3ff8-466f-90d7-2fa8dbdde646,Peter Jones,peter.jones@acme.com,Product Manager,team-7,2023-07-07 17:33:27.801901
67b57e80-8217-4d31-bec4-59a8ce020fee,Nicole Evans,nicole.evans@acme.com,Product Manager,team-8,2016-03-30 17:33:27.801901
a81d75af-b8b1-43cc-ada9-f4bf5b11aa8b,Willie Braun,willie.braun@acme.com,Engineer,team-19,2020-09-07 17:33:27.801901
e554031b-7ef6-4217-937e-806e2ccf2d0a,Jean Hernandez,jean.hernandez@acme.com,Product Manager,team-4,2019-01-01 17:33:27.801901
dfdfce2e-5b6d-4662-a066-4de7506f71a0,Jeffery Williams,jeffery.williams@acme.com,Designer,team-18,2023-12-02 17:33:27.801901
3aa877e9-b619-4cd5-8e4b-4c4e06bc117c,Ryan Riddle,ryan.riddle@acme.com,Designer,team-19,2022-03-18 17:33:27.801901
77acc8a4-0504-4254-b169-ca1a7d2ef663,Antonio Lee,antonio.lee@acme.com,Marketer,team-14,2024-02-29 17:33:27.801901
d96b90b0-14d6-4361-b370-4a8f48a5491d,Miss Alice Coleman,miss.alice.coleman@acme.com,Product Manager,team-7,2017-02-08 17:33:27.801901
025e8824-5033-4422-8509-1cb5604d34d0,David Mcconnell,david.mcconnell@acme.com,Ops,team-18,2020-06-08 17:33:27.801901
c7fcc907-e3c1-4216-a70c-63fb6977306a,Lisa Roberts,lisa.roberts@acme.com,Designer,team-7,2020-04-10 17:33:27.801901
3198c8ce-6336-41a8-9bc4-f04f8e248e6f,Tammy Jones,tammy.jones@acme.com,Designer,team-6,2021-09-01 17:33:27.801901
f09f4ad9-eb3b-41dc-9796-487fcbaf87f4,Shawn Williams,shawn.williams@acme.com,Designer,team-7,2021-02-24 17:33:27.801901
78fcb1bd-fc97-4274-86cd-35240f9a5f8f,Abigail Warren,abigail.warren@acme.com,Designer,team-13,2022-06-29 17:33:27.801901
ec04380b-8932-4c31-b04c-4b772bd790e1,Holly Harrison,holly.harrison@acme.com,Product Manager,team-3,2018-02-07 17:33:27.801901
fdefe0f5-96f6-43ad-950a-4dd76951bb7e,Samantha Ward,samantha.ward@acme.com,Marketer,team-14,2018-03-12 17:33:27.803904
b00152cc-37e2-4c97-864c-139b2e63b242,Kelsey Barry,kelsey.barry@acme.com,Ops,team-19,2024-10-16 17:33:27.803904
6668a26d-4b6f-4743-ac0e-01b75a9e1d67,Todd Nelson,todd.nelson@acme.com,Ops,team-16,2025-05-19 17:33:27.803904
7f5adab8-d52d-4c33-ade8-024ef70cb719,Jordan Fields,jordan.fields@acme.com,Ops,team-11,2024-03-28 17:33:27.803904
e1b93d44-b42f-4f01-b516-b662bc7da052,Carlos Rodriguez,carlos.rodriguez@acme.com,Marketer,team-12,2024-08-02 17:33:27.803904
6113b83b-12f8-454f-99f4-04df016baac6,Richard Jackson,richard.jackson@acme.com,Engineer,team-0,2025-06-23 17:33:27.803904
7f50af1a-00cd-4537-8f45-6632214539b2,Carol Graham,carol.graham@acme.com,Marketer,team-19,2021-01-21 17:33:27.803904
2a4f5fb7-5459-4b6c-b5b0-6a872b07e051,Angela Young MD,angela.young.md@acme.com,Marketer,team-12,2024-04-16 17:33:27.803904
285bc291-6b47-4fdf-b29a-59952819c9b3,Yolanda Thompson,yolanda.thompson@acme.com,Designer,team-13,2023-09-16 17:33:27.803904
e5016775-9753-4948-960b-20814b9b0f32,Michael Russell,michael.russell@acme.com,Product Manager,team-10,2025-07-31 17:33:27.803904
5a2c3b13-e610-45f6-a9f2-c569ba78533f,Mary Taylor,mary.taylor@acme.com,Ops,team-1,2025-12-29 17:33:27.803904
bbbdc03e-519a-4b8d-9311-c0fdf6293dc4,Andrew Stokes,andrew.stokes@acme.com,Marketer,team-16,2021-05-06 17:33:27.803904
3d6389b5-34d3-47d1-8d4f-ff6d5f4a8408,William Hammond,william.hammond@acme.com,Product Manager,team-11,2024-03-07 17:33:27.803904
fd44d1ff-8274-4749-ad54-77edf26917b8,Gail Monroe,gail.monroe@acme.com,Product Manager,team-18,2019-04-12 17:33:27.803904
0287a2cb-c623-496b-aed6-5e0182a83456,Jordan Brown,jordan.brown@acme.com,Marketer,team-11,2025-04-27 17:33:27.803904
0402031e-452f-4d88-8c54-2424150c9301,Ruben Mitchell,ruben.mitchell@acme.com,Product Manager,team-7,2024-02-20 17:33:27.803904
5dd4bc23-5d40-46ba-bfae-48e31c8d702f,Joseph Hunter,joseph.hunter@acme.com,Marketer,team-6,2016-02-29 17:33:27.803904
535130fc-8c2d-4c98-8dfa-d665ddf00052,Laura Wilson,laura.wilson@acme.com,Ops,team-18,2020-07-31 17:33:27.803904
3a5c3f0c-0d4f-4459-b896-c9570427dc05,Ashley Castaneda,ashley.castaneda@acme.com,Ops,team-17,2018-02-08 17:33:27.803904
8348fb2e-9d6b-4205-b37e-77a9bea1bf4c,Patrick Ibarra,patrick.ibarra@acme.com,Designer,team-9,2021-03-01 17:33:27.803904
414fc828-c60a-45c7-80b9-3842f7551522,Jessica Sullivan,jessica.sullivan@acme.com,Ops,team-13,2024-05-20 17:33:27.803904
bac3c3bb-de8c-4cd7-b733-bb9ff7396d1c,Kathleen Mooney,kathleen.mooney@acme.com,Designer,team-8,2020-11-18 17:33:27.803904
17a9ffc6-ec70-4a5c-bc39-610faadd80cd,Jason Wong,jason.wong@acme.com,Ops,team-9,2016-07-24 17:33:27.803904
10054fd6-735e-45da-a968-7cf8e6ae1445,Angela Jackson,angela.jackson@acme.com,Designer,team-7,2021-04-27 17:33:27.803904
5d59241b-531f-4676-bda0-284a61f7e515,Nicholas Porter,nicholas.porter@acme.com,Ops,team-19,2017-03-13 17:33:27.805907
1e98951f-809f-4bbc-b6a4-7a6de4125e61,Aaron Morris,aaron.morris@acme.com,Ops,team-7,2024-10-09 17:33:27.805907
378dd012-d8f6-4dc8-8176-127be2ae7202,Peter Ross,peter.ross@acme.com,Ops,team-8,2017-05-26 17:33:27.805907
f5e4efc6-5859-43eb-9ca8-4b2ca236db3c,Brandy Schmitt,brandy.schmitt@acme.com,Engineer,team-2,2020-03-24 17:33:27.805907
ed597f7d-c819-45e9-b035-b9875dc89b46,Troy Mitchell,troy.mitchell@acme.com,Engineer,team-5,2025-11-29 17:33:27.805907
893e6dd8-0770-47f2-b568-bd28c0477529,Dr. James Stafford,dr..james.stafford@acme.com,Designer,team-6,2021-01-18 17:33:27.805907
45eeca4b-0ec9-4169-b747-f0eed71acccf,Paul Mcdonald,paul.mcdonald@acme.com,Designer,team-2,2018-04-13 17:33:27.805907
8a9a4537-d6f9-4471-9e2d-f3a743cb6269,Mrs. Sandra Lawrence,mrs..sandra.lawrence@acme.com,Designer,team-14,2025-01-09 17:33:27.805907
c6424645-6adc-47f6-b651-9f175d7f41a4,Megan West,megan.west@acme.com,Designer,team-14,2025-09-19 17:33:27.805907
34529e73-6207-4f25-bec1-b6b3f4bb291a,Charles Gonzalez,charles.gonzalez@acme.com,Engineer,team-15,2024-02-01 17:33:27.805907
6909c858-d118-4edb-bf48-3c59171b812d,Robert Munoz,robert.munoz@acme.com,Designer,team-4,2020-12-19 17:33:27.805907
00f4f7dd-ce81-4930-ba67-dc6e648c13ba,Zachary Miller,zachary.miller@acme.com,Marketer,team-16,2018-12-23 17:33:27.805907
5b912e46-d150-4d7e-a4f8-b1f7a866753e,Michael Thomas,michael.thomas@acme.com,Ops,team-18,2019-11-10 17:33:27.805907
7807cba6-cadb-4d09-8d44-a2a1213adbe0,Mary Thomas,mary.thomas1@acme.com,Engineer,team-18,2015-09-06 17:33:27.805907
4a6ed0a2-5d0b-48b1-a308-dbaa80b03c53,Jacqueline Gonzalez,jacqueline.gonzalez@acme.com,Ops,team-1,2025-12-27 17:33:27.805907
a3c8e3c3-e3db-4359-9960-b06b5c677226,Morgan Alvarado,morgan.alvarado@acme.com,Product Manager,team-16,2023-05-22 17:33:27.805907
53f11e0a-658d-4949-aa5a-af12d81923a7,Jonathan Smith,jonathan.smith@acme.com,Engineer,team-8,2017-10-09 17:33:27.805907
b877ab69-2195-4e23-8aa8-999ea5f680e7,Joseph Ross,joseph.ross@acme.com,Engineer,team-3,2019-01-17 17:33:27.805907
67c6a2e0-e409-4458-90ba-537a982baff4,Jennifer Alvarez,jennifer.alvarez@acme.com,Engineer,team-16,2025-10-20 17:33:27.805907
93fe47a6-358a-448a-a6c6-0e1bca4be549,Katie Paul,katie.paul@acme.com,Marketer,team-6,2019-12-25 17:33:27.805907
43951034-88f7-4613-a4c6-a8452a946d8c,Cheyenne Torres,cheyenne.torres@acme.com,Product Manager,team-2,2021-08-28 17:33:27.805907
fd6183e4-85f8-4300-b4cd-163692524eed,Erin Mora,erin.mora@acme.com,Engineer,team-13,2018-10-16 17:33:27.805907
d8933425-f941-49db-a16c-f3418d408e27,Jacqueline George,jacqueline.george@acme.com,Engineer,team-13,2021-01-31 17:33:27.805907
3e6939e3-e0e3-4bbd-b9da-10f48fa27585,Catherine Young,catherine.young@acme.com,Ops,team-8,2018-05-18 17:33:27.805907
d64d2f86-5f18-4b70-b5da-7096c8662285,Sarah Lopez,sarah.lopez@acme.com,Engineer,team-17,2023-04-24 17:33:27.807910
ff5aec80-3e1d-4257-9475-ca1c7a356ad0,James Sanchez,james.sanchez@acme.com,Product Manager,team-1,2017-02-24 17:33:27.807910
de8eb845-23a4-4698-829b-3f420dd88894,Matthew Mata,matthew.mata@acme.com,Product Manager,team-11,2019-08-03 17:33:27.807910
12cd9d8c-c066-4937-aa94-1eb8a4c61544,Alexis Davis,alexis.davis@acme.com,Engineer,team-0,2020-08-02 17:33:27.807910
d474d2ba-fb24-4793-a695-708d485f7453,Angelica Hawkins,angelica.hawkins@acme.com,Ops,team-5,2020-03-24 17:33:27.807910
1d35cfa6-d7ee-4594-b30d-2dbdaa5ca1ac,Steven Roach,steven.roach@acme.com,Designer,team-9,2024-05-18 17:33:27.807910
01503f6f-fe7e-4231-9363-ec8d68169e19,Gavin Callahan,gavin.callahan@acme.com,Designer,team-10,2019-06-26 17:33:27.807910
2c7974e7-aaf3-4c4a-941e-b7be6c54a9ec,Thomas Hess,thomas.hess@acme.com,Engineer,team-19,2024-10-11 17:33:27.807910
09965bc0-cf1d-4278-b8b0-5aa39474736f,Nicole Blanchard,nicole.blanchard@acme.com,Engineer,team-18,2023-12-17 17:33:27.807910
45af6985-b57a-41f5-9dbd-10974b7f77a3,Linda Simpson,linda.simpson@acme.com,Engineer,team-19,2018-02-23 17:33:27.807910
ea5813b8-2211-40ed-aa32-9d6276d70805,Gabriel Trevino,gabriel.trevino@acme.com,Ops,team-3,2015-12-05 17:33:27.807910
beb57cd7-028d-4d3b-8a78-0a8a6fc2285b,Amy Morales,amy.morales@acme.com,Designer,team-17,2017-05-06 17:33:27.807910
9dfdcde5-a661-4d56-9859-994bbe3b0b64,Jay Rogers,jay.rogers@acme.com,Marketer,team-6,2017-07-02 17:33:27.807910
975b5345-3b26-4305-9f1e-72f59cffe394,Laura Davis,laura.davis@acme.com,Product Manager,team-6,2016-11-13 17:33:27.807910
2bad0c0a-619d-4d1b-8bf1-199e7a58f416,Joshua Rodriguez,joshua.rodriguez@acme.com,Ops,team-13,2023-06-23 17:33:27.807910
cf5ffea7-38e2-46da-9245-e3532813d3a5,Carol Jones,carol.jones@acme.com,Product Manager,team-14,2021-05-27 17:33:27.807910
e490ac61-0e73-468f-9ad4-9a07c664e193,Ryan Donaldson,ryan.donaldson@acme.com,Product Manager,team-0,2020-06-06 17:33:27.807910
11a615bf-164f-4ae6-b13f-1142765bf6c9,Deanna Armstrong,deanna.armstrong@acme.com,Engineer,team-11,2018-06-11 17:33:27.807910
76b379f7-8195-46e2-88c8-22b191b1fb03,Debbie Coleman,debbie.coleman@acme.com,Designer,team-13,2025-09-03 17:33:27.807910
a01969db-fb5c-4711-b3a6-3b1ad13c1631,Harold Clark,harold.clark@acme.com,Designer,team-0,2016-02-29 17:33:27.807910
5f657bee-15f1-48db-ab79-8c4cfa33e45d,Sherri Blake,sherri.blake@acme.com,Marketer,team-13,2021-08-29 17:33:27.807910
54568c2f-ded4-423a-98a4-b9f99d09ec8d,Rebekah Dawson,rebekah.dawson@acme.com,Marketer,team-19,2017-08-31 17:33:27.807910
237755c9-39b7-4d76-8333-245c6cb38a82,Kyle White,kyle.white@acme.com,Product Manager,team-12,2022-04-01 17:33:27.807910
c5423137-5a5a-48bb-8d1b-e1b0001512c3,Courtney Evans,courtney.evans@acme.com,Marketer,team-12,2020-09-12 17:33:27.807910
790c41a0-409d-4940-8cff-ca7144b6e1be,Heather Mcmillan,heather.mcmillan@acme.com,Marketer,team-15,2023-01-22 17:33:27.809913
791cb500-5875-4d23-b8f4-e555f006a34a,Melissa Page,melissa.page@acme.com,Ops,team-4,2024-10-07 17:33:27.809913
94ea87a7-86bd-490e-b181-4302e336c325,Jordan Wright MD,jordan.wright.md@acme.com,Product Manager,team-1,2016-04-17 17:33:27.809913
1a4e414b-4003-4960-9892-2f5946739889,Debra Perez,debra.perez@acme.com,Engineer,team-16,2018-04-13 17:33:27.809913
a9539cf3-b858-49f7-b476-ad5ede33e8b2,Melissa Hurley,melissa.hurley@acme.com,Marketer,team-19,2025-04-17 17:33:27.809913
4d6a1e4e-b39a-4c28-a4dd-d27291eeaf08,Kelli Stewart,kelli.stewart@acme.com,Engineer,team-12,2017-07-04 17:33:27.809913
fadea261-4683-4422-9f1d-6696e8172a5f,Dana Vargas,dana.vargas@acme.com,Ops,team-2,2017-05-29 17:33:27.809913
44eb6f3a-a4aa-4c91-8580-725b25f09f42,Brent Hogan,brent.hogan@acme.com,Ops,team-11,2022-05-26 17:33:27.809913
ba1afc71-c481-4f15-9c53-20e1548ae446,Kathleen Garrett,kathleen.garrett@acme.com,Designer,team-4,2022-04-02 17:33:27.809913
6164194e-c0f3-4984-b8ec-cff9b3db9ff2,Douglas Hale,douglas.hale@acme.com,Designer,team-8,2023-01-14 17:33:27.809913
abe4f496-feb2-4c62-9f5c-a7df999c785d,Brittany Higgins,brittany.higgins@acme.com,Marketer,team-9,2021-12-05 17:33:27.809913
cb96dc84-2662-4e59-86e9-7407629b848d,Dennis Glenn,dennis.glenn@acme.com,Engineer,team-13,2022-10-03 17:33:27.809913
6d463e26-986d-40c5-bb1f-1535b407bba3,Megan Savage,megan.savage@acme.com,Engineer,team-14,2019-09-18 17:33:27.809913
149d5680-533b-4893-9dd3-d133bc7400ca,Monique Little,monique.little@acme.com,Marketer,team-18,2022-08-20 17:33:27.809913
9ebb29b4-28b2-4d56-832c-5cd445b4fc20,Melissa Johnson,melissa.johnson@acme.com,Product Manager,team-18,2018-07-01 17:33:27.809913
7dd078df-b5b4-4541-b97b-cf76362c6341,Whitney Newman,whitney.newman@acme.com,Marketer,team-19,2023-08-06 17:33:27.809913
b49c14cb-9c03-4a2c-a734-aef993707f78,Jimmy Stewart,jimmy.stewart@acme.com,Designer,team-11,2018-07-23 17:33:27.809913
a41870e1-60aa-4175-8b2a-4298d02ecf86,Daniel Tran,daniel.tran@acme.com,Ops,team-12,2018-04-27 17:33:27.809913
0d566c48-c66c-431f-916b-adce847bf23a,Mary Jordan DVM,mary.jordan.dvm@acme.com,Engineer,team-16,2023-10-29 17:33:27.809913
3f71300e-0482-4275-977c-b1c05e2cfe74,Melissa Saunders,melissa.saunders@acme.com,Designer,team-10,2024-03-18 17:33:27.809913
96539009-023d-42b8-8764-64355414127f,John Brown,john.brown1@acme.com,Ops,team-0,2023-08-23 17:33:27.809913
d30d7762-3c9d-4922-bc0c-f272e9a711be,John Rodriguez,john.rodriguez1@acme.com,Engineer,team-12,2020-01-28 17:33:27.809913
8df5542f-7dc4-4ab2-8bb0-c7db4240fc33,Kim Tran,kim.tran@acme.com,Engineer,team-10,2024-10-15 17:33:27.809913
688d35e8-47e5-42da-8be0-ebaf27ab41a0,Michelle Miller,michelle.miller@acme.com,Product Manager,team-7,2019-12-16 17:33:27.809913
73e104d0-6d6a-499f-b5bf-429b03ef916f,Samantha Graham,samantha.graham@acme.com,Product Manager,team-13,2020-06-20 17:33:27.809913
ff6039fa-f545-4958-b7ad-2438f54ee64a,Richard Bennett,richard.bennett@acme.com,Product Manager,team-4,2019-04-28 17:33:27.811915
97a4cd09-5ef5-4bf3-949b-4a3ba05a7055,Deborah Marsh,deborah.marsh@acme.com,Product Manager,team-7,2020-01-21 17:33:27.811915
e37e5efb-98fe-47c0-bad7-c0684430bdc9,Amanda Lee,amanda.lee@acme.com,Designer,team-15,2020-03-22 17:33:27.811915
d42776c7-f403-4945-bdc9-d9b4c6dcc75f,Lisa Villanueva,lisa.villanueva@acme.com,Product Manager,team-0,2020-11-26 17:33:27.811915
049c07f5-4ac0-46a9-ac0f-33be2c86b369,Brent Singleton,brent.singleton@acme.com,Marketer,team-1,2020-05-19 17:33:27.811915
556c19f1-0ba0-4b82-b908-9675fe9829e2,Teresa Johnson,teresa.johnson@acme.com,Marketer,team-0,2019-04-01 17:33:27.811915
58269d39-e524-4485-934f-7b4ecc16cfc7,Peggy Miller,peggy.miller@acme.com,Marketer,team-11,2021-09-09 17:33:27.811915
845eaf78-5dcb-4eb7-8530-f939ba906ee4,Anthony Johnson,anthony.johnson@acme.com,Product Manager,team-14,2021-05-28 17:33:27.811915
96060257-6733-41af-8b8b-9db08c67eee4,Scott Carson,scott.carson@acme.com,Ops,team-13,2021-05-10 17:33:27.811915
d3313115-91dc-4d1f-9b13-47da62cb7ad0,Samuel Rodriguez,samuel.rodriguez@acme.com,Product Manager,team-3,2024-09-24 17:33:27.811915
09d8cde5-f1c5-4a09-a351-94b4456df9da,Mariah Gallagher,mariah.gallagher@acme.com,Marketer,team-15,2025-05-06 17:33:27.811915
a63c6581-39ad-4b6d-8d2a-8fa280b85b55,Jennifer Ramirez,jennifer.ramirez@acme.com,Ops,team-13,2018-10-27 17:33:27.811915
3e8653a6-6f2e-4957-9062-f595cec36945,Eric Holmes DVM,eric.holmes.dvm@acme.com,Engineer,team-3,2021-02-01 17:33:27.811915
579bf06c-5093-47a9-9435-3948f9ad173f,Stacey Fowler,stacey.fowler@acme.com,Product Manager,team-4,2022-11-22 17:33:27.811915
50f1c151-a324-4966-bd0c-d127f4ecf15a,Amanda Krueger,amanda.krueger@acme.com,Ops,team-2,2024-02-25 17:33:27.811915
d6db06cb-aa5e-4cd1-9c30-a7fd0bdadd7b,Ryan Gallagher,ryan.gallagher@acme.com,Engineer,team-10,2021-07-17 17:33:27.811915
d2f87731-3da0-4d0b-9abe-7d19c33d0a72,Darlene Salazar,darlene.salazar@acme.com,Ops,team-15,2024-06-03 17:33:27.811915
92b4b2e3-c50a-401b-b672-ea1aa0d0dc55,Joseph Hubbard,joseph.hubbard@acme.com,Designer,team-17,2023-07-20 17:33:27.811915
c8b75bb1-63af-4ebb-87cb-1a1e9aee852f,Danielle Reyes,danielle.reyes@acme.com,Designer,team-19,2019-09-02 17:33:27.811915
53e57a00-4f3f-4847-bffd-d419ebf16a73,Jay Sanchez,jay.sanchez@acme.com,Marketer,team-17,2021-02-18 17:33:27.811915
00b06410-bfb3-4060-8456-52414e3ad423,Walter Rivera,walter.rivera@acme.com,Designer,team-4,2016-04-12 17:33:27.811915
d74cc5cc-729a-4250-9e7a-07b9939d5c7a,Heather Maynard,heather.maynard@acme.com,Designer,team-14,2020-09-12 17:33:27.811915
fe8af865-f4d6-44fd-b09a-71d419856cb4,April Yates,april.yates@acme.com,Designer,team-10,2020-08-03 17:33:27.811915
54b4d239-12fc-483e-9ebb-5ed9ae1e4499,Dana Mcguire,dana.mcguire@acme.com,Marketer,team-1,2018-11-19 17:33:27.811915
03f2b71e-e090-4f35-bd71-8709e1dfb971,Rachel Roberson,rachel.roberson@acme.com,Engineer,team-2,2023-01-06 17:33:27.813918
6c1fc803-55e9-4cb6-b7e9-e614e03df5eb,Heather Holmes,heather.holmes@acme.com,Product Manager,team-9,2018-05-27 17:33:27.813918
196a3284-1d46-4f35-9250-dd363db3d7b1,Austin Schmidt,austin.schmidt@acme.com,Ops,team-2,2021-03-22 17:33:27.813918
06018cbd-8639-4cec-b69f-83b03896446b,Desiree Bennett,desiree.bennett@acme.com,Marketer,team-14,2022-11-01 17:33:27.813918
edeb9811-0c03-4643-9e22-ef3b581aed36,Vincent Blackburn,vincent.blackburn@acme.com,Product Manager,team-6,2025-11-04 17:33:27.813918
585f4b21-ba51-48b9-abe3-2935a602be54,Maria Wiley,maria.wiley@acme.com,Marketer,team-6,2020-12-19 17:33:27.813918
614dcc77-dac7-4db4-88f9-fb51155e7623,Erin Robinson,erin.robinson@acme.com,Ops,team-1,2022-04-20 17:33:27.813918
38a29b0c-72b4-42da-94de-33e79b4c4e6f,Randy Miranda,randy.miranda@acme.com,Marketer,team-5,2023-10-06 17:33:27.813918
38f24136-cf12-4adf-9116-b9abf26fb699,Tracy Liu,tracy.liu@acme.com,Product Manager,team-19,2016-07-02 17:33:27.813918
5a5967ad-5e2a-450c-b119-d004835fe5a3,Barbara Garrett,barbara.garrett@acme.com,Product Manager,team-12,2018-12-26 17:33:27.813918
4b8c1183-9b09-4a3b-b20d-e66cd9d0e6c0,Kenneth Dennis,kenneth.dennis@acme.com,Engineer,team-17,2024-12-16 17:33:27.813918
89531b89-3034-47da-bde9-b5c31256c791,John White,john.white@acme.com,Ops,team-18,2018-07-13 17:33:27.813918
408544dd-858a-4fc8-969b-44c63002f442,Briana Mccoy,briana.mccoy@acme.com,Ops,team-10,2016-09-06 17:33:27.813918
561e0ee1-5868-4b8f-ae81-9e610edcab80,Adrian Graham,adrian.graham@acme.com,Product Manager,team-3,2017-10-15 17:33:27.813918
b0177419-e8a4-491c-85a7-cbc39e6ffd8e,Richard Park,richard.park@acme.com,Engineer,team-9,2024-12-18 17:33:27.813918
52e9b429-83ab-4bea-92f1-0da7a012c38e,Julie Hawkins,julie.hawkins@acme.com,Designer,team-18,2025-09-05 17:33:27.813918
171f04e9-2c18-4f78-8de6-d0fee8ded716,Michael Phillips,michael.phillips@acme.com,Marketer,team-0,2021-02-10 17:33:27.813918
851b04a7-ae9e-4d5a-993e-7a6ebdad2a5f,Debra Payne,debra.payne@acme.com,Marketer,team-17,2025-07-16 17:33:27.813918
d6f1fcfa-84ca-452c-9596-ea5f5135c740,Joe Pham,joe.pham@acme.com,Ops,team-1,2018-08-01 17:33:27.813918
3bf1b259-9e73-4f5a-bebd-605795fd3837,Hunter White,hunter.white@acme.com,Engineer,team-8,2017-11-16 17:33:27.813918
f21cdff7-1693-4ded-8fb8-4b4dfdfd182f,Candace Price,candace.price@acme.com,Engineer,team-6,2017-02-02 17:33:27.813918
c36536fd-cb87-435b-9032-0e30eadd0733,Madison Vaughn,madison.vaughn@acme.com,Ops,team-18,2022-10-23 17:33:27.813918
fb54987a-1f8d-4e42-944f-ad98e9b143d4,Holly Alvarado,holly.alvarado@acme.com,Engineer,team-16,2019-08-24 17:33:27.813918
241b7b05-e73c-42d8-917c-3a29b9c31db3,Courtney Barker,courtney.barker@acme.com,Engineer,team-19,2019-06-19 17:33:27.813918
842630c1-c9ed-4196-b52f-956723c75ce5,Daniel Heath,daniel.heath@acme.com,Ops,team-13,2016-09-13 17:33:27.815921
dc0ea0eb-d594-4388-a00b-c4874f584641,Melinda Jones DDS,melinda.jones.dds@acme.com,Marketer,team-0,2016-05-01 17:33:27.815921
7de4f777-4ce1-41bb-aec6-c01d237803d0,Jamie Moss,jamie.moss@acme.com,Marketer,team-19,2024-11-11 17:33:27.816582
6519a1e1-72e3-4691-b058-e17e6aac12ee,Brian Burton,brian.burton@acme.com,Product Manager,team-16,2019-08-10 17:33:27.816582
6c091564-517f-4f6d-bef5-152a53223ea0,Kyle Campos,kyle.campos@acme.com,Engineer,team-2,2019-12-05 17:33:27.816582
1f42bfb0-68ad-47d9-9257-59a4bef983a5,Max Brewer,max.brewer@acme.com,Product Manager,team-0,2015-08-12 17:33:27.816582
26bfe5ca-407c-45d8-9ac1-1f7f7e4ad7ad,Marie Martin,marie.martin@acme.com,Product Manager,team-6,2017-11-09 17:33:27.816582
648bd510-4023-4640-9302-931f6ad922f8,Robin Edwards,robin.edwards@acme.com,Engineer,team-7,2024-09-12 17:33:27.816582
855edd0a-2645-41d8-956d-ca1b8552085e,Adam Wallace,adam.wallace@acme.com,Designer,team-16,2019-01-18 17:33:27.816582
5d7a2c34-997c-453f-b126-a6f388db1518,Dylan Jackson,dylan.jackson@acme.com,Ops,team-7,2020-03-27 17:33:27.816582
0ecf32ea-d0e0-436a-a951-9bf19ae0f88d,Ms. Christine Bailey,ms..christine.bailey@acme.com,Ops,team-7,2018-12-06 17:33:27.816582
54cbc908-ac5e-4398-bb88-f123d32e31f8,Diane Gordon MD,diane.gordon.md@acme.com,Engineer,team-4,2016-09-03 17:33:27.816582
3b0751fb-e690-4239-baec-d6e3b76d09d6,Jason Hahn,jason.hahn@acme.com,Marketer,team-10,2022-12-11 17:33:27.816582
e3627d77-686c-4900-b719-4d0c80762861,James Nguyen,james.nguyen@acme.com,Engineer,team-8,2022-03-01 17:33:27.816582
bf5f3eba-f044-4753-808a-0b96800c5071,Regina Hernandez,regina.hernandez@acme.com,Designer,team-0,2016-02-15 17:33:27.816582
6822601a-eab4-4aaa-94c3-c4e58361b7d8,Christine Bailey,christine.bailey@acme.com,Ops,team-10,2021-12-28 17:33:27.816582
ff8bf3ac-e092-40bc-a60c-99f6c86bd592,Paul Foster,paul.foster@acme.com,Engineer,team-2,2023-05-06 17:33:27.816582
c1724106-3c5b-4297-944d-2fc3a210b367,Susan Williams,susan.williams@acme.com,Product Manager,team-6,2025-10-20 17:33:27.816582
0e46e6ba-e827-459d-90a2-af4a6a0710aa,Lauren Hanson,lauren.hanson@acme.com,Engineer,team-1,2022-08-19 17:33:27.816582
66bd1b9b-a095-414f-b07a-04ad1dd03309,Nicole Howard,nicole.howard@acme.com,Designer,team-19,2019-02-09 17:33:27.816582
00e00086-59d4-4675-bd10-d3b56ef52ef8,Kari Yang,kari.yang@acme.com,Ops,team-15,2022-07-12 17:33:27.816582
807f21ab-8726-409f-9b6e-cac312856bd0,Daniel Jones,daniel.jones@acme.com,Marketer,team-19,2025-08-12 17:33:27.816582
468f0a6f-b6fa-4eb0-889b-e1ed51fd65e2,Lisa Taylor,lisa.taylor@acme.com,Marketer,team-3,2016-01-27 17:33:27.816582
798c1fa1-4fe5-41d0-b78b-ebdecefa5d6e,Joseph Roberts,joseph.roberts@acme.com,Product Manager,team-15,2020-02-17 17:33:27.816582
dfba87cc-bf48-4d90-a6ab-7640445d9b31,Emily Perez,emily.perez@acme.com,Designer,team-2,2022-01-05 17:33:27.816582
7eda7dfc-c8fa-473c-84c3-e07f15fb47bf,Brandon Ellison,brandon.ellison@acme.com,Engineer,team-10,2017-10-19 17:33:27.816582
5477d8af-8419-46fa-8695-390692a69102,Christina Baker,christina.baker@acme.com,Ops,team-9,2019-10-10 17:33:27.816582
fad2e408-b5c9-4374-bd31-b0abe9b399ce,Kevin Kelley,kevin.kelley@acme.com,Product Manager,team-19,2024-09-04 17:33:27.816582
5a8bc5d0-cd1d-478d-8309-8a1bbd6df47c,Mr. Taylor Butler DDS,mr..taylor.butler.dds@acme.com,Product Manager,team-18,2019-07-11 17:33:27.816582
520f2ef2-8136-4fc4-8b67-f507aa82f050,Ashley Gregory,ashley.gregory@acme.com,Marketer,team-16,2016-10-30 17:33:27.816582
566d397d-626f-4964-a3b1-75fc4e6ca87b,Mariah Schultz,mariah.schultz@acme.com,Designer,team-17,2019-09-08 17:33:27.818586
5cb90a82-8091-4c8c-9f9f-7cf8b82d1b2c,Jeffrey Johnson,jeffrey.johnson@acme.com,Marketer,team-6,2018-02-10 17:33:27.818586
f99b5c2b-f9ae-47f4-a182-c0003811bc2e,Megan Hubbard,megan.hubbard@acme.com,Designer,team-6,2019-12-24 17:33:27.818586
20c5cb3d-6d33-4fef-b944-25ff8e550e1f,Sandra Smith,sandra.smith@acme.com,Marketer,team-4,2018-12-30 17:33:27.818586
74f01ad2-035b-4b60-95b1-43a61af8b173,William Hobbs,william.hobbs@acme.com,Engineer,team-0,2024-02-02 17:33:27.818586
90099049-fbd9-4bef-bc19-7bd0d214b0e9,Ricky Mcintyre,ricky.mcintyre@acme.com,Product Manager,team-4,2020-08-31 17:33:27.818586
d932bd9a-6205-4fd4-b14d-e0c4c8b62ec3,Brandy King,brandy.king@acme.com,Ops,team-7,2019-01-04 17:33:27.818586
b0e16b1a-d6ed-4710-a2a9-8b49eee32952,Haley Walker,haley.walker@acme.com,Product Manager,team-19,2015-10-20 17:33:27.818586
989549d2-c2b2-4d77-860a-4008e8a72f5f,Brian Abbott,brian.abbott@acme.com,Product Manager,team-13,2022-06-07 17:33:27.818586
65c6bf7c-7c31-4b50-b26e-6be6a83bdaf3,Timothy Lewis,timothy.lewis@acme.com,Designer,team-15,2022-12-10 17:33:27.818586
45abdd2b-d4ff-494d-bb97-447d85b7e616,Corey Robinson,corey.robinson@acme.com,Engineer,team-19,2022-07-30 17:33:27.818586
a6d8cbfe-dab6-40da-bf72-ab1df5607f1a,Joshua Robles DDS,joshua.robles.dds@acme.com,Ops,team-19,2022-01-05 17:33:27.818586
0cd6d6ac-326a-4e4d-81eb-04a977d39e58,Brandi Mcconnell,brandi.mcconnell@acme.com,Ops,team-14,2022-10-23 17:33:27.818586
7f822e17-225e-430b-bf29-e0cdaed9e578,Roberta Coleman,roberta.coleman@acme.com,Marketer,team-14,2017-09-20 17:33:27.818586
469813fd-00a4-4e46-9c9e-efc40210a41b,Janet Shepherd,janet.shepherd@acme.com,Product Manager,team-4,2017-05-14 17:33:27.819589
d922614a-7dd8-4a83-843c-3a0d0b59e65d,Shannon Conner,shannon.conner@acme.com,Designer,team-14,2018-08-16 17:33:27.819589
5f4a7d89-34b4-402c-84df-59874cf8f369,Reginald Johnson,reginald.johnson@acme.com,Ops,team-6,2018-10-22 17:33:27.819589
48cddb5f-2715-4cc0-9cfb-accaa1063e65,Chad Carpenter,chad.carpenter@acme.com,Engineer,team-15,2018-06-07 17:33:27.819589
71fe5105-f528-449b-90c4-8599f8e7b430,Morgan Parsons,morgan.parsons@acme.com,Ops,team-11,2017-06-05 17:33:27.819589
b0d7aa7c-ebd9-46ca-aca4-806b75d1a52e,Christina Becker,christina.becker@acme.com,Engineer,team-1,2015-08-16 17:33:27.819589
f080eae2-a155-423b-b624-0cdbcd30ae75,Kelly Roth,kelly.roth@acme.com,Engineer,team-6,2025-10-29 17:33:27.819589
3450872b-5b89-4cf0-a114-f4463362370c,Matthew Torres,matthew.torres@acme.com,Engineer,team-3,2023-08-20 17:33:27.819589
e2e6ef4d-6927-4048-9ee0-a62ed4fd8185,Corey Avila,corey.avila@acme.com,Engineer,team-9,2022-03-25 17:33:27.819589
125c3b5c-9476-475b-abc3-d5932f89363a,Megan Martin,megan.martin@acme.com,Designer,team-19,2015-10-05 17:33:27.819589
7e4e3ff5-1972-457a-8a2d-43ba875bfc11,Todd Green,todd.green@acme.com,Ops,team-19,2024-12-28 17:33:27.819589
c97ee1c6-3b9f-404f-9eb8-28d2b6d810f9,Lisa Hampton,lisa.hampton@acme.com,Ops,team-3,2020-10-24 17:33:27.819589
cb47b760-ac0c-4521-a2e3-7c942d978d9f,Dawn Clark,dawn.clark@acme.com,Engineer,team-0,2017-02-20 17:33:27.819589
87b3d301-8041-4a74-95c4-130de53e7e51,Samantha Ashley,samantha.ashley@acme.com,Ops,team-13,2018-12-17 17:33:27.819589
d625f4ca-4cda-4239-a6ab-f276292a439f,Kevin Donaldson,kevin.donaldson@acme.com,Designer,team-0,2015-08-21 17:33:27.819589
2769196d-0f08-4333-a6b1-46811b28b313,Patrick Parrish,patrick.parrish@acme.com,Product Manager,team-2,2024-06-18 17:33:27.819589
af1b7c82-f3d5-472a-8a2d-733503604fa1,Pamela Williamson,pamela.williamson@acme.com,Marketer,team-11,2021-01-08 17:33:27.819589
37e680f6-7f63-4cd7-9493-a53f95ccf053,Elizabeth Smith,elizabeth.smith1@acme.com,Ops,team-3,2023-07-01 17:33:27.819589
66d50fbd-3136-4077-bcd5-344b6b7d9ad7,Ronald Sanchez,ronald.sanchez@acme.com,Designer,team-12,2019-11-11 17:33:27.819589
297c443c-04bf-49c3-bd2a-b3e9dd2e5727,Haley Cooper,haley.cooper@acme.com,Engineer,team-5,2022-12-22 17:33:27.819589
a0632658-e2c9-4aed-90c6-aa96756aa0d0,Brian Dennis,brian.dennis@acme.com,Product Manager,team-19,2025-06-09 17:33:27.819589
c5c24741-9ffe-4077-844d-270a0e0c0102,Caitlin Sweeney,caitlin.sweeney@acme.com,Ops,team-8,2022-05-10 17:33:27.819589
fa8e6007-d3cc-40db-88bc-9ad386514d84,Jessica Greene,jessica.greene1@acme.com,Marketer,team-2,2024-08-30 17:33:27.819589
7dcbb9a3-4cb6-459b-8e67-35d1bc9846b6,Michael Johnson,michael.johnson@acme.com,Product Manager,team-6,2024-06-18 17:33:27.819589
cfde6200-970f-45fb-aaf7-3a77778e2556,Ashley Myers,ashley.myers@acme.com,Engineer,team-17,2022-06-28 17:33:27.819589
3bcd07df-7416-49b3-84cd-640e5fee6ebe,Gary Irwin,gary.irwin@acme.com,Ops,team-17,2020-06-15 17:33:27.821592
2bdfc061-848d-4473-99cf-870ace10b3b4,Brittany Fisher,brittany.fisher@acme.com,Designer,team-14,2019-01-04 17:33:27.821592
4423a00b-67ee-452d-9994-27aa4f0a79ed,Michelle Malone,michelle.malone@acme.com,Marketer,team-4,2016-11-05 17:33:27.821592
cac0d830-243c-42ab-a8eb-a0d52b7d0702,Jenna Cooper,jenna.cooper@acme.com,Engineer,team-15,2017-07-21 17:33:27.821592
645c3c88-08a4-4298-9b02-f92391ef9dd1,Aaron Sampson,aaron.sampson@acme.com,Ops,team-12,2018-09-17 17:33:27.821592
af8286c9-e412-4ef1-beda-2d8b85818fa8,Kim Odonnell,kim.odonnell@acme.com,Marketer,team-1,2016-06-06 17:33:27.821592
07df97a6-6e87-4678-b0b0-a75c47715d15,Kelly Arnold,kelly.arnold@acme.com,Ops,team-7,2025-07-03 17:33:27.821592
281f6d2a-6ad4-4202-a4f7-0a29f989a435,Ricky Brooks,ricky.brooks@acme.com,Product Manager,team-6,2017-11-23 17:33:27.821592
9bbe3a0f-c87f-404d-bcfa-4c3224eaca26,William Tucker,william.tucker1@acme.com,Engineer,team-19,2025-10-30 17:33:27.821592
cc475b4f-1b32-4182-ba68-da729d2157ea,Garrett Cooper,garrett.cooper@acme.com,Ops,team-13,2022-11-21 17:33:27.821592
7c9dcbf4-8e5c-4aa5-be32-72e26ddc890b,Edward Marks,edward.marks@acme.com,Ops,team-11,2017-07-27 17:33:27.821592
5d54e793-beaf-4712-90c0-6023dddaeee0,Brianna Baird,brianna.baird@acme.com,Product Manager,team-8,2018-10-10 17:33:27.821592
01aa930f-2e49-4f04-bf60-9fcb0c0e0637,Douglas Chapman,douglas.chapman@acme.com,Marketer,team-11,2021-08-28 17:33:27.821592
d4e27c2d-21b1-42cb-9a8f-a2362bbf6c3a,Tammy Francis,tammy.francis@acme.com,Product Manager,team-12,2020-11-13 17:33:27.821592
efca5412-632c-4f7b-a02b-eee60b89c522,Sarah Parker,sarah.parker@acme.com,Designer,team-18,2019-08-28 17:33:27.821592
94f336cf-677e-480c-8427-43e79d231354,Catherine Webb,catherine.webb@acme.com,Product Manager,team-16,2020-06-30 17:33:27.821592
d9c5068f-25ae-4ef9-9e98-4a4de5542d5b,Patricia Cooper,patricia.cooper@acme.com,Designer,team-16,2024-04-08 17:33:27.821592
e28a621a-50c0-41c1-b56b-579b1f5dbce6,Tammy Avila,tammy.avila@acme.com,Engineer,team-8,2020-07-14 17:33:27.821592
f0dd7668-14a1-4f5c-afc4-fe09b9498e87,Marvin Espinoza,marvin.espinoza@acme.com,Designer,team-0,2020-09-12 17:33:27.821592
bc1af17a-f8d7-4de0-bb08-ffacd8194a76,Robin Ward,robin.ward@acme.com,Engineer,team-0,2018-02-02 17:33:27.821592
f99ace2c-5c0f-4274-8997-2b9a8f01867e,David Ingram,david.ingram@acme.com,Engineer,team-17,2023-01-21 17:33:27.821592
544e388b-b441-4a80-a3b7-27cde3d7436e,Daniel Valencia,daniel.valencia@acme.com,Ops,team-10,2020-11-20 17:33:27.821592
207fceb5-1c68-4852-8251-573ae0507cbb,Emily Daniels,emily.daniels@acme.com,Product Manager,team-17,2020-09-20 17:33:27.821592
70745fdd-b0c4-40b8-ab43-b513427590e8,Alexandria Scott,alexandria.scott@acme.com,Engineer,team-2,2022-05-17 17:33:27.821592
139fef14-ff51-4597-9119-e1412d5414aa,Katrina Freeman,katrina.freeman@acme.com,Designer,team-11,2016-02-24 17:33:27.821592
cf6500fb-1677-497d-99ce-321b2554a9b4,Danielle Olson,danielle.olson@acme.com,Engineer,team-13,2020-05-20 17:33:27.823335
cdf7fb7b-ad0a-4a1c-b8f9-de98c89aebc3,Joshua Gardner,joshua.gardner@acme.com,Ops,team-4,2017-08-28 17:33:27.823335
4fd290cd-bba1-46d3-9e62-87172b838226,Heather Travis,heather.travis@acme.com,Engineer,team-6,2017-03-16 17:33:27.823335
77c9e28c-2f4a-41f0-9ae8-0192048b420f,Leah Pierce,leah.pierce@acme.com,Marketer,team-17,2020-02-25 17:33:27.823335
696096b4-a748-4a71-ade9-9f45cb7eea9c,Deborah Weiss,deborah.weiss@acme.com,Designer,team-15,2021-09-11 17:33:27.823335
44b869f3-2f3f-40cf-b3eb-d91e3f15d4fa,Zachary Simpson,zachary.simpson@acme.com,Ops,team-19,2017-06-05 17:33:27.823335
cf52f1cf-5c15-40b5-bd0f-fb89f92a05cb,Robert Hicks,robert.hicks@acme.com,Product Manager,team-4,2019-10-29 17:33:27.823335
1c4b9db2-5fde-4161-8e5b-283bf38097ee,Michelle Barker MD,michelle.barker.md@acme.com,Product Manager,team-16,2023-08-18 17:33:27.823335
1c57aa58-5e20-40fb-a731-8351869555bb,Jacob Smith,jacob.smith@acme.com,Designer,team-0,2016-06-07 17:33:27.823335
7d65ac8b-cd85-4202-ba6c-e11953354201,Isabella Smith,isabella.smith@acme.com,Ops,team-4,2023-05-23 17:33:27.823335
181159ca-5b74-4a27-96d3-d64614e3e893,Dr. David Anderson,dr..david.anderson@acme.com,Engineer,team-3,2018-07-24 17:33:27.823335
4e41f583-44e0-4317-bf5d-09bc0d3ee955,Nicole Gonzalez,nicole.gonzalez@acme.com,Engineer,team-12,2016-03-20 17:33:27.823335
1b9f4a84-4c3a-41a3-b80b-99ab5182a5bd,Douglas Warren,douglas.warren@acme.com,Designer,team-15,2023-07-14 17:33:27.823335
ef5e4414-d489-42fc-8f6c-e8795c67e173,Susan Turner,susan.turner@acme.com,Marketer,team-3,2023-12-13 17:33:27.823335
3d66929f-4a81-4f5e-b43b-1cbd02a007a2,John Atkinson,john.atkinson@acme.com,Ops,team-2,2023-12-07 17:33:27.823335
4bd7f98c-405d-4c6a-95ad-817053e37cce,Devon Smith,devon.smith@acme.com,Engineer,team-14,2016-07-09 17:33:27.823335
e1fa7f01-0860-4362-8d4f-3ba088e9ab38,Ronald Lopez,ronald.lopez@acme.com,Engineer,team-3,2021-03-26 17:33:27.823335
803e3c6f-9ce6-4a9b-ab61-0dc2d7b33524,Elizabeth Day,elizabeth.day@acme.com,Marketer,team-10,2017-01-25 17:33:27.823335
40940b64-617d-4872-b260-03d4d792b4d8,Heather Martinez,heather.martinez@acme.com,Designer,team-1,2021-12-25 17:33:27.823335
51f1b0a0-8abd-46ef-97d0-3c1f311445a0,Steven Thomas,steven.thomas@acme.com,Designer,team-7,2019-05-22 17:33:27.823335
9f9f50eb-6c6e-4552-b4df-e87739a12dfb,Victor Elliott,victor.elliott@acme.com,Ops,team-19,2022-06-29 17:33:27.823335
72c69bb5-e1c4-4c53-8dc0-17d9476730ac,Drew Mitchell,drew.mitchell@acme.com,Engineer,team-15,2018-11-02 17:33:27.823335
0c961ee2-0256-4214-9e79-708dba3aa220,Courtney Wright,courtney.wright@acme.com,Ops,team-16,2022-09-22 17:33:27.823335
3b9cbec6-e267-49c8-afa4-b14660dbe230,Michael Doyle,michael.doyle@acme.com,Engineer,team-15,2022-07-15 17:33:27.823335
26b8c023-eafc-49ce-b048-5f059863164e,Carla Douglas,carla.douglas@acme.com,Ops,team-17,2020-06-08 17:33:27.823335
f7941808-7e16-4280-9090-465916993538,Gabrielle Johnson,gabrielle.johnson@acme.com,Marketer,team-12,2023-08-11 17:33:27.823335
0729e851-5ee8-43fe-b597-6c3c6d38993b,Michael Tucker,michael.tucker@acme.com,Engineer,team-19,2024-06-09 17:33:27.823335
6be4ec0a-2c15-45c6-a7a2-2e96f7a033f0,Kelly Maxwell,kelly.maxwell@acme.com,Marketer,team-15,2022-01-19 17:33:27.823335
e51d7759-4654-4e12-858d-305eed2f61f8,Jeffrey Johnson,jeffrey.johnson1@acme.com,Engineer,team-10,2019-06-04 17:33:27.825338
1707fde6-4e65-4cfd-9a9c-edc9a80e9145,Daniel Barnes,daniel.barnes@acme.com,Engineer,team-10,2017-07-12 17:33:27.825338
8c272864-cecd-43c4-9c7d-d05cc4b87a70,Melissa Wells,melissa.wells@acme.com,Designer,team-17,2016-02-17 17:33:27.825338
fc777250-0cda-4dbe-889b-52236f7c7d3c,David Wilson,david.wilson@acme.com,Ops,team-17,2020-04-03 17:33:27.825338
e7608451-cd83-4705-8651-6b776bfe0d66,Raymond Jenkins,raymond.jenkins@acme.com,Ops,team-5,2022-10-21 17:33:27.825338
d8abd622-77d2-45fd-83df-fb94511ee5a6,Casey Campbell,casey.campbell@acme.com,Ops,team-3,2019-08-13 17:33:27.825338
e4e0b51c-34f8-434c-8dcb-f0cfb2e11580,Cynthia Murphy,cynthia.murphy@acme.com,Product Manager,team-9,2021-05-04 17:33:27.825338
328a85a5-6c95-4eb2-951b-7d669717ef1b,Kristen Miles,kristen.miles@acme.com,Designer,team-13,2022-11-06 17:33:27.825338
10c233a5-6d43-413a-bd0d-e4b693ce5c6a,Vanessa Bryant,vanessa.bryant@acme.com,Marketer,team-14,2024-04-10 17:33:27.825338
4f9f48ec-84a4-415a-8b85-0a5915e8908f,Leslie Smith,leslie.smith@acme.com,Engineer,team-13,2020-01-05 17:33:27.825338
a037be17-5419-4528-82f9-70a34e2dbcb2,Heather Sanchez,heather.sanchez@acme.com,Marketer,team-17,2019-07-16 17:33:27.825338
cf2ae60d-51b9-44a5-af27-16664ed6ad1d,Andrew Wyatt,andrew.wyatt@acme.com,Ops,team-3,2025-08-25 17:33:27.825338
854db242-0eb0-46db-9bd6-b3a6b1e3eb2b,Donald Jackson,donald.jackson@acme.com,Designer,team-12,2018-07-09 17:33:27.825338
f9518cfa-1340-4b45-96f6-2a425db383d3,Justin Johnson,justin.johnson@acme.com,Product Manager,team-10,2016-02-12 17:33:27.825338
41f9e216-e58e-42c9-86e5-620bdba4ea96,Jordan Cohen,jordan.cohen@acme.com,Ops,team-12,2018-12-27 17:33:27.825338
350cce89-fb35-460a-83e1-b811fd3bc0b6,Desiree Becker,desiree.becker@acme.com,Ops,team-11,2021-08-14 17:33:27.825338
970a0d80-736f-4ed4-b8ae-8ab5d634110b,Evan Carr,evan.carr@acme.com,Product Manager,team-6,2017-07-23 17:33:27.825338
454ee045-9dc4-4e64-8be0-f49df49b4a0f,Joseph Peterson,joseph.peterson@acme.com,Designer,team-6,2020-07-06 17:33:27.825338
7180b16e-76c1-4bd3-ab9d-4378c88777ab,Jordan Reilly,jordan.reilly@acme.com,Designer,team-7,2019-09-19 17:33:27.825338
54bd4b69-d241-4750-b193-6bb9cd86b814,Michael Ballard Jr.,michael.ballard.jr.@acme.com,Marketer,team-15,2021-09-08 17:33:27.825338
aec67299-5c8d-42dd-8c74-84916c8810ab,Rachel Barnes,rachel.barnes@acme.com,Ops,team-7,2018-12-24 17:33:27.825338
1f51cd44-1260-475b-8981-f41dc1c5fd00,Yolanda Atkins,yolanda.atkins@acme.com,Designer,team-19,2021-07-16 17:33:27.825338
972f5351-a18b-486a-96ca-137c7e73c7e9,Daniel Garcia,daniel.garcia@acme.com,Engineer,team-11,2020-06-13 17:33:27.825338
c2a0afcd-80a4-418b-b334-c6491ebb0d70,Javier Johnson,javier.johnson@acme.com,Ops,team-18,2023-09-19 17:33:27.825338
6c298f2e-9834-46f5-a190-75e0932ee3b6,William Richards,william.richards@acme.com,Ops,team-8,2020-09-16 17:33:27.825338
d58084a2-3242-4422-897d-a41138c19170,Sarah Olson,sarah.olson@acme.com,Designer,team-8,2022-01-11 17:33:27.827081
72f251fb-1cc5-4d57-a5ed-6ff55e7a7071,Robert Murray,robert.murray@acme.com,Engineer,team-15,2025-05-28 17:33:27.827081
0aa5e872-d18e-4878-8077-8b228e8d9347,Crystal Taylor,crystal.taylor@acme.com,Ops,team-5,2017-01-16 17:33:27.827081
3b104569-e1ca-4be9-ac18-f2fdc8119403,Jasmine Fuller,jasmine.fuller@acme.com,Designer,team-0,2017-07-06 17:33:27.827081
34b545ce-ba23-4d2a-88d8-970b144eec8f,Brittany Smith,brittany.smith@acme.com,Engineer,team-16,2025-11-14 17:33:27.827081
8f310349-d284-47b3-83f9-5d83e0dbba36,Laura Sawyer,laura.sawyer@acme.com,Marketer,team-5,2018-04-29 17:33:27.827081
5ef2a709-a8f1-45fb-8358-6408f27e575a,Kyle Palmer,kyle.palmer@acme.com,Ops,team-16,2019-04-07 17:33:27.827081
71a088a7-ec6e-44c3-a5ad-edf99fc72fb4,Daniel Jenkins,daniel.jenkins@acme.com,Marketer,team-19,2023-03-12 17:33:27.827081
dd8c49fb-728f-4cf4-bca1-d30adae35334,Terry Gonzalez,terry.gonzalez@acme.com,Designer,team-13,2025-02-20 17:33:27.827081
7938815f-fcea-4042-ba4e-57b7a8a1b5eb,Veronica Campbell,veronica.campbell@acme.com,Ops,team-7,2019-07-09 17:33:27.827081
2b1c931d-0627-4cc1-9f89-8856445a960c,Joel Lutz,joel.lutz@acme.com,Engineer,team-2,2019-07-12 17:33:27.827081
99f0e847-ea0c-4369-82ba-4bbea7800a21,Debbie Melendez,debbie.melendez@acme.com,Ops,team-10,2016-02-11 17:33:27.827081
67025211-a3b8-4d00-a49e-5a0990ec830f,James Collins,james.collins@acme.com,Engineer,team-19,2017-01-23 17:33:27.827081
c0a220be-20f0-45d1-a916-c75534616b2f,Alicia Bailey,alicia.bailey@acme.com,Designer,team-13,2016-11-17 17:33:27.827081
528a94f5-f353-4510-9b51-43294f7d3dcc,Andrew Espinoza,andrew.espinoza@acme.com,Designer,team-4,2018-10-02 17:33:27.827081
99739960-490c-4692-93b0-8d46bb8dcd2c,Robert Fischer,robert.fischer@acme.com,Designer,team-14,2019-11-18 17:33:27.827081
22aaf004-fc22-4ec2-b2cc-666405d281f4,Scott Gibbs,scott.gibbs@acme.com,Ops,team-4,2025-07-21 17:33:27.827081
bf167954-2a8f-474e-a81d-b5d136dd0a37,Keith Greene,keith.greene@acme.com,Marketer,team-6,2023-09-15 17:33:27.827081
3530d308-a382-42c5-baa7-9eff74201f75,Mrs. Lisa Mason,mrs..lisa.mason@acme.com,Ops,team-3,2019-07-20 17:33:27.827081
b27ad890-6427-41de-b597-5cae3bad0a4d,Kimberly Lopez,kimberly.lopez@acme.com,Product Manager,team-17,2016-12-13 17:33:27.827081
7d887c48-0dd8-4d12-9b05-61178cffc5c9,Victor Lee,victor.lee@acme.com,Ops,team-0,2021-05-11 17:33:27.827081
6f77c9e7-a897-47b1-b739-eb47b60701dd,Kathy Johnson,kathy.johnson@acme.com,Designer,team-6,2016-09-25 17:33:27.827081
a6e40e6e-5625-49c5-9836-b0cf4dd36edb,Ashley Rodriguez DDS,ashley.rodriguez.dds@acme.com,Ops,team-16,2015-11-07 17:33:27.827081
7087d9e5-9185-4aea-89aa-56834d5750ed,Rhonda Leblanc,rhonda.leblanc@acme.com,Marketer,team-7,2017-02-18 17:33:27.827081
fabc2cbe-1910-469a-a0e4-e5ceee80ce97,Eric Hernandez,eric.hernandez@acme.com,Product Manager,team-13,2023-07-04 17:33:27.827081
5b2fe188-89db-4c46-8ebf-d076b1194a63,Mathew Hughes,mathew.hughes@acme.com,Ops,team-12,2021-12-07 17:33:27.827081
a08d70a4-78e9-45cd-acd6-c3867d1300c7,Dawn Stevenson,dawn.stevenson@acme.com,Product Manager,team-2,2019-09-01 17:33:27.827081
4acd6ffd-9431-42ea-82a9-e8661085ab54,Jonathan Lamb,jonathan.lamb@acme.com,Product Manager,team-4,2017-08-05 17:33:27.827081
8afb5151-3b4c-4139-94d5-bc4ca8fb158f,Karen Blake,karen.blake@acme.com,Designer,team-7,2017-05-16 17:33:27.829084
1d3b2c9c-673f-45f7-8e3d-e46f83cc2337,Samantha Hodge,samantha.hodge@acme.com,Designer,team-12,2021-09-10 17:33:27.829084
8811582a-6fe0-42db-b2b9-b2225f913ff2,Penny Delacruz,penny.delacruz@acme.com,Designer,team-18,2019-03-26 17:33:27.829084
a6adab78-d097-4dda-8290-fe9b61f61312,Thomas Wang,thomas.wang@acme.com,Designer,team-3,2022-06-22 17:33:27.829084
c5394d23-1e80-4dea-8b0c-26b795a152e1,Richard Robertson,richard.robertson@acme.com,Designer,team-0,2021-05-14 17:33:27.829084
bb150ec7-f708-48cf-b2a8-889f4e695e36,Katherine Hendricks,katherine.hendricks@acme.com,Engineer,team-3,2023-10-25 17:33:27.829084
eabcdc23-d1e3-4e5b-a8e2-a109ead4d898,Melissa Scott,melissa.scott@acme.com,Engineer,team-6,2017-04-29 17:33:27.829084
4e16b195-44b3-449f-adea-50aff93c1882,Brenda Parker,brenda.parker@acme.com,Engineer,team-17,2020-03-01 17:33:27.829084
6eb45a12-c3e7-47c7-a9eb-f2be9143fed1,Debra Collins,debra.collins@acme.com,Designer,team-6,2020-10-14 17:33:27.829084
fdddcb3e-016d-433f-8f8e-2c9072004e45,Mark Collins,mark.collins@acme.com,Marketer,team-4,2021-07-10 17:33:27.829084
505a90d6-45fa-4a73-8ab9-3918418e2f18,Rachel Ayala,rachel.ayala@acme.com,Marketer,team-18,2018-01-10 17:33:27.829084
0ed8f59d-be61-42be-8645-5f08f1888151,Madison Johnson,madison.johnson@acme.com,Marketer,team-18,2021-04-10 17:33:27.829084
8f0cda2d-31dd-4c03-a21f-2dee1b793a86,Ian Carter,ian.carter@acme.com,Marketer,team-19,2022-07-16 17:33:27.829084
3684ccac-f365-4e68-b747-027e6e7a98ab,Robert Lucas,robert.lucas@acme.com,Designer,team-16,2017-03-12 17:33:27.829084
aba94796-8e1e-43b5-8ef0-67f272554afc,Mark Hill,mark.hill@acme.com,Engineer,team-9,2017-04-06 17:33:27.829084
f55b97ef-b519-4959-8e45-e0bb81a5b45e,Brittany Sexton,brittany.sexton@acme.com,Engineer,team-19,2016-06-11 17:33:27.829084
844362da-03fa-407f-ac62-9cbe0183c54c,Jason Roth,jason.roth@acme.com,Product Manager,team-8,2025-08-29 17:33:27.829084
83e2ba1c-63b3-4338-83d7-2bbbedeb8e6d,Michelle Rodriguez,michelle.rodriguez1@acme.com,Product Manager,team-7,2024-08-15 17:33:27.829084
a6442d38-ec14-4e9d-9f69-0815217f2a20,Marco Peters DDS,marco.peters.dds@acme.com,Ops,team-13,2018-11-25 17:33:27.829084
e5271f04-d3fe-4724-a08f-5ac496307ca5,Virginia Brown,virginia.brown@acme.com,Designer,team-15,2024-04-23 17:33:27.829084
f90d2220-0b2f-43f1-ae52-a6180e1e88f8,Justin Hill,justin.hill@acme.com,Marketer,team-7,2022-05-10 17:33:27.829084
22cef484-9fcc-4112-80c9-66fe0f0e6e2e,Helen Adkins,helen.adkins@acme.com,Product Manager,team-17,2023-05-25 17:33:27.829084
f22f6fb6-0861-4ec1-95f0-261ea11ec0ec,Anthony Sandoval,anthony.sandoval@acme.com,Product Manager,team-2,2022-12-05 17:33:27.829084
0e0a7723-b304-4c42-861e-e117432dcc55,Stephen Price,stephen.price@acme.com,Product Manager,team-1,2019-01-04 17:33:27.829084
3f53a493-708f-458c-96c8-c3258b303912,Robert Parker,robert.parker@acme.com,Ops,team-2,2025-10-01 17:33:27.829084
0f98eacf-3bb4-4065-9976-30ef485debbf,Victor Hayes,victor.hayes@acme.com,Designer,team-19,2023-10-07 17:33:27.829084
4114f586-e081-430f-a7a4-8458174e8aa2,Felicia Williams,felicia.williams@acme.com,Ops,team-4,2023-10-23 17:33:27.829084
f708360d-c22e-4dc2-a984-337152d464c2,Jesse Smith,jesse.smith@acme.com,Ops,team-15,2017-02-15 17:33:27.831088
757fd054-dd8c-49d3-baa1-bd9015973414,Elizabeth Dean,elizabeth.dean@acme.com,Engineer,team-18,2023-05-10 17:33:27.831088
7494fccb-d88b-4385-895c-fa72d77267af,Mr. Brandon Simmons,mr..brandon.simmons@acme.com,Product Manager,team-2,2021-02-26 17:33:27.831088
b6d6e36b-c114-4788-9a51-b181f214d3be,Hannah Barron,hannah.barron@acme.com,Designer,team-19,2017-07-29 17:33:27.831088
7129f22c-a0f1-4901-b886-6878d1e642f6,Erin Love,erin.love@acme.com,Designer,team-1,2017-12-22 17:33:27.831088
d42caf41-ba3b-4ed8-8312-5e3add5f26cf,Dana Nichols,dana.nichols@acme.com,Product Manager,team-14,2025-02-21 17:33:27.831088
30f8d077-904a-44d8-a076-5f2f2499cca4,Julian Burns,julian.burns@acme.com,Designer,team-8,2015-08-24 17:33:27.831088
d1aaafb7-a35e-4b3f-9f49-91969d5402ba,Geoffrey Torres,geoffrey.torres@acme.com,Designer,team-18,2017-10-02 17:33:27.831088
4e5ed60f-1d62-4b9f-9dcd-a6486086cb67,Rebecca Owen,rebecca.owen@acme.com,Marketer,team-1,2018-09-03 17:33:27.831088
2b5027df-2279-470c-afac-7295b46f8b24,Fernando Ellis,fernando.ellis@acme.com,Product Manager,team-12,2017-10-02 17:33:27.831088
850d0b65-b50f-47f9-9a55-53e41991e8e6,Melissa Travis,melissa.travis@acme.com,Ops,team-16,2016-08-25 17:33:27.831088
fee1823b-d7d2-4af5-b797-b6d71f4033a1,Eric Davis,eric.davis@acme.com,Product Manager,team-13,2020-03-05 17:33:27.831088
fa96fd10-d05a-4319-84c2-267ec798e51b,Erin Flores,erin.flores@acme.com,Designer,team-2,2021-07-15 17:33:27.831088
3cf75258-dba1-45e9-a553-303bdfe43efe,Nicholas Hickman,nicholas.hickman@acme.com,Product Manager,team-13,2022-02-14 17:33:27.831088
f5f11afb-1d17-403d-aabb-90c359f257b9,Christina Neal,christina.neal@acme.com,Ops,team-17,2022-01-15 17:33:27.831088
6ce17d54-6ed1-4a59-8a14-417fa21cc373,William Walker,william.walker@acme.com,Marketer,team-15,2023-05-28 17:33:27.831088
2cc14734-583b-4e48-88ff-711fc647f184,Patricia Poole,patricia.poole@acme.com,Product Manager,team-19,2024-08-22 17:33:27.831088
4bee1bc9-d303-473d-8ce3-0a82a51e8d01,Trevor Chang,trevor.chang@acme.com,Ops,team-18,2021-12-15 17:33:27.831088
a1c53f9c-3055-497c-881b-ae09454453e2,Christine Davis,christine.davis@acme.com,Designer,team-3,2022-11-26 17:33:27.831088
fe14599f-6f18-41aa-b7af-a5876f047033,Megan Frye,megan.frye@acme.com,Ops,team-2,2025-09-23 17:33:27.831088
1dcc03ae-e27a-4160-a414-828ac70035f9,Colleen Chen,colleen.chen@acme.com,Marketer,team-16,2022-05-22 17:33:27.831088
0e955b32-137d-497d-acdd-eaf665428e45,Kyle Nelson,kyle.nelson@acme.com,Designer,team-6,2025-11-24 17:33:27.831088
9efdc242-4f50-4872-a368-e27bceab3df7,Olivia Davis,olivia.davis@acme.com,Ops,team-16,2021-04-25 17:33:27.831088
1f44520c-4622-4e87-8a27-581d1a9f7893,Luis Doyle,luis.doyle@acme.com,Marketer,team-9,2024-10-27 17:33:27.831088
36b22bf2-0a92-4b3e-8d35-542ae7f53af9,Jonathan Jackson,jonathan.jackson@acme.com,Engineer,team-10,2018-06-08 17:33:27.831088
fd3d00ba-106d-465b-81d0-1202818e0032,Alexander Nelson,alexander.nelson@acme.com,Engineer,team-8,2022-12-29 17:33:27.832831
7e56bd37-ad45-48d8-880d-cfbe3678c464,Joseph Jones,joseph.jones@acme.com,Marketer,team-16,2017-09-30 17:33:27.832831
de735777-b0e0-4d66-a472-10cd911d94c1,Emma Parker,emma.parker@acme.com,Designer,team-11,2019-06-24 17:33:27.832831
dd983bbf-7521-47bf-a013-79db732fe8d8,Maurice Ramirez,maurice.ramirez@acme.com,Ops,team-6,2019-09-04 17:33:27.832831
ac4ada2d-3740-46d5-8620-55e9ea9a74f0,Erin Vasquez,erin.vasquez@acme.com,Ops,team-17,2016-04-15 17:33:27.832831
b6aa8071-ee34-4a1f-b6ca-b26fd4c9878e,Mary Russell,mary.russell@acme.com,Marketer,team-12,2020-04-16 17:33:27.832831
1477b5db-14de-41b0-8046-7e3fb809e6e2,Devin Taylor,devin.taylor@acme.com,Marketer,team-14,2016-03-18 17:33:27.832831
e5b3e176-cbfd-4aa7-aa82-c647481267c7,Cynthia Brown,cynthia.brown1@acme.com,Product Manager,team-3,2021-09-13 17:33:27.832831
27839ab9-3135-4aeb-a14c-d598b5c29d21,Mr. Bryce Melendez,mr..bryce.melendez@acme.com,Designer,team-2,2025-11-18 17:33:27.832831
9985b6e3-ad3d-406e-bb65-3edf782ee876,Toni May,toni.may@acme.com,Designer,team-4,2024-06-21 17:33:27.832831
99662191-fddc-43f2-8181-381600687398,Laura Anderson,laura.anderson@acme.com,Designer,team-3,2015-12-03 17:33:27.832831
376f7119-dee0-47c1-8d3a-d4940f4b00b9,Deborah Ford,deborah.ford@acme.com,Designer,team-19,2017-01-05 17:33:27.832831
218cf7c6-bc9b-49a2-90fd-25d3c4a90f81,Barbara Martin,barbara.martin@acme.com,Designer,team-8,2016-02-09 17:33:27.832831
5f4d6714-50f4-40bd-bc28-19f5df45e047,Taylor Bond,taylor.bond@acme.com,Marketer,team-19,2022-07-25 17:33:27.832831
92a51624-5ff1-4ec4-92ba-08b0ed660565,Denise Ramirez,denise.ramirez@acme.com,Engineer,team-2,2025-02-25 17:33:27.832831
1fcf8916-8496-4532-baf5-271b3192fce2,Jacob Garza,jacob.garza@acme.com,Product Manager,team-15,2017-10-17 17:33:27.832831
21307932-3146-4f7e-98a7-8947064d3ece,Jacob Smith,jacob.smith1@acme.com,Designer,team-14,2017-12-20 17:33:27.832831
0d3a1979-f6f2-4865-9a1b-17a317af64af,Kevin Murphy,kevin.murphy@acme.com,Engineer,team-12,2025-01-02 17:33:27.832831
401246c5-9f67-4ba4-9786-ff6d5c42648c,Troy Ellis,troy.ellis@acme.com,Marketer,team-18,2018-12-25 17:33:27.832831
f2e3bbb2-98bb-42ab-8750-529879546ab2,Catherine Davies,catherine.davies@acme.com,Product Manager,team-10,2021-09-12 17:33:27.832831
a1c82d8c-1e65-43ec-9e40-898842193dc6,Leslie Barnett,leslie.barnett@acme.com,Designer,team-13,2018-10-14 17:33:27.832831
ca724844-2349-40a4-8eba-5e7d8987866f,Carlos Kelly,carlos.kelly@acme.com,Ops,team-1,2015-11-30 17:33:27.832831
3a07901e-d282-4b1a-92cf-4943a8b69cff,Danielle Smith,danielle.smith@acme.com,Designer,team-7,2024-02-07 17:33:27.832831
10e01a52-ce75-48ce-8f87-e4970996b478,Nicholas Walker,nicholas.walker@acme.com,Designer,team-19,2020-11-28 17:33:27.832831
4623c53b-5214-4dc3-be2e-5b0db5ce70f2,Jennifer Gomez,jennifer.gomez@acme.com,Designer,team-17,2024-03-14 17:33:27.832831
bba120d1-517e-4286-b5b5-9d5b540dda5a,Amanda Miller,amanda.miller@acme.com,Engineer,team-12,2017-05-17 17:33:27.834571
9b6fb256-386e-459e-b9cc-d466884c94bb,Cody Hahn,cody.hahn@acme.com,Engineer,team-0,2019-03-05 17:33:27.834571
3d9c3217-c336-4bd6-91dc-618d4bc4adf0,Samuel Clarke,samuel.clarke@acme.com,Designer,team-8,2020-07-01 17:33:27.834571
ad253331-4781-485a-b5b8-e05ac19875d7,Brandi Summers,brandi.summers@acme.com,Designer,team-8,2018-07-30 17:33:27.834571
94388e76-6db4-4184-9f4e-62715d2e6ae1,Susan Clark,susan.clark@acme.com,Product Manager,team-10,2020-11-24 17:33:27.834571
52b94fbf-9cfe-4cac-b52c-3071438d2a07,Wendy Reese,wendy.reese@acme.com,Designer,team-15,2025-09-02 17:33:27.834571
11593198-695c-448d-bd97-4d3c0f482c28,Frederick Hooper,frederick.hooper@acme.com,Marketer,team-16,2021-09-15 17:33:27.834571
99e27b49-ad55-4772-9c4f-47751e9459b6,Andrew Cox DDS,andrew.cox.dds@acme.com,Engineer,team-15,2017-09-14 17:33:27.834571
22b6fc46-59e9-42f0-be54-b929740e9516,Edward Hess,edward.hess@acme.com,Marketer,team-19,2019-11-22 17:33:27.834571
cb3b3cda-45a8-4a71-9a85-ae82bcf0c096,Douglas Yates,douglas.yates@acme.com,Engineer,team-15,2022-12-13 17:33:27.834571
3a27098a-d167-40b7-b8d0-d1e2eb1fc9fa,Matthew Garcia,matthew.garcia1@acme.com,Designer,team-10,2020-05-10 17:33:27.834571
4cc9c813-f822-4fa6-8d73-f72f43f6d79b,Deanna Michael,deanna.michael@acme.com,Product Manager,team-19,2022-05-31 17:33:27.834571
ab2cb2d1-0ed5-4e93-943f-5737d72c1e93,Sara Maxwell,sara.maxwell@acme.com,Designer,team-14,2016-07-10 17:33:27.834571
eea923ad-dae4-40bf-9b69-7fd2c364747f,Crystal Cook,crystal.cook@acme.com,Engineer,team-3,2024-09-01 17:33:27.834571
74698235-385b-4710-8a2c-ba9b62755882,Marcus Monroe,marcus.monroe@acme.com,Product Manager,team-11,2024-01-30 17:33:27.835573
007bea6f-1406-4af4-b1e3-35f5f70a2905,William Holmes,william.holmes@acme.com,Designer,team-3,2024-06-14 17:33:27.835573
7576e2d0-6cf6-476c-ba05-2435424fbfab,Matthew Cruz,matthew.cruz@acme.com,Marketer,team-1,2022-11-07 17:33:27.835573
6b26aebf-e63a-4e3a-a76d-eeea78a625dd,David George,david.george@acme.com,Marketer,team-10,2021-10-21 17:33:27.835573
40fa3727-0fbc-4264-b24b-e4acd9792697,Julie Johnson,julie.johnson@acme.com,Designer,team-14,2023-06-12 17:33:27.835573
bb537c2e-523d-41ea-b995-25ec95269520,Julia Hopkins,julia.hopkins@acme.com,Marketer,team-10,2019-11-28 17:33:27.835573
1409b45f-31ff-4bf2-8583-eaca68fdc9e2,Gregory Johnson,gregory.johnson@acme.com,Marketer,team-14,2020-03-30 17:33:27.835573
9c15316d-108c-4ee0-a5de-b490e6c6addf,Melinda Williams,melinda.williams@acme.com,Engineer,team-15,2015-12-21 17:33:27.835573
70d7abdc-1eb8-4871-b740-561f3f348117,Nathan Chapman,nathan.chapman@acme.com,Marketer,team-2,2024-02-23 17:33:27.835573
40461332-6430-45ac-9592-db44aa4efaad,Spencer Fox,spencer.fox@acme.com,Designer,team-4,2016-06-10 17:33:27.835573
4c90366a-a4b2-49cb-8013-68c52fdb5a4b,Sarah Brandt,sarah.brandt@acme.com,Marketer,team-18,2019-05-18 17:33:27.835573
cbf2cab2-41b1-4fc0-ac33-3d21a9714302,David Perez,david.perez@acme.com,Product Manager,team-5,2024-01-11 17:33:27.835573
ad6ff64d-10f5-45db-9aa3-3bd5b8ebc580,Maria Brown,maria.brown@acme.com,Ops,team-16,2017-08-17 17:33:27.835573
e33cd625-1d8e-4d58-a63b-f1e11eab4f26,Amanda Bender,amanda.bender@acme.com,Designer,team-3,2023-05-08 17:33:27.835573
b6ff2733-27bf-4d5b-aa4b-14d633fef006,Taylor Rose,taylor.rose@acme.com,Product Manager,team-2,2024-10-12 17:33:27.835573
1a191b3c-4017-41b3-b171-b367ce28e0b9,David Fox,david.fox@acme.com,Marketer,team-13,2025-01-27 17:33:27.835573
e82df5bb-e3a7-4a95-84a3-16a538c3e43c,Julia Kelly,julia.kelly@acme.com,Engineer,team-13,2020-07-30 17:33:27.835573
c284342f-ac62-4a6d-9361-d0fce575bc34,Ethan Garcia,ethan.garcia@acme.com,Marketer,team-14,2022-04-26 17:33:27.835573
1b0f350e-93ac-48b2-aee3-759aef02126d,Raymond Brooks,raymond.brooks@acme.com,Designer,team-2,2023-03-30 17:33:27.835573
24b0b451-6aa3-415c-b1dc-053bfe6f5c92,Roger Drake,roger.drake@acme.com,Engineer,team-9,2023-10-03 17:33:27.837577
a9c34802-716b-47b4-92c2-1ef674661aa0,Holly Jones,holly.jones@acme.com,Engineer,team-5,2020-07-22 17:33:27.837577
37ce31e8-9b3a-4655-9b6f-e2b9b206185b,Nicholas Harris,nicholas.harris@acme.com,Engineer,team-12,2016-08-05 17:33:27.837577
fe059f9a-b7bb-404d-a3c4-3d15ca5595f9,Jessica Davis,jessica.davis@acme.com,Engineer,team-6,2021-07-15 17:33:27.837577
200e5660-4379-4053-b2c5-5581d5635d0d,Stephen Garrett,stephen.garrett@acme.com,Product Manager,team-11,2023-09-26 17:33:27.837577
0061a923-530b-4548-9ab7-1449212ed9ef,Sean Haynes,sean.haynes@acme.com,Product Manager,team-7,2022-11-26 17:33:27.837577
d9942f3e-1cee-4305-a5ea-558405efe50d,John Love,john.love@acme.com,Marketer,team-19,2024-04-13 17:33:27.837577
2b91be2f-0f5b-44ea-ace9-eb0e59c026b8,Ryan West,ryan.west@acme.com,Designer,team-8,2023-02-17 17:33:27.837577
f97388e9-4ecc-47fd-a1f1-f6c03b0f7e11,Jessica Wilson,jessica.wilson@acme.com,Engineer,team-3,2017-03-27 17:33:27.837577
5ef73347-1fad-4dca-97e0-85e2e2ab24c8,Bradley Foley,bradley.foley@acme.com,Ops,team-0,2023-12-28 17:33:27.837577
a6075765-caf3-4086-b99a-7828c355a4fc,Heather Fox,heather.fox@acme.com,Designer,team-18,2025-02-01 17:33:27.837577
ddd1d60b-f2f6-4523-85b7-ea0210645941,Mallory Ball,mallory.ball@acme.com,Marketer,team-17,2016-01-10 17:33:27.837577
30d7d4ed-b0b5-472c-b54f-31a578568b08,Erin Guzman,erin.guzman@acme.com,Engineer,team-0,2017-11-27 17:33:27.837577
0c4c7092-b8c3-4838-8c37-789c80823bd8,Jennifer Vazquez,jennifer.vazquez@acme.com,Designer,team-9,2017-11-19 17:33:27.837577
07576100-649d-4c79-b33c-8071e6888d60,Mary Gardner,mary.gardner@acme.com,Engineer,team-5,2024-12-03 17:33:27.837577
7e51477c-4f46-4e01-ba24-273cdc531501,Paul Frazier,paul.frazier@acme.com,Designer,team-2,2015-12-26 17:33:27.837577
ae5a814e-6a49-4683-8720-cc44e719d4e4,Jennifer Hill,jennifer.hill@acme.com,Marketer,team-12,2020-01-02 17:33:27.837577
abb61459-c5e7-4a6a-9cf7-fa26f4dc7a2f,Philip Cox,philip.cox@acme.com,Product Manager,team-11,2024-04-27 17:33:27.837577
fb6c34a2-f6be-4b3b-bdc2-81c4747810a1,Brittany Curry,brittany.curry@acme.com,Engineer,team-5,2023-09-17 17:33:27.837577
d8f22325-11ab-4350-b692-c3f26d2f6105,Brandon Miller,brandon.miller@acme.com,Engineer,team-5,2017-11-10 17:33:27.837577
7248eda1-46ba-4595-b97c-28c0e6c8de5f,Robert Flores,robert.flores@acme.com,Ops,team-18,2016-09-24 17:33:27.837577
92e0cf98-7ad6-4f18-9c19-ca33c4829361,Lindsey Lucas,lindsey.lucas@acme.com,Designer,team-16,2018-08-22 17:33:27.837577
94bc8088-7325-402f-97ab-24177ca4cec9,Gregory Cooke,gregory.cooke@acme.com,Designer,team-6,2018-07-13 17:33:27.837577
69d01bf6-d351-4c97-a4d8-788508ad8b85,Joshua Fox,joshua.fox@acme.com,Marketer,team-6,2021-02-02 17:33:27.837577
7de2a1fc-14fe-4c46-b4f8-b3491981a471,Ronald Camacho,ronald.camacho@acme.com,Engineer,team-0,2022-07-14 17:33:27.837577
208b3501-0d48-4424-aeb5-011011e92fdf,Beverly Jacobs,beverly.jacobs@acme.com,Product Manager,team-18,2025-11-24 17:33:27.837577
c24c712d-5e76-4442-8f21-ca900462129c,Raymond Mahoney,raymond.mahoney@acme.com,Product Manager,team-4,2021-02-17 17:33:27.837577
4e106faf-0f92-44cd-a059-754f2e16bc01,Megan Taylor,megan.taylor@acme.com,Ops,team-9,2017-11-11 17:33:27.837577
d4c1a12a-47fc-48cf-9ee4-1f0d710bdce5,Gary Aguilar,gary.aguilar@acme.com,Marketer,team-18,2020-08-06 17:33:27.839581
6b44f9f5-c27c-45ed-b8ef-4f003112a05a,Daniel Booker,daniel.booker@acme.com,Product Manager,team-3,2015-10-06 17:33:27.839581
db88a010-6083-482f-8c74-2b6de511d1f4,Alyssa Soto,alyssa.soto@acme.com,Engineer,team-7,2018-07-18 17:33:27.839581
22b92945-704a-48dc-885c-0acb0983422c,Angela Lamb,angela.lamb@acme.com,Engineer,team-7,2015-09-21 17:33:27.839581
a2e5ba27-94ca-4334-977c-7ba16b22b4d3,Darius Bradford,darius.bradford@acme.com,Ops,team-8,2022-05-27 17:33:27.839581
a13e4ded-868b-45e9-a65f-e3b32f1f4b0d,Karen Rodriguez,karen.rodriguez@acme.com,Designer,team-4,2017-03-20 17:33:27.839581
b109cf1e-bd17-4783-8172-50a05b3223cd,Tina Soto,tina.soto@acme.com,Marketer,team-10,2024-03-03 17:33:27.839581
9df2fbf0-f13c-4b69-913b-cc68c2309c7b,Gregory Marks,gregory.marks@acme.com,Ops,team-8,2023-03-26 17:33:27.839581
d76c76ca-cf54-41b9-9670-e17ccd309faf,Shaun Mayer,shaun.mayer@acme.com,Engineer,team-2,2021-04-04 17:33:27.839581
803c555c-bed4-4bd2-8c09-d41288b5f7b4,Meghan Swanson,meghan.swanson@acme.com,Ops,team-12,2024-08-04 17:33:27.839581
25feed77-a75b-44f2-aa46-c39a9489566a,Michael Randall,michael.randall@acme.com,Ops,team-14,2019-11-12 17:33:27.839581
ed16df1a-efd8-483f-a400-8c668101783b,Pamela Ayers,pamela.ayers@acme.com,Ops,team-17,2024-08-18 17:33:27.839581
96b5275f-004a-4970-ac8a-9bb1f4f4214b,Joshua Green,joshua.green@acme.com,Ops,team-6,2019-11-10 17:33:27.839581
c2e3df46-3a8c-4666-9780-8918b92bd4d7,Raymond Rojas DDS,raymond.rojas.dds@acme.com,Designer,team-2,2021-08-30 17:33:27.839581
4c88900e-0d46-4b87-b965-ccf2390a17e0,Angela Alexander,angela.alexander@acme.com,Marketer,team-2,2015-10-30 17:33:27.839581
691272cb-5d8d-47bc-864c-326d076060db,David Brown,david.brown@acme.com,Marketer,team-6,2024-01-25 17:33:27.839581
5cd86519-cdbc-4923-8530-ac3ad4de4631,Juan Thomas,juan.thomas@acme.com,Designer,team-13,2016-09-05 17:33:27.839581
3a098cd9-9522-4934-87b5-8aa39dce9124,Hannah Alexander,hannah.alexander@acme.com,Ops,team-15,2025-08-09 17:33:27.839581
5ba533b9-af4b-4b3e-b89c-99caaff994d3,Brian Powers,brian.powers@acme.com,Ops,team-10,2025-10-18 17:33:27.839581
76104439-efa1-448f-8172-9e929d7fa20a,Maxwell Chambers,maxwell.chambers@acme.com,Designer,team-0,2015-10-16 17:33:27.839581
f5ab8da1-e509-4a05-81b1-b80da9a1f65d,John Woods,john.woods@acme.com,Marketer,team-17,2021-04-05 17:33:27.839581
d2eb0c88-038d-45c5-9e10-332173559532,Amanda Powell,amanda.powell@acme.com,Engineer,team-1,2019-03-05 17:33:27.839581
d56d8188-ef3f-4d19-8802-4202621d41b5,Monica Martinez,monica.martinez@acme.com,Engineer,team-4,2025-08-31 17:33:27.839581
43edb674-064b-4cd5-bcc0-a6be5dc20946,Michael Price,michael.price@acme.com,Ops,team-12,2019-01-17 17:33:27.839581
37ee6038-7661-47f1-aa9e-2ec87ffa3368,David Rivers,david.rivers@acme.com,Product Manager,team-3,2022-10-04 17:33:27.839581
66f32369-d5e7-4980-bfd3-df8819d2db41,Nathan Hernandez,nathan.hernandez1@acme.com,Ops,team-11,2025-07-06 17:33:27.839581
34b52f99-853a-4030-af33-9417a20fee1b,Jesse Dawson,jesse.dawson@acme.com,Designer,team-0,2021-05-21 17:33:27.841584
fea9c5e5-7acf-461f-8f03-89ce825bb8a9,Jordan Steele,jordan.steele@acme.com,Ops,team-18,2017-07-30 17:33:27.841584
398de809-bc9b-4733-8429-6c01c9ad9099,Brent Fisher,brent.fisher@acme.com,Ops,team-9,2016-09-21 17:33:27.841584
6bf32aec-b2d4-478d-af58-658ad5302a96,Charles Washington,charles.washington@acme.com,Marketer,team-11,2024-07-04 17:33:27.841584
0140f865-3bee-4a7b-9371-57ce68f9233a,Samantha Gallagher,samantha.gallagher@acme.com,Engineer,team-10,2016-11-12 17:33:27.841584
ab37a357-a5c0-49c8-aac0-deef41976ce9,Alan Campos,alan.campos@acme.com,Ops,team-8,2025-05-14 17:33:27.841584
20faa56d-4e87-4191-8c05-ca9ea3357215,Courtney Johnston,courtney.johnston@acme.com,Engineer,team-16,2022-03-08 17:33:27.841584
ca4d6373-bb5a-46ba-931c-9a99734d069e,John Smith,john.smith@acme.com,Product Manager,team-0,2022-09-13 17:33:27.841584
5ab2662c-3d92-4ff6-87bc-956fc69c64fe,Jason Spencer,jason.spencer@acme.com,Ops,team-0,2017-01-10 17:33:27.841584
d9635788-d48a-4312-a4f5-2981d5ca18fe,Melvin Moody,melvin.moody@acme.com,Marketer,team-3,2021-01-07 17:33:27.841584
4507b02a-18d5-44c5-9488-8a6681aa891a,Tammy Stanley,tammy.stanley@acme.com,Product Manager,team-4,2023-12-27 17:33:27.841584
ea0065c8-5494-4cef-a351-2c7ec7fec726,Antonio Nash,antonio.nash@acme.com,Ops,team-16,2019-07-12 17:33:27.841584
bd670daa-4e37-4a04-881f-b62cff0e71c3,Elizabeth Espinoza,elizabeth.espinoza@acme.com,Engineer,team-9,2024-07-13 17:33:27.841584
94067a0d-f733-4c41-be6d-d2d8833c3504,Shawn Bailey II,shawn.bailey.ii@acme.com,Marketer,team-19,2021-03-01 17:33:27.841584
a6aa37fe-c741-4727-ab70-f1bcde5f12d3,Christina Daugherty,christina.daugherty@acme.com,Designer,team-8,2023-10-23 17:33:27.841584
92459b40-b09d-4241-9859-58e6501f8d66,Nichole Santos,nichole.santos@acme.com,Designer,team-17,2019-07-16 17:33:27.841584
d19f0114-f246-4ba1-bbf7-1bc03e2a2b57,Trevor Reynolds,trevor.reynolds@acme.com,Product Manager,team-8,2024-05-04 17:33:27.841584
9d1874be-1c19-4927-ba2f-d54f8907f8dd,Kayla Moody,kayla.moody@acme.com,Product Manager,team-12,2020-07-05 17:33:27.841584
9aa0d8d0-3978-4c4a-844a-c9cb3f7ca493,Mrs. Virginia Walton DVM,mrs..virginia.walton.dvm@acme.com,Product Manager,team-10,2024-11-23 17:33:27.841584
de820135-a074-47cd-958f-d727d0ddf2c2,Daniel Avila,daniel.avila@acme.com,Ops,team-7,2018-12-16 17:33:27.841584
00454370-15dd-4eb4-8997-c874ed0de205,Ashley Henry,ashley.henry@acme.com,Product Manager,team-13,2021-11-07 17:33:27.841584
76027d7b-c8ea-4fb4-bf6c-00cb2a61cab0,Christina Vaughn,christina.vaughn@acme.com,Ops,team-14,2019-10-24 17:33:27.841584
23a30b58-af5a-4374-9d7e-ce56ddb31c6b,Tammy Hernandez,tammy.hernandez@acme.com,Ops,team-2,2024-04-12 17:33:27.841584
64ba50fa-4ee2-40c9-a4c8-898cfc562b86,Leslie Woods,leslie.woods@acme.com,Designer,team-12,2016-07-13 17:33:27.841584
6312632e-3434-4612-9765-3208b9a343b3,Michael Cabrera,michael.cabrera@acme.com,Marketer,team-0,2017-01-31 17:33:27.841584
749b9d6b-302a-45b5-8758-58e3250648c5,Amanda Strickland,amanda.strickland@acme.com,Ops,team-11,2017-01-25 17:33:27.841584
69977688-df6b-4d2a-9059-0841da20316a,Matthew Norris,matthew.norris@acme.com,Designer,team-8,2018-08-26 17:33:27.841584
4c31ab92-6478-4483-966b-d6a0479464b7,Robert Lewis,robert.lewis1@acme.com,Ops,team-11,2019-10-04 17:33:27.841584
28fcaee7-b018-40c7-abf5-b61135237857,Robert Ramos,robert.ramos@acme.com,Ops,team-11,2020-02-06 17:33:27.843587
5c4224ec-d2dc-4253-a779-43eca3e22925,Isabella Harmon,isabella.harmon@acme.com,Product Manager,team-19,2018-05-21 17:33:27.843587
0e903263-873d-46cc-9c62-4ded4dc3798e,Ian Wilson,ian.wilson@acme.com,Engineer,team-0,2019-08-07 17:33:27.843587
258879b9-3550-4a68-8415-6f2df0884d3d,Jason Glenn,jason.glenn@acme.com,Ops,team-2,2015-10-07 17:33:27.843587
526a09ed-9419-4958-8f82-fbe1d6cc0be8,Jonathan Buchanan,jonathan.buchanan@acme.com,Engineer,team-1,2015-11-23 17:33:27.843587
6d5fa37b-3101-4639-8824-e5db00e12592,Jared Ramirez,jared.ramirez@acme.com,Engineer,team-19,2022-09-29 17:33:27.843587
4a495504-64d8-458d-96ac-94895af71617,Jerry Levy,jerry.levy@acme.com,Ops,team-5,2017-10-20 17:33:27.843587
c9ef857b-2142-4d1f-b977-a27d557d3787,Gregory Davis,gregory.davis@acme.com,Engineer,team-0,2019-12-04 17:33:27.843587
10df3701-9995-4de2-8d59-c67b6e1d0c4b,Cindy Becker,cindy.becker@acme.com,Marketer,team-8,2023-11-12 17:33:27.843587
d439367b-d295-450a-8537-395372e93e14,Adam King,adam.king@acme.com,Designer,team-1,2021-08-19 17:33:27.843587
035100ed-003e-41f4-b807-fd1bd2792b37,Chelsea Mclaughlin,chelsea.mclaughlin@acme.com,Engineer,team-15,2021-05-13 17:33:27.843587
2b4f643c-2656-4c7f-9b5b-d199139f08f9,Vincent Johnson,vincent.johnson@acme.com,Designer,team-11,2024-10-14 17:33:27.843587
bdfb4ce8-245c-4059-a53e-56af7185e8ed,Brady Walters PhD,brady.walters.phd@acme.com,Marketer,team-0,2024-07-05 17:33:27.843587
a1b89ee3-60d7-433b-abba-73e359fe1be0,Jacob Harrison,jacob.harrison@acme.com,Product Manager,team-19,2021-05-06 17:33:27.843587
9dfe8251-b965-47fa-8875-7474a4e56a06,Lisa Carney,lisa.carney@acme.com,Designer,team-17,2024-08-27 17:33:27.843587
bc2d7c6d-c158-457e-a49d-bde52bc09f7e,Allison Gutierrez,allison.gutierrez@acme.com,Engineer,team-1,2016-12-06 17:33:27.843587
0c42cbe8-e077-43fa-98fc-3b06aec8c639,James Walker,james.walker@acme.com,Marketer,team-8,2019-12-02 17:33:27.843587
847b0440-da2f-423c-897b-85b9bcb6ee48,Brandon Benson,brandon.benson@acme.com,Marketer,team-17,2019-02-26 17:33:27.843587
143d971b-dde2-422e-b806-258e78fc32b7,Anthony Church,anthony.church@acme.com,Marketer,team-0,2020-08-04 17:33:27.843587
957b326d-cc21-40b1-a8da-2b904ba81e9c,Jason Davis,jason.davis@acme.com,Designer,team-3,2024-08-08 17:33:27.843587
86ffe3bd-aa39-43fe-aae1-f757b04f0fa3,Desiree Mahoney,desiree.mahoney@acme.com,Ops,team-7,2017-10-07 17:33:27.843587
478c0375-0aa3-4cd2-b18b-2cbdfe16bdc2,Mrs. Valerie Williams DDS,mrs..valerie.williams.dds@acme.com,Ops,team-5,2022-07-19 17:33:27.843587
ef2e4f2e-f675-4fe6-8756-8be34c9b087a,Lori Ho,lori.ho@acme.com,Engineer,team-16,2017-03-28 17:33:27.843587
25c092a3-0268-47c6-a023-c2d625807de4,Dylan Pineda,dylan.pineda@acme.com,Ops,team-14,2024-09-17 17:33:27.843587
69a8e371-9826-4b77-a06f-d3a2586c4dcd,John Taylor,john.taylor@acme.com,Marketer,team-17,2022-05-05 17:33:27.843587
2bd267c5-8a8d-4d31-8350-09a23db7edba,Richard Castaneda,richard.castaneda@acme.com,Product Manager,team-2,2017-11-06 17:33:27.843587
ea6003d7-f80b-443a-bf97-a792d65a6f6e,Allison Cox,allison.cox@acme.com,Engineer,team-18,2023-02-28 17:33:27.843587
24f60128-87b7-40c0-a796-f5eb3ba8f7d1,Christopher Peterson,christopher.peterson@acme.com,Engineer,team-14,2016-02-09 17:33:27.843587
011515db-2f3e-4c4d-9965-91e21862bdd1,Melissa Roberts,melissa.roberts@acme.com,Engineer,team-18,2021-08-11 17:33:27.845593
15edeae6-d3d2-42a8-8a53-f10d97e1ff02,Jeffrey Johnson,jeffrey.johnson2@acme.com,Ops,team-17,2025-03-14 17:33:27.845593
dc981706-9548-43ac-9665-4ad178a489e6,Lindsay Johnson,lindsay.johnson@acme.com,Ops,team-4,2020-11-25 17:33:27.845593
14134387-43ab-424d-a123-0ef5bc86bc33,Bianca Martin,bianca.martin@acme.com,Marketer,team-17,2017-01-11 17:33:27.845593
d4f31e0b-192b-49a5-9f6d-96d9f55fa13f,Miguel Rivera,miguel.rivera@acme.com,Ops,team-2,2017-01-30 17:33:27.845593
b89ad503-b73c-41e7-bd36-cfda3684b554,Brandon Jimenez,brandon.jimenez@acme.com,Ops,team-15,2017-10-14 17:33:27.845593
d505a6ae-d971-4478-9486-aa0f7c612255,Monica Davis,monica.davis@acme.com,Ops,team-8,2016-05-15 17:33:27.845593
c5df2cd2-bf2a-405e-9695-48483d3c806c,Stephen Davis,stephen.davis@acme.com,Ops,team-17,2020-12-13 17:33:27.845593
36b739fe-234b-428d-bfce-59d972d1b0b3,Curtis Atkinson,curtis.atkinson@acme.com,Ops,team-14,2020-09-07 17:33:27.845593
c755cda0-a76b-4413-b41c-e957b7fd856f,Shelly Gentry,shelly.gentry@acme.com,Ops,team-3,2020-07-27 17:33:27.845593
e04bd864-8f0d-45d1-909f-4579daba41bd,Nancy Eaton,nancy.eaton@acme.com,Designer,team-6,2025-03-21 17:33:27.845593
8fd8b221-a9ba-44ec-a04a-5f80ce266210,James Gregory,james.gregory@acme.com,Engineer,team-9,2022-08-28 17:33:27.845593
c0d7b594-f50f-4a8f-ab08-f632dbbd88d7,Dr. Cynthia Bird,dr..cynthia.bird@acme.com,Product Manager,team-16,2022-11-20 17:33:27.845593
be011b6b-2d15-4eb5-973a-802a5faf389f,Chad Lee,chad.lee@acme.com,Designer,team-19,2024-09-15 17:33:27.845593
fe1f2b46-8c2c-4486-98f2-7cfa03f079d1,Christopher Myers,christopher.myers@acme.com,Designer,team-2,2022-03-27 17:33:27.845593
3fbc2b8e-124e-4629-ae8b-bd0a6a3dc0ff,Lisa Ward,lisa.ward@acme.com,Ops,team-9,2025-12-24 17:33:27.845593
dc0557ad-1694-407c-9911-c89698da55b1,Christopher Barker,christopher.barker@acme.com,Marketer,team-7,2019-11-16 17:33:27.845593
d67ae095-03cc-45c2-bcd1-311edb0604b3,Pamela Mullins,pamela.mullins@acme.com,Engineer,team-13,2021-05-23 17:33:27.845593
604b45c3-bcf5-43b1-86ce-b68fba08dffa,Juan Baker,juan.baker@acme.com,Engineer,team-2,2017-09-10 17:33:27.845593
dbe0212f-10c1-40c4-85d7-9bfba76c02c8,David Barrera,david.barrera@acme.com,Marketer,team-14,2016-11-14 17:33:27.845593
3958c06f-2fb4-4336-a3d9-70e0cfee7d30,Shawn Riley,shawn.riley@acme.com,Designer,team-10,2018-06-18 17:33:27.845593
dafa6e7f-53ad-4d60-becf-b50076580329,Emily Galvan,emily.galvan@acme.com,Ops,team-9,2025-11-19 17:33:27.845593
b08a98d2-1da6-401f-9f9b-d9c5d62e93c3,Joshua Martinez,joshua.martinez@acme.com,Product Manager,team-1,2022-01-02 17:33:27.845593
e41d218a-2ae1-4dbc-bc2d-25bc1b51e5fc,Ryan Jones,ryan.jones1@acme.com,Product Manager,team-12,2016-07-22 17:33:27.847336
24a3dc32-f91f-46d3-99a7-cae6f21244cb,Laurie Shea,laurie.shea@acme.com,Marketer,team-10,2020-04-09 17:33:27.847336
95827b3d-3351-4b1d-9c80-e431309b1549,Dakota Nunez,dakota.nunez@acme.com,Ops,team-8,2023-07-18 17:33:27.847336
c27f6042-a76f-4a03-89d5-a11173b8fabc,Daniel Levine,daniel.levine@acme.com,Designer,team-10,2019-06-10 17:33:27.847336
b7e9c8f5-c65c-4253-9fae-88a86b0614bf,Michelle Dunn,michelle.dunn@acme.com,Ops,team-17,2022-04-06 17:33:27.847336
cd9d02f2-ece9-4587-bbd2-9b0d99b87d68,Tammy Martin,tammy.martin@acme.com,Engineer,team-7,2020-02-22 17:33:27.847336
e6fa0744-6875-4b46-9e19-a084d38b34f5,James Williams,james.williams@acme.com,Product Manager,team-11,2017-10-25 17:33:27.847336
2989ca96-8705-49fe-ad5c-41b3d0596790,Amy Rodriguez,amy.rodriguez@acme.com,Ops,team-12,2016-07-10 17:33:27.847336
68025471-4d00-4e9b-86c8-6e70d68efabd,Michael Burch,michael.burch@acme.com,Ops,team-9,2019-01-14 17:33:27.847336
51110e63-b16a-48a7-be02-53fa3965e0f7,Michael Moore,michael.moore@acme.com,Designer,team-7,2019-03-13 17:33:27.847336
e6c57a0a-0ca8-4bca-87c0-036448410511,Daniel Brock,daniel.brock@acme.com,Product Manager,team-0,2024-07-04 17:33:27.847336
29eea060-a051-457e-9650-11c9cb575514,Lisa Johnson,lisa.johnson@acme.com,Marketer,team-0,2025-06-27 17:33:27.847336
20180b70-c18e-4c0a-89ba-f71655595251,Mark Thomas,mark.thomas1@acme.com,Engineer,team-8,2018-11-04 17:33:27.847336
a2d41510-fd04-41d7-83a2-e0f178b8ea49,Nathan Schmitt,nathan.schmitt@acme.com,Designer,team-2,2025-11-13 17:33:27.847336
d5d54ad4-b2cb-4030-9884-cd2bdc9774c8,Stephanie Smith,stephanie.smith@acme.com,Product Manager,team-12,2022-08-16 17:33:27.847336
e7c45322-cfe4-4ac3-a531-0bd9259c669e,Courtney Schmidt,courtney.schmidt@acme.com,Product Manager,team-9,2021-06-18 17:33:27.847336
2518f397-6a8e-4ec5-b96f-94975f922932,Rebecca Boyer,rebecca.boyer@acme.com,Marketer,team-17,2018-01-22 17:33:27.847336
a4cd319b-32c1-4e4d-9a88-6be5b5e22ac2,Thomas Bryant,thomas.bryant@acme.com,Designer,team-12,2025-10-27 17:33:27.847336
a413c585-fb20-4da1-a6d0-7fcc587e6962,Rebecca Jones,rebecca.jones@acme.com,Marketer,team-2,2017-04-22 17:33:27.847336
ab9beba6-1710-4113-bce3-af2ebe37e9d9,Mrs. Tracy Reed,mrs..tracy.reed@acme.com,Ops,team-12,2018-08-29 17:33:27.847336
89296293-4ace-4a8d-a6dc-c27c42a21764,Robert Smith,robert.smith@acme.com,Designer,team-1,2019-08-09 17:33:27.847336
be677223-76aa-4cc5-80b8-55c072566c96,Chad Young,chad.young@acme.com,Engineer,team-17,2022-01-13 17:33:27.847336
0f476d11-5da5-49d7-a374-e2a42010bd73,Nicholas Cervantes,nicholas.cervantes@acme.com,Product Manager,team-9,2016-02-07 17:33:27.847336
bbfa598a-0f0a-47ef-aa2a-aba166e71dde,Steven Norris,steven.norris@acme.com,Product Manager,team-10,2018-05-04 17:33:27.847336
983dcd85-724b-4463-b02a-89438347694a,Cristian Guzman,cristian.guzman@acme.com,Product Manager,team-15,2022-02-11 17:33:27.847336
02a71b3d-4f53-4348-a7c1-0885b866ebae,John Adams,john.adams@acme.com,Product Manager,team-8,2022-04-18 17:33:27.847336
61517ebb-cd8f-4269-b423-5292b2abf20d,Bryan Anderson,bryan.anderson@acme.com,Engineer,team-7,2019-03-16 17:33:27.847336
c7b07706-5992-4f2c-94c6-f368b3d3fb99,Summer Ruiz,summer.ruiz@acme.com,Ops,team-15,2019-08-11 17:33:27.849340
68c1d27b-373c-4dbe-956d-f9cac22c770e,Katherine Avila,katherine.avila@acme.com,Marketer,team-14,2019-10-30 17:33:27.849340
70a7b138-152b-428f-923c-45faa92066cf,Stephen Greene,stephen.greene@acme.com,Product Manager,team-11,2020-10-26 17:33:27.849340
9bc03df0-3221-496d-9d89-cb7aeb92f7d9,Stacey Shaw,stacey.shaw@acme.com,Engineer,team-11,2020-02-09 17:33:27.849340
780f0efd-75bd-4f74-af9d-f39039cec544,Mark Hernandez,mark.hernandez@acme.com,Product Manager,team-10,2023-11-09 17:33:27.849340
971e3a80-a1d9-4706-a0e9-8da6418893f6,Samantha Smith,samantha.smith@acme.com,Marketer,team-6,2019-05-15 17:33:27.849340
118aaa43-75e7-45ae-b136-666c621d453a,Mark Hale,mark.hale@acme.com,Designer,team-10,2016-09-23 17:33:27.849340
ba8e0c31-6695-43b1-bd2d-d7511392864a,Katelyn Sanders,katelyn.sanders@acme.com,Designer,team-6,2023-08-08 17:33:27.849340
e306255a-385f-4de1-b075-c166d24d3a1b,Samuel Cole,samuel.cole1@acme.com,Engineer,team-19,2021-12-15 17:33:27.849340
788c60b6-17e8-4b7b-9549-b4402b40c2fd,Justin Vasquez,justin.vasquez@acme.com,Ops,team-9,2017-04-12 17:33:27.849340
4127b959-03e6-432a-b538-ab3e79540036,Kelly West,kelly.west@acme.com,Engineer,team-13,2026-01-02 17:33:27.849340
d0ea1160-da30-479e-8a1a-3b66320dc72f,Summer Hall,summer.hall@acme.com,Engineer,team-12,2025-03-31 17:33:27.849340
f5c881cb-1445-4349-a161-de432e5aab99,Kevin West,kevin.west@acme.com,Marketer,team-4,2023-10-11 17:33:27.849340
11ed80f4-3b65-487c-b7af-e34702c784b8,Michael Harris,michael.harris@acme.com,Marketer,team-17,2025-05-22 17:33:27.849340
22ebe4c4-743a-41cd-84e8-bf677d3746cf,Megan Duncan,megan.duncan@acme.com,Engineer,team-9,2017-09-22 17:33:27.849340
2184bc25-eefc-4ded-8823-26f43fa902b2,Cory Hartman,cory.hartman@acme.com,Product Manager,team-6,2018-07-15 17:33:27.849340
eb34c2b8-6132-482b-9c4e-52a54d9c758b,Mariah Johnson,mariah.johnson@acme.com,Ops,team-6,2020-04-05 17:33:27.849340
df773ebe-fc72-4e63-a52c-fcd8f0c501c6,Stephen Sanchez,stephen.sanchez@acme.com,Product Manager,team-3,2020-04-28 17:33:27.849340
b45bea52-993c-4112-83ec-eaeb37765a74,Kelly Rose,kelly.rose@acme.com,Designer,team-11,2022-07-03 17:33:27.849340
e3a9b8f6-6a36-401b-8e19-540bac1b13a6,Jessica Barnes,jessica.barnes@acme.com,Engineer,team-7,2017-11-09 17:33:27.849340
32221f65-3fd9-4f45-a4d6-866314bbfb3d,Nichole Lawson,nichole.lawson@acme.com,Designer,team-6,2023-03-10 17:33:27.849340
bd82ac9b-fc13-4fac-bdb9-6d749f35a531,Jennifer Hampton,jennifer.hampton@acme.com,Designer,team-8,2020-06-26 17:33:27.849340
fa6e3368-c505-4e91-be3a-65628247f28e,Johnathan Johnston,johnathan.johnston@acme.com,Marketer,team-14,2021-07-21 17:33:27.849340
6e7f1226-70e2-44e5-8b1a-5aa9f2628f6c,Kayla Burke,kayla.burke@acme.com,Engineer,team-6,2020-09-14 17:33:27.849340
f69446ae-1058-4800-a554-9d2716d51630,Michael Kline,michael.kline@acme.com,Ops,team-17,2019-09-07 17:33:27.849340
1748a3c1-9e0f-4a9d-89e2-bfb4e200822c,Robert Phillips,robert.phillips@acme.com,Ops,team-11,2021-04-18 17:33:27.851084
f7265768-b31d-4756-9a7b-601de20cc045,Todd Stein,todd.stein@acme.com,Engineer,team-10,2024-08-18 17:33:27.851084
6feb777c-36d4-47cb-a572-766b1d59f302,Stanley Collins,stanley.collins@acme.com,Designer,team-4,2024-02-14 17:33:27.851084
755db065-4795-49c1-9d95-937fa8ffa17e,William Morales,william.morales@acme.com,Engineer,team-1,2020-08-13 17:33:27.851084
4199f24b-eb52-4371-91b2-697fde53e347,Anthony Baker,anthony.baker@acme.com,Product Manager,team-18,2025-08-14 17:33:27.851084
38cbd6bd-4c3b-4949-a3e7-e81ae259c2b2,Kelly Jordan,kelly.jordan@acme.com,Marketer,team-1,2021-04-25 17:33:27.851084
810519dc-785c-4f66-996b-33d1031a953e,Ronald Rubio,ronald.rubio@acme.com,Engineer,team-4,2022-02-05 17:33:27.851084
81e8dc33-3f4a-4104-aca1-14dc737a8052,Kimberly Evans,kimberly.evans@acme.com,Designer,team-9,2017-10-14 17:33:27.851084
b3a5508b-63e0-4d15-873a-9c125bcc5159,Caitlin Sweeney,caitlin.sweeney1@acme.com,Product Manager,team-12,2017-03-07 17:33:27.851084
dbed0e18-df7f-4770-9902-e597ac14e433,Elizabeth Macdonald,elizabeth.macdonald@acme.com,Product Manager,team-10,2020-04-17 17:33:27.851084
e1d3d2be-65a6-4c16-aa6e-3568138f9442,Mike Martinez,mike.martinez@acme.com,Engineer,team-7,2018-09-26 17:33:27.851084
cb6b56c9-9589-45c2-8c83-c187f7fc44db,Brian Fernandez,brian.fernandez@acme.com,Engineer,team-3,2019-02-08 17:33:27.851084
9dfb260b-2ef3-4646-9fd0-b38124cf57f4,Sara Kelly,sara.kelly@acme.com,Marketer,team-0,2025-03-21 17:33:27.851084
cb5b89e9-822c-4630-801b-0b3e8393738b,Robert Hayden,robert.hayden@acme.com,Product Manager,team-9,2017-07-31 17:33:27.851084
57ab3451-13ff-4811-8b97-3eca4a4d2de4,Raymond Wells,raymond.wells@acme.com,Designer,team-2,2021-11-21 17:33:27.851084
bd26f810-68ca-4c53-a28e-c384e261deaa,Cody Mcneil,cody.mcneil@acme.com,Designer,team-4,2015-09-03 17:33:27.853092
e8157f6c-10ff-47a5-8602-8959142e19d9,Joy Keller,joy.keller@acme.com,Marketer,team-16,2022-02-15 17:33:27.853092
f1bf47fe-632a-493f-9fe5-0a20e1b9578b,Jorge Sims,jorge.sims@acme.com,Engineer,team-10,2020-09-10 17:33:27.853092
e25d0fa2-3d02-4880-b9d9-e43aafee6cb6,Sonia Williamson,sonia.williamson@acme.com,Product Manager,team-9,2024-09-08 17:33:27.853092
6b6b94cd-ab5a-47e0-8406-1c4361ee8068,Sara Patterson,sara.patterson@acme.com,Ops,team-15,2024-08-16 17:33:27.853092
6577f517-2f02-41e1-a275-f39458c08511,Elizabeth Montoya,elizabeth.montoya@acme.com,Designer,team-7,2025-11-22 17:33:27.853599
31224893-046a-4374-b5f1-e4e1a7e0b53f,Leah Scott,leah.scott1@acme.com,Marketer,team-16,2025-01-31 17:33:27.853599
901289e6-21cf-4d29-935d-cb6a27713770,Denise Chen,denise.chen@acme.com,Designer,team-1,2018-10-30 17:33:27.853599
5e485c9f-642c-432c-994a-b60030f38572,Nicole Wright,nicole.wright@acme.com,Ops,team-15,2022-05-12 17:33:27.853599
da9e295f-45cf-49f4-8931-4c8f055e1e28,Shirley Hicks,shirley.hicks@acme.com,Ops,team-9,2021-11-08 17:33:27.853599
cb9b250c-3c48-414c-b177-527af357be5e,Valerie Yoder,valerie.yoder@acme.com,Engineer,team-11,2023-11-02 17:33:27.853599
c6479b31-2761-4d24-b98e-df45c6d785ce,Leonard Boyd,leonard.boyd@acme.com,Marketer,team-12,2024-01-25 17:33:27.853599
8bf17cd4-0fd4-4dc1-a396-5a05a726763b,Janet Robinson,janet.robinson@acme.com,Marketer,team-13,2016-05-28 17:33:27.853599
27b313c4-82b3-4983-b6b6-120502e2244a,Daniel Johnson,daniel.johnson1@acme.com,Engineer,team-4,2017-12-28 17:33:27.853599
c476426a-67f6-48e8-b535-9ca44d28121e,Kaitlyn Morgan,kaitlyn.morgan@acme.com,Marketer,team-13,2017-06-01 17:33:27.853599
943fd0ca-6a3e-4025-8beb-84afc5422602,Patricia Johnson,patricia.johnson@acme.com,Marketer,team-9,2025-05-29 17:33:27.853599
af2b35a0-dcc7-4db6-9a6c-32a3faffb51a,Kimberly Compton,kimberly.compton@acme.com,Engineer,team-16,2024-05-06 17:33:27.853599
2c2c3c35-7819-44d6-bf50-e52b53448a87,Andrew Watts,andrew.watts@acme.com,Product Manager,team-16,2021-07-10 17:33:27.853599
a5299708-b4aa-4501-b1b0-ce11fa4ba190,Harold King,harold.king@acme.com,Marketer,team-18,2019-08-08 17:33:27.853599
fa31b10b-9bf5-4726-8337-6f9cd9e109f6,Jennifer Ibarra,jennifer.ibarra@acme.com,Marketer,team-15,2017-01-27 17:33:27.853599
a4950411-2d57-4637-bc1b-77c4e52293e0,Deborah Hernandez,deborah.hernandez@acme.com,Designer,team-0,2019-04-14 17:33:27.853599
8bb1a720-895f-441a-bfc2-2b3aaf66630b,Pamela Francis,pamela.francis@acme.com,Engineer,team-17,2019-12-21 17:33:27.853599
6da8f245-7497-4b2c-99a8-6a55c960b62c,Denise Lopez,denise.lopez@acme.com,Engineer,team-17,2025-10-12 17:33:27.853599
f5760f52-00de-4ea7-a3a4-f376dad60701,Crystal Ramirez,crystal.ramirez@acme.com,Ops,team-11,2018-12-02 17:33:27.853599
73dd32da-a117-4eeb-9d7e-9b8b1713dae0,Jeremy Simon,jeremy.simon@acme.com,Marketer,team-6,2022-06-01 17:33:27.853599
b08dd0dc-1d2e-4115-9f76-26b97f1493e9,Jennifer Rogers,jennifer.rogers@acme.com,Ops,team-4,2021-06-08 17:33:27.853599
2fdf67c5-b9b2-4fac-8ad1-afd4703c122b,April Vincent,april.vincent@acme.com,Engineer,team-7,2021-03-13 17:33:27.853599
a73c9ed5-8f2b-4944-b682-c8923ffdb49b,Michelle Saunders,michelle.saunders@acme.com,Marketer,team-4,2016-05-01 17:33:27.853599
27a833ae-0627-4666-86e0-f24cc9f3666b,Claudia Green,claudia.green@acme.com,Engineer,team-14,2023-02-03 17:33:27.853599
daa24a3a-657b-4477-9a66-b02c6aa07702,Jay Orr,jay.orr@acme.com,Engineer,team-13,2019-12-16 17:33:27.853599
ce398ace-545e-46b6-8d17-f8e3531a3547,Krista Brandt,krista.brandt@acme.com,Engineer,team-15,2017-10-19 17:33:27.853599
77f01151-c63d-45bb-a4e7-b5d00c9ea326,Mr. Terry Wright,mr..terry.wright@acme.com,Designer,team-8,2024-08-02 17:33:27.853599
44a25cfa-92e7-42b4-9db8-dd0f04e1ca40,Norma Martin,norma.martin@acme.com,Engineer,team-1,2024-03-01 17:33:27.853599
61010b44-e836-4ae5-88b0-a24ed6be997c,George Gallagher,george.gallagher@acme.com,Designer,team-17,2025-06-16 17:33:27.853599
58645272-bdbd-431c-868d-f14f991ba13b,Angela Bryant,angela.bryant@acme.com,Ops,team-15,2016-05-15 17:33:27.853599
6e8c858d-c677-42ec-a761-b6f4ef69052f,Jodi Mcgee,jodi.mcgee@acme.com,Product Manager,team-18,2015-09-08 17:33:27.853599
5498bdc2-25ec-4005-8759-b612379707ee,Kimberly Huber,kimberly.huber@acme.com,Designer,team-5,2020-07-30 17:33:27.853599
edae9978-5030-4ba6-9375-de778105bc7e,Alexis Turner,alexis.turner@acme.com,Engineer,team-14,2022-01-25 17:33:27.853599
5576ddca-b06a-4ab9-b020-2da0281cedbc,Rodney Hayes,rodney.hayes@acme.com,Designer,team-5,2018-07-28 17:33:27.853599
d19db23a-416b-4f94-89ba-94f9951683a6,Ralph Knox,ralph.knox@acme.com,Ops,team-0,2024-12-21 17:33:27.853599
f8c79d40-f9c1-440d-a69d-52b9ffbafed0,Tammy Brown,tammy.brown@acme.com,Product Manager,team-2,2017-04-22 17:33:27.853599
22ad69b3-5e8d-40a2-a938-30d734e97862,Daniel Jones,daniel.jones1@acme.com,Ops,team-4,2018-12-05 17:33:27.853599
7102968c-8222-47c9-bdba-735ece0b1c4d,Debbie Hamilton,debbie.hamilton@acme.com,Ops,team-14,2025-10-08 17:33:27.853599
8576354e-7696-4bc3-9ad7-fcf2e0f0db73,Ruth Jackson,ruth.jackson@acme.com,Product Manager,team-4,2017-07-05 17:33:27.853599
66a3c22c-0240-42f0-99dc-135ef0c1b0e4,Sara Foster,sara.foster@acme.com,Designer,team-12,2022-02-14 17:33:27.853599
1de4fb6f-a43f-41ce-bfb3-307788df23b6,Brett Kelly,brett.kelly@acme.com,Product Manager,team-1,2022-12-05 17:33:27.853599
954c2254-b6a3-4081-9f69-182d8225e9f3,Dominique Rodriguez,dominique.rodriguez@acme.com,Ops,team-18,2020-07-12 17:33:27.853599
5aa4e3ff-2f2c-485f-9307-66bafaeb7c30,Joshua Perez,joshua.perez@acme.com,Product Manager,team-6,2021-04-30 17:33:27.853599
72399b14-c66a-4aa8-9ff2-d0ee69b32e98,Kimberly Smith,kimberly.smith@acme.com,Marketer,team-5,2024-02-19 17:33:27.853599
e9393bb6-ccc6-474f-97bc-a7de938a9272,Samantha Clark,samantha.clark@acme.com,Ops,team-5,2019-11-10 17:33:27.853599
17f49ea0-7afc-41e9-b67e-f3d31210cf94,Crystal Shepherd,crystal.shepherd@acme.com,Marketer,team-3,2018-01-06 17:33:27.853599
3d761a59-4c1c-4226-b7ef-69b221b8d87b,Ralph Bennett,ralph.bennett@acme.com,Engineer,team-13,2024-09-26 17:33:27.853599
b9838032-1285-472e-be36-94feebecd4c0,Adrian Hamilton,adrian.hamilton@acme.com,Engineer,team-12,2020-07-14 17:33:27.853599
dcd0de11-68d5-4c10-8104-e4ba2e238bf1,Brian Padilla,brian.padilla@acme.com,Product Manager,team-7,2020-10-14 17:33:27.853599
30fd45a4-4cc9-4642-87f5-f9622b3211fa,Heidi Poole,heidi.poole@acme.com,Product Manager,team-9,2021-09-02 17:33:27.853599
80464ae7-dc68-4534-a734-83fac568b881,Julia Nelson,julia.nelson@acme.com,Engineer,team-5,2019-09-29 17:33:27.853599
d35409c4-6a42-4f43-8180-af787f5011e9,Laura Jenkins,laura.jenkins@acme.com,Designer,team-19,2020-10-30 17:33:27.853599
aa5b3f68-6d06-4470-b9b9-88e974bf4fec,Taylor Green,taylor.green@acme.com,Marketer,team-0,2024-05-21 17:33:27.853599
0bf6e1fc-8246-4a77-95ff-b79dfbc5769e,Joy Young,joy.young@acme.com,Product Manager,team-10,2020-11-02 17:33:27.853599
2067b6b7-7618-4472-9a45-02b7cbd32851,Tina Brock,tina.brock@acme.com,Marketer,team-12,2016-10-14 17:33:27.853599
b8397ed1-cd21-4b97-a0f0-670733ed33d5,Amy Walton,amy.walton@acme.com,Product Manager,team-18,2020-03-14 17:33:27.853599
07dfd903-273d-4383-892b-e8e2075b0b95,Jesse Collier,jesse.collier@acme.com,Ops,team-9,2018-08-28 17:33:27.853599
3df56e41-b0fd-4de6-ad4a-b51a8a106bb0,Scott Edwards,scott.edwards@acme.com,Marketer,team-1,2021-03-20 17:33:27.853599
758f82da-fca0-4cac-bf20-f34d65c01d04,Angela Moon,angela.moon@acme.com,Marketer,team-6,2020-03-03 17:33:27.853599
c7c0e08b-5455-4dc3-9004-6e9f6b957fc3,Mary Webster,mary.webster@acme.com,Product Manager,team-12,2017-01-07 17:33:27.853599
6c9f3d47-c89a-4651-8e75-29d1bad42eae,Benjamin Edwards,benjamin.edwards@acme.com,Marketer,team-11,2020-12-19 17:33:27.853599
4a01d825-f457-4f12-9edb-a7987bfbd6de,Elizabeth Green,elizabeth.green@acme.com,Engineer,team-3,2017-06-11 17:33:27.853599
e1af7e13-99cc-4610-b3a9-da230284a888,Michael Shannon,michael.shannon@acme.com,Designer,team-3,2023-05-11 17:33:27.853599
941827fa-3df5-49f9-b7e6-4be082bfbfae,William Taylor,william.taylor@acme.com,Designer,team-13,2016-10-06 17:33:27.853599
c0e4bd78-ed17-4f2a-b040-b48ad522aa83,Jeffrey Johnson,jeffrey.johnson3@acme.com,Product Manager,team-2,2017-08-21 17:33:27.853599
b2af0ed6-20ab-4ddd-b9d6-0df5202d196c,Steven Anderson,steven.anderson@acme.com,Product Manager,team-4,2019-01-15 17:33:27.853599
64e2d8e7-547c-499e-bc00-b66ddd6606b6,Christopher Davis MD,christopher.davis.md@acme.com,Marketer,team-3,2019-07-20 17:33:27.853599
779f347e-4dfc-40c1-a16f-c2ef1c16bbda,Brian Kane,brian.kane@acme.com,Ops,team-6,2020-04-19 17:33:27.853599
0f30704b-2ed8-4c3a-bd0c-672a66e8e7dc,Joseph Davis,joseph.davis1@acme.com,Engineer,team-0,2021-01-04 17:33:27.853599
7cc9bb92-db08-4fe4-8a05-6033f63013a6,Erika Gutierrez,erika.gutierrez@acme.com,Marketer,team-12,2018-06-04 17:33:27.853599
283e7442-0b15-4510-82d2-32afd4cf2986,Anthony Kelly,anthony.kelly@acme.com,Ops,team-13,2023-03-07 17:33:27.853599
4b4a2a12-7422-4276-a675-89fab6e7acd5,Jamie Wilson,jamie.wilson@acme.com,Engineer,team-13,2025-11-04 17:33:27.853599
fd4e3c76-62bd-4e3f-9a53-03a64dbe28fd,Juan Gutierrez,juan.gutierrez@acme.com,Marketer,team-18,2019-01-12 17:33:27.853599
5e450524-4e6d-4e70-a6c1-4d712a8bc458,Michael Cooper,michael.cooper@acme.com,Marketer,team-4,2025-09-24 17:33:27.853599
8178726a-9afc-4020-b7ec-1161631cde43,Maria Ware,maria.ware@acme.com,Marketer,team-14,2025-10-19 17:33:27.853599
ad4f069c-8520-4309-8ed8-0a934acc1582,Laurie Larson,laurie.larson@acme.com,Engineer,team-6,2019-05-02 17:33:27.853599
2efb4ce3-2626-4494-bad8-b72cbb15788e,Susan Johnson,susan.johnson@acme.com,Engineer,team-19,2018-08-19 17:33:27.853599
2039db35-fec5-477b-bfa0-b1cddc28a5d4,Colleen Maddox,colleen.maddox@acme.com,Product Manager,team-5,2017-04-09 17:33:27.853599
8dff6512-0a9c-41f1-a8e4-29fd453cf8ce,Robert Hernandez,robert.hernandez@acme.com,Designer,team-5,2025-02-16 17:33:27.853599
d9b065ab-1dd1-4e2c-9770-9cdf5bf72ef4,Robert Matthews,robert.matthews@acme.com,Ops,team-0,2017-05-06 17:33:27.853599
b404a0d1-df2e-4b63-8f5f-269c434e865e,Joshua Daniels,joshua.daniels@acme.com,Designer,team-5,2021-02-16 17:33:27.853599
c4cd83df-c21b-463b-93ce-5492b439b87b,James Knight,james.knight@acme.com,Designer,team-8,2025-03-18 17:33:27.853599
6cee871c-9bd8-45da-8cb7-1b018cb1c61a,Ian Munoz,ian.munoz@acme.com,Product Manager,team-4,2023-02-12 17:33:27.853599
e925070b-14a4-44d7-b0a2-aac69446e5cd,Dorothy Reed,dorothy.reed@acme.com,Ops,team-7,2020-05-29 17:33:27.853599
f684d5bb-1dab-41ab-849e-3e7a3ff39394,Austin Rodriguez,austin.rodriguez@acme.com,Marketer,team-13,2021-08-03 17:33:27.853599
3b6faa53-ac72-429a-b838-6fffe72edefc,Brittney Bright,brittney.bright@acme.com,Ops,team-1,2021-11-09 17:33:27.853599
90b0e2b2-6609-446a-a851-7c3ceafb82d7,Roger Lewis,roger.lewis@acme.com,Marketer,team-5,2017-05-06 17:33:27.853599
48838949-6ed4-4d37-b3dc-c162cbcffb8e,Jeremy Powers,jeremy.powers@acme.com,Engineer,team-9,2020-03-29 17:33:27.853599
7fe9601a-4671-4616-aaf4-ef2f72eb663a,Andrew Galloway,andrew.galloway@acme.com,Product Manager,team-13,2025-01-02 17:33:27.853599
26dc9d98-b032-4ac3-8c98-59232574eaee,Annette Mendoza,annette.mendoza@acme.com,Marketer,team-2,2016-08-05 17:33:27.853599
ef47f64a-09d9-4ca5-afbc-dcb60c615323,Andrea Gibbs,andrea.gibbs@acme.com,Product Manager,team-16,2022-01-12 17:33:27.853599
0af14247-24c5-4488-aee4-fe478b365e82,Johnny Baker,johnny.baker@acme.com,Designer,team-3,2018-05-15 17:33:27.853599
3f251b77-79f7-4790-b1e1-1be2cd5f4b13,Joanne Fox,joanne.fox@acme.com,Engineer,team-19,2025-01-06 17:33:27.853599
c85a64ad-78b3-410c-911a-2e7ad1e62bec,Nicholas Brown,nicholas.brown@acme.com,Marketer,team-13,2022-07-12 17:33:27.853599
4fa60729-7d25-4021-859d-2e182eba50f7,Thomas Harris MD,thomas.harris.md@acme.com,Engineer,team-6,2015-10-15 17:33:27.853599
959582c6-7719-47de-a04a-d41013b16eb6,Audrey George,audrey.george@acme.com,Designer,team-4,2025-06-12 17:33:27.853599
d03e6082-b210-4528-aa99-de115aafa898,Lauren Wright,lauren.wright@acme.com,Marketer,team-2,2018-03-22 17:33:27.853599
d92d5d58-27b8-474e-a419-add0df43a3ef,Nichole Olsen,nichole.olsen@acme.com,Marketer,team-1,2019-04-05 17:33:27.866856
0f880851-6169-4304-914c-2d40110f406b,Morgan Jenkins,morgan.jenkins@acme.com,Marketer,team-18,2018-05-12 17:33:27.866856
daf29234-988b-42f2-a54c-af41fcefb834,Robert Taylor,robert.taylor@acme.com,Designer,team-17,2023-03-21 17:33:27.866856
5a42dec8-6fff-4475-a50d-f90852fbf282,Richard Anderson,richard.anderson@acme.com,Designer,team-4,2023-09-19 17:33:27.866856
b9ec6f0c-d1be-4cff-9b8a-dbf445d07dcf,Cheryl Davis,cheryl.davis@acme.com,Designer,team-19,2015-08-28 17:33:27.866856
48b168e7-41bd-4bd7-8e4a-4e51e52890b1,Erica Williams,erica.williams@acme.com,Ops,team-6,2016-06-22 17:33:27.866856
92fdf6ec-3b2f-4754-b626-0684ea966b1a,Jamie Cox,jamie.cox@acme.com,Designer,team-6,2023-12-01 17:33:27.866856
465ea906-9014-41b4-8615-ef80bc5ade12,Jeffrey Smith,jeffrey.smith@acme.com,Engineer,team-17,2020-08-27 17:33:27.866856
03bdabf4-56bd-494a-ba21-52c0f16fa49f,Joshua Johnson,joshua.johnson1@acme.com,Designer,team-8,2023-04-11 17:33:27.866856
bc81246b-d5f4-4c2e-bc04-600304952238,Mark Smith,mark.smith@acme.com,Product Manager,team-6,2020-10-25 17:33:27.866856
6870d890-db4d-41c9-af66-5596a74f1ca4,Rodney Hill Jr.,rodney.hill.jr.@acme.com,Ops,team-9,2024-08-15 17:33:27.866856
f5d371b3-9678-40aa-9a2a-f883a458ca9e,Amy Padilla,amy.padilla@acme.com,Designer,team-19,2023-09-07 17:33:27.866856
ada52d3f-3c5e-477d-89ca-4f364c7d5288,Caleb Larsen,caleb.larsen@acme.com,Ops,team-10,2016-10-29 17:33:27.866856
4e3aff98-9de0-46ce-960f-58597556731e,Diane Jensen,diane.jensen@acme.com,Ops,team-16,2018-10-14 17:33:27.866856
ac35516d-cceb-4b3d-acd1-94cb2bef19b4,Karen Allen,karen.allen@acme.com,Engineer,team-14,2024-09-11 17:33:27.866856
40e66a79-3389-4870-8de9-9e93b6e34f99,Michael Davis,michael.davis1@acme.com,Ops,team-7,2021-10-29 17:33:27.866856
8dbd87ce-334a-4075-9ac5-8e32b5d258e0,Joseph Henson,joseph.henson@acme.com,Engineer,team-17,2025-03-27 17:33:27.866856
b568c9ec-f091-4cac-8a37-f08d2d8a69b1,Carolyn Mueller,carolyn.mueller@acme.com,Product Manager,team-13,2024-01-01 17:33:27.866856
7496032a-47b2-41e3-aa15-89c886744735,Stephanie Arnold,stephanie.arnold@acme.com,Product Manager,team-5,2023-09-02 17:33:27.866856
47a4bf91-1671-470e-9f12-3652c15806f1,Thomas Orr,thomas.orr@acme.com,Product Manager,team-7,2020-03-12 17:33:27.866856
45e4b5d3-42d0-4b65-b304-8e6583708512,Mathew Jimenez,mathew.jimenez@acme.com,Ops,team-11,2022-03-18 17:33:27.866856
bebde71e-6aa5-4fcb-b422-3b6842a4495b,Mr. Robert Sheppard DDS,mr..robert.sheppard.dds@acme.com,Product Manager,team-16,2018-07-30 17:33:27.866856
1a6a74da-1755-4b17-a256-d5f6b2f42037,Kenneth Castro,kenneth.castro@acme.com,Product Manager,team-18,2019-01-29 17:33:27.866856
36f76806-b84e-4996-b9a8-14b7c0c9173e,Matthew Hunt,matthew.hunt@acme.com,Ops,team-15,2017-11-25 17:33:27.866856
de09fbec-fde3-4198-a10b-671a1cf78f53,Virginia Reid,virginia.reid@acme.com,Designer,team-0,2021-12-07 17:33:27.866856
68c2a0f2-76db-4041-aaf0-e510f8c03bb8,Melissa Powell,melissa.powell@acme.com,Product Manager,team-10,2018-07-24 17:33:27.866856
d350b3f8-ccc3-4423-9649-22e82799522e,Shelby Briggs,shelby.briggs@acme.com,Product Manager,team-17,2015-09-26 17:33:27.866856
a7999faf-4e5b-4e4a-9a83-66bc99556611,Chelsea Copeland,chelsea.copeland@acme.com,Marketer,team-16,2021-12-12 17:33:27.866856
515e2c39-0cdd-4e44-89a4-23d47d1f8b65,Thomas Frye,thomas.frye@acme.com,Marketer,team-7,2019-04-09 17:33:27.866856
1f2554a8-3a05-4c80-bc30-e0b5be918ef5,Heather Johnson,heather.johnson@acme.com,Designer,team-17,2025-12-26 17:33:27.866856
2dc135dc-07e7-4b48-b885-b38bc82353e9,Jennifer Cole,jennifer.cole@acme.com,Ops,team-18,2023-03-23 17:33:27.866856
0ac7730d-1351-4653-a6e2-5ec8e2e36569,Lisa Flores,lisa.flores@acme.com,Marketer,team-19,2019-01-01 17:33:27.866856
006c37be-f7b3-4fc9-93e1-bdb63ef7f413,Robert Riley,robert.riley@acme.com,Designer,team-5,2016-09-11 17:33:27.866856
92246bf1-6c6c-4d06-9ce2-f5fa4eaf1643,Valerie Kim,valerie.kim@acme.com,Engineer,team-9,2024-05-02 17:33:27.866856
869bd8be-a2cc-4fef-b58b-41d406ace2e7,Stephanie Hansen,stephanie.hansen@acme.com,Marketer,team-16,2016-11-30 17:33:27.866856
81f7be68-42cb-4009-b696-932637546b59,Christina Yates,christina.yates@acme.com,Engineer,team-12,2015-09-13 17:33:27.866856
7a54dac9-3018-4111-a576-8024f79b9e9b,Sally Gray,sally.gray@acme.com,Designer,team-5,2021-12-28 17:33:27.866856
58a65855-e9f7-4e43-803d-1c596a380b95,Stuart Foster,stuart.foster@acme.com,Engineer,team-3,2015-09-29 17:33:27.866856
0ec7c491-4c94-4cde-854f-bc0fb79a5215,David Riley,david.riley@acme.com,Designer,team-11,2021-04-11 17:33:27.866856
496574ae-c773-4323-8c3d-f87e71d39a3a,Brent Porter,brent.porter@acme.com,Ops,team-10,2018-07-27 17:33:27.866856
d8afc833-4f37-4cb7-b3ae-83ee6b7ae9b0,Mrs. Cindy Wyatt,mrs..cindy.wyatt@acme.com,Marketer,team-0,2019-04-18 17:33:27.866856
3c74f089-1597-46cc-a5f7-b1faad917a46,Christina Rodriguez,christina.rodriguez@acme.com,Product Manager,team-9,2022-09-09 17:33:27.866856
e1d3dbac-707f-494b-96c3-4ccb94e153a5,Justin Cook,justin.cook@acme.com,Product Manager,team-8,2023-10-30 17:33:27.866856
e3f9606b-4c06-4e77-8799-4e01f8e0dc98,Rodney Harris,rodney.harris1@acme.com,Designer,team-4,2024-04-23 17:33:27.866856
ded8e358-588f-4db0-9a71-8f1ae6bd7759,Ralph Huang,ralph.huang@acme.com,Marketer,team-14,2025-04-11 17:33:27.866856
5211efc2-565b-42f9-a115-66c5a509852e,Lauren Arnold,lauren.arnold@acme.com,Engineer,team-19,2020-02-16 17:33:27.866856
00fcf7b7-bfb1-4062-a351-bbb3d9dcbb22,Jacqueline Thomas,jacqueline.thomas@acme.com,Ops,team-0,2024-09-18 17:33:27.866856
3bb3230f-8c3f-4faf-b71b-927191f66e3f,William Davis,william.davis1@acme.com,Ops,team-18,2018-05-12 17:33:27.866856
13ce94d4-0044-4844-8aef-83046af6b9a7,James Montes,james.montes1@acme.com,Designer,team-18,2023-08-14 17:33:27.866856
c5e2580c-6f23-4e8f-b2ef-6fdec816bcd1,Laura Boyd,laura.boyd@acme.com,Ops,team-10,2017-12-04 17:33:27.866856
64441d5f-c1c5-4e69-838a-45b8a0fe0b97,Teresa Harris,teresa.harris@acme.com,Ops,team-16,2021-04-07 17:33:27.866856
2505ed75-13e9-456c-8332-2c1931ef530e,Jeffrey Olson,jeffrey.olson@acme.com,Designer,team-8,2022-05-04 17:33:27.866856
eca744bf-7dc0-4bf0-accd-51d17b78b80f,Annette Smith,annette.smith@acme.com,Designer,team-1,2017-05-14 17:33:27.866856
82ee4c57-86c6-4b10-8988-a8aa73d1d169,Emily Benson,emily.benson@acme.com,Ops,team-10,2016-09-04 17:33:27.866856
82b409df-b343-4955-80ee-cfef44c015ba,Bryan Wright,bryan.wright@acme.com,Ops,team-7,2020-12-24 17:33:27.866856
3a7bf00b-33e6-4e81-babe-08ccecd7bfd0,Steven Le,steven.le@acme.com,Marketer,team-6,2022-06-21 17:33:27.866856
ddc9123a-8939-4831-a57d-f93dc47b443f,Kathryn Hurst,kathryn.hurst@acme.com,Ops,team-3,2020-04-08 17:33:27.866856
d902307d-ff39-4172-9c28-7cea5aa1b3a8,Mary Perry,mary.perry@acme.com,Marketer,team-0,2017-09-14 17:33:27.866856
eb1108d0-ef40-4a31-974b-99fa10d6ad38,Richard Bailey,richard.bailey1@acme.com,Ops,team-2,2017-07-31 17:33:27.866856
2c5c8ec8-d582-49a6-be49-c43740ffcd84,Kenneth Cameron,kenneth.cameron@acme.com,Engineer,team-7,2023-12-16 17:33:27.866856
62800943-4245-4996-969a-60dd5aa65c00,Jonathan Alvarez,jonathan.alvarez@acme.com,Engineer,team-12,2021-01-31 17:33:27.866856
32f0b1a5-64ae-4360-bc89-5c4ea7ade401,Melissa David,melissa.david@acme.com,Marketer,team-14,2019-08-23 17:33:27.866856
d1a4bc25-f599-4c39-a4d8-04d7d2196b41,Christopher Brooks,christopher.brooks@acme.com,Marketer,team-12,2017-10-25 17:33:27.866856
ce001250-fc38-4461-ad2f-426fe1e75ca8,Kenneth Thomas,kenneth.thomas@acme.com,Designer,team-13,2020-02-26 17:33:27.866856
c46778ee-584e-4209-abca-ea974a2c9997,William Brown,william.brown@acme.com,Product Manager,team-14,2015-09-02 17:33:27.866856
6a424fdc-23b3-4ba0-9c03-9cc1bb4687d0,Andrew Collins,andrew.collins@acme.com,Product Manager,team-5,2016-07-28 17:33:27.866856
794a8f67-21cd-4f1a-af35-270895e1cf8e,Stacy Lang,stacy.lang@acme.com,Product Manager,team-9,2024-01-21 17:33:27.866856
d27bcda6-1ec4-4157-99ba-66c37b4d1823,Tammy Conner,tammy.conner@acme.com,Ops,team-0,2021-01-26 17:33:27.866856
063d9048-2401-44bc-a630-f41b9110cd79,Zachary Nichols,zachary.nichols@acme.com,Ops,team-10,2022-02-21 17:33:27.866856
ef4df805-61ff-4816-935a-6429bb0a6b58,Michael Johnson,michael.johnson1@acme.com,Product Manager,team-5,2025-02-19 17:33:27.866856
b5b94b8c-77ba-41aa-b3d4-7d482193c52a,Sheryl Price,sheryl.price@acme.com,Engineer,team-6,2024-07-27 17:33:27.866856
7e61cf86-8c29-4ddf-a5b7-6a914c1e7d0e,Amy Harris,amy.harris@acme.com,Product Manager,team-16,2020-04-11 17:33:27.866856
98f8d539-7379-41e9-afb5-8529861cbd66,Andrea Bailey,andrea.bailey@acme.com,Marketer,team-8,2025-10-02 17:33:27.866856
cb8b71c2-2898-447e-b4a5-6263d5e1884c,Antonio Pruitt,antonio.pruitt@acme.com,Designer,team-1,2024-05-26 17:33:27.866856
c1e1f046-c49d-409a-af46-bf43f3b4b90d,Travis Haynes,travis.haynes@acme.com,Designer,team-4,2018-03-23 17:33:27.866856
b4503550-1a1f-4a02-94b9-e236ca938364,James Williams,james.williams1@acme.com,Engineer,team-10,2022-08-16 17:33:27.866856
59711e77-244c-42cf-9af5-a0214f381f21,Nicholas Peters,nicholas.peters@acme.com,Marketer,team-14,2025-10-14 17:33:27.866856
6de6195d-636f-43eb-9faf-bec030d0b423,Christian Hopkins,christian.hopkins@acme.com,Marketer,team-7,2015-09-01 17:33:27.866856
cc7dbf66-e6d8-4cff-9bbc-89a547316dc3,Christopher Vargas,christopher.vargas@acme.com,Engineer,team-19,2018-10-12 17:33:27.866856
ceea0af5-b612-4ae4-b8c6-3b4c2933ebf4,Bradley Torres,bradley.torres@acme.com,Engineer,team-15,2017-07-14 17:33:27.866856
cde2a3cd-1899-4415-a29e-3401defc162e,Karen Henson,karen.henson@acme.com,Product Manager,team-8,2019-11-24 17:33:27.866856
15dc53e2-75db-4be9-9064-6fd35efb1d95,Craig Shaw,craig.shaw@acme.com,Designer,team-12,2024-07-09 17:33:27.866856
bdd73605-be85-4b47-a3e8-8c1bef79de8b,James Bowers,james.bowers@acme.com,Ops,team-8,2015-11-26 17:33:27.866856
5c163d8f-9bac-4488-84c1-5aac9c2a5de5,April Jones MD,april.jones.md@acme.com,Engineer,team-8,2018-07-21 17:33:27.866856
a7d568af-32b8-448a-ad26-a153cc15441d,Wanda Sellers,wanda.sellers@acme.com,Marketer,team-0,2015-12-11 17:33:27.866856
c5bb1656-a4a8-4225-a8c5-f0ea005247d5,Erica Saunders,erica.saunders@acme.com,Marketer,team-9,2018-10-07 17:33:27.866856
e5199c6c-8d4d-4c1c-8c90-9e212f45735e,Nathan Hunter,nathan.hunter@acme.com,Marketer,team-16,2021-07-24 17:33:27.866856
61f271ce-cf3e-409b-aace-595ac356b29c,Victor Delgado,victor.delgado@acme.com,Designer,team-18,2018-08-06 17:33:27.866856
ee64ecc4-e80b-4375-ac6b-2efba8186b31,Jackie Baker,jackie.baker@acme.com,Ops,team-1,2024-02-16 17:33:27.866856
52efae35-d2a6-40e2-b538-6130f3848f2f,William Hunt,william.hunt@acme.com,Designer,team-0,2021-02-18 17:33:27.866856
201713b9-4d05-4b96-a376-ea7d3ecab0d0,Jeffrey Williams,jeffrey.williams@acme.com,Ops,team-2,2015-12-11 17:33:27.866856
da65e2c6-c2f5-407e-9195-e0f818e9f153,Mr. Robert Mason,mr..robert.mason@acme.com,Product Manager,team-9,2019-06-27 17:33:27.866856
19c1469b-8f7f-4e59-8daf-55cd0bb23ce1,John Stanton,john.stanton@acme.com,Ops,team-1,2016-02-27 17:33:27.866856
fe9d21b4-d943-44c5-b3c0-517d1fcdb00e,Kyle Owens,kyle.owens@acme.com,Product Manager,team-1,2018-11-19 17:33:27.866856
80f03f4f-4f35-4bc0-9875-b0821230b26b,Kristina Nguyen,kristina.nguyen@acme.com,Designer,team-15,2024-02-22 17:33:27.866856
24effc37-a32b-4065-aa84-553535f6b1e1,Janet Snow,janet.snow@acme.com,Ops,team-1,2025-01-27 17:33:27.866856
ee039180-0cf5-48d5-b914-506307c4f500,Christopher Bright,christopher.bright@acme.com,Ops,team-1,2015-10-27 17:33:27.866856
a7e8d22d-382c-4c9d-ab28-34c8761d8c85,David Miller,david.miller@acme.com,Ops,team-14,2017-05-28 17:33:27.866856
b714debf-2e28-450e-a6c4-2748005697af,Steven Velez,steven.velez@acme.com,Product Manager,team-19,2019-02-03 17:33:27.866856
e5d3f401-3d63-4c9f-89f9-07c5a39c914e,Robin Galvan,robin.galvan@acme.com,Marketer,team-4,2019-01-23 17:33:27.866856
90c1656c-5185-4e35-b172-20db5c0b1506,Paul Adams,paul.adams@acme.com,Product Manager,team-16,2020-04-29 17:33:27.866856
0e3e3439-7fe3-4ead-84bc-413879261b67,Pamela Jones,pamela.jones@acme.com,Marketer,team-16,2024-11-18 17:33:27.866856
7cfd2508-50cc-4a65-a477-b97cb3e0ffec,Jacob Kirk,jacob.kirk@acme.com,Engineer,team-13,2021-01-24 17:33:27.866856
96dc4aef-9ea5-46b1-99a1-2c9b2a719ad1,Shannon Davis,shannon.davis@acme.com,Product Manager,team-2,2021-09-01 17:33:27.866856
05e34fb0-cb01-4496-8b90-0ff79d9cd5d9,Amanda Johnson,amanda.johnson1@acme.com,Ops,team-10,2023-05-01 17:33:27.866856
175fbf5b-3587-4557-968e-9fdc64760977,Alexander Sellers,alexander.sellers@acme.com,Engineer,team-9,2025-11-27 17:33:27.866856
6f2d1ebe-e136-47d2-9486-f22b06ae7e6e,Tony Blair,tony.blair@acme.com,Designer,team-3,2020-01-07 17:33:27.866856
52bc23fa-68ec-46eb-9392-9a3665953321,Drew Fernandez,drew.fernandez@acme.com,Ops,team-19,2020-07-06 17:33:27.866856
97ce9590-c74e-43e2-886b-c0caae2f1713,Kevin Preston,kevin.preston@acme.com,Designer,team-9,2016-07-10 17:33:27.866856
d5a813bb-cb36-40e6-9ab0-c79509234662,Nathaniel Roth,nathaniel.roth@acme.com,Designer,team-2,2019-07-02 17:33:27.866856
538b6519-d0dd-49cb-ab09-f3c1f80e9719,David Montgomery,david.montgomery@acme.com,Designer,team-9,2021-08-03 17:33:27.866856
cd0ba3cf-7d68-45fa-b2dc-ff2a381fb3cd,Mark Irwin,mark.irwin@acme.com,Product Manager,team-11,2024-12-06 17:33:27.866856
f2993737-f199-4bc9-8482-c995976b713f,Stephanie Durham,stephanie.durham@acme.com,Ops,team-3,2022-11-20 17:33:27.866856
60d16d99-9491-4ac8-a95c-5d4147af1e63,Dana Davis,dana.davis@acme.com,Marketer,team-13,2024-12-05 17:33:27.866856
661154e6-5d69-4bcc-ac01-41ef31b97441,Lori Clark,lori.clark@acme.com,Designer,team-19,2016-08-17 17:33:27.866856
a59b2dee-6c6e-4b7b-a952-51afaa1f0223,Catherine Clark,catherine.clark@acme.com,Engineer,team-10,2024-07-12 17:33:27.866856
438b0eaf-c9bf-4dcc-9ef0-fc4c48698deb,Tasha Robles,tasha.robles@acme.com,Marketer,team-17,2017-11-23 17:33:27.866856
3edeaa77-787a-4787-a11f-325723bce5ef,Nathan Smith,nathan.smith@acme.com,Engineer,team-14,2023-01-12 17:33:27.866856
b27f908f-04f4-4fb3-9786-660ea32c97a6,Jimmy Frank,jimmy.frank@acme.com,Product Manager,team-8,2021-08-17 17:33:27.866856
54d69e98-3a3a-44f0-ace0-a463c3844380,Ryan West,ryan.west1@acme.com,Engineer,team-16,2021-01-23 17:33:27.866856
cafdbe5e-a748-4601-9e91-04dfcc5c722a,Kimberly Anderson,kimberly.anderson@acme.com,Marketer,team-15,2019-01-19 17:33:27.882870
650f320d-3b42-45a1-a4d3-8f2ea93000b6,Lawrence Ashley,lawrence.ashley@acme.com,Engineer,team-12,2022-12-13 17:33:27.882870
398c77ae-a116-4b95-b4fc-952cee8a92d9,Austin Fisher,austin.fisher@acme.com,Engineer,team-14,2025-12-09 17:33:27.882870
ac2477af-c78b-4450-923f-c8eaa277b9cd,Pamela Patterson,pamela.patterson@acme.com,Marketer,team-7,2015-10-22 17:33:27.882870
f7f79e5a-e282-4b89-abf8-f2629f762a16,Dawn Chen,dawn.chen@acme.com,Designer,team-15,2018-10-03 17:33:27.882870
a2abf999-d628-4931-a7fb-1565e2cf0ef1,Mark Ward,mark.ward@acme.com,Designer,team-14,2018-11-13 17:33:27.882870
4fe4947a-32ab-4986-8496-bb590b159071,Tammy White,tammy.white@acme.com,Designer,team-13,2021-11-05 17:33:27.882870
1fa54162-7744-4c05-921c-69e1a2b82a05,Sheryl Mcdonald,sheryl.mcdonald@acme.com,Designer,team-15,2022-07-11 17:33:27.882870
f193d3d4-590d-4435-8b9c-bb4ae59c4617,Daniel Mcguire,daniel.mcguire@acme.com,Ops,team-6,2022-06-05 17:33:27.882870
1cd11758-ce26-469d-be7a-535e4ad629eb,Donald Williams,donald.williams@acme.com,Engineer,team-4,2021-04-23 17:33:27.882870
da355ed4-7782-4282-847f-d39f852e4cdd,Travis Gonzales,travis.gonzales@acme.com,Marketer,team-6,2024-08-07 17:33:27.882870
e4344e7e-25d5-4cee-a035-9c1eda2637aa,Brittany Chambers,brittany.chambers@acme.com,Product Manager,team-19,2021-11-01 17:33:27.882870
66a1503e-8aa5-4747-8ba2-233afdda7152,Robert Rogers,robert.rogers@acme.com,Designer,team-11,2021-03-20 17:33:27.882870
348e4d0f-b2b4-4804-8718-98f563e348ab,Derek Ward,derek.ward@acme.com,Engineer,team-2,2021-03-21 17:33:27.882870
bf2f3e17-3db2-428e-9e21-9e43fc1ed58f,John Ramsey,john.ramsey@acme.com,Designer,team-4,2016-09-01 17:33:27.882870
a416e109-c74a-4683-a3bc-494dac300aa9,Sabrina Mccormick,sabrina.mccormick@acme.com,Marketer,team-15,2015-12-14 17:33:27.882870
e5839df8-7459-40eb-a3e5-a8772d2be34e,Emma Alvarez,emma.alvarez@acme.com,Ops,team-16,2025-09-25 17:33:27.882870
97b2e43b-3a74-41a1-909d-7695e68499e3,Carol Payne,carol.payne@acme.com,Marketer,team-6,2016-08-02 17:33:27.882870
c2e45a2a-ec24-40c7-90ca-0b0a8f3f997f,Erica Brown,erica.brown@acme.com,Product Manager,team-0,2022-08-30 17:33:27.882870
40b0f469-c9ef-4412-93c8-c5fdc22f402b,Laura Powell,laura.powell@acme.com,Engineer,team-0,2022-07-05 17:33:27.882870
ca69b2f8-fa02-4f7d-876b-f718c888a5e4,Ashley Ramos,ashley.ramos@acme.com,Engineer,team-16,2017-12-24 17:33:27.882870
17c5bd9d-539f-4ed8-b5a6-09d4686d6601,Tamara Mooney,tamara.mooney@acme.com,Ops,team-3,2018-04-14 17:33:27.882870
77250578-2b75-477b-aafc-5865c707f675,Brent Perry,brent.perry@acme.com,Product Manager,team-16,2025-07-22 17:33:27.882870
ef285067-a5f2-4218-a6ef-26b132ad2a1c,Jennifer Meyer,jennifer.meyer@acme.com,Designer,team-19,2022-10-26 17:33:27.882870
18463d53-ef69-4fb8-8418-f05e40543c10,Richard Griffin,richard.griffin@acme.com,Marketer,team-19,2024-02-05 17:33:27.882870
09aa5be5-b8ab-446c-80d0-8aa973182c42,Jennifer Chapman,jennifer.chapman@acme.com,Ops,team-14,2025-08-31 17:33:27.882870
2cf1cf2b-a5ec-4ea9-a62a-75c139ec3189,Arthur Powers,arthur.powers@acme.com,Designer,team-14,2024-09-26 17:33:27.882870
e312004f-3c66-41f2-a34b-dd6c0d34e74c,Rachel Walker,rachel.walker@acme.com,Designer,team-9,2017-11-14 17:33:27.882870
768a0b74-4a84-4ec1-a405-96a250a13155,Nancy Brown,nancy.brown@acme.com,Engineer,team-6,2022-06-29 17:33:27.882870
3a77c97d-34cf-4334-a93b-8bbe61fab0a8,Mark Hernandez,mark.hernandez1@acme.com,Marketer,team-7,2021-07-20 17:33:27.882870
1577ba3e-0eb2-4a01-9d51-f0b460e212e0,Amber Kennedy,amber.kennedy@acme.com,Marketer,team-10,2022-05-28 17:33:27.882870
cbc1813e-2720-46c9-afc9-899781c8040d,Debra Jackson,debra.jackson@acme.com,Designer,team-4,2019-02-25 17:33:27.882870
9b885b18-5955-4d6e-94cd-cc957ac4a1c0,Jeremy Simon,jeremy.simon1@acme.com,Ops,team-5,2025-08-30 17:33:27.882870
d444b816-30de-4e00-9bdc-518cbc5980fb,Heather Barnes,heather.barnes@acme.com,Designer,team-11,2017-09-17 17:33:27.882870
27acc56c-0b70-4da1-a9e9-726512458089,Adrienne Gomez,adrienne.gomez@acme.com,Marketer,team-3,2020-08-11 17:33:27.882870
cee8ac35-a974-4844-a7f9-50ef18786cfd,Sherry Medina,sherry.medina@acme.com,Engineer,team-5,2025-09-01 17:33:27.882870
4cac6291-83bf-479d-ac0d-e98139d61db3,Brent Nunez,brent.nunez@acme.com,Designer,team-15,2022-06-02 17:33:27.882870
941cecf7-9168-4d59-b4ed-331934881acf,Sheryl Lane,sheryl.lane@acme.com,Marketer,team-0,2017-04-06 17:33:27.882870
8040ae26-8de2-42bb-bbc2-d4b21ec09a34,Barbara Carter,barbara.carter@acme.com,Marketer,team-16,2024-12-11 17:33:27.882870
1c76de1a-3789-41f5-8191-cebc11c7e2ef,Melissa Young,melissa.young@acme.com,Ops,team-10,2022-07-28 17:33:27.882870
2932b96b-4f31-47f0-97a0-8fd9691fac50,Ryan Lewis,ryan.lewis@acme.com,Marketer,team-11,2023-12-22 17:33:27.882870
e3ac6d25-dd13-457a-9f4b-fb768624bdf9,Elizabeth Thompson,elizabeth.thompson@acme.com,Marketer,team-4,2021-04-04 17:33:27.882870
2d1b95ea-1894-45ea-95b5-426f01b0d30e,Kimberly Le,kimberly.le@acme.com,Marketer,team-5,2019-12-24 17:33:27.882870
7e734796-3be9-438e-850f-7bc63e03d3b4,Kevin Webb,kevin.webb@acme.com,Ops,team-5,2018-06-06 17:33:27.882870
c203a9ad-4864-4fc2-994b-adabf44602cd,Jose Henderson,jose.henderson@acme.com,Designer,team-1,2023-12-13 17:33:27.882870
03c71ec9-c19c-44ae-82fd-b92cbfbb9190,Jeremy Thompson,jeremy.thompson@acme.com,Ops,team-4,2025-12-25 17:33:27.882870
a59b275d-adb3-48a5-a289-a8d2d1173227,Crystal Cruz,crystal.cruz@acme.com,Designer,team-12,2017-01-28 17:33:27.882870
9b6c2baf-261d-4690-9b28-30c2dbb949de,Tara Olson,tara.olson@acme.com,Designer,team-1,2017-07-21 17:33:27.882870
38963243-99ec-4254-8563-0ded81f4d815,Holly Green,holly.green@acme.com,Designer,team-10,2025-07-07 17:33:27.882870
34b797b1-cfe4-4119-b0c7-13dd1818857f,Elizabeth Baker,elizabeth.baker@acme.com,Marketer,team-3,2023-06-12 17:33:27.882870
5d183873-597d-4783-8412-713e4ad1e4e9,Edward Bray,edward.bray@acme.com,Ops,team-13,2019-12-07 17:33:27.882870
c51955a5-62d2-4f88-a2c6-6de6da96132e,Julie Barnes,julie.barnes@acme.com,Ops,team-14,2024-10-24 17:33:27.882870
0993a7a9-cc2b-4bbc-8bf8-d26055859078,Nancy Horn,nancy.horn@acme.com,Designer,team-19,2025-09-12 17:33:27.882870
d4776be1-d191-4a8b-8d3c-1e5c3085116f,Tyler Perkins,tyler.perkins@acme.com,Engineer,team-6,2021-02-11 17:33:27.882870
fb3e92b9-58b8-4f1c-9090-cff92cf2a02a,Scott Lopez,scott.lopez@acme.com,Product Manager,team-18,2021-08-22 17:33:27.882870
ba609778-3ba0-4f3d-a55d-2baeb3f76b46,Calvin Sanchez,calvin.sanchez@acme.com,Marketer,team-11,2016-11-06 17:33:27.882870
6aa2f9b4-1642-418f-8664-6fcff1ae8c91,Jeremy Perry,jeremy.perry@acme.com,Designer,team-1,2015-11-30 17:33:27.882870
71c9b432-711d-426b-88dd-41eb558222e4,Jennifer Duran,jennifer.duran@acme.com,Marketer,team-11,2016-10-24 17:33:27.882870
073df174-802e-4abb-b0a1-b613c095f4e2,Stacey Winters,stacey.winters@acme.com,Product Manager,team-17,2025-02-11 17:33:27.882870
1bd8acc9-b654-474d-a6d4-7dbee15a8f1c,Brandon Petty,brandon.petty@acme.com,Marketer,team-3,2021-06-08 17:33:27.882870
ed0ed687-89b7-440b-82d1-0a851b49bfa7,Crystal Chung,crystal.chung@acme.com,Product Manager,team-13,2018-06-13 17:33:27.882870
97a62b30-b58d-4e7e-a2db-6bc8a631ae2c,Penny James,penny.james@acme.com,Ops,team-4,2019-01-01 17:33:27.882870
893437ab-b0c6-469b-bfe7-e96b01a433fd,Christopher Castillo,christopher.castillo@acme.com,Marketer,team-2,2024-04-15 17:33:27.882870
b2fb19e3-0e14-40a6-ae53-467b8fe53ef0,Mark Murphy,mark.murphy@acme.com,Engineer,team-17,2020-03-01 17:33:27.882870
0a025e79-5194-4757-bcb9-19d6fa5b3692,Brianna Mitchell,brianna.mitchell@acme.com,Designer,team-14,2019-08-10 17:33:27.882870
39dd3527-851f-4ead-b332-73bf9abfd81e,Pedro Robertson,pedro.robertson@acme.com,Engineer,team-13,2017-06-29 17:33:27.882870
e3ec49e7-3497-4253-9c5d-f0bb9e5e9056,Daniel Smith,daniel.smith@acme.com,Designer,team-1,2017-02-17 17:33:27.882870
b0e73a2f-3be4-4dc5-9f11-6ea3a624ca24,Tamara Davis,tamara.davis@acme.com,Engineer,team-0,2022-04-09 17:33:27.882870
f9fadf85-9e3e-415a-8505-a38ab22723e1,Heather Clark,heather.clark@acme.com,Ops,team-6,2018-04-06 17:33:27.882870
b7de6cfc-e633-47aa-bde9-496bd784118d,Thomas Burns,thomas.burns@acme.com,Ops,team-18,2023-11-06 17:33:27.882870
3afaeb97-7509-426a-be9c-57571c43e8fa,Kim Porter,kim.porter@acme.com,Engineer,team-19,2019-03-20 17:33:27.882870
a9312767-3b2a-4ce9-9b26-d9d28baa0d29,Brent James,brent.james@acme.com,Marketer,team-14,2024-02-14 17:33:27.882870
540f9925-ac1c-4ac7-ab7d-b330377d8660,Richard Duffy,richard.duffy@acme.com,Marketer,team-0,2022-05-29 17:33:27.882870
0aa4617a-d3e6-4f11-a737-8d127baf6e63,Karen Mckee,karen.mckee@acme.com,Ops,team-19,2022-06-26 17:33:27.882870
e2a59af8-0bba-4cef-83c0-df8a5e4e5739,Sandra Castaneda,sandra.castaneda@acme.com,Designer,team-1,2021-08-27 17:33:27.882870
6e75d17b-a953-43a3-8906-2aa2a53153f4,April Schmitt MD,april.schmitt.md@acme.com,Designer,team-5,2024-03-22 17:33:27.882870
a8e14102-280f-43e8-a472-e24a891a4311,Timothy Powell,timothy.powell@acme.com,Marketer,team-10,2018-12-11 17:33:27.882870
ff3b817b-46b8-4da1-a850-82a7b9ab5b3c,Deborah Moreno,deborah.moreno@acme.com,Marketer,team-3,2021-12-28 17:33:27.882870
243a34d9-784e-47d1-a9cb-70d3f769bb77,Tara Vazquez,tara.vazquez@acme.com,Marketer,team-19,2023-08-06 17:33:27.882870
fa64e3cc-2d54-4630-b959-62a0eeb8044c,Miss Kristen Andersen,miss.kristen.andersen@acme.com,Designer,team-15,2026-01-03 17:33:27.882870
4a589ae9-b3b3-4562-ae15-1bb6795783d0,Theresa Carr,theresa.carr@acme.com,Marketer,team-13,2016-01-03 17:33:27.882870
1008f8ea-234e-4229-ab94-d0c4539fdd98,Brenda Sheppard,brenda.sheppard@acme.com,Engineer,team-9,2023-02-24 17:33:27.882870
30300dd0-d596-419b-8ad9-8cec6017f7e9,Kevin Sanchez,kevin.sanchez@acme.com,Product Manager,team-12,2022-08-09 17:33:27.882870
58a2d6a4-f000-417a-b116-747031c2bc48,Brandon Wang,brandon.wang@acme.com,Product Manager,team-5,2023-05-21 17:33:27.882870
1232ca60-d3b9-48ec-96af-40b8613c6f70,Ernest Smith,ernest.smith@acme.com,Ops,team-5,2024-12-09 17:33:27.882870
3d6edb44-713e-4ff4-ac26-b0dedefefba1,Larry Miller,larry.miller@acme.com,Ops,team-2,2020-04-16 17:33:27.882870
9390502c-2b6e-4977-b5f6-973167f38433,Laura Nunez,laura.nunez@acme.com,Marketer,team-5,2021-03-01 17:33:27.882870
104c8fb0-e8d2-4ea0-8018-c556390d92e6,Jason Jones,jason.jones@acme.com,Designer,team-3,2021-05-01 17:33:27.882870
1bf7240f-3dde-40e9-83ee-1603ac8a3d11,Janet Parker,janet.parker@acme.com,Engineer,team-2,2020-09-22 17:33:27.882870
d17c9004-c77f-4a06-b70d-d31efe13dda8,Roger Robles,roger.robles@acme.com,Product Manager,team-16,2025-10-28 17:33:27.882870
e9b801dc-193a-494c-ac4a-36711556130c,Dawn Rodriguez,dawn.rodriguez@acme.com,Engineer,team-14,2024-09-10 17:33:27.882870
1f12aba8-0682-4e20-b7f6-44f2bc594ef3,Ashley Jackson,ashley.jackson@acme.com,Engineer,team-6,2024-12-06 17:33:27.882870
73e0ee6b-6003-40f3-8dcf-e92ca9c14572,Laurie Powers,laurie.powers@acme.com,Ops,team-16,2025-06-27 17:33:27.882870
61568c53-3ca4-407a-b8ba-82390b054df9,Matthew Reed,matthew.reed@acme.com,Marketer,team-3,2016-03-14 17:33:27.882870
6f06083b-14b1-46ce-ac74-deff269ebf60,Regina Gonzalez,regina.gonzalez@acme.com,Marketer,team-12,2021-05-29 17:33:27.882870
c271d3b5-b70c-4dd6-aed9-1de2afd7d458,Wendy Silva,wendy.silva@acme.com,Designer,team-8,2023-01-07 17:33:27.882870
ec3b5b3c-5413-4a2a-9219-48db52507bfa,Thomas Walters,thomas.walters@acme.com,Designer,team-6,2024-03-03 17:33:27.882870
05f41f69-6e71-4bd3-9bc3-f3e69eece5e1,Bryan Keller,bryan.keller@acme.com,Designer,team-15,2024-05-22 17:33:27.882870
78890e5a-d6b2-456d-9e1c-d54d7c59fd43,Janet Sawyer,janet.sawyer@acme.com,Product Manager,team-1,2018-12-29 17:33:27.882870
674fd7d0-eabf-486c-8c2a-d964f4ea6c50,Richard Bell,richard.bell@acme.com,Marketer,team-9,2024-12-07 17:33:27.882870
d796b91d-cd49-4018-b328-8e672ba35042,Craig Oneal,craig.oneal@acme.com,Designer,team-9,2023-02-12 17:33:27.882870
73a7e755-0f5f-42ae-ac72-0961425564a1,Sierra Powell,sierra.powell@acme.com,Designer,team-3,2020-05-13 17:33:27.882870
95a91cb8-bbfa-4536-bd3e-fddf6a32d0c6,Ashley Obrien,ashley.obrien@acme.com,Engineer,team-19,2025-12-12 17:33:27.882870
7c69ae78-7391-436d-9873-2d29e8e4445c,Brianna King,brianna.king@acme.com,Marketer,team-3,2020-12-19 17:33:27.882870
62848ea7-583a-432b-8902-7e20b28f7460,Jonathan Bennett,jonathan.bennett@acme.com,Engineer,team-15,2021-09-14 17:33:27.882870
bd00e883-e32a-42e0-95e3-fa3d7f1aac9e,Ashley Cohen,ashley.cohen@acme.com,Marketer,team-3,2018-10-06 17:33:27.882870
251b0dd9-5d15-466d-88e5-e0bf87388460,Miss Penny Boyle,miss.penny.boyle@acme.com,Engineer,team-6,2024-09-04 17:33:27.882870
fccc28f4-ceab-43af-b001-22967002299d,Jay Klein,jay.klein@acme.com,Designer,team-13,2016-12-13 17:33:27.882870
c90d6f12-6597-437a-9bbc-aaaec00bf7dc,Debra Wallace,debra.wallace@acme.com,Marketer,team-12,2023-01-05 17:33:27.882870
7a485953-2e04-4e10-846a-c85aae8a72ae,Alexis Daniels,alexis.daniels@acme.com,Marketer,team-12,2019-08-28 17:33:27.882870
016bd881-348a-410f-8911-25183b124534,Sean Cardenas,sean.cardenas@acme.com,Ops,team-3,2023-10-09 17:33:27.882870
3cb101ff-3b37-4f3e-a3bc-b129f3d79549,Samuel Lee,samuel.lee@acme.com,Marketer,team-15,2022-08-09 17:33:27.882870
87acb573-0917-44e8-bf8e-42a3ee93baf7,Andrew Vincent,andrew.vincent@acme.com,Engineer,team-11,2022-12-14 17:33:27.882870
1e757b58-b770-46b3-982f-bf5743680e34,Keith Bryant,keith.bryant@acme.com,Engineer,team-15,2023-11-18 17:33:27.882870
654f1c56-d24c-4ba3-8ce7-80d963e07487,Heather Lloyd,heather.lloyd@acme.com,Engineer,team-2,2024-01-17 17:33:27.882870
eb00201c-172a-42db-9172-fce1c0abea19,Brandy Wilson,brandy.wilson@acme.com,Designer,team-4,2020-05-20 17:33:27.882870
c5e78047-2aa9-442d-940b-ee8acf76683d,Michele Stone,michele.stone@acme.com,Designer,team-14,2016-01-16 17:33:27.882870
f666dc15-e7d5-4c48-a98c-f7fe3e2460a5,Melissa Goodman,melissa.goodman@acme.com,Marketer,team-4,2020-09-14 17:33:27.882870
b8a8f642-90ee-4519-afa6-736b60fffc0a,Susan Hall,susan.hall@acme.com,Engineer,team-18,2020-11-19 17:33:27.882870
e7ac8d0c-f26e-418f-9081-d7fa9375256d,Michael Valentine,michael.valentine@acme.com,Engineer,team-16,2017-10-04 17:33:27.882870
63ae032c-404d-4895-adc1-12b8f119e378,Teresa Smith,teresa.smith@acme.com,Engineer,team-19,2018-04-15 17:33:27.882870
d40442fd-d373-4518-9069-a1a188f60bc7,Jacob Watson,jacob.watson@acme.com,Ops,team-0,2023-06-29 17:33:27.882870
07f0dcf6-60fc-4fa4-a443-bd0a2bd40945,James Williams,james.williams2@acme.com,Product Manager,team-19,2019-12-20 17:33:27.882870
7b3ee29a-0c49-4518-b9a7-b288bd6af372,Michael Wood,michael.wood@acme.com,Ops,team-14,2019-04-26 17:33:27.882870
e2d59ef4-c06c-41bc-b9e4-e57490d36cdd,Ana Miller,ana.miller@acme.com,Ops,team-11,2022-04-15 17:33:27.882870
d4d09a86-cdab-4076-818b-e0f9a23d6779,Devin Bennett,devin.bennett@acme.com,Designer,team-9,2023-03-30 17:33:27.882870
222ae64a-b51a-4c50-bc29-07330487e87e,Jeffrey Robinson,jeffrey.robinson@acme.com,Ops,team-12,2016-02-12 17:33:27.882870
43d26601-3426-48f5-86ff-e1983fa2c320,Brandi Johnson,brandi.johnson@acme.com,Marketer,team-2,2020-04-24 17:33:27.882870
e74802a7-9fc2-4ffa-8308-3032a7713d60,Joel Brooks,joel.brooks@acme.com,Engineer,team-10,2020-01-16 17:33:27.882870
7996b6fa-73e2-4a7b-8159-45f085bff432,Marissa Collins,marissa.collins@acme.com,Engineer,team-16,2020-10-26 17:33:27.882870
229b7ff6-16ed-43ae-9cf4-a7a2f56e76b5,Julie Wagner,julie.wagner@acme.com,Engineer,team-6,2017-02-23 17:33:27.882870
b1ae033e-03d6-4d3d-b73a-94112a24180a,Sergio Wade,sergio.wade@acme.com,Designer,team-16,2018-08-09 17:33:27.882870
b05ce96d-fad0-4516-80fb-186044abe69d,Courtney Palmer,courtney.palmer@acme.com,Product Manager,team-17,2023-04-07 17:33:27.882870
efaee0e8-eb05-4bcd-8cd9-f66e82eb16dc,James Dickerson,james.dickerson@acme.com,Marketer,team-17,2018-12-11 17:33:27.882870
2901b85c-f22b-4590-9c92-b1cec8c56da2,Christopher Jackson,christopher.jackson@acme.com,Ops,team-8,2023-05-12 17:33:27.882870
1bb4eb0c-91e3-48ed-aada-79990d3160ed,Marvin Nielsen,marvin.nielsen@acme.com,Product Manager,team-15,2025-04-26 17:33:27.882870
a4a7c8b0-1811-4b5a-b456-2232b6c42c8a,Virginia Mercado DVM,virginia.mercado.dvm@acme.com,Product Manager,team-5,2019-04-28 17:33:27.882870
592fb133-1436-45a8-9f22-99a43841e592,Elizabeth Armstrong,elizabeth.armstrong@acme.com,Engineer,team-0,2015-08-15 17:33:27.882870
3fb17e41-f0ef-4b3d-957d-0b68e08c25fc,Larry Brooks,larry.brooks@acme.com,Marketer,team-8,2018-02-06 17:33:27.882870
f621f1ef-098a-4f43-a01c-92e58dae31f5,Mrs. Jennifer Aguilar DVM,mrs..jennifer.aguilar.dvm@acme.com,Ops,team-13,2018-11-26 17:33:27.882870
80f903a1-f1b7-40db-a44d-a4cb0c48fe93,Julie Thomas,julie.thomas@acme.com,Ops,team-9,2023-12-21 17:33:27.882870
83edbbfd-bc34-4f64-9b04-407312d1591e,Reginald Horton,reginald.horton@acme.com,Product Manager,team-2,2015-10-30 17:33:27.882870
3d3c2764-f6eb-492a-9e9c-50f32b48bc2d,Eric Cross,eric.cross@acme.com,Engineer,team-18,2017-06-08 17:33:27.882870
e24d5d93-d527-4455-a3a4-c5d5d11d1957,James Sims,james.sims@acme.com,Product Manager,team-5,2021-09-20 17:33:27.882870
5a92fcfb-050f-412f-a145-0db0acdbe625,William Garcia,william.garcia@acme.com,Engineer,team-2,2022-11-22 17:33:27.882870
4bcbfd38-7c4a-4132-a4c4-2c0babc1206d,Mr. Steven Brooks,mr..steven.brooks@acme.com,Engineer,team-1,2024-08-23 17:33:27.882870
30ea2920-64d6-41e0-9f47-69e5e5bbfac6,Julie Ward,julie.ward@acme.com,Designer,team-11,2025-01-07 17:33:27.882870
301427d2-2421-4fd3-bc61-147a1108afb2,Courtney Reed,courtney.reed@acme.com,Product Manager,team-3,2019-03-21 17:33:27.882870
a639aa15-3071-4f89-b081-d8cfb761a6d2,John Stephens,john.stephens@acme.com,Ops,team-3,2025-01-18 17:33:27.882870
b61df1df-b7a2-4ace-8404-6fa590dc8f0a,Victor Allen,victor.allen@acme.com,Designer,team-7,2024-02-20 17:33:27.882870
a438e166-2549-4aa8-8a81-d90881fff1aa,Ashley Miller,ashley.miller@acme.com,Ops,team-12,2020-02-15 17:33:27.882870
d0d0864a-5a40-4dbd-b7ee-20ea0a4a39ad,Robert Sharp,robert.sharp@acme.com,Engineer,team-1,2019-12-28 17:33:27.882870
226ede95-f382-4ba5-9bc1-59e33573f845,Kevin Cruz,kevin.cruz@acme.com,Product Manager,team-16,2017-11-19 17:33:27.882870
878df66c-ceba-4387-9392-c912ffe76eea,Christian Guerrero,christian.guerrero@acme.com,Ops,team-12,2021-01-06 17:33:27.882870
d49548c6-edd7-4af2-b15f-aa044698e0c5,Kimberly Mejia,kimberly.mejia@acme.com,Designer,team-18,2016-09-20 17:33:27.882870
a5128c27-bed0-4a4b-bb61-8078cec8b567,Matthew Hoover,matthew.hoover@acme.com,Ops,team-15,2015-10-20 17:33:27.882870
e41b32b1-f51d-4046-bed4-9aa0f0382550,Jill Long,jill.long@acme.com,Ops,team-12,2015-10-01 17:33:27.882870
fadf4d60-e37f-43a3-871c-e8bc0948890e,Ashley Maxwell,ashley.maxwell@acme.com,Marketer,team-2,2019-05-15 17:33:27.882870
bab977c4-9a44-4605-9f70-41b5917a9f2b,Luis Martin,luis.martin@acme.com,Marketer,team-16,2022-12-19 17:33:27.882870
89ca3e47-74d0-4cdd-87e1-b6cff4bfbd55,Wayne Hernandez,wayne.hernandez@acme.com,Engineer,team-16,2023-11-17 17:33:27.882870
c055a3a5-7752-44aa-8f58-02767dfedd5d,Kenneth Tucker,kenneth.tucker@acme.com,Ops,team-0,2018-03-11 17:33:27.882870
eec56b40-0e65-4290-a325-969f6750defa,Jennifer Walton,jennifer.walton@acme.com,Marketer,team-2,2015-11-14 17:33:27.882870
c1970e0e-0f3f-4261-bff6-a13355ab538c,Andrew Scott,andrew.scott@acme.com,Ops,team-8,2024-09-23 17:33:27.882870
a51dc294-2bb2-4359-91ab-13a213d06538,Cassandra Green,cassandra.green@acme.com,Engineer,team-6,2023-11-18 17:33:27.882870
c4aba351-3993-4222-9bb8-30329d42f1bc,James Bentley,james.bentley@acme.com,Marketer,team-3,2025-06-09 17:33:27.882870
b4d3e0b6-acf0-48f4-99ca-0deef0852b55,Max Aguilar,max.aguilar@acme.com,Marketer,team-16,2016-02-11 17:33:27.882870
41489e40-d1d5-4ca2-b738-ee20114f103f,Brittany Rollins,brittany.rollins@acme.com,Product Manager,team-9,2023-12-12 17:33:27.882870
344bec38-ca38-4537-a72a-4ae108d82273,Devin Walker,devin.walker@acme.com,Ops,team-13,2025-01-20 17:33:27.882870
fe89b921-6585-485e-9ed5-86b332861ac9,Brent Martin,brent.martin@acme.com,Product Manager,team-3,2022-11-23 17:33:27.882870
e9eaa598-e689-445e-ade0-105f03ad182b,Corey Jones,corey.jones@acme.com,Designer,team-3,2018-01-27 17:33:27.882870
9857d02d-696d-494a-aaef-8232a624ee4d,Andrew Bruce,andrew.bruce@acme.com,Product Manager,team-3,2020-05-19 17:33:27.882870
134941fb-5294-482e-97e7-b6bf43b5a269,Richard Lopez,richard.lopez@acme.com,Product Manager,team-2,2016-02-12 17:33:27.882870
b0f8a2a9-e191-4771-a449-067d68dd558a,Amanda Moore,amanda.moore@acme.com,Product Manager,team-19,2019-10-15 17:33:27.882870
4f072873-4361-4593-9ed7-3960a6dcde26,Caroline Luna,caroline.luna@acme.com,Product Manager,team-14,2019-02-17 17:33:27.882870
78c8358e-8185-4463-97d8-fe1bc4ffad70,Ashley Brown,ashley.brown@acme.com,Product Manager,team-0,2016-04-21 17:33:27.882870
295cfff8-3f7f-4a5b-9a34-e0992af7309e,Richard Martin,richard.martin@acme.com,Product Manager,team-1,2025-10-01 17:33:27.882870
ba8d1fc2-1257-41af-bd1c-0e096ba901a8,Eric Taylor,eric.taylor@acme.com,Product Manager,team-13,2018-01-16 17:33:27.882870
ecd081d2-cc48-448f-9eb0-fb5a2e55176b,Leonard Bishop,leonard.bishop@acme.com,Marketer,team-19,2023-12-03 17:33:27.882870
64c24383-68e7-42f7-bd63-dcfe921cb302,Isaiah Petersen,isaiah.petersen@acme.com,Designer,team-14,2016-10-24 17:33:27.882870
c7696619-e132-4b2a-808f-60a6c3cf627c,Mary Myers,mary.myers@acme.com,Engineer,team-1,2025-04-05 17:33:27.882870
9ab11bce-07d6-4edc-adb9-b6a43da38b38,Deanna Richardson,deanna.richardson@acme.com,Designer,team-2,2025-06-02 17:33:27.882870
3f30904e-46c4-4022-8ea1-d92df9c43f34,Haley Cannon,haley.cannon@acme.com,Marketer,team-2,2025-06-15 17:33:27.882870
3236a044-a4c3-4ec0-a169-b9efe053ac1b,Jesse Cabrera,jesse.cabrera@acme.com,Designer,team-0,2017-08-13 17:33:27.882870
e4feed76-2796-4223-a6f3-7543b73e0910,Jeremy Fisher,jeremy.fisher@acme.com,Designer,team-10,2025-03-30 17:33:27.882870
d97b3dc5-23ff-4b58-82da-d9f9e41c9478,Thomas Bell,thomas.bell@acme.com,Marketer,team-8,2018-09-09 17:33:27.882870
b07f65c1-20be-45ee-85c7-b106c9a23677,Timothy Yang,timothy.yang@acme.com,Marketer,team-14,2019-06-01 17:33:27.882870
8d667657-0502-4c69-9a86-e87bd74f1a9f,Mark Hale,mark.hale1@acme.com,Marketer,team-0,2016-12-07 17:33:27.882870
8758b4e6-14fe-4ba6-b264-22491f8926ef,Lisa Hartman,lisa.hartman@acme.com,Engineer,team-12,2023-05-01 17:33:27.882870
7ebf1fd7-6bc2-44ac-bf28-c92d021556db,Aaron Frederick,aaron.frederick@acme.com,Engineer,team-15,2015-08-20 17:33:27.882870
9e8fcf5e-86ec-4cf3-87b9-9cb92ff644ff,Heather Stewart,heather.stewart@acme.com,Engineer,team-19,2016-11-12 17:33:27.882870
ba7ca07c-efff-454e-8521-62c5a99d1168,Grant Romero,grant.romero@acme.com,Product Manager,team-12,2024-08-13 17:33:27.882870
7975525a-28b0-4db0-be0a-c1c515d088f3,Heather Alexander,heather.alexander@acme.com,Engineer,team-8,2018-10-25 17:33:27.882870
de2c7578-3a5a-4c67-88b2-a3d735b5eeb1,Danielle Burch,danielle.burch@acme.com,Ops,team-19,2021-04-17 17:33:27.882870
73e16377-866a-48ae-a051-d4517bebe3a1,Anita Davis,anita.davis@acme.com,Ops,team-10,2018-11-07 17:33:27.882870
b761de89-ab67-4a17-a069-ecc08edf64a3,Christina Dixon,christina.dixon@acme.com,Marketer,team-6,2023-12-16 17:33:27.882870
11d1c349-ce0a-4773-9eec-bbf017de9771,Evan Matthews DVM,evan.matthews.dvm@acme.com,Product Manager,team-13,2020-12-31 17:33:27.898624
54ed489c-8857-4628-b442-ffd1fe9fdc75,Jeffrey Palmer,jeffrey.palmer@acme.com,Engineer,team-12,2023-03-16 17:33:27.898624
2eb25e24-0493-40bc-a731-99df2030b562,George Carroll,george.carroll@acme.com,Designer,team-7,2016-05-26 17:33:27.898624
3c148405-dae2-4a67-b27b-bd86ed4e5a27,Kurt Collins,kurt.collins@acme.com,Marketer,team-11,2024-07-16 17:33:27.898624
b93f1ab1-9387-4609-9378-98b84e792545,Elizabeth Landry,elizabeth.landry@acme.com,Product Manager,team-0,2016-11-09 17:33:27.898624
64d3c103-1382-40c7-9828-d4e26816e310,Robert Price,robert.price@acme.com,Designer,team-7,2020-12-08 17:33:27.898624
ea34e629-d0f8-44f4-96a8-dd1d1ceb12ea,Antonio Robertson,antonio.robertson@acme.com,Marketer,team-5,2016-04-16 17:33:27.898624
cec532f3-2b04-4028-9262-4fc611ccbcd0,Jennifer Gibson,jennifer.gibson@acme.com,Marketer,team-3,2021-03-22 17:33:27.898624
6de937d4-4909-4cb2-8bd4-db7539165ee5,Jaime Wong,jaime.wong@acme.com,Marketer,team-16,2024-03-07 17:33:27.898624
3a5c34e9-7e02-4dcb-a742-18f8d7ac1f9b,Leslie Gomez,leslie.gomez@acme.com,Engineer,team-15,2016-11-02 17:33:27.898624
ba3ebc99-eae5-41ea-adc6-79b835ff595f,Kathleen Atkinson,kathleen.atkinson@acme.com,Engineer,team-4,2017-01-22 17:33:27.898624
54d5a2be-4777-4a04-8849-b1eaff49c56f,Jose Simmons,jose.simmons@acme.com,Marketer,team-13,2023-03-18 17:33:27.898624
fc2fbf07-8518-45a1-9d29-62f9d835b7b8,Kyle Gamble MD,kyle.gamble.md@acme.com,Engineer,team-0,2025-09-23 17:33:27.898624
ce99faf1-e5b6-4502-99b9-66ae4a291d38,Kevin Mcdonald,kevin.mcdonald@acme.com,Engineer,team-14,2022-07-21 17:33:27.898624
b84a63e8-7022-47e7-b536-3a785e54facd,Andrew Carroll,andrew.carroll@acme.com,Product Manager,team-14,2021-06-26 17:33:27.898624
d7c289ed-b352-41fc-b773-a22a3af0cec4,Barbara Krueger,barbara.krueger@acme.com,Ops,team-18,2017-06-02 17:33:27.898624
7cf1c494-7b3f-44c8-9540-99d6bbf11278,Katrina Miller,katrina.miller@acme.com,Ops,team-13,2019-04-09 17:33:27.898624
8ec835ac-79d0-4dcb-8867-162c728e873a,Erica Miller,erica.miller@acme.com,Engineer,team-7,2021-09-10 17:33:27.898624
63cf8584-22b5-49b9-80dd-9192ad06be00,Gary Thomas,gary.thomas@acme.com,Marketer,team-13,2022-10-11 17:33:27.898624
f9b7bdef-2c41-4814-ac05-c9de27760e51,Ms. Robin Tran MD,ms..robin.tran.md@acme.com,Designer,team-17,2021-07-10 17:33:27.898624
605f59a6-64ca-465c-b985-09601b7d6da1,William Mills,william.mills@acme.com,Engineer,team-10,2023-02-14 17:33:27.898624
a3b2ab18-5df4-4fc8-8ea3-02cfe99d32c1,Scott Larsen,scott.larsen@acme.com,Marketer,team-10,2022-09-09 17:33:27.898624
3e7d1518-bb7e-4171-8d04-06a72ee940f3,Mitchell Tran,mitchell.tran@acme.com,Marketer,team-11,2024-06-14 17:33:27.900634
a9b71f2e-31fe-4522-ab4c-606160a1e284,Gabriela Mendez,gabriela.mendez@acme.com,Product Manager,team-15,2016-11-19 17:33:27.900634
8bd78473-c5c0-4b07-a519-e35291030ca2,Katelyn Reyes,katelyn.reyes@acme.com,Product Manager,team-4,2017-04-10 17:33:27.900634
8c6b6fe6-99fa-46d0-805b-f2b37dc46bdc,Katherine Reyes,katherine.reyes@acme.com,Product Manager,team-12,2021-11-15 17:33:27.900634
9433e568-aeed-4c13-9422-ee3c21068ad1,Lindsay Smith,lindsay.smith@acme.com,Marketer,team-2,2022-05-22 17:33:27.900634
ec5095d7-8044-4ad0-8859-f4c276536cc7,Scott Porter,scott.porter@acme.com,Ops,team-2,2020-05-09 17:33:27.900634
cd780465-d710-470f-af7e-75394f64b760,Michael Oneal,michael.oneal@acme.com,Engineer,team-1,2022-05-24 17:33:27.900634
c7cf5c39-c46d-4adf-8e26-9b593316e3ce,Jennifer Cross,jennifer.cross@acme.com,Engineer,team-0,2025-11-10 17:33:27.900634
6a6cf855-c4ab-41cc-90c6-78194b258356,Andre Lee,andre.lee@acme.com,Marketer,team-10,2021-09-20 17:33:27.900634
1cb7f523-cd50-4508-8437-bfb10a3f02a6,Alicia Gonzalez,alicia.gonzalez@acme.com,Engineer,team-13,2020-04-28 17:33:27.900634
e65d9fc8-4466-4cfd-b08e-ebcba249d446,Ian Collins,ian.collins@acme.com,Designer,team-3,2016-11-19 17:33:27.900634
369b86d1-019e-4bd9-9bf3-7c7a5d80f349,Stephen Fisher,stephen.fisher@acme.com,Product Manager,team-7,2020-06-13 17:33:27.900634
04b4d310-5610-43ca-94c2-c3baa1b705d2,Michael Chen,michael.chen@acme.com,Ops,team-9,2018-12-07 17:33:27.900634
5abe7e55-601f-438e-b4e7-7a3a6b6e792a,Debbie Fuller,debbie.fuller@acme.com,Marketer,team-11,2020-11-01 17:33:27.900634
eebe7daf-0ae2-4dd6-b86e-be77440c3922,Kimberly Smith,kimberly.smith1@acme.com,Ops,team-19,2017-06-25 17:33:27.900634
60d30b19-c79f-4ac3-80f4-36c8456348b2,Billy Madden,billy.madden@acme.com,Engineer,team-10,2020-04-13 17:33:27.900634
40d02b25-f3c0-4190-b316-5c4b56558543,Carla Snyder,carla.snyder@acme.com,Engineer,team-4,2023-06-01 17:33:27.900634
b6d13d39-09d4-436d-8a34-66fdd54f8e4c,Brenda Hall,brenda.hall@acme.com,Marketer,team-3,2021-12-29 17:33:27.900634
5563b9ac-456e-4b52-9e5b-cc51164aed61,Tony Hall,tony.hall@acme.com,Engineer,team-0,2020-04-13 17:33:27.900634
f10289f2-a520-4d60-a41e-ce77cbe5f502,Linda Washington,linda.washington@acme.com,Product Manager,team-9,2019-04-27 17:33:27.900634
f6c7edf8-3725-4382-8022-ca11c0dab425,Sheila Gordon,sheila.gordon@acme.com,Ops,team-7,2024-07-11 17:33:27.900634
461c58e6-6bca-4352-8900-8eb22dc99727,Jennifer Higgins,jennifer.higgins@acme.com,Engineer,team-18,2018-05-09 17:33:27.900634
b1736d8c-92aa-4c6a-bb28-496a83c1e3e0,Billy Mora,billy.mora@acme.com,Engineer,team-8,2022-12-02 17:33:27.900634
5ce5d07d-af79-44b5-9bdf-d8ef90c77db2,Kendra Torres,kendra.torres@acme.com,Marketer,team-8,2021-07-21 17:33:27.900634
7184afb5-dc86-4ad0-981a-97b7d46bcad0,Daryl Baker,daryl.baker@acme.com,Product Manager,team-14,2019-04-26 17:33:27.900634
f30f4a8d-fc38-4eec-9b9e-2109d04bdacf,Christopher Turner,christopher.turner@acme.com,Ops,team-7,2021-10-08 17:33:27.900634
622f4a3f-ea5d-4054-9f22-b8dabce481e5,Eric Sharp,eric.sharp@acme.com,Ops,team-7,2017-12-09 17:33:27.900634
10b48d58-5886-4ec4-ab90-dd0997666970,Frank Tanner,frank.tanner@acme.com,Engineer,team-18,2016-04-21 17:33:27.900634
a8a792a7-a9b7-4098-a493-b35a97e26f3d,Alexander Landry,alexander.landry@acme.com,Ops,team-18,2021-12-20 17:33:27.900634
22929ff5-322b-4461-9285-62728438b2ac,Shane Sanders,shane.sanders@acme.com,Ops,team-4,2019-01-15 17:33:27.902638
c4bdfa94-614f-4a2a-84bd-efc77055ceb1,Mark Hanna,mark.hanna@acme.com,Designer,team-4,2023-09-20 17:33:27.902638
4eae9d47-8411-426a-827b-e33f7081d418,Eric Peterson,eric.peterson@acme.com,Designer,team-14,2017-01-09 17:33:27.902638
869afc98-6667-41a1-be1a-ea9f8b63cbd5,Shane Spencer,shane.spencer@acme.com,Engineer,team-3,2017-03-24 17:33:27.902638
f5bc0f28-daf8-4440-8671-c00160329acb,Hunter Goodman,hunter.goodman@acme.com,Ops,team-11,2015-10-23 17:33:27.902638
9da973cc-c7a0-4fec-8bb8-e69b24dab27a,Eric Giles,eric.giles@acme.com,Ops,team-2,2018-06-15 17:33:27.902638
48a7253e-b706-4b31-80cb-4ef665418b34,Justin Cowan,justin.cowan@acme.com,Marketer,team-17,2024-12-11 17:33:27.902638
0cf529f4-6efa-47d1-a24e-01bf108f7f64,Scott Garrett,scott.garrett@acme.com,Engineer,team-2,2020-11-02 17:33:27.902638
55003c4a-ffde-46e2-a357-e2def49ff19d,Philip Flores,philip.flores@acme.com,Designer,team-18,2023-11-06 17:33:27.902638
6d3444d4-7acc-498b-b347-a2fed7c220af,Denise Tate,denise.tate@acme.com,Marketer,team-19,2020-08-13 17:33:27.902638
fce20508-08d2-4945-9d2f-60c2af1b488a,Alicia Velasquez,alicia.velasquez@acme.com,Marketer,team-4,2018-07-16 17:33:27.902638
9af7571a-5be5-4a98-8f83-fc042f7d247f,Kelly Gonzalez,kelly.gonzalez@acme.com,Marketer,team-13,2017-07-09 17:33:27.902638
aa3d34f5-92d0-4aad-9194-d3a95eb471e5,Jennifer Flynn,jennifer.flynn@acme.com,Product Manager,team-17,2015-11-25 17:33:27.902638
3fbc4a61-c36a-460d-8da8-75e424fbc38e,Matthew Smith,matthew.smith@acme.com,Ops,team-6,2022-07-31 17:33:27.902638
f04fe13c-1d52-4515-9ca4-6379200ff803,Gregory Acosta,gregory.acosta@acme.com,Ops,team-7,2018-01-13 17:33:27.902638
6c337e9f-63f7-4a2f-a35d-bfef394917fb,Joseph Macdonald,joseph.macdonald@acme.com,Product Manager,team-5,2021-01-31 17:33:27.902638
798be366-d5a1-4ada-86a4-a4f630a28262,Catherine Flynn,catherine.flynn@acme.com,Marketer,team-2,2016-11-15 17:33:27.902638
a7be20d4-eaeb-4813-886b-72b7e41a2be8,Crystal Coleman,crystal.coleman@acme.com,Marketer,team-17,2022-10-05 17:33:27.902638
b21159b5-1333-4880-9194-00d8023d1c50,Timothy Zhang,timothy.zhang@acme.com,Product Manager,team-6,2020-05-26 17:33:27.902638
533fd00b-8232-48ec-9e43-afcda8f72b53,Melissa Freeman,melissa.freeman@acme.com,Engineer,team-6,2017-10-27 17:33:27.902638
a2d148bb-4a82-41d8-98bb-a5bf9d9fe539,John Wagner,john.wagner@acme.com,Product Manager,team-19,2025-02-24 17:33:27.902638
84e0cdbc-3fb3-4761-944e-f8083bc5018b,James Gonzalez,james.gonzalez@acme.com,Marketer,team-15,2021-09-18 17:33:27.902638
4db41760-0866-4e80-b82d-bffebd181156,Sarah Williams,sarah.williams@acme.com,Engineer,team-14,2021-01-04 17:33:27.902638
f263e596-211d-48df-85d3-f4a52a905dc7,Ashley Carter,ashley.carter@acme.com,Ops,team-17,2019-05-08 17:33:27.902638
2a0537f7-792f-47e4-9583-1113decbd595,Philip Hall,philip.hall@acme.com,Marketer,team-17,2024-01-08 17:33:27.902638
7a3b611a-eb4c-4285-9ca4-315fefbaa17e,Jeffrey Miller,jeffrey.miller@acme.com,Product Manager,team-5,2024-08-10 17:33:27.904641
cc116253-5dd6-48bd-ac12-78fd9a84b05a,Logan Long,logan.long@acme.com,Designer,team-6,2016-12-17 17:33:27.904641
b25c3c77-5ca9-4726-9ac2-860aa9daa5b3,Steven Gibbs,steven.gibbs@acme.com,Ops,team-15,2016-09-20 17:33:27.904641
01235d40-5f91-4c2b-a7cc-502665e03216,Elizabeth Herring,elizabeth.herring@acme.com,Product Manager,team-6,2018-09-15 17:33:27.904641
5e65b6b0-2668-4ea3-8fab-afb469507cc2,Zachary Bush,zachary.bush@acme.com,Marketer,team-7,2020-08-04 17:33:27.904641
6b5507a0-9b38-4c3f-8dd5-bd137653f6a0,Cassandra Klein,cassandra.klein@acme.com,Designer,team-17,2020-11-03 17:33:27.904641
dcccb270-43ed-4741-956e-8bbaef6388a8,Benjamin Kaiser,benjamin.kaiser@acme.com,Designer,team-4,2022-01-08 17:33:27.904641
e4632bb6-285b-47d9-87d6-ae4ec03ec062,Mario Hall,mario.hall@acme.com,Marketer,team-15,2023-08-06 17:33:27.904641
7d683c39-439c-46f4-b1b3-1748038fbfb0,Ricardo George,ricardo.george@acme.com,Marketer,team-15,2019-01-20 17:33:27.904641
1c73d2ac-69aa-47a2-955f-6118a7d55a2c,Samuel Miller,samuel.miller@acme.com,Designer,team-15,2025-05-29 17:33:27.904641
10f51757-d3f1-482f-b5fd-3d2d6e638e5f,Christine Stevens,christine.stevens@acme.com,Designer,team-5,2025-01-11 17:33:27.904641
04c52e3d-f404-4793-b6bb-f8d807ad6a8e,Ashley Adams,ashley.adams@acme.com,Product Manager,team-15,2025-04-11 17:33:27.904641
7be1330a-aafd-416c-aac8-cb40a32a30e4,Antonio Smith,antonio.smith@acme.com,Ops,team-0,2022-11-25 17:33:27.904641
f869fd94-bd87-4709-b630-6d82f105e25a,Terry Jenkins,terry.jenkins@acme.com,Engineer,team-16,2016-02-12 17:33:27.904641
12ca780d-c2f0-4829-afb3-91fd9f6245b3,Steven Miller,steven.miller@acme.com,Marketer,team-17,2024-03-19 17:33:27.904641
ba956001-7e28-46ce-9f7d-cb5f1009e039,Krista Contreras,krista.contreras@acme.com,Marketer,team-16,2025-04-09 17:33:27.904641
4c367ee8-60a0-4b54-8b60-4e0e4b896eb8,Rachel Willis,rachel.willis@acme.com,Marketer,team-9,2017-01-02 17:33:27.904641
26061f7d-cc05-47f4-9651-425785673cf4,Stephanie Underwood,stephanie.underwood@acme.com,Marketer,team-18,2019-05-25 17:33:27.904641
4b5d5273-d089-48c0-824d-75a70a5bd234,Jared Willis,jared.willis@acme.com,Designer,team-5,2021-07-25 17:33:27.904641
21ee3a89-0f62-40d6-97f4-115b43b87831,Samantha Kim MD,samantha.kim.md@acme.com,Ops,team-12,2022-04-19 17:33:27.904641
40a467fb-227f-4641-ac2f-794f93692b03,Jessica Heath,jessica.heath@acme.com,Product Manager,team-3,2022-11-16 17:33:27.904641
44c20cef-2848-43d0-a3fd-3750c8873ae8,Robert Reyes,robert.reyes@acme.com,Designer,team-0,2023-01-20 17:33:27.904641
654a5ec6-8e3c-4ca3-89d6-5139ea2e95c0,Nicole Swanson,nicole.swanson@acme.com,Product Manager,team-2,2016-09-07 17:33:27.904641
029bed09-9bb1-4683-93c9-4452224228ca,Cole Dean,cole.dean@acme.com,Marketer,team-3,2025-11-19 17:33:27.904641
f5809c8d-e485-4cbb-99e2-52291ec0c5e2,Edward Rogers,edward.rogers@acme.com,Designer,team-9,2021-05-21 17:33:27.904641
5411db70-5fde-4365-b6d8-e072f5065319,Danielle Gonzalez,danielle.gonzalez@acme.com,Designer,team-3,2017-02-22 17:33:27.904641
c21ec9bb-5657-46fb-b694-45a796bf289c,Reginald Garcia,reginald.garcia@acme.com,Ops,team-4,2022-09-06 17:33:27.906644
fea4ae62-0faf-4892-9bc9-cc39a15680dc,John Hahn,john.hahn@acme.com,Product Manager,team-15,2025-05-13 17:33:27.906644
673a0170-091e-4b00-a221-39a685074f43,Karla Mccoy,karla.mccoy@acme.com,Ops,team-13,2016-02-05 17:33:27.906644
6577db3a-cb23-451f-8204-0f5fdeb0fe8d,Seth Campbell,seth.campbell@acme.com,Engineer,team-4,2017-11-08 17:33:27.906644
e28983a0-b314-49db-a6e2-77e52a61e2b3,Beth Nguyen,beth.nguyen@acme.com,Designer,team-15,2016-11-28 17:33:27.906644
1e68b7f2-08fe-4061-a316-d60c3949a24a,Amber Lin,amber.lin@acme.com,Designer,team-13,2023-03-02 17:33:27.906644
bf7690ca-5f9d-47b2-ae8b-89a443fcc40b,Matthew Trevino,matthew.trevino@acme.com,Ops,team-8,2020-06-12 17:33:27.906644
2da03915-7180-49aa-85be-be04f7d8dbe0,Whitney Hubbard,whitney.hubbard@acme.com,Designer,team-4,2023-01-11 17:33:27.906644
2dbcfd4d-e1d0-4be2-b8f2-ee2ba8c22648,Mrs. Katie Terry,mrs..katie.terry@acme.com,Marketer,team-19,2018-11-19 17:33:27.906644
05d3e39d-3d44-4402-93d3-9b4e746b67bd,Angel Mcdaniel,angel.mcdaniel@acme.com,Marketer,team-7,2023-05-08 17:33:27.906644
ae9f17c5-b68a-404b-a3bf-b3cb990725c3,Kristin Davis,kristin.davis@acme.com,Product Manager,team-7,2016-06-26 17:33:27.906644
d5f9182e-87fb-431c-ade4-4464dc93a1e7,Tyler Shelton Jr.,tyler.shelton.jr.@acme.com,Product Manager,team-3,2020-06-10 17:33:27.906644
d7ec7017-9ce4-4dc1-b5d8-3b922160c00f,Jennifer Murphy,jennifer.murphy@acme.com,Marketer,team-18,2020-12-05 17:33:27.906644
07af20cd-9e70-43f4-9943-a93df86171a6,Jessica Smith,jessica.smith@acme.com,Product Manager,team-16,2019-11-27 17:33:27.906644
d076b19e-73ac-4375-9d9d-90d0c6715722,William Mccoy,william.mccoy@acme.com,Product Manager,team-2,2022-04-17 17:33:27.906644
f778da3e-76d3-42eb-a70c-28b5e9446269,Natalie Thomas,natalie.thomas@acme.com,Ops,team-13,2024-12-09 17:33:27.906644
53a2b55f-ae2a-462d-860f-481b1890d2ac,David Richardson,david.richardson@acme.com,Engineer,team-19,2021-07-31 17:33:27.906644
d6b7ac2c-627c-4b55-ba97-4f79072a1ac6,Jenna Alvarez,jenna.alvarez@acme.com,Engineer,team-5,2022-12-23 17:33:27.906644
6d23e585-4dc3-4e67-b5d5-47d445e65063,Steven Foster,steven.foster@acme.com,Designer,team-15,2023-12-22 17:33:27.906644
f05610b1-d7b3-4563-ad26-4b9e33fc0496,Spencer Romero,spencer.romero@acme.com,Marketer,team-11,2025-05-01 17:33:27.906644
eed1ab1c-597c-4919-985b-847261d475a3,Courtney Vaughan,courtney.vaughan@acme.com,Marketer,team-16,2021-07-20 17:33:27.906644
b668fd94-42f3-4ef4-9817-6137b77b55da,Erica Delgado,erica.delgado@acme.com,Product Manager,team-4,2024-04-20 17:33:27.908649
1b73c187-7b35-4dcd-a438-f68b79bc88ca,Eddie Blackwell,eddie.blackwell@acme.com,Ops,team-7,2016-08-07 17:33:27.908649
1894487d-ce9b-45fb-9008-f5f8a70542de,Jack Frost,jack.frost@acme.com,Marketer,team-4,2020-03-10 17:33:27.908649
9614a201-dcbe-4588-9ae7-98d7bddbdda3,Christopher Perez,christopher.perez@acme.com,Marketer,team-8,2019-11-16 17:33:27.908649
c1fdb954-2f67-47fe-900d-f0c5f09c5f5a,Cassie Wagner,cassie.wagner@acme.com,Designer,team-14,2021-08-18 17:33:27.908649
29920e10-653d-4856-a89e-8d3c5971be13,Matthew Pitts,matthew.pitts@acme.com,Product Manager,team-0,2017-11-27 17:33:27.908649
ad39dfd6-a0ca-4c9b-b106-18579c969221,Justin Reed,justin.reed@acme.com,Marketer,team-18,2020-11-09 17:33:27.908649
329bad5e-3a74-4910-a9e7-9dc85bbe6d0e,Melissa Thompson,melissa.thompson@acme.com,Ops,team-10,2023-01-19 17:33:27.908649
07829721-380b-454d-b33e-ba295a1e2360,James Mueller,james.mueller@acme.com,Marketer,team-18,2020-04-08 17:33:27.908649
ef7248ea-0d4f-4d0b-aeb3-845fb588b44a,Ruth Reyes,ruth.reyes@acme.com,Designer,team-2,2020-06-21 17:33:27.908649
f9bb2e3c-2ca5-480c-9b6d-c1b238689c49,Jeffery Thornton,jeffery.thornton@acme.com,Ops,team-6,2022-10-08 17:33:27.908649
0f867adb-04ae-4318-9430-f99d71fac8e8,Kenneth Davis,kenneth.davis@acme.com,Designer,team-12,2018-04-29 17:33:27.908649
5cc39622-d78b-4955-8831-17c22755386e,Cindy Alvarez,cindy.alvarez@acme.com,Engineer,team-19,2016-08-29 17:33:27.908649
d34414ce-c205-4782-86f5-2e763d795c54,Gregory Freeman,gregory.freeman@acme.com,Marketer,team-2,2016-07-17 17:33:27.908649
765eba2c-8d1c-4d93-8c5c-5782d5b9df70,Kellie Nelson,kellie.nelson@acme.com,Engineer,team-1,2020-09-08 17:33:27.908649
ecb45ca7-24e8-4432-8add-db22bb8b8ff1,Sarah Schaefer,sarah.schaefer@acme.com,Product Manager,team-6,2017-11-29 17:33:27.908649
8f539a33-94b8-4d9c-b75a-348ede8a752e,Marissa Coleman,marissa.coleman@acme.com,Designer,team-7,2025-08-13 17:33:27.908649
8e8a8c6b-c6dd-4e7b-9a61-b361a59a17fb,Jessica Davis,jessica.davis1@acme.com,Product Manager,team-19,2025-09-04 17:33:27.908649
ceb9b76b-a5b1-4fd0-8d77-26679a730104,Jennifer Turner,jennifer.turner1@acme.com,Marketer,team-7,2019-07-14 17:33:27.908649
ade22abd-23e1-4c51-906f-e5db1381faaf,Jason Sims,jason.sims@acme.com,Designer,team-4,2025-06-04 17:33:27.910653
81ab2b0f-7cea-4d41-a9e0-cba3a4257e0e,Guy Cameron,guy.cameron@acme.com,Ops,team-19,2020-10-10 17:33:27.910653
06151429-fe62-4ab7-9d14-cb01af93b0d3,Tracey Ray,tracey.ray@acme.com,Designer,team-17,2023-01-06 17:33:27.910653
7caa5210-28f6-4b2b-84fe-ac0d4999020a,Daryl Ward,daryl.ward@acme.com,Designer,team-2,2017-12-12 17:33:27.910653
4aeed864-6ab1-4deb-8a61-a5775c09c2c5,Richard Duran,richard.duran@acme.com,Engineer,team-13,2016-04-30 17:33:27.910653
e78da005-3ed9-42e0-a8e9-65afdc0fd600,John Jimenez,john.jimenez@acme.com,Designer,team-14,2023-01-16 17:33:27.910653
580e08e6-1e6e-4db3-8e29-c2fce787e0d2,Sherry Hall,sherry.hall@acme.com,Product Manager,team-8,2019-10-02 17:33:27.910653
da43124c-efab-4415-a96c-4d8ac29b2d47,John Mathews,john.mathews@acme.com,Ops,team-1,2018-09-21 17:33:27.910653
4b672569-d477-4ec3-91ad-f59d9e84a675,Steven Jefferson,steven.jefferson@acme.com,Ops,team-6,2024-12-27 17:33:27.910653
a560e564-b6dc-4fad-9adb-6a0cea11a71f,Deanna Robertson,deanna.robertson@acme.com,Engineer,team-5,2017-09-05 17:33:27.910653
81736ffe-5288-41d1-b8de-997ca1f7935f,Melanie Pruitt,melanie.pruitt@acme.com,Marketer,team-8,2020-05-12 17:33:27.910653
482aa33b-4789-4417-b194-db34f25f0810,Jill Clark,jill.clark@acme.com,Marketer,team-0,2021-01-23 17:33:27.910653
5e6ad9dc-c3ff-4fdc-8d45-b48b54d0370a,Christina Jones,christina.jones@acme.com,Marketer,team-12,2020-01-27 17:33:27.910653
32d8c5e9-8022-464e-90dd-4d2aa5d64aac,Mary Mccormick,mary.mccormick@acme.com,Engineer,team-4,2018-01-21 17:33:27.910653
8545c1d4-84ca-4e5a-a366-c559ab14ced7,Mrs. Christina Gardner,mrs..christina.gardner@acme.com,Engineer,team-7,2015-10-25 17:33:27.910653
a2b0a620-1b50-434e-bb1e-860354b2f087,Jacob Mccoy,jacob.mccoy@acme.com,Marketer,team-18,2017-08-26 17:33:27.912668
5a658850-fe0d-4ecd-9e8c-bbf929d6b4c5,Stephanie Smith,stephanie.smith1@acme.com,Product Manager,team-4,2019-07-05 17:33:27.912668
d169ef3f-4b47-4178-88f8-73f9bb2c2a09,Richard Sampson,richard.sampson@acme.com,Marketer,team-4,2019-04-29 17:33:27.912668
f4ae202f-3722-43e7-be36-1d598d316350,David Jones,david.jones@acme.com,Product Manager,team-0,2018-10-24 17:33:27.912668
cc67a998-1a34-4e4d-b640-fe6668c39df6,Samantha Olson,samantha.olson@acme.com,Product Manager,team-8,2022-11-21 17:33:27.912668
68adb668-1b47-4a3c-a1c8-dcaab594f866,Darrell Anderson,darrell.anderson@acme.com,Marketer,team-4,2021-05-31 17:33:27.912668
89da9d21-aaf5-4ba8-82bc-098910c1e91a,Loretta Smith,loretta.smith@acme.com,Engineer,team-17,2025-06-06 17:33:27.912668
3babe7fe-86b6-4a9f-b932-cdd2982e240e,Matthew Stark,matthew.stark@acme.com,Ops,team-11,2019-10-05 17:33:27.912668
78b50387-e615-49ab-b530-8f614fb1d872,Cathy Hill,cathy.hill@acme.com,Product Manager,team-8,2016-12-15 17:33:27.912668
06611a8f-c805-4c5a-93f5-f51eb46abb7b,Cheryl Rodriguez,cheryl.rodriguez@acme.com,Product Manager,team-18,2023-07-28 17:33:27.912668
210bc330-3687-40bf-b336-d4ed25238e04,William George,william.george@acme.com,Product Manager,team-19,2017-08-21 17:33:27.912668
85058258-78f6-406a-b77f-60c38226d58a,Patricia Rivera,patricia.rivera@acme.com,Marketer,team-12,2024-05-22 17:33:27.912668
f7a57dd0-5686-4fa7-add8-28f3aa0d2cab,Daniel Bishop,daniel.bishop@acme.com,Product Manager,team-5,2019-10-10 17:33:27.912668
89c1ef04-0350-4b34-90f1-2883206cea34,Linda Rogers,linda.rogers@acme.com,Designer,team-18,2021-04-22 17:33:27.912668
da351c31-feda-4d79-9fa5-354cd5e134c0,Matthew House,matthew.house@acme.com,Ops,team-5,2022-01-27 17:33:27.914415
3bd6e9d9-7943-4d04-a526-597e070b5785,Juan Kirby II,juan.kirby.ii@acme.com,Engineer,team-3,2023-05-25 17:33:27.914415
2e7579d5-ca79-440c-b0ce-1487b956b162,Donald Santana,donald.santana@acme.com,Designer,team-5,2020-08-27 17:33:27.914415
0d669663-9dfb-42b4-9611-b0360f8a9aa6,Eric Winters,eric.winters@acme.com,Engineer,team-11,2021-06-27 17:33:27.914415
717d2d15-40ca-4029-a487-9e58ebfb7ef5,Anna Phillips,anna.phillips@acme.com,Marketer,team-17,2025-03-22 17:33:27.914415
f8b9f6fb-460a-4439-b57f-69ee237aae5c,Julia Giles,julia.giles@acme.com,Ops,team-16,2022-07-19 17:33:27.914415
031aad2c-014b-4878-aad5-41a8d481e0d9,Eric Moses,eric.moses@acme.com,Product Manager,team-14,2020-02-02 17:33:27.914415
fbd24128-03fa-4773-8b4c-a57030f2d37a,Kathy Henderson,kathy.henderson@acme.com,Product Manager,team-9,2016-07-06 17:33:27.914415
13d64ce8-a338-412c-9587-4d7c9a5ffeae,Glenda Morales,glenda.morales@acme.com,Product Manager,team-19,2017-11-28 17:33:27.914415
206b3fb5-c59b-4ee3-932d-89b1ea111490,William Atkins,william.atkins@acme.com,Marketer,team-2,2024-09-04 17:33:27.914415
acc97a17-405e-428a-a7c6-2ddb5af8e228,Nicole Lynch,nicole.lynch@acme.com,Engineer,team-5,2016-09-04 17:33:27.914415
e96784c5-95fb-41c3-9c2e-bd5f37c2b8bd,Mary Pearson,mary.pearson@acme.com,Engineer,team-12,2021-05-25 17:33:27.914415
ff8405ea-710a-4ea1-b4f6-88b5a38b5168,Jeffrey Pineda,jeffrey.pineda@acme.com,Designer,team-15,2022-10-15 17:33:27.914415
7d265239-3b17-4c00-969f-257e3020ff40,Wendy Meyer,wendy.meyer@acme.com,Product Manager,team-14,2025-06-10 17:33:27.914415
1ce2a196-add5-425c-ae0b-1666d97f2ee0,Kaylee Baxter,kaylee.baxter@acme.com,Marketer,team-14,2021-06-20 17:33:27.914415
43875457-1089-41bd-abe3-453f423e048a,Cheryl Fowler,cheryl.fowler@acme.com,Designer,team-2,2025-11-29 17:33:27.914415
d673e544-7460-45c4-8352-f1374ef979e1,Arthur Buckley,arthur.buckley@acme.com,Ops,team-12,2016-04-03 17:33:27.914415
dad6ffd8-971a-4403-a747-ca8c3c91645f,Leslie Ryan,leslie.ryan@acme.com,Designer,team-12,2023-07-05 17:33:27.914415
311758d3-d8f6-423a-8fd7-7186db3e00a0,Travis Valencia,travis.valencia@acme.com,Marketer,team-3,2024-06-02 17:33:27.914415
0bc2411f-a1f8-406a-b252-eb43de315d4e,Jacqueline Lucas,jacqueline.lucas@acme.com,Product Manager,team-19,2025-06-17 17:33:27.914415
63a0ae81-ad6a-42bf-b18e-c79cfcde8634,Lisa Martinez,lisa.martinez@acme.com,Ops,team-15,2020-10-05 17:33:27.914415
df101728-d996-4f29-b888-d12e8bc1960a,Todd Davis,todd.davis@acme.com,Ops,team-8,2019-07-01 17:33:27.914415
22ced048-902e-4d13-af83-49be8f829705,Andrea Stanton,andrea.stanton@acme.com,Product Manager,team-8,2025-02-06 17:33:27.914415
091fa232-10b5-4c8f-9e99-b5f5ee9424e2,Melissa Martin,melissa.martin@acme.com,Designer,team-14,2025-04-12 17:33:27.914415
c5a70db3-b8b2-41d9-96aa-616884553982,Julia Perry,julia.perry@acme.com,Marketer,team-1,2016-08-09 17:33:27.914415
355d56bd-b1a6-405c-8bb7-154af31d15c0,Joshua Graves,joshua.graves@acme.com,Marketer,team-16,2025-06-04 17:33:27.914415
6da6e0f9-2ae8-4b22-bf35-df955889472c,Angela Perez,angela.perez@acme.com,Product Manager,team-14,2016-01-30 17:33:27.914415
4d006f9e-aa41-4833-b5ec-9036225a6ca2,William Smith,william.smith@acme.com,Engineer,team-16,2016-01-11 17:33:27.914415
ac8d43b7-3e8b-4c33-9cb2-e96d0b9d10c0,Hayley Foster,hayley.foster@acme.com,Product Manager,team-12,2017-10-20 17:33:27.914415
10e1a9b8-ad5e-487d-8ea7-6a1ad1153032,Steven Gonzalez,steven.gonzalez@acme.com,Ops,team-13,2021-05-01 17:33:27.914415
e3042295-e4d0-46bc-9715-97b8ac4bb9ab,Kenneth Suarez,kenneth.suarez@acme.com,Ops,team-13,2016-06-24 17:33:27.914415
3ef0fd7f-3302-4587-93f6-9aa53db382a4,Jeremiah Mendoza,jeremiah.mendoza@acme.com,Product Manager,team-1,2025-03-06 17:33:27.914415
c158d325-f726-4556-a255-d9970de4749d,John Young,john.young@acme.com,Marketer,team-10,2022-12-15 17:33:27.914415
0371a185-4cea-4ef6-b3ec-d215cd32c7b3,Todd Brown,todd.brown@acme.com,Ops,team-3,2024-05-16 17:33:27.914415
8aca36e4-8f11-4b86-9f78-25f02c08881e,David Lee,david.lee@acme.com,Product Manager,team-1,2020-04-25 17:33:27.914415
27dfcec3-3fdd-4418-ad12-8dd9eec33b96,Michael Martinez,michael.martinez@acme.com,Designer,team-12,2022-02-14 17:33:27.914415
fbf4d27a-de17-4ae2-9db9-59444daf410a,Jeffrey Rodriguez,jeffrey.rodriguez@acme.com,Engineer,team-9,2025-03-16 17:33:27.914415
5b811a2c-8992-49ee-b0c6-5677d850ba6f,Melissa Price,melissa.price@acme.com,Engineer,team-16,2019-05-12 17:33:27.914415
6ae04ce5-6b24-4828-ae8e-a061c1b16d96,Jillian Russo,jillian.russo@acme.com,Engineer,team-1,2023-03-27 17:33:27.914415
6d4c5755-e573-48c4-b380-5d177235d313,Thomas Ross,thomas.ross@acme.com,Engineer,team-17,2018-08-03 17:33:27.914415
2a73c5ab-434e-4abc-827e-a5fa104a8167,William Daugherty,william.daugherty@acme.com,Ops,team-18,2021-07-15 17:33:27.914415
cc58f622-962f-4077-a76d-f6a0725e2a23,Patricia Roberts,patricia.roberts@acme.com,Marketer,team-8,2022-05-16 17:33:27.914415
d6aee652-26ee-4981-bc75-0897717fa50d,Mark Freeman,mark.freeman@acme.com,Product Manager,team-2,2018-09-10 17:33:27.914415
7822a02c-32f6-4728-8171-d18cfafc79e8,Christina Hayes,christina.hayes1@acme.com,Engineer,team-6,2016-07-17 17:33:27.914415
74db587b-e27c-4e5c-aecd-710fdc098729,Andrew Mejia,andrew.mejia@acme.com,Product Manager,team-10,2016-02-04 17:33:27.914415
2e34186a-694e-4423-9afd-8fa4527bedab,Kenneth Chan,kenneth.chan@acme.com,Ops,team-9,2022-02-04 17:33:27.914415
d17c9021-fcf9-4d4b-93d9-ace0d2f34947,Scott Thompson,scott.thompson@acme.com,Ops,team-13,2015-09-15 17:33:27.914415
5f915c52-7f79-4935-8146-0f9e6e8211dd,Todd Lee,todd.lee@acme.com,Designer,team-7,2017-03-31 17:33:27.914415
46a3f4b6-3c79-4307-93b5-ce35fcd2f097,Stephanie Hodge,stephanie.hodge@acme.com,Product Manager,team-3,2021-06-30 17:33:27.914415
1a51bcc0-a698-4201-8191-b113ef1bc182,Darrell Taylor,darrell.taylor@acme.com,Product Manager,team-18,2024-03-25 17:33:27.914415
f1b61f24-8bd9-4077-bc2d-d389514729e0,Mary Greer,mary.greer@acme.com,Marketer,team-12,2024-11-29 17:33:27.914415
73d2265a-558f-4b29-aecd-864b989e730c,Kristen English,kristen.english@acme.com,Product Manager,team-7,2020-10-12 17:33:27.914415
6a665eb2-21bf-4df5-b168-e25abc6910ac,Cynthia Johnson,cynthia.johnson@acme.com,Engineer,team-10,2016-09-27 17:33:27.914415
a72df9c5-0340-41a9-a9bc-03ab61a40148,Eric Cobb,eric.cobb@acme.com,Marketer,team-5,2022-05-29 17:33:27.914415
7566f9f4-f9e5-4b3c-8a2c-a57feb3f284d,Joseph Salazar,joseph.salazar@acme.com,Ops,team-15,2024-03-08 17:33:27.914415
c7d85bd0-69f9-424d-aead-e98a7ccf6067,Anthony Ramirez,anthony.ramirez@acme.com,Designer,team-8,2016-02-27 17:33:27.914415
a888fcfc-fc19-4576-96de-e46026789552,Sharon Torres,sharon.torres@acme.com,Designer,team-9,2021-11-14 17:33:27.914415
394b725a-f48c-48e4-9e08-c17ffa898e31,Ashley Romero,ashley.romero@acme.com,Engineer,team-19,2017-07-10 17:33:27.914415
3f76048e-9b7b-40e3-9851-4581aace99be,Mr. James Bean,mr..james.bean@acme.com,Marketer,team-15,2019-04-19 17:33:27.914415
00b187f5-03b0-4788-b691-b7e4d640a777,Veronica Holt,veronica.holt@acme.com,Designer,team-4,2025-05-08 17:33:27.914415
d3e5c3a3-b536-4e3f-bebb-c95239a8198f,Andrew Hudson,andrew.hudson@acme.com,Engineer,team-8,2016-12-26 17:33:27.914415
86b33c95-e8a7-47b1-b062-1eba300701f2,Michael Beltran,michael.beltran@acme.com,Designer,team-19,2021-11-07 17:33:27.914415
6194c734-75b2-4af2-bc3b-af21edd5e2e2,Kelly Young,kelly.young@acme.com,Marketer,team-19,2022-02-20 17:33:27.914415
297c8aeb-d788-4aba-b548-6778c0623b21,Nicholas Parsons,nicholas.parsons@acme.com,Designer,team-16,2022-02-23 17:33:27.914415
8f9c78c1-2df6-4a7c-9f59-be6c7ecfee85,Erika Hernandez,erika.hernandez@acme.com,Engineer,team-15,2020-02-03 17:33:27.914415
845d29d3-b792-447c-89a4-ac7b89ee643c,John Murray,john.murray@acme.com,Marketer,team-6,2024-08-12 17:33:27.914415
3d90bb2d-fe4e-40d5-a6aa-998e29b6cf84,Laura Bryant,laura.bryant@acme.com,Ops,team-1,2020-03-19 17:33:27.914415
cfe04e3d-a5d3-4875-8a54-1cb5beb0c98d,Devin Harris,devin.harris@acme.com,Engineer,team-3,2016-11-27 17:33:27.914415
bad468f9-cc14-4ae8-beb3-d52855506f38,Sean Butler,sean.butler@acme.com,Product Manager,team-1,2020-01-26 17:33:27.914415
26e6e415-65be-4abc-8aef-73b401558415,Susan Mejia,susan.mejia@acme.com,Engineer,team-1,2025-01-09 17:33:27.914415
7b325d24-35e1-4ece-b6ed-f60dd75c9eb1,Jessica Woods,jessica.woods@acme.com,Product Manager,team-12,2019-04-12 17:33:27.914415
97e372ff-2685-4338-a7f3-938d645b5673,Lynn Castillo,lynn.castillo@acme.com,Marketer,team-7,2024-06-16 17:33:27.914415
9e7bb305-0915-4517-b1f2-8b4df730e191,William Trujillo,william.trujillo@acme.com,Ops,team-17,2022-07-31 17:33:27.914415
30c6a995-4d6b-437a-a679-a7669385741d,Christopher Hill,christopher.hill@acme.com,Engineer,team-6,2016-03-10 17:33:27.914415
99e25df3-f77c-4c7c-a8e7-0c60bd820268,Paul Elliott,paul.elliott@acme.com,Ops,team-14,2016-02-13 17:33:27.914415
d0e140f1-bbe4-4cf4-8143-9ed60312f4aa,John Cox,john.cox@acme.com,Marketer,team-5,2019-06-26 17:33:27.914415
7cecdcc6-194d-4b8b-a478-817d2e7e0a9f,Mary Galloway,mary.galloway@acme.com,Engineer,team-3,2015-12-23 17:33:27.914415
67a7a684-c825-41db-bb5e-5913615a0030,Whitney Martinez,whitney.martinez@acme.com,Engineer,team-12,2022-09-25 17:33:27.914415
e3f37408-14f7-4ed9-ba34-a1a9111b6f41,Nancy Simon,nancy.simon@acme.com,Engineer,team-9,2021-10-19 17:33:27.914415
b408e605-c7b4-455a-a62b-4d13cfcd6dc5,Mary Wong,mary.wong@acme.com,Marketer,team-13,2023-02-15 17:33:27.914415
0d2cc816-546c-4332-821d-319f5d9a837f,Brian Hebert,brian.hebert@acme.com,Product Manager,team-5,2018-08-08 17:33:27.914415
5ed4c802-1292-40b2-bd43-c6fc17647f75,Julia Reynolds,julia.reynolds@acme.com,Engineer,team-4,2020-09-08 17:33:27.914415
67a4f14f-8e7b-4da0-a8b2-6e6baeb01891,Connor Schultz,connor.schultz@acme.com,Ops,team-10,2016-07-10 17:33:27.914415
450afd9d-e411-4cbf-83b7-d158f38ceec6,Alison Foley,alison.foley@acme.com,Engineer,team-15,2016-09-12 17:33:27.914415
0711a532-a186-46e7-b0b3-e82c94afd4f9,Alyssa Smith,alyssa.smith@acme.com,Ops,team-10,2017-04-28 17:33:27.914415
e91c7281-49bb-497f-8759-b23d2320e489,Deborah James,deborah.james@acme.com,Product Manager,team-8,2018-07-14 17:33:27.914415
6f97daa0-3697-4ef8-9e33-10a0c70c57fe,Randy Davila,randy.davila@acme.com,Ops,team-19,2018-10-29 17:33:27.914415
1ac8c1d4-1abd-4d93-8589-8145d6425fe2,Lori Smith,lori.smith@acme.com,Engineer,team-15,2018-07-05 17:33:27.914415
c5d0bf08-f8b9-411b-b4a3-bb723f063002,Heather Brown,heather.brown@acme.com,Designer,team-15,2019-01-06 17:33:27.914415
8042cb7d-4faa-4763-9cae-29479e586265,Brad Tate,brad.tate@acme.com,Product Manager,team-9,2019-11-22 17:33:27.914415
2e768c0e-c40f-473e-bb4b-47b52a0731f1,Kristi Kline,kristi.kline@acme.com,Product Manager,team-17,2025-12-13 17:33:27.914415
82a26404-d39e-49bc-b412-08262e09764e,Amy Dalton,amy.dalton@acme.com,Designer,team-2,2016-06-27 17:33:27.914415
38bf024b-b71f-4e4c-b7be-47581b6b3b78,Steve Hawkins,steve.hawkins@acme.com,Ops,team-7,2018-02-19 17:33:27.914415
1bded7b8-8db4-442c-9dfa-6b0cd7fa52e3,Jeffrey White,jeffrey.white@acme.com,Product Manager,team-4,2016-09-23 17:33:27.914415
fabaf2ce-69bb-4836-a62a-2107a5384c12,Judy Walsh,judy.walsh@acme.com,Ops,team-19,2024-09-02 17:33:27.914415
64300ad3-ca15-423a-9f6b-6c23ea2c3cb7,David Coleman,david.coleman@acme.com,Designer,team-4,2024-02-29 17:33:27.914415
e367cfa7-63ce-4bd3-840c-80b49b4c7c37,Mary Sherman,mary.sherman@acme.com,Marketer,team-1,2017-04-15 17:33:27.914415
b3bfe7d5-c234-42ed-8535-1c6aa916fb0d,Karen Erickson,karen.erickson@acme.com,Product Manager,team-15,2024-06-04 17:33:27.914415
0ccd2698-b5e0-444a-bce3-ced0b4947d2b,Jacqueline Andrews,jacqueline.andrews@acme.com,Ops,team-6,2020-09-24 17:33:27.914415
58e8b8cc-2092-476c-be83-bdd718da5ae3,Brad Willis,brad.willis@acme.com,Engineer,team-5,2019-09-10 17:33:27.914415
ca9d3eae-5839-412c-83d1-1e18fcfee445,Kerry Donovan,kerry.donovan@acme.com,Designer,team-3,2015-11-28 17:33:27.914415
390036ec-1c84-4c44-8aa9-abff50aeda16,Sherry Willis,sherry.willis@acme.com,Engineer,team-2,2019-05-01 17:33:27.914415
79d3302b-41f0-4d08-9580-ee6aef69f064,Mercedes Schultz,mercedes.schultz@acme.com,Engineer,team-10,2016-11-05 17:33:27.914415
1d70d34a-cfb8-4caa-9d9a-989d89511619,Rodney Douglas,rodney.douglas@acme.com,Ops,team-6,2018-12-23 17:33:27.914415
84d46971-943b-4beb-bc2a-c2c8c6f2bd56,Stephanie Sullivan,stephanie.sullivan@acme.com,Ops,team-14,2020-12-09 17:33:27.914415
5309ef47-5866-4a81-a34a-efe965c8e557,Kenneth Cardenas,kenneth.cardenas@acme.com,Marketer,team-6,2016-09-29 17:33:27.914415
0520d697-8dc1-4a48-b09d-547c2923b86c,Bradley Goodman,bradley.goodman@acme.com,Marketer,team-7,2020-07-23 17:33:27.914415
d682114b-f831-4e9d-a9ec-1ee31bb5e2e4,Ross Peck,ross.peck@acme.com,Engineer,team-10,2019-07-21 17:33:27.930184
a9725bae-e8e6-442e-9a9e-d261d215aafd,Todd Garcia,todd.garcia@acme.com,Ops,team-11,2023-12-31 17:33:27.930184
0c46f801-cc8e-4a08-ad10-cf3677ef53df,Joseph Gordon,joseph.gordon@acme.com,Product Manager,team-4,2023-03-22 17:33:27.930184
ba3594f8-6a31-4f0f-93fb-4be92bcb5889,Shannon Conner,shannon.conner1@acme.com,Designer,team-12,2020-03-21 17:33:27.930184
1e7588cf-54b2-460f-b0f6-34ea6bb2653e,Aaron Stanton,aaron.stanton@acme.com,Marketer,team-14,2022-06-11 17:33:27.930184
86664ff2-65cd-4e09-925f-8c6639af35dd,Annette Cannon,annette.cannon@acme.com,Designer,team-14,2020-04-04 17:33:27.930184
896ebf91-2279-4067-ba44-2c14310c4ef4,Jennifer Rivera,jennifer.rivera@acme.com,Marketer,team-17,2025-06-02 17:33:27.930184
70f0abaa-9e47-4b93-916b-93e669b57212,Kimberly Baker,kimberly.baker@acme.com,Ops,team-8,2018-10-02 17:33:27.930184
21f39dd4-9efa-4f22-b701-e64996d1b894,Michael Flowers,michael.flowers@acme.com,Product Manager,team-15,2017-10-19 17:33:27.930184
547e4cd3-070b-4750-8caf-a1bbc070acec,Rhonda Gonzalez,rhonda.gonzalez@acme.com,Ops,team-18,2016-06-10 17:33:27.930184
f3af11c1-6532-4d87-b0ef-af786a5bb99d,Lisa Sampson,lisa.sampson@acme.com,Designer,team-8,2023-02-23 17:33:27.930184
0790925a-36d6-4d88-bc03-9f06cab1afa0,Kara Wells,kara.wells@acme.com,Designer,team-16,2018-08-16 17:33:27.930184
5144f60b-c0ef-41d3-adf8-74e8bb5102db,Albert Best,albert.best@acme.com,Marketer,team-5,2025-01-02 17:33:27.932204
f4962927-72de-4876-9d25-c7e12363c657,Ashley Kidd,ashley.kidd@acme.com,Designer,team-8,2017-08-08 17:33:27.932204
36e91f5b-7cdd-47ea-8674-655062f3e188,Krystal Williams,krystal.williams@acme.com,Engineer,team-2,2020-03-06 17:33:27.932204
56f52ad6-d4db-48e9-b933-1001e57f5a98,Meghan Riggs,meghan.riggs@acme.com,Product Manager,team-17,2018-11-06 17:33:27.932204
661846f6-00ab-4455-b93c-190f30e2660e,Jacob Evans,jacob.evans@acme.com,Marketer,team-3,2017-01-21 17:33:27.932204
6d14489f-e916-46d7-ae12-1e523547b683,Shelly Parker,shelly.parker@acme.com,Ops,team-5,2024-07-06 17:33:27.932204
0d18d473-815d-4cb0-9a13-3c7d10f8365f,Nathan Krause,nathan.krause@acme.com,Designer,team-13,2020-10-17 17:33:27.932204
ea0996a8-6190-4ee2-824c-6d06d3bcc68f,Bridget Reid,bridget.reid@acme.com,Engineer,team-15,2019-05-23 17:33:27.932204
bbbb4ae1-4b6c-44d6-8252-2261bfb415dc,Dawn Perez,dawn.perez@acme.com,Ops,team-10,2023-10-08 17:33:27.932204
9335e935-3b0a-4808-9eb1-bee1939152fc,Taylor Johnson,taylor.johnson@acme.com,Engineer,team-7,2025-08-10 17:33:27.932204
5785bc06-9c36-4a8c-a4d9-3c7d04256d67,Charles Tate,charles.tate@acme.com,Designer,team-17,2022-08-08 17:33:27.932204
e5b11337-87a9-4f4c-aa13-fb54455d13b6,Christopher Owens MD,christopher.owens.md@acme.com,Designer,team-15,2016-08-27 17:33:27.932204
99193dce-a17f-4b0e-b4d2-4d19df8f9961,Deanna Smith,deanna.smith@acme.com,Ops,team-4,2020-01-05 17:33:27.932204
af741689-2885-4544-9f16-aab41e46bf82,Brandon Thomas,brandon.thomas@acme.com,Engineer,team-12,2022-08-31 17:33:27.932204
a7078a27-645f-4963-a0cd-91859c786124,James Griffin,james.griffin@acme.com,Marketer,team-15,2021-09-26 17:33:27.934211
615feda6-572e-4e44-bd6a-614c0c9796ec,Leonard Perez,leonard.perez@acme.com,Designer,team-11,2022-07-29 17:33:27.934211
e4689c66-dcfb-4c8f-9bfa-99db8a57472f,Patrick Bradley,patrick.bradley@acme.com,Ops,team-10,2025-01-17 17:33:27.934211
253b2779-86b6-40eb-be0e-d2e4cb3054ea,Kenneth Miller,kenneth.miller@acme.com,Designer,team-17,2019-03-10 17:33:27.934211
f19004ce-c819-48bb-88f2-2b9ba75f3fbf,James Morgan,james.morgan@acme.com,Engineer,team-5,2023-01-30 17:33:27.934211
36d20d24-4c25-4b9a-aa6d-bb5925acb255,Dawn Webster,dawn.webster@acme.com,Engineer,team-3,2017-07-02 17:33:27.934211
fd0b7ce4-16f0-4882-9829-258be0857268,Michael Johnson,michael.johnson2@acme.com,Marketer,team-10,2017-12-26 17:33:27.934211
d296eb05-0320-4ac4-8d92-deac0aa1df84,Nicole Jackson,nicole.jackson@acme.com,Designer,team-11,2018-01-18 17:33:27.934211
e841893b-4ae4-4b90-8129-e79d550bc217,Amanda Davis,amanda.davis@acme.com,Engineer,team-4,2020-01-30 17:33:27.934211
cb0586e0-e205-46a9-96f7-dcf7fa3984eb,Tonya Rodriguez,tonya.rodriguez@acme.com,Marketer,team-18,2022-03-21 17:33:27.934211
f4978bd9-7f1a-4e87-bd8e-4eb540ff1e2e,Larry Valentine,larry.valentine@acme.com,Ops,team-18,2017-02-19 17:33:27.934211
12112b4b-78e5-482e-a096-add7a2dfbbb1,Lisa Harris,lisa.harris@acme.com,Designer,team-6,2021-05-05 17:33:27.934211
4d2ebd45-ab8a-4a18-9f40-aabfa7d0c288,Elizabeth Smith,elizabeth.smith2@acme.com,Ops,team-1,2019-06-02 17:33:27.936216
1487ef45-58cf-45d2-81b9-4bfb161333b2,Samuel Martin,samuel.martin@acme.com,Product Manager,team-7,2025-01-03 17:33:27.936216
1af9a2eb-c414-48fe-bed9-bedaa74f94fe,George Berry,george.berry@acme.com,Product Manager,team-0,2023-01-04 17:33:27.936216
6b1f491a-6840-4da2-8089-1a7f41143025,Lauren Sandoval,lauren.sandoval@acme.com,Designer,team-1,2020-03-27 17:33:27.936216
f15642ff-2450-4dac-a043-609d3b5055dc,Kristi Taylor,kristi.taylor@acme.com,Ops,team-8,2023-04-05 17:33:27.936216
c2052105-5eb9-4e05-b7ea-13605b398265,Henry Williams,henry.williams@acme.com,Engineer,team-5,2018-05-12 17:33:27.936216
eacd8706-8864-4c1b-813d-142a76fe1b91,Frances Porter,frances.porter@acme.com,Marketer,team-18,2019-06-04 17:33:27.936216
88ebccc2-437a-49e8-95cc-bd51b0600e07,Nichole Kelly,nichole.kelly@acme.com,Product Manager,team-14,2021-07-26 17:33:27.936216
44710b53-36b1-47ee-9493-c5b780e5e034,Kari Buchanan,kari.buchanan@acme.com,Product Manager,team-7,2025-05-27 17:33:27.936216
b13459d4-dc44-41ca-925a-8abaee2d4db0,Stacy Clay DDS,stacy.clay.dds@acme.com,Ops,team-11,2019-08-16 17:33:27.936216
5be2ad57-b895-4079-bf31-9527a45123bf,April Green,april.green@acme.com,Engineer,team-8,2025-01-09 17:33:27.936216
3ebb5a6b-26db-4bf4-a986-d51d6363e9a8,Jerry Warren,jerry.warren@acme.com,Product Manager,team-18,2024-06-03 17:33:27.936216
e58bc29a-93e0-4324-8ce8-871663cf26de,Curtis Williams,curtis.williams@acme.com,Engineer,team-3,2016-06-14 17:33:27.936216
901379df-b263-4e67-a5c3-83eab05d3269,Laura Black,laura.black@acme.com,Marketer,team-2,2024-03-23 17:33:27.938222
aaa893b6-d2cf-4475-a457-f833287fbef0,Michele Andrade,michele.andrade@acme.com,Engineer,team-5,2016-10-01 17:33:27.938222
4aa86e04-2d01-48c8-b54e-fd35a6fad086,Jonathan May,jonathan.may@acme.com,Ops,team-15,2018-10-16 17:33:27.938222
a6493f15-a7c0-4788-a49f-69483a897d9e,Lisa Johnson,lisa.johnson1@acme.com,Product Manager,team-0,2020-05-04 17:33:27.938222
844d98c5-c72b-4334-b37f-a2f15b7234ca,Craig Lindsey,craig.lindsey@acme.com,Product Manager,team-19,2022-02-20 17:33:27.938222
31d48cc8-e070-45fb-819c-91d91d3ed964,Tiffany Brooks,tiffany.brooks@acme.com,Designer,team-7,2020-01-06 17:33:27.938222
a3438468-db88-4e54-981c-57834dfa0e82,Heather Herman,heather.herman@acme.com,Designer,team-8,2016-10-03 17:33:27.938222
fd2ee8b6-f21f-45cd-b444-71eca76b56b4,John Turner,john.turner@acme.com,Designer,team-17,2017-04-04 17:33:27.938222
1d202a16-5fb4-4a39-9277-ae90fcd66b55,Christine Anderson,christine.anderson@acme.com,Marketer,team-18,2017-07-13 17:33:27.938222
9c205084-0608-4701-b694-56c39513eb96,Carly Lawson,carly.lawson@acme.com,Marketer,team-7,2023-09-21 17:33:27.938222
846f6440-c081-4edb-9c38-e9a51c93430a,Antonio Davis,antonio.davis@acme.com,Product Manager,team-3,2022-07-20 17:33:27.938222
597e3d44-41a6-4f17-9eff-e951b6c79802,Brandon Robles,brandon.robles@acme.com,Ops,team-0,2025-06-08 17:33:27.940229
a1539884-a8f2-4200-b6fe-3b4e5e19ba3a,Eddie Williams,eddie.williams@acme.com,Ops,team-18,2023-12-28 17:33:27.940229
ce73e28a-73ca-4ce8-80cd-976c3e9b8ad6,Patricia Nicholson,patricia.nicholson@acme.com,Product Manager,team-13,2023-05-30 17:33:27.940229
5eca39e9-8cc2-4ca6-869d-1935523faf7d,Frances Garcia,frances.garcia@acme.com,Designer,team-14,2019-03-11 17:33:27.940229
b70d5daf-1306-47a3-a921-78488c522faf,Bryan Johnson,bryan.johnson@acme.com,Product Manager,team-5,2018-02-25 17:33:27.940229
6de8065a-5e75-4187-b173-465d53475e7e,Michael Bryant MD,michael.bryant.md@acme.com,Engineer,team-5,2020-07-25 17:33:27.940229
f5c10f4d-eed2-4fbb-90af-7c7c7839a0c1,Kelly Brown,kelly.brown@acme.com,Engineer,team-7,2018-07-21 17:33:27.940229
6467c039-9302-475b-aad2-5f31e1386021,Kelly Martinez,kelly.martinez@acme.com,Designer,team-18,2020-11-30 17:33:27.940229
c7634eb5-1790-4fd2-b455-a69be5586bdc,Jeff Chavez,jeff.chavez@acme.com,Ops,team-5,2019-01-12 17:33:27.940229
387b9ea2-66c3-425f-b034-c79d9d69869c,Vanessa Silva,vanessa.silva@acme.com,Engineer,team-18,2022-07-08 17:33:27.940229
52db4227-cea2-4491-aa56-b6c4c714d2d8,John Lowe,john.lowe@acme.com,Engineer,team-9,2023-04-06 17:33:27.940229
742085b1-c86e-4322-b6f6-5e07a3dda4da,Michael Huerta,michael.huerta@acme.com,Product Manager,team-9,2022-06-02 17:33:27.940229
5a7efe56-ad93-4bbf-9a62-7b5e26fae043,Mr. Bradley Fletcher,mr..bradley.fletcher@acme.com,Engineer,team-12,2022-09-05 17:33:27.940229
46ad4867-bdf4-4ebe-9806-3d7aabdd7feb,Ronnie Love,ronnie.love@acme.com,Engineer,team-7,2025-03-10 17:33:27.942234
07f2c0fc-9431-4c85-ba82-1a35a810a58d,Robert Shepherd,robert.shepherd@acme.com,Marketer,team-2,2025-11-17 17:33:27.942234
aced6b29-c4d0-4073-894d-221b7531b2cd,Carolyn Barnes,carolyn.barnes@acme.com,Marketer,team-13,2024-02-13 17:33:27.942234
e5432794-15c3-45fb-b5b8-6507ee79b2b7,Kevin Hartman,kevin.hartman@acme.com,Engineer,team-2,2020-02-22 17:33:27.942234
58bbea50-20a9-4b6e-827f-0f3042c2f5ea,Thomas Carpenter,thomas.carpenter@acme.com,Engineer,team-11,2023-08-20 17:33:27.942234
31c2dedf-5213-4aca-9e1b-8403142e9a10,Deborah Jenkins,deborah.jenkins@acme.com,Engineer,team-5,2019-06-12 17:33:27.942234
8c17b2b2-bff3-4417-a5ae-a397968f2c0b,Larry Torres,larry.torres@acme.com,Designer,team-5,2021-01-19 17:33:27.942234
64397722-7571-4bc5-b4bc-dd9f865bea2a,Tricia Murphy,tricia.murphy@acme.com,Ops,team-12,2023-07-16 17:33:27.942234
bc5eff14-b072-40ad-a9df-0d9dc3c11f0e,Thomas Jackson,thomas.jackson@acme.com,Product Manager,team-2,2025-12-24 17:33:27.942234
1f8ded7b-b4ee-491f-ba69-bed9b40b1f8f,Jessica Hernandez,jessica.hernandez@acme.com,Designer,team-19,2024-10-24 17:33:27.942234
222abaf8-2dce-4c1e-8044-a967b699e059,Angela Hardy,angela.hardy@acme.com,Designer,team-0,2021-07-22 17:33:27.942234
b5f2e03e-a13f-45ca-89ff-780b381eb5fa,Daniel Brown,daniel.brown1@acme.com,Designer,team-18,2016-02-10 17:33:27.942234
93d55339-000e-435b-969b-7623a1c69529,Jerry Berry,jerry.berry@acme.com,Engineer,team-16,2025-12-06 17:33:27.942234
92cf3cca-c374-4170-b7bb-15c607652c32,Ronald Soto,ronald.soto@acme.com,Marketer,team-18,2017-02-18 17:33:27.942234
043a9d4b-acab-4e72-971a-5363123a3370,Amber Smith,amber.smith@acme.com,Ops,team-11,2016-04-20 17:33:27.944239
e74ecab9-453d-4b10-a61a-f4b4475ec8ae,Daniel Sherman,daniel.sherman@acme.com,Ops,team-5,2025-09-28 17:33:27.944239
30770324-159f-4b54-b443-763bdfe01e0f,Patricia Gamble,patricia.gamble@acme.com,Marketer,team-18,2015-10-09 17:33:27.944239
cf1dcfd6-2a7e-4c7c-a19d-1550d9bad615,Jasmine Giles,jasmine.giles@acme.com,Ops,team-5,2020-12-04 17:33:27.944239
e8e8744f-32b8-4086-9f73-b95b8f07c7c3,Gregory Wheeler DDS,gregory.wheeler.dds@acme.com,Product Manager,team-8,2021-09-13 17:33:27.944239
b8af5ccb-3a02-4097-a128-bf4dd9fb3715,Richard Flores,richard.flores@acme.com,Product Manager,team-9,2024-06-11 17:33:27.944239
15992f55-6b74-4e14-8c76-504d5b8eb4ba,Randy Edwards,randy.edwards@acme.com,Ops,team-19,2020-10-28 17:33:27.944239
707ce2ac-c7cb-4b3a-bac9-cb763068745a,Rachel Ferguson,rachel.ferguson@acme.com,Marketer,team-4,2019-03-01 17:33:27.944239
79db2763-933e-4fca-92da-3a8465087c15,Michael Perez,michael.perez@acme.com,Ops,team-1,2019-07-05 17:33:27.944239
8cc5a3d6-7720-46c8-b21f-98862c396757,Kiara Cummings,kiara.cummings@acme.com,Ops,team-10,2020-10-02 17:33:27.944239
f5298c2c-1245-4c75-9b50-daaa1a56dbe7,Luis Mitchell,luis.mitchell@acme.com,Designer,team-4,2017-01-04 17:33:27.944239
ac95a3c1-b089-45cc-98ea-db9b2dd6edee,Pamela Smith,pamela.smith1@acme.com,Product Manager,team-7,2022-05-13 17:33:27.944239
9403d8ee-5ad7-4a88-8af4-b1b39d9c0736,Thomas Ray,thomas.ray@acme.com,Marketer,team-14,2016-09-24 17:33:27.946926
7971cdf3-5db7-4737-a9d2-c82ff42d10b9,Ralph Vaughan,ralph.vaughan@acme.com,Designer,team-5,2022-04-27 17:33:27.946926
30234c64-8151-4270-a7c1-9a154f03357f,Kevin Holt,kevin.holt@acme.com,Product Manager,team-0,2024-08-05 17:33:27.948002
90c034e4-946e-47d3-a146-3844b4d453fd,Kristy Park,kristy.park@acme.com,Product Manager,team-10,2015-11-25 17:33:27.948002
de79db25-ba62-4017-a652-1ddf0861f34e,Alison Kirk,alison.kirk@acme.com,Engineer,team-10,2016-10-05 17:33:27.948002
d8ce2d33-0a24-48ed-9a13-1f1ffa108b63,Anthony Navarro,anthony.navarro@acme.com,Engineer,team-14,2019-07-10 17:33:27.948002
3ffdd881-cab2-430f-adb1-7394644a178e,Amanda Pierce,amanda.pierce@acme.com,Designer,team-7,2019-02-27 17:33:27.948002
08f6100e-237b-49b2-af1c-47190e5e15b5,Sandra Nichols,sandra.nichols@acme.com,Ops,team-12,2022-08-15 17:33:27.948002
e1aa0992-9ac0-4e3e-aa26-2f0c9e38937f,Jonathan Turner,jonathan.turner@acme.com,Designer,team-0,2022-06-15 17:33:27.950012
192be715-ccfa-45e5-a9af-1d25e98892cc,Jeffery Becker,jeffery.becker@acme.com,Engineer,team-0,2022-03-08 17:33:27.950012
4c5a7c8d-b6ec-445a-8dd1-77c2008f552e,Carl Bray,carl.bray@acme.com,Product Manager,team-13,2025-06-16 17:33:27.950012
57f46b79-d9cd-411c-b2d2-0b673f438040,Katrina Hayes,katrina.hayes@acme.com,Marketer,team-2,2021-12-01 17:33:27.950012
9d1afd9f-27f8-42c8-8251-0cc20f768d86,James Glenn DVM,james.glenn.dvm@acme.com,Marketer,team-0,2021-03-07 17:33:27.950012
232d94c4-adce-41aa-ab29-1170f7dbe0b5,Samantha Lewis,samantha.lewis@acme.com,Engineer,team-13,2023-05-22 17:33:27.950012
632b2d8d-79df-4852-916c-b93369650c2b,Kevin Hunt,kevin.hunt@acme.com,Engineer,team-6,2022-08-31 17:33:27.950012
2366f4c1-6785-44be-8b5d-72f9a0990b85,Chad Torres,chad.torres@acme.com,Product Manager,team-9,2024-08-24 17:33:27.950012
170cf010-f7b7-48ae-9d62-f387e4e04c51,Jordan Jones,jordan.jones@acme.com,Product Manager,team-3,2022-10-27 17:33:27.950012
7cffcc1a-f775-44f3-9b64-67b7f2e3e80d,Ryan Middleton,ryan.middleton@acme.com,Ops,team-18,2022-06-14 17:33:27.950012
1b2d40b7-0508-44db-a526-adf64c8613a4,Veronica Byrd,veronica.byrd@acme.com,Marketer,team-8,2024-12-27 17:33:27.952021
dd5aaa8c-de28-4f07-b85d-3ea5d4c4ad52,Alexander Hancock,alexander.hancock@acme.com,Ops,team-18,2015-10-09 17:33:27.952021
441e00c1-3f91-49d9-be21-b05ce4e4279b,Marie Coleman,marie.coleman@acme.com,Ops,team-17,2020-03-03 17:33:27.952021
22c1ff5d-4b22-4602-8180-2664983255a0,Maria Harvey,maria.harvey@acme.com,Product Manager,team-10,2016-06-12 17:33:27.952021
da848d43-04ca-4e76-9740-a203dc5d1161,Valerie Reeves,valerie.reeves@acme.com,Ops,team-15,2021-04-20 17:33:27.952021
6f45aabc-64e3-4265-a974-8d712db7abb0,Samantha Floyd,samantha.floyd@acme.com,Engineer,team-5,2023-11-20 17:33:27.952021
98f0d302-69ca-46b1-9bf5-fc53e914e164,Lauren Rodriguez,lauren.rodriguez@acme.com,Designer,team-10,2017-08-23 17:33:27.952021
6e331053-3c70-478d-834b-0a68230cf70a,Nicholas Brown,nicholas.brown1@acme.com,Engineer,team-8,2016-09-19 17:33:27.952021
a2d5bb77-0e0e-4ad0-8656-3090f880285e,Ryan Bowman,ryan.bowman@acme.com,Ops,team-16,2020-09-07 17:33:27.952021
79eb8c41-a8be-42e0-b738-123aea390312,Matthew Anderson,matthew.anderson@acme.com,Ops,team-2,2020-02-16 17:33:27.952021
531f196b-d23c-4dc9-a610-bd046654ea1e,Jessica Walker,jessica.walker@acme.com,Marketer,team-10,2022-10-27 17:33:27.952021
7c1352a0-45b6-4edc-959d-6ef533804a8a,Cynthia Nguyen,cynthia.nguyen@acme.com,Engineer,team-19,2019-08-27 17:33:27.952021
5a15cabe-d511-4bdc-aebf-713d1b29ffa9,Danielle Shelton,danielle.shelton@acme.com,Product Manager,team-17,2021-07-14 17:33:27.952021
df62051e-effb-4d2a-844e-094e659672d2,Jason Salinas,jason.salinas@acme.com,Ops,team-8,2020-10-23 17:33:27.952021
9640490d-697d-4d9f-9390-4c5e3e52db79,Jillian Melton,jillian.melton@acme.com,Product Manager,team-16,2021-03-22 17:33:27.952021
09dfb885-ef86-45ca-a9e1-a0e9d911fddc,Laura Calderon,laura.calderon@acme.com,Product Manager,team-11,2022-12-01 17:33:27.952021
1830a65b-df55-4003-82a4-7e6326459bd3,Rachel Hardin DDS,rachel.hardin.dds@acme.com,Ops,team-1,2020-02-16 17:33:27.952021
79bb67e6-6523-480c-8954-767175386bd2,Jennifer Robles,jennifer.robles@acme.com,Designer,team-15,2021-03-02 17:33:27.952021
123b012e-ea1d-4aae-ae14-21ba4c44895f,Dr. Ethan Mccarthy,dr..ethan.mccarthy@acme.com,Designer,team-16,2021-07-13 17:33:27.952021
c6aa78a3-3669-433e-ac6c-3d396a057be5,Christine Washington,christine.washington@acme.com,Ops,team-11,2023-10-17 17:33:27.955294
93314db4-e671-4680-85c4-02b8fa1f4131,Adam Lee,adam.lee@acme.com,Designer,team-7,2016-06-06 17:33:27.955294
6ad61ed0-dd77-4638-bbf6-69af6e5213f8,Sean Miller,sean.miller@acme.com,Product Manager,team-15,2025-05-11 17:33:27.955294
4a973d80-bf9a-4810-928e-b018f3c10823,Renee Baker,renee.baker@acme.com,Marketer,team-12,2018-06-30 17:33:27.955294
1b706222-101c-4dea-8d59-0d547e6aa562,Kelly Estrada,kelly.estrada@acme.com,Product Manager,team-18,2015-11-15 17:33:27.955294
a70e5ace-47b7-4d79-928c-bf9d5e1b32cc,Bradley Barron,bradley.barron@acme.com,Engineer,team-19,2020-01-18 17:33:27.955294
ac03feda-1761-422a-b886-47bb4fb842e9,Samantha Robles,samantha.robles@acme.com,Ops,team-5,2018-04-15 17:33:27.955294
6bf1005d-0fac-4a5a-8f76-d0b02e53d7ae,Jermaine Burgess,jermaine.burgess@acme.com,Product Manager,team-6,2025-01-17 17:33:27.955294
413e141e-878c-4198-9bf5-bca183e46e0e,Kimberly Mullins,kimberly.mullins@acme.com,Designer,team-10,2019-04-10 17:33:27.955294
3ee512fa-01ce-4304-a0e0-bf29a146842b,Jennifer Garcia,jennifer.garcia1@acme.com,Ops,team-7,2021-04-26 17:33:27.955294
c9b2367c-8f45-4588-838f-5796e944e9ea,Gregory Franco,gregory.franco@acme.com,Engineer,team-10,2020-03-03 17:33:27.955294
7c4906d6-7b7f-4cd5-8810-1bab71246481,Tiffany Huber MD,tiffany.huber.md@acme.com,Engineer,team-8,2016-03-31 17:33:27.957302
5ce16e8c-80ef-4116-a535-8d1a2cf092da,Shelley Taylor,shelley.taylor@acme.com,Designer,team-2,2016-06-30 17:33:27.957302
c252f131-e357-4d1b-acdd-280979b1c7ed,Alexis Savage,alexis.savage@acme.com,Engineer,team-9,2022-05-20 17:33:27.957302
b8810fe9-be16-4536-b7d3-edffdc0d9bb6,Jessica Steele,jessica.steele@acme.com,Designer,team-9,2016-07-09 17:33:27.957302
04edc0a3-179b-492a-8c28-697cd18ed038,Amy Branch,amy.branch@acme.com,Product Manager,team-14,2021-03-07 17:33:27.957302
023b595e-90d3-4a4c-82d7-ad0a58198b43,Candace Mercer,candace.mercer@acme.com,Product Manager,team-13,2016-01-19 17:33:27.957302
654e370f-a847-4daf-9378-d52e60983801,Kathleen Bowman,kathleen.bowman@acme.com,Designer,team-13,2023-11-11 17:33:27.957302
2f256301-48b3-47ea-b16c-3fbb27ffb635,Sara Brown,sara.brown@acme.com,Engineer,team-8,2017-10-08 17:33:27.957302
68a4f943-9fd1-4b48-9e1e-1e8fa45c1774,Danielle Smith,danielle.smith1@acme.com,Engineer,team-11,2019-01-18 17:33:27.957302
fe436275-a0d0-40ad-98cc-8037f7915a7f,Heidi Holloway,heidi.holloway@acme.com,Marketer,team-16,2018-07-05 17:33:27.957302
5c001bf1-ae4c-42bf-a717-aec242b79ce4,Michael Fuller,michael.fuller@acme.com,Designer,team-2,2024-05-16 17:33:27.957302
80a1a641-cb3d-4552-b9b9-5217b87d8771,Lisa Jones,lisa.jones@acme.com,Marketer,team-19,2018-02-15 17:33:27.957302
d02c18f4-3699-464e-9c57-991ac05b9c72,Mrs. Brittany Hood DDS,mrs..brittany.hood.dds@acme.com,Designer,team-18,2024-01-18 17:33:27.957302
5ceee441-9a1a-4dc8-9596-df9e8214c7ec,Corey Salazar,corey.salazar@acme.com,Ops,team-2,2019-01-25 17:33:27.957302
9dd1ab17-7687-4e42-aa67-40693dcf73d3,Alexandra Lamb,alexandra.lamb@acme.com,Ops,team-19,2016-10-11 17:33:27.957302
1549ddc2-32a9-41ee-9838-999bec9fe513,Dylan Hill,dylan.hill@acme.com,Product Manager,team-8,2016-07-16 17:33:27.957302
4cacb187-53ad-4e70-b6ff-b8823ecfb760,Trevor Bowers,trevor.bowers@acme.com,Marketer,team-7,2024-07-11 17:33:27.957302
eabd1d82-90a6-4a49-afde-2413a61b4597,Jason Vega,jason.vega@acme.com,Designer,team-8,2017-05-10 17:33:27.957302
e65f4baa-a46a-40bd-ac50-a3412664b948,Leah Carroll,leah.carroll@acme.com,Product Manager,team-6,2018-10-10 17:33:27.957302
934cbf8f-6198-44fe-b2af-18cfd94fa328,Leslie Fisher,leslie.fisher@acme.com,Ops,team-5,2020-04-11 17:33:27.957302
a8918c64-e528-4b01-9d6c-fd839dc669f8,Whitney Stone,whitney.stone@acme.com,Engineer,team-11,2024-08-14 17:33:27.957302
26e9d943-39de-41d3-9ac0-6ad299eefde4,Erica Jefferson,erica.jefferson@acme.com,Ops,team-3,2024-11-15 17:33:27.957302
21a4eba8-985d-4aac-aff1-c88f7b9747c9,Eric Ingram,eric.ingram@acme.com,Marketer,team-7,2024-03-06 17:33:27.957302
e65fb862-6574-4527-a0fb-cf313f192880,Jordan Navarro,jordan.navarro@acme.com,Ops,team-3,2021-10-27 17:33:27.957302
33a0a09b-440a-434b-9439-6c78ddee4fcd,Wendy Stokes,wendy.stokes@acme.com,Marketer,team-3,2016-03-30 17:33:27.957302
3799de41-6b80-47e0-b6cb-18b1022f4b91,Corey Hanna,corey.hanna@acme.com,Marketer,team-19,2022-08-25 17:33:27.957302
2948abac-a498-409e-9af3-3d2c6cb3c03a,Tiffany Perez,tiffany.perez@acme.com,Ops,team-19,2018-04-13 17:33:27.957302
54096ace-375b-447a-888c-8473971fe8c4,Mary Torres,mary.torres@acme.com,Ops,team-5,2025-09-01 17:33:27.961875
88b9ca81-dece-4ddb-9451-4a224eae3df8,Albert Graham,albert.graham@acme.com,Engineer,team-9,2020-12-30 17:33:27.961875
fa7292a8-bb51-4ceb-8feb-4518bfcec6c9,Andrew Lee,andrew.lee@acme.com,Marketer,team-18,2023-09-19 17:33:27.961875
33a886d3-392a-4ad3-81e4-eb50647ab2ed,Nicole Galvan,nicole.galvan@acme.com,Designer,team-1,2025-09-21 17:33:27.961875
b6170a24-90f6-4fcc-afb4-6582defcc052,Katelyn Young,katelyn.young@acme.com,Marketer,team-8,2017-06-02 17:33:27.961875
3436e7d9-3429-4f06-9045-be297d325e1e,Kathy Foster,kathy.foster@acme.com,Ops,team-5,2017-10-27 17:33:27.961875
fb776f62-bff7-4268-ac58-e33082369f08,Miss Susan Harris MD,miss.susan.harris.md@acme.com,Ops,team-2,2018-11-21 17:33:27.961875
7fee8e3a-494d-4607-b2e3-cb78385d4f19,Monique Gonzalez,monique.gonzalez@acme.com,Engineer,team-11,2021-01-01 17:33:27.961875
18a4eddf-5b67-48c3-8435-eb99be7aad5f,Kim Spears,kim.spears@acme.com,Product Manager,team-8,2025-05-30 17:33:27.961875
62e05a2e-6516-4539-8f3a-1c3a609f7514,Daniel Jacobs,daniel.jacobs@acme.com,Engineer,team-12,2019-01-03 17:33:27.961875
7516d858-a027-42e9-9e05-25ea407d2c0b,James Murphy,james.murphy@acme.com,Engineer,team-15,2020-12-03 17:33:27.961875
815ee4ab-f780-427a-92bf-464fcfecd417,Raymond Holland,raymond.holland@acme.com,Marketer,team-4,2019-06-17 17:33:27.961875
2cac3c4a-9901-4bd0-8462-dbc0ee9c3d12,Brenda Herring,brenda.herring@acme.com,Product Manager,team-8,2015-09-03 17:33:27.961875
526f7cc1-473f-4e9c-96f7-3992170f8227,Matthew Gonzalez,matthew.gonzalez@acme.com,Marketer,team-9,2015-10-31 17:33:27.961875
37fa1d68-b8f6-404f-a468-a736948e1720,Clinton Horne,clinton.horne@acme.com,Engineer,team-1,2023-06-06 17:33:27.961875
454ad9f2-9114-409b-a3ae-aa2b485f095a,Mary Smith,mary.smith1@acme.com,Product Manager,team-11,2020-04-10 17:33:27.961875
dc1d866b-8b2c-4874-b246-74c611cda88c,Jeffrey Spears,jeffrey.spears@acme.com,Engineer,team-14,2021-02-02 17:33:27.961875
0d151989-6e91-4a54-ba5e-c95c8e369fc0,Julie Henderson,julie.henderson@acme.com,Designer,team-6,2015-09-29 17:33:27.961875
61124edb-6801-4275-9faa-8619a871941f,Sharon Fernandez,sharon.fernandez@acme.com,Product Manager,team-12,2018-10-14 17:33:27.961875
6c50a685-63eb-470c-a640-3c19dbb57431,Donald Schneider,donald.schneider@acme.com,Designer,team-17,2018-04-23 17:33:27.961875
8b800955-f99c-4952-8978-0950bfef5fcd,Laura Brown,laura.brown@acme.com,Marketer,team-1,2018-08-25 17:33:27.961875
e0968ce9-7de1-4e0f-aada-72e3a2aa9472,Raymond Davis,raymond.davis@acme.com,Engineer,team-9,2020-05-30 17:33:27.961875
3405fd5e-9873-4153-ae1f-5efbc3c7247d,Kelly Phillips,kelly.phillips@acme.com,Marketer,team-12,2022-10-11 17:33:27.961875
0de5836e-af6c-410f-b0b9-5b1d8614ee6d,Zachary Brooks,zachary.brooks@acme.com,Ops,team-8,2020-06-01 17:33:27.961875
4e6b7fed-a864-4be3-8dce-5712ed94cc40,Kimberly Hernandez,kimberly.hernandez@acme.com,Ops,team-7,2016-09-25 17:33:27.961875
acf41299-836d-4393-8db3-7a6286735d6d,Patricia Dudley,patricia.dudley@acme.com,Ops,team-19,2020-07-26 17:33:27.961875
ff071a36-8c97-4ba0-bc66-bb85dc407fe1,David Martinez,david.martinez@acme.com,Marketer,team-0,2020-04-11 17:33:27.961875
ec1bd01d-ae70-47fd-b42d-7a1c53d6fa00,Kristy Mcgee,kristy.mcgee@acme.com,Ops,team-4,2022-06-06 17:33:27.961875
0f4543f0-2432-452f-a858-cc2a49601389,Patricia Lewis,patricia.lewis@acme.com,Marketer,team-10,2022-01-27 17:33:27.961875
9080666b-d580-4f2d-97d7-8ed1fe7b99a4,Angel Lozano,angel.lozano@acme.com,Marketer,team-14,2021-02-23 17:33:27.961875
b5f96cca-205b-43fa-896c-c1e8867d22f1,Natalie Mcintosh,natalie.mcintosh@acme.com,Product Manager,team-1,2022-06-26 17:33:27.961875
868abafd-cc4c-4c04-a40b-86cc006b2cf4,Allison Schneider,allison.schneider@acme.com,Marketer,team-14,2021-07-08 17:33:27.961875
49c76dc1-b331-427f-b916-4487e0707fa5,Lauren Chen,lauren.chen@acme.com,Marketer,team-17,2022-03-07 17:33:27.961875
fadd9a1b-0b2b-4382-8992-1831137ea1d2,David Summers,david.summers@acme.com,Product Manager,team-5,2023-01-20 17:33:27.961875
2c107d94-046c-4b6e-b930-1444a0643fef,Joshua Taylor,joshua.taylor@acme.com,Designer,team-16,2024-07-02 17:33:27.961875
03eda380-22ea-43f4-a6c4-f3e318ecf9e4,Philip Garza,philip.garza@acme.com,Marketer,team-11,2016-04-22 17:33:27.961875
67d07a8c-586a-4191-955e-51aa9ce8e554,Chad Romero,chad.romero@acme.com,Engineer,team-9,2024-07-03 17:33:27.961875
16c8ed51-b97e-437b-967a-1a356a4e4c05,Heidi Sparks,heidi.sparks@acme.com,Ops,team-14,2016-10-09 17:33:27.961875
832646f0-943c-4341-8bb2-8e5e204373d5,Michael Garcia,michael.garcia@acme.com,Designer,team-18,2016-02-27 17:33:27.961875
2e2e67d2-d23a-4597-9466-399873a15f43,Meredith Robertson,meredith.robertson@acme.com,Engineer,team-18,2025-12-07 17:33:27.961875
2dc73659-8397-49be-9b45-05deae2b8765,Terri Elliott,terri.elliott@acme.com,Ops,team-8,2019-11-17 17:33:27.961875
89f0a334-d5b9-4d58-a7b4-412dca2ada6c,Mrs. Brittany Bell DDS,mrs..brittany.bell.dds@acme.com,Marketer,team-11,2023-01-03 17:33:27.961875
ff315ba1-58b9-4cce-9ac4-8fbf7b353e81,Ian Cross,ian.cross@acme.com,Product Manager,team-10,2024-02-11 17:33:27.961875
12e83562-471c-4bb6-856a-60ab88d805c9,Kyle Perkins,kyle.perkins@acme.com,Marketer,team-11,2015-12-18 17:33:27.961875
8dee6cc0-84c1-4409-948b-7c0ffc84c72d,Lori Whitaker,lori.whitaker@acme.com,Product Manager,team-19,2019-03-03 17:33:27.961875
e4229414-1e9b-4ce0-878a-5a3d2024b0e1,Tiffany Obrien,tiffany.obrien@acme.com,Ops,team-15,2019-07-13 17:33:27.961875
e90976c0-2671-4cdd-b344-39408989f32b,Aaron Mayo,aaron.mayo@acme.com,Product Manager,team-10,2016-12-06 17:33:27.961875
5a1968e4-50c4-46e2-9351-c7c64ddde9c4,David Martinez,david.martinez1@acme.com,Marketer,team-6,2016-01-29 17:33:27.961875
e28b8e23-d1ee-4650-9530-9574ddbe67c5,James Ramos,james.ramos@acme.com,Marketer,team-7,2022-02-11 17:33:27.961875
9b45bf7a-d3ed-4f1b-a7c8-8114b94b9c4e,Benjamin Morgan,benjamin.morgan@acme.com,Engineer,team-11,2024-09-09 17:33:27.961875
cb47d527-be2c-4faf-851f-c3054508c25c,Sara Reed,sara.reed@acme.com,Ops,team-12,2022-12-15 17:33:27.961875
265a4a9d-1c7d-4f52-9c37-252251e993f3,Katherine Tate,katherine.tate@acme.com,Engineer,team-1,2016-08-27 17:33:27.961875
de162d51-f9b1-4ff8-ab14-4a378a53d172,Logan Livingston,logan.livingston@acme.com,Ops,team-11,2025-04-27 17:33:27.961875
7ed9e23f-0413-4cd1-a5f8-944e7dd2c09c,Mr. Matthew Smith DDS,mr..matthew.smith.dds@acme.com,Marketer,team-9,2018-11-27 17:33:27.961875
a78c38e8-a548-4a25-9d5d-d7bd36047e91,Mackenzie Brown,mackenzie.brown1@acme.com,Ops,team-8,2016-06-11 17:33:27.961875
80cea631-033d-4bfa-a0a7-c415a6db3322,Kenneth Gutierrez,kenneth.gutierrez@acme.com,Product Manager,team-10,2019-10-05 17:33:27.961875
07024958-0d50-4a4c-bb39-37ec4542ecb7,Kurt Brooks,kurt.brooks@acme.com,Designer,team-2,2022-08-15 17:33:27.961875
6fc89282-06c1-49d5-a163-9532b66ec442,Larry Lewis,larry.lewis@acme.com,Ops,team-19,2016-03-22 17:33:27.961875
4a6da2dd-5f7e-4031-b02a-bb826e30ae7c,David Allen,david.allen@acme.com,Ops,team-11,2025-10-24 17:33:27.961875
88c47e79-b235-4f1a-96ff-ddfd32565e92,Howard Lang,howard.lang@acme.com,Designer,team-14,2019-02-04 17:33:27.961875
d32448d6-8983-413f-84b9-72ab545911c2,Lisa Schwartz,lisa.schwartz@acme.com,Engineer,team-17,2023-04-28 17:33:27.961875
a0f93669-7ed1-4ec1-93f7-62ac50fd22c0,Tyler Pena,tyler.pena@acme.com,Designer,team-16,2018-04-20 17:33:27.961875
24e5936d-2503-4e75-a3c5-8d4db7895114,Jennifer Crosby,jennifer.crosby@acme.com,Marketer,team-8,2018-12-12 17:33:27.961875
9be4f40d-a863-4c54-8e5c-70ceeb7fced2,Anna Smith,anna.smith@acme.com,Product Manager,team-9,2025-03-07 17:33:27.961875
79778801-7904-4a0e-a1c8-626f4d40ec38,Sandra Garza,sandra.garza@acme.com,Designer,team-7,2024-05-16 17:33:27.961875
82c3b575-eca7-42ab-aaa9-ea4c729b17fa,Brandy Coleman,brandy.coleman@acme.com,Marketer,team-16,2022-10-14 17:33:27.961875
f8e9cbfe-98de-411a-889b-9ab7994a6296,Jacqueline Howell,jacqueline.howell@acme.com,Designer,team-13,2024-12-21 17:33:27.961875
876dfb46-b805-495a-80c9-6eb48094b041,Robert Martin,robert.martin@acme.com,Marketer,team-7,2025-12-16 17:33:27.961875
8f10b9ec-4551-4b2c-acdc-0f5df2041772,Kelly Jones,kelly.jones@acme.com,Product Manager,team-2,2022-04-15 17:33:27.961875
9453896a-e082-475b-a848-4a4c603d5de6,Debra Turner,debra.turner@acme.com,Designer,team-15,2021-06-22 17:33:27.961875
1b68d73f-a49d-422a-951b-d68629658d35,David Hart,david.hart@acme.com,Engineer,team-2,2021-11-15 17:33:27.961875
31af3bf0-6b8b-474f-888a-f4420c0e064c,Matthew Bell,matthew.bell@acme.com,Ops,team-7,2018-12-25 17:33:27.961875
bdd19b50-37c0-45c6-af1b-b25768ff304b,Christopher Maddox,christopher.maddox@acme.com,Marketer,team-2,2021-10-17 17:33:27.961875
d80ca2a0-94b5-4433-b6ac-cb60f50075cb,Daniel Roth,daniel.roth@acme.com,Marketer,team-17,2025-04-05 17:33:27.961875
74408f20-2676-450c-9617-1475ef863c35,Tony Arnold,tony.arnold@acme.com,Engineer,team-10,2024-07-10 17:33:27.961875
14bf461b-e1d2-4d14-8569-a0f7c99e9631,Edward Hoffman,edward.hoffman@acme.com,Marketer,team-10,2018-12-11 17:33:27.961875
395d478f-b9ee-452a-9d2b-e3408991dc31,Robert Watson,robert.watson@acme.com,Engineer,team-5,2024-04-22 17:33:27.961875
81f32de2-f1e2-4e5c-bb36-f2b9f7dafa5a,Michael Ward,michael.ward@acme.com,Ops,team-5,2018-09-08 17:33:27.961875
b17d7364-1603-4b16-9dff-cc94d21a1ecd,Jacob Phillips,jacob.phillips@acme.com,Designer,team-6,2024-07-18 17:33:27.961875
ed2af0f1-ee30-4c20-ac9a-502f7a0e2f72,Jacob Johnston,jacob.johnston@acme.com,Marketer,team-9,2016-05-30 17:33:27.961875
abcc5e1f-a117-43c1-8f1e-6b0e53c02be4,Cindy Perez,cindy.perez@acme.com,Marketer,team-13,2018-01-02 17:33:27.961875
d8db3fb0-b222-4c4f-8ee3-22fedda73bcd,Timothy Vega,timothy.vega@acme.com,Product Manager,team-8,2023-08-31 17:33:27.961875
fc4cc47e-0816-457f-aa60-b5f39339b420,Lisa Farley,lisa.farley@acme.com,Engineer,team-13,2025-12-15 17:33:27.961875
4ce177d1-78e2-404d-87ec-022f20dd00c4,Thomas Howell,thomas.howell@acme.com,Ops,team-13,2016-06-28 17:33:27.961875
990549d9-5c3d-4810-9ad5-7160122e79d4,Colin Hunt,colin.hunt@acme.com,Engineer,team-13,2023-09-15 17:33:27.961875
f89f58bc-7fab-4009-b15b-ab4dfa112a28,Karen Paul,karen.paul@acme.com,Engineer,team-8,2024-01-02 17:33:27.961875
5b13e02d-73d0-438a-88f9-6959927e8c9c,Mrs. Elizabeth Thomas,mrs..elizabeth.thomas@acme.com,Ops,team-12,2017-04-13 17:33:27.961875
031eaf9f-77e4-466b-a364-82c5cae4f921,John Jones,john.jones@acme.com,Product Manager,team-9,2016-03-17 17:33:27.961875
353dea91-7072-494e-9669-86a5899c7514,Stephanie Alvarez,stephanie.alvarez@acme.com,Designer,team-1,2020-01-30 17:33:27.961875
d99b80ba-e655-490d-ad5b-75e4855ee968,Teresa Rogers,teresa.rogers@acme.com,Product Manager,team-1,2024-02-25 17:33:27.961875
2db3c466-6607-4e08-a96f-785be1f1e3d0,Eric Hanson,eric.hanson@acme.com,Ops,team-0,2018-06-09 17:33:27.961875
63651fbd-ef1c-4af3-8ae8-f77c3bd21b64,Rachel Ellison,rachel.ellison@acme.com,Engineer,team-8,2017-11-07 17:33:27.961875
177224a7-f95e-41ff-95f7-e587cc0c8d0e,Phillip Gibson,phillip.gibson@acme.com,Engineer,team-14,2021-11-18 17:33:27.961875
cca29094-495a-4ebe-8d84-858417f91166,Ashley Freeman,ashley.freeman@acme.com,Designer,team-6,2024-10-13 17:33:27.961875
46106b6a-1620-4876-a79e-62d08ddb6734,Adam Coleman,adam.coleman@acme.com,Ops,team-14,2016-02-17 17:33:27.961875
c13bea4a-8ada-4eb2-a290-f8e2e57fda51,Melissa Walters,melissa.walters@acme.com,Ops,team-9,2023-03-24 17:33:27.977825
d81a0a4b-e972-422c-8f18-65f9a8f20954,Kyle Holder,kyle.holder@acme.com,Ops,team-19,2025-05-10 17:33:27.977825
f4713894-9f6a-404f-bddf-fcd12947f9b0,Johnny Henry,johnny.henry@acme.com,Designer,team-10,2016-11-13 17:33:27.977825
0ec4ce79-8397-48ce-a1b2-95408e1dfaa9,James Gomez,james.gomez@acme.com,Ops,team-9,2025-09-02 17:33:27.977825
c177e12f-5582-4473-9c9c-4cc00820178e,Mark Berry,mark.berry@acme.com,Engineer,team-8,2025-02-20 17:33:27.977825
2ad81fc7-04e6-463a-a0de-2aa6ec3dd1ea,Jamie Norman,jamie.norman@acme.com,Engineer,team-1,2023-10-28 17:33:27.979062
0f4a414a-5ffb-419a-924e-59d2b7317bf3,Kimberly Lewis,kimberly.lewis@acme.com,Engineer,team-13,2018-09-05 17:33:27.979062
d8a1c7e2-6e9f-40f3-bdf0-ea9e6f8069c5,Antonio Cortez,antonio.cortez@acme.com,Product Manager,team-5,2020-08-23 17:33:27.979062
c4ac0e6a-208e-432f-9c90-5f7eb41de65f,Nicole Williams,nicole.williams1@acme.com,Engineer,team-14,2025-01-02 17:33:27.979062
e594fcb0-fe27-45b5-8051-b9133d43c8c1,Jill Gibson,jill.gibson@acme.com,Engineer,team-17,2021-09-03 17:33:27.979062
50bbfada-40c7-46a2-850f-12d95aaed665,Brittney Brown,brittney.brown@acme.com,Ops,team-5,2018-06-21 17:33:27.979062
1e8d8072-f1a1-47c4-96ce-c51130691c8d,Mary Shaw,mary.shaw@acme.com,Marketer,team-14,2020-04-09 17:33:27.979062
01ddc600-31f1-45ba-87e4-e27cb503e14d,Miss Sarah Mckay,miss.sarah.mckay@acme.com,Engineer,team-14,2024-08-05 17:33:27.979062
4ca057f9-e324-41fc-846b-316cd352c108,Heather Cox,heather.cox@acme.com,Product Manager,team-2,2022-06-28 17:33:27.979062
85aa894a-a373-47c0-b929-2d2a2c79a12c,Benjamin Stanley,benjamin.stanley@acme.com,Marketer,team-8,2018-10-09 17:33:27.979062
36ca17ae-0d88-48d3-b77b-d2321fc71318,Jenna Munoz,jenna.munoz@acme.com,Designer,team-19,2020-02-04 17:33:27.979062
3621cf5d-0d25-4b95-8f9c-5ed3c902d8bd,Michael Ford,michael.ford@acme.com,Marketer,team-19,2021-04-30 17:33:27.979062
8e53c8a9-2bb1-4124-9474-297b7b75e2c4,Daniel Price,daniel.price@acme.com,Designer,team-15,2021-07-11 17:33:27.981070
dc5b01c4-e2d1-45c2-8620-144690240aa9,Amanda Mcdaniel,amanda.mcdaniel@acme.com,Engineer,team-3,2016-01-22 17:33:27.981070
3b3b46d9-4a48-4583-8be9-44722157a5ab,Suzanne Bowman,suzanne.bowman@acme.com,Designer,team-15,2015-12-22 17:33:27.981070
f0b80823-3c93-488f-8e57-a1ba138398f5,Ashley Brown MD,ashley.brown.md@acme.com,Designer,team-15,2016-05-07 17:33:27.981070
e0e3084e-51d8-41d9-aae5-2097e1754d4d,Steven Cabrera,steven.cabrera@acme.com,Engineer,team-19,2019-01-06 17:33:27.981070
18bd2bfa-e776-4c62-915a-f43adc52b1e7,Laura Brooks,laura.brooks@acme.com,Ops,team-16,2025-12-05 17:33:27.981070
623cea3e-f9d3-4924-a5e6-cbbcfb81c1e3,Matthew Sloan,matthew.sloan@acme.com,Designer,team-18,2025-01-18 17:33:27.981070
e77b1d69-9586-4b20-bee5-cdd3fe5718db,Andrew White,andrew.white@acme.com,Ops,team-6,2018-03-11 17:33:27.981070
42c033d6-2150-48f2-8a1d-bc3ada20a514,Ebony Morgan,ebony.morgan@acme.com,Engineer,team-3,2017-12-20 17:33:27.981070
7098cd7f-6fcc-4666-ab4b-b8333a92398d,Michael Mack,michael.mack@acme.com,Engineer,team-13,2025-11-04 17:33:27.981070
ef52ed00-3a70-4eb5-9e61-d14fc230659e,Jonathan Golden,jonathan.golden@acme.com,Product Manager,team-6,2015-09-04 17:33:27.981070
67583512-1964-47db-8885-e0d07a9b4a50,Billy Lucas,billy.lucas@acme.com,Designer,team-12,2015-10-15 17:33:27.981070
a98be90e-df16-4247-b672-42978da9ffac,Jeffrey Hahn,jeffrey.hahn@acme.com,Marketer,team-12,2025-05-12 17:33:27.983076
fc643fec-ae6b-4f89-84d7-692e50932eda,Brianna Kim,brianna.kim@acme.com,Ops,team-5,2017-12-29 17:33:27.983076
a05317fd-73b5-4b0f-8f47-816ebd7f6fe7,Jose Henderson,jose.henderson1@acme.com,Engineer,team-3,2023-08-03 17:33:27.983076
4d419fb4-1543-4e7e-90ab-96da65275eb8,Sharon White,sharon.white@acme.com,Marketer,team-16,2019-02-15 17:33:27.983076
7619139c-dd02-4805-b26e-fdca644c731b,Kyle Decker,kyle.decker@acme.com,Marketer,team-1,2018-04-27 17:33:27.983076
f2fcae9a-008d-4f81-8581-15786ff7eee8,Elizabeth Hicks,elizabeth.hicks@acme.com,Product Manager,team-8,2017-04-04 17:33:27.983076
0b1fb6b1-df38-40d1-88b3-4a1c1d11e140,Brendan Grimes,brendan.grimes@acme.com,Product Manager,team-2,2024-10-17 17:33:27.983076
7bea1100-2c7e-4a2c-bbbd-6e59fc7e43a7,Katrina Campbell,katrina.campbell@acme.com,Designer,team-6,2025-05-28 17:33:27.983076
843b1eee-802b-4a7e-a830-a6700a5a5b71,Christian Freeman,christian.freeman@acme.com,Product Manager,team-13,2025-01-03 17:33:27.983076
e2aa0178-9fb9-4721-b5a4-7de595bde14c,Stacy Coleman,stacy.coleman@acme.com,Engineer,team-6,2017-06-30 17:33:27.983076
7ab5f94a-971d-4849-a764-775430e4d824,Emily Dennis,emily.dennis@acme.com,Marketer,team-5,2019-11-10 17:33:27.983076
afab72ba-f9ff-4fac-a941-898ea027256a,Christopher Hutchinson,christopher.hutchinson@acme.com,Marketer,team-10,2019-05-01 17:33:27.983076
5ec1b404-f15d-47bc-89cd-a6d6772973a5,Bradley Walters,bradley.walters@acme.com,Designer,team-7,2015-11-30 17:33:27.985081
6aa8e683-464a-4ecc-bb9e-6e429cce6dc8,Betty Lutz,betty.lutz@acme.com,Engineer,team-4,2017-08-25 17:33:27.985081
9a104b7b-9135-4767-90e3-436f76e140a6,Christina Nash,christina.nash@acme.com,Product Manager,team-2,2022-05-22 17:33:27.985081
965bf158-0f9e-449c-bf28-f6533e22aa11,Matthew Jackson,matthew.jackson@acme.com,Engineer,team-7,2022-05-10 17:33:27.985081
5a940259-f3a9-4ab3-bfbe-a7791a766469,Angela Meyer,angela.meyer@acme.com,Engineer,team-12,2018-09-22 17:33:27.985081
ff344e74-86bd-4383-b6c6-79a13494fe11,Katherine Pena,katherine.pena@acme.com,Marketer,team-2,2018-12-31 17:33:27.985081
d63f0292-1b9b-4af3-8870-0f04425f5bc3,Oscar Farley,oscar.farley@acme.com,Marketer,team-6,2020-03-18 17:33:27.985081
06d5fef5-eada-4e76-ba17-6a25570f4820,Kim Torres,kim.torres@acme.com,Engineer,team-7,2017-02-02 17:33:27.985081
a108fe90-64c1-4c30-940b-4752663f104e,Mark Gonzalez,mark.gonzalez@acme.com,Marketer,team-8,2022-08-28 17:33:27.985081
4243c91a-a277-4e6e-a30d-10a1f5cbc2e5,Vincent Lee,vincent.lee@acme.com,Marketer,team-16,2025-06-12 17:33:27.985081
757eab2f-3a2a-4cce-944f-5b218d76d60a,Matthew Hill,matthew.hill@acme.com,Product Manager,team-9,2025-01-18 17:33:27.985081
2961662e-15e1-4dad-adfc-8f792eccbaa9,Ashley Hall,ashley.hall@acme.com,Ops,team-0,2015-12-02 17:33:27.985081
0f4ce9bc-1813-48ab-b01a-6a97d6ffdd4d,Sarah James,sarah.james@acme.com,Designer,team-11,2024-12-02 17:33:27.985081
c5cdf8d7-3deb-480e-913f-ba6f223f8104,Joan Moyer,joan.moyer@acme.com,Product Manager,team-3,2024-06-05 17:33:27.987086
d4dc049b-46ca-427e-afb0-353c12a71586,Jonathan Schmidt,jonathan.schmidt@acme.com,Engineer,team-17,2019-01-27 17:33:27.987086
b62505a7-a44d-4903-a1e9-c661faad115b,William Soto,william.soto@acme.com,Designer,team-3,2021-05-18 17:33:27.987086
e73fdb07-4d8e-403e-994d-661c3e93456d,Joyce Webster,joyce.webster@acme.com,Product Manager,team-11,2020-09-07 17:33:27.987086
9341b1ec-bbfc-411f-b887-34c33e500ca6,Dwayne Harris,dwayne.harris@acme.com,Engineer,team-19,2016-03-25 17:33:27.987086
374690df-2389-4329-9d9e-dadec596aee0,Stacy Brown,stacy.brown@acme.com,Ops,team-15,2017-09-11 17:33:27.987086
998bc53d-9c92-45c0-b7ff-364306ffc82f,Phyllis Hoover,phyllis.hoover@acme.com,Engineer,team-15,2020-06-28 17:33:27.987086
5cc8a085-1c03-4147-96b3-dfd23c8a3e93,Lindsey Smith,lindsey.smith@acme.com,Product Manager,team-14,2022-10-31 17:33:27.987086
65c6409d-aded-4669-a794-4334d45392cb,Timothy Frey,timothy.frey@acme.com,Marketer,team-8,2024-11-17 17:33:27.987086
6ace375d-af68-4f84-b22d-9ca2857800b4,Rebekah Rose,rebekah.rose@acme.com,Marketer,team-9,2015-08-27 17:33:27.987086
4914e2ed-a27b-41ae-84a7-13e02314c978,Dana Wiley,dana.wiley@acme.com,Marketer,team-12,2017-02-21 17:33:27.987086
1bc00ec7-159f-4380-b3bf-c942af7b1706,Tracy Morgan,tracy.morgan@acme.com,Marketer,team-8,2019-01-05 17:33:27.987086
015b10c2-9835-4d69-9f1b-e9aeea910b70,Charles Hall,charles.hall@acme.com,Ops,team-14,2017-03-14 17:33:27.987086
07930136-6fd4-401f-a5db-e3a1c76fc88c,Vanessa Nicholson,vanessa.nicholson@acme.com,Designer,team-3,2022-06-14 17:33:27.989090
410e89eb-b59e-4375-ba60-10d1ac2d1112,Mark Lee,mark.lee@acme.com,Marketer,team-19,2025-11-07 17:33:27.989090
75ba32db-9991-4d89-ac67-eee8f4e74b24,Robert Smith,robert.smith1@acme.com,Product Manager,team-10,2021-11-01 17:33:27.989090
6b79c2e8-a5de-4877-bd14-03e55a4268de,Amy Hill,amy.hill@acme.com,Designer,team-15,2017-08-22 17:33:27.989090
9d182884-72df-482a-bbe3-2508bbebb0da,Kathleen Mills,kathleen.mills@acme.com,Designer,team-10,2018-09-23 17:33:27.989090
4afc8a2a-e74b-4b08-801a-92ccbbe6695a,Tony Mitchell MD,tony.mitchell.md@acme.com,Designer,team-19,2024-04-12 17:33:27.989090
99fb0242-4723-4774-afd1-99d216a852cf,Scott Peterson,scott.peterson@acme.com,Designer,team-4,2017-03-19 17:33:27.989090
d6ffee52-15f3-48d1-9060-ff72823d4bbe,Jordan Sweeney,jordan.sweeney@acme.com,Marketer,team-8,2018-10-26 17:33:27.989090
f34a34fd-dfd5-4514-b9b7-ffe352dcd261,David Williams,david.williams@acme.com,Engineer,team-0,2022-06-14 17:33:27.989090
130e954c-9c10-4767-82e1-6795e74902a2,Lisa Mccoy,lisa.mccoy@acme.com,Designer,team-8,2024-12-31 17:33:27.989090
85742bb2-8aa8-4983-83df-dc5cc6ad1229,Joseph Jackson,joseph.jackson@acme.com,Marketer,team-19,2018-03-05 17:33:27.989090
ddc55dd0-a985-4912-b825-0c193a6f65ec,Tony Smith,tony.smith1@acme.com,Designer,team-19,2024-02-28 17:33:27.989090
6622ec59-5706-41bf-ad4d-bb5f8f4ffaef,Jasmine Hurst,jasmine.hurst@acme.com,Engineer,team-2,2019-03-13 17:33:27.989090
9ea65f56-77de-4551-b7f3-49f6f07f50da,Eric Moore,eric.moore@acme.com,Engineer,team-17,2019-01-21 17:33:27.989090
0b0523f7-c655-42c5-9815-208b7682e744,George Hawkins,george.hawkins@acme.com,Engineer,team-5,2022-12-03 17:33:27.991095
1651a4e5-657c-446a-add0-683b4ab98726,Carol Olson,carol.olson@acme.com,Engineer,team-0,2017-10-10 17:33:27.991095
bf806dee-a05e-469d-9ee0-8c9acdde4923,Jennifer Pierce,jennifer.pierce@acme.com,Ops,team-19,2016-10-22 17:33:27.991095
d645096d-4e42-411d-bf0c-9cf90de2e8bf,Judith Lindsey,judith.lindsey@acme.com,Engineer,team-9,2019-02-16 17:33:27.991095
0bb296eb-0e6c-47bf-9f6d-d3b049b9bd44,Jonathan Mccoy,jonathan.mccoy@acme.com,Marketer,team-8,2021-08-12 17:33:27.991095
b0be39ba-961c-4c50-81f2-de5bc36cfc53,Samuel Clark,samuel.clark@acme.com,Marketer,team-19,2025-04-13 17:33:27.991095
8c918873-5b64-4df0-8e19-59b0fef7e396,Rachel Martinez,rachel.martinez@acme.com,Designer,team-4,2015-11-03 17:33:27.991095
d843d9c4-6952-41bd-bd3e-994ffa8d5542,Vicki Bridges,vicki.bridges@acme.com,Ops,team-4,2022-05-17 17:33:27.991095
40ab7322-889f-4d7e-94fa-ea71785f201a,Justin Bryant,justin.bryant@acme.com,Ops,team-8,2025-11-14 17:33:27.991095
7042e714-21d2-48d7-952a-de8a2746fa78,Christopher Osborne,christopher.osborne@acme.com,Product Manager,team-17,2024-01-10 17:33:27.991095
f229b7f3-5231-4bc3-a1d7-6f4bd1758b06,Kevin Fitzpatrick,kevin.fitzpatrick@acme.com,Engineer,team-7,2018-09-03 17:33:27.991095
68bc007f-e898-4d0f-a0cc-ef183e69a7db,David Singh,david.singh@acme.com,Product Manager,team-4,2016-11-23 17:33:27.991095
bbe3e374-e3be-41a4-b767-67c86ae229a9,Jeffrey Williams,jeffrey.williams1@acme.com,Marketer,team-6,2023-08-22 17:33:27.991095
a2d719a6-e8af-46b4-82fb-30b784787fda,Samuel Smith,samuel.smith@acme.com,Engineer,team-6,2019-12-22 17:33:27.993099
751e91cb-c559-4fbc-81d0-73d5107b6a2d,Eric Gilmore,eric.gilmore@acme.com,Marketer,team-7,2022-07-31 17:33:27.993099
82445950-24f1-44da-8bb4-7779553ee541,Kara Brown,kara.brown@acme.com,Ops,team-18,2025-08-29 17:33:27.993099
6ba6e46b-3c6d-4e32-81b7-1cfd7755be43,Joseph Hernandez,joseph.hernandez@acme.com,Engineer,team-14,2020-05-06 17:33:27.993099
bd295065-dac5-4291-89aa-24f26f00fe2e,James Patterson,james.patterson@acme.com,Engineer,team-14,2016-09-14 17:33:27.993099
fa5b0632-1e70-478f-9303-9ce3f8d1404c,Mrs. Gina Brown,mrs..gina.brown@acme.com,Designer,team-9,2021-08-01 17:33:27.993099
21bef104-7e72-417d-b213-dc17747432e2,Steven Greene,steven.greene@acme.com,Marketer,team-4,2023-05-14 17:33:27.993099
5853fe85-ea72-428d-b264-79f9de1d0550,Mr. Carlos Martin,mr..carlos.martin@acme.com,Designer,team-11,2025-03-29 17:33:27.993099
23559f79-d744-4f1b-8696-9824e2de0f0a,Robert Pierce,robert.pierce@acme.com,Product Manager,team-8,2018-10-21 17:33:27.993099
48da9872-2e2b-4a0c-afdf-450dd1466d6a,Beth Williams,beth.williams@acme.com,Marketer,team-7,2016-11-01 17:33:27.993099
41a04d39-518c-4c38-a789-ed3c415f128c,Kristen Moreno,kristen.moreno@acme.com,Product Manager,team-18,2024-07-26 17:33:27.993099
ad1618b6-c354-43d9-83b8-d7fbc485b5e5,Jasmine Neal,jasmine.neal@acme.com,Ops,team-10,2023-03-14 17:33:27.993099
bdb79836-155d-4cc5-ba62-a6b3951aba2e,Laura Bell,laura.bell@acme.com,Product Manager,team-13,2016-08-30 17:33:27.993099
a7036ea2-e174-4fe7-92d5-a4813d27af55,Joseph Moore,joseph.moore@acme.com,Engineer,team-16,2016-05-02 17:33:27.995104
110d9e53-88a7-48cc-a7a1-b9ba495a4fac,David Villanueva,david.villanueva@acme.com,Marketer,team-15,2017-04-01 17:33:27.995104
ad39758d-2b6d-4dc7-8f0a-2743492a242b,Heather Frazier,heather.frazier@acme.com,Marketer,team-18,2025-12-25 17:33:27.995104
9b03f8b7-fcb7-48da-a1ae-07cbfd37cb94,Christopher Delgado,christopher.delgado@acme.com,Designer,team-5,2023-08-12 17:33:27.995104
42ac08b1-df17-4118-8d43-71813ff5accb,Randy Williams,randy.williams@acme.com,Engineer,team-4,2019-09-01 17:33:27.995104
df451eb3-d4bc-46d4-a58e-fae20a578eea,Daniel Brown,daniel.brown2@acme.com,Designer,team-19,2022-11-01 17:33:27.995104
c8382450-3e33-49d8-b138-c80d41c5e5b5,Kristopher Alexander,kristopher.alexander@acme.com,Designer,team-5,2024-05-04 17:33:27.995104
1a953410-36c8-4a80-8869-f31a79b3f8eb,Linda Mckenzie,linda.mckenzie@acme.com,Product Manager,team-16,2024-07-17 17:33:27.995104
b9dd16ea-bce3-42e0-aff9-14d97a8c2f77,Amy Ford,amy.ford@acme.com,Product Manager,team-11,2016-05-25 17:33:27.995104
0503e848-e9c1-4f03-8af7-d2d9b76856f7,Cynthia Berry,cynthia.berry@acme.com,Designer,team-18,2019-11-07 17:33:27.995104
5a76135a-4015-4e9e-98ea-b4f416e160a7,Dr. Sarah Morris DDS,dr..sarah.morris.dds@acme.com,Designer,team-9,2018-06-13 17:33:27.995104
7883d335-e31c-4a22-b21c-5edad720ccca,Mark Brown MD,mark.brown.md1@acme.com,Designer,team-9,2019-06-11 17:33:27.995104
20e46e0d-c507-4bb7-9ea3-5c7d63bf9477,Lance Baker,lance.baker@acme.com,Designer,team-8,2024-05-07 17:33:27.995104
c3131d30-3ced-489d-bb34-524924cce5b7,Michael Newton,michael.newton@acme.com,Designer,team-12,2025-02-02 17:33:27.995104
9112f276-969a-4778-9dba-e8802486baee,David James,david.james@acme.com,Ops,team-3,2024-03-14 17:33:27.997109
37f43f96-8870-40b3-b79e-d38bdf821c98,Jasmine Atkinson,jasmine.atkinson@acme.com,Marketer,team-15,2015-09-13 17:33:27.997109
a95f14f5-4964-4e7b-8230-b1d799432696,Adam Green,adam.green@acme.com,Ops,team-14,2019-05-10 17:33:27.997109
cb2c4f72-6159-4fcd-afaf-348c96396a6d,Pamela Wallace,pamela.wallace@acme.com,Designer,team-0,2020-01-05 17:33:27.997109
f547b978-af3b-451c-bf5f-a891f7ca9657,Jonathan Ramos,jonathan.ramos1@acme.com,Engineer,team-6,2021-05-23 17:33:27.997109
c01ba853-6617-43c7-ad4a-9ea4e7dfd76d,Gregory Pitts,gregory.pitts@acme.com,Product Manager,team-18,2019-02-10 17:33:27.997109
aad2a39b-6643-4e7a-95e9-50a99c36c026,Patricia Ryan,patricia.ryan@acme.com,Marketer,team-7,2024-06-13 17:33:27.997109
28006118-cdd9-4c9f-ba4e-f57eddd00612,Kari Wright,kari.wright@acme.com,Engineer,team-1,2022-03-28 17:33:27.997109
f328c08b-d221-46b4-8bb9-23fda02c20ba,Sarah Taylor,sarah.taylor@acme.com,Marketer,team-18,2021-10-16 17:33:27.997109
18ba71bd-4a45-428e-bcc3-7e7c83b43529,Dylan Zamora,dylan.zamora@acme.com,Marketer,team-2,2023-01-28 17:33:27.997109
eec086ca-e33a-4de5-ba27-e0a6cf5807ba,Miguel Horton,miguel.horton@acme.com,Ops,team-2,2016-12-18 17:33:27.997109
6913a647-356e-4bb7-8dab-6353b1db9aee,Jesus Kennedy,jesus.kennedy@acme.com,Engineer,team-16,2021-06-06 17:33:27.997109
6bda97dc-0a4b-43cf-9b54-cd972835eeba,Kimberly Walton,kimberly.walton@acme.com,Ops,team-10,2017-11-22 17:33:27.997109
95f0c93d-9189-44e0-96f6-fd38146eb399,Dr. Randall Daniels,dr..randall.daniels@acme.com,Ops,team-8,2022-07-10 17:33:27.997109
991f0549-8d5f-4831-b8fa-babdc29ecc5a,Walter Cox,walter.cox@acme.com,Marketer,team-8,2025-07-12 17:33:27.997109
011e9601-f3da-4b5d-8ebd-fd1026540db7,Justin Gross,justin.gross@acme.com,Designer,team-0,2022-07-18 17:33:27.999114
914fd365-3a3d-43f6-9d50-086209d0535d,Kelli Harris,kelli.harris@acme.com,Marketer,team-15,2022-01-15 17:33:27.999114
5e3826d2-14c8-4bc3-932a-15aa116b1fd9,Ryan Lee,ryan.lee@acme.com,Designer,team-14,2021-09-09 17:33:27.999114
62589bc3-29d7-4cec-850a-7b16a82a1178,John Gonzales,john.gonzales@acme.com,Product Manager,team-11,2022-04-07 17:33:27.999114
3d6760ef-c4b7-478b-bab0-b19a1e1f78cf,Antonio Dillon,antonio.dillon@acme.com,Engineer,team-17,2019-03-23 17:33:27.999114
26615c46-32c2-4e52-b78a-1a979114dfd5,Mark Elliott,mark.elliott@acme.com,Engineer,team-18,2023-03-16 17:33:27.999114
a802cdf9-aef5-42d7-9d77-05fa14838e27,Kyle Johnson,kyle.johnson@acme.com,Designer,team-8,2015-08-17 17:33:27.999114
93afe812-a222-4cca-9081-4429942f454d,Alyssa Mcdowell,alyssa.mcdowell@acme.com,Ops,team-1,2024-07-15 17:33:27.999114
d8592764-f045-4a5c-913e-23ee945d9c6b,Melanie Gonzalez,melanie.gonzalez@acme.com,Designer,team-0,2016-11-05 17:33:27.999114
9d51fc7f-ed8c-489a-8dd1-b4d022c1457c,Kimberly Kemp,kimberly.kemp@acme.com,Marketer,team-5,2022-09-01 17:33:27.999114
a66ac466-eef0-412e-ba0f-77d15275f5bd,Keith Cherry,keith.cherry@acme.com,Marketer,team-8,2019-04-28 17:33:27.999114
30ab61cc-028a-4aa9-949c-ab9f78a686e7,Kyle Hodges,kyle.hodges@acme.com,Ops,team-19,2017-08-27 17:33:27.999114
4eea6cf8-1207-44c0-af8f-3f29a2968d64,Kelly Perez,kelly.perez@acme.com,Engineer,team-5,2019-06-23 17:33:27.999114
eace17e4-be95-4cec-a704-2248e2e8a146,Barry Lewis,barry.lewis@acme.com,Marketer,team-9,2021-07-02 17:33:27.999114
f62d74d6-1ed5-42e8-a0d2-71a38dc8e7ad,Angela Morgan,angela.morgan@acme.com,Engineer,team-15,2023-03-01 17:33:27.999114
5c25591d-20e0-4768-a573-e23ebcf3c566,Russell Kim,russell.kim@acme.com,Engineer,team-1,2025-12-10 17:33:27.999114
4f96987d-7cef-414d-96d7-e0d09b4b52f2,Ryan Phillips,ryan.phillips@acme.com,Product Manager,team-4,2016-06-08 17:33:27.999114
98f24e40-86c4-4d5d-934b-783250d28621,Jessica Joyce,jessica.joyce@acme.com,Product Manager,team-4,2016-07-31 17:33:27.999114
d004aa75-c964-4a88-a8e8-a85dde1a39b1,Miguel Bonilla,miguel.bonilla@acme.com,Marketer,team-6,2020-03-17 17:33:28.001118
f2de718b-36b7-4c1b-8852-fc847299a3ad,Sean Lopez,sean.lopez@acme.com,Marketer,team-3,2017-01-18 17:33:28.001118
40fd1c74-b6a1-42c5-a2ef-efcda9f67e5a,Carlos Wright,carlos.wright@acme.com,Designer,team-8,2018-12-13 17:33:28.001118
76e745c7-3955-439e-bb7d-50725aaa30cb,Miguel Brooks,miguel.brooks@acme.com,Marketer,team-10,2024-11-12 17:33:28.001118
f1155960-9eb6-4249-8566-d1fcb0245461,Jill Cunningham,jill.cunningham@acme.com,Marketer,team-17,2018-05-17 17:33:28.001118
0f5d07d1-12b8-44a8-b29d-834439871536,William Abbott,william.abbott@acme.com,Marketer,team-11,2016-01-29 17:33:28.001118
7dce3af5-972e-463a-9669-0e45767753d4,Elizabeth Hahn,elizabeth.hahn@acme.com,Ops,team-19,2016-05-20 17:33:28.001118
ff021605-c030-44db-954f-94e2872c71c1,Leah Fritz,leah.fritz@acme.com,Designer,team-19,2018-01-26 17:33:28.001118
269d73b0-fe4e-4a5b-8996-d7356343aa5e,Mr. James Burton,mr..james.burton@acme.com,Marketer,team-18,2017-05-17 17:33:28.001118
2304fbe3-149c-47fe-802b-6033fdbb8529,Alfred Chavez,alfred.chavez@acme.com,Product Manager,team-8,2025-02-17 17:33:28.001118
4f57d294-2355-46ba-b0a9-9d52cf3bdd15,Carrie Simon,carrie.simon@acme.com,Ops,team-9,2022-12-17 17:33:28.001118
3fa64358-e63d-48ad-a728-2413ae4c0126,Jennifer Garner,jennifer.garner@acme.com,Designer,team-1,2025-11-11 17:33:28.001118
dc25ab06-b434-4ea8-83e6-7bf04c620fea,Frank Mercado,frank.mercado@acme.com,Marketer,team-17,2023-01-05 17:33:28.001118
e31b2dee-32fe-4c08-b33b-16ea23fff8f9,Alyssa Reese,alyssa.reese@acme.com,Designer,team-4,2021-12-10 17:33:28.001118
ca162163-9ba1-48e2-9aa5-a39fdee3a00d,Cheryl Garcia,cheryl.garcia@acme.com,Marketer,team-19,2019-05-04 17:33:28.001118
cffb105d-1870-4116-acfa-2a427ea6f51e,John Rivera,john.rivera@acme.com,Marketer,team-9,2020-05-02 17:33:28.001118
1eacffe7-e6b0-41a2-91cf-788786f71ef2,Malik Evans,malik.evans@acme.com,Engineer,team-19,2025-08-23 17:33:28.001118
c22db444-6a1f-431e-af56-10e0d2307b1e,Brittany Kelly,brittany.kelly@acme.com,Designer,team-14,2024-11-01 17:33:28.001118
9a70274b-24be-471b-b4a7-f4abbb7b967d,Austin Patel,austin.patel@acme.com,Product Manager,team-3,2018-08-03 17:33:28.001118
a6e73a19-a9a4-4651-9635-3a427e7f8fcd,Mary Boyd,mary.boyd@acme.com,Engineer,team-16,2016-01-09 17:33:28.003121
5dd942ec-2642-4fa1-a6d2-a0e52925d9c4,Barbara Pruitt,barbara.pruitt@acme.com,Designer,team-10,2021-10-20 17:33:28.003121
1953e26a-6cd3-48c3-ad4e-952bd045f89a,Laura Haynes,laura.haynes@acme.com,Engineer,team-9,2017-01-15 17:33:28.003121
cf88dc35-ed16-44a0-acc7-9e896c65ef0e,Gregory Smith,gregory.smith@acme.com,Designer,team-19,2025-12-03 17:33:28.003121
c3e2a307-473c-4a42-b4ce-5c5e8b8dbbec,Jason Odom,jason.odom@acme.com,Marketer,team-4,2024-11-13 17:33:28.003121
0d6de160-fa76-4ff6-a1ea-6e6bd036dc47,Kimberly Blanchard,kimberly.blanchard@acme.com,Designer,team-15,2022-09-16 17:33:28.003121
9adc8f8e-294e-49e8-98e5-f7bb1e5a341c,Michele Gray,michele.gray@acme.com,Marketer,team-0,2025-09-10 17:33:28.003121
c9246768-2fc8-4ca7-8ba0-0b2c6323b92c,Sarah Valdez,sarah.valdez@acme.com,Engineer,team-13,2019-12-09 17:33:28.003121
ad59aeed-b09c-4d2d-9e95-d0970a88f205,Katherine Phillips,katherine.phillips@acme.com,Ops,team-4,2016-08-08 17:33:28.003121
4cb8245e-9f82-4d78-b17e-0929f7db9093,Mike Suarez,mike.suarez@acme.com,Product Manager,team-15,2019-08-11 17:33:28.003121
6a5c5510-3b7b-4c5f-8edb-9729302867b6,Charles Lee,charles.lee@acme.com,Engineer,team-0,2018-08-30 17:33:28.003121
b4032e60-fe04-4711-b224-fbf3936c991d,Randy Evans,randy.evans@acme.com,Marketer,team-12,2019-10-20 17:33:28.003121
509861a0-497e-4cb5-9e53-2ae6c896f524,Kevin Alexander,kevin.alexander@acme.com,Ops,team-14,2018-12-26 17:33:28.003121
3efc7d19-2a31-4063-9603-81d985e457e6,Mr. Thomas Foster,mr..thomas.foster@acme.com,Marketer,team-1,2019-08-08 17:33:28.003121
4c3c634e-06e4-4310-8aed-7860c03291b6,Melissa Byrd,melissa.byrd@acme.com,Engineer,team-11,2022-07-06 17:33:28.003121
802f0119-2f14-4521-b358-1e6c2ab101b2,Justin Woods,justin.woods1@acme.com,Product Manager,team-0,2018-08-25 17:33:28.003121
ff8caad0-e945-403a-93b4-d9c7bb30c3d1,Micheal Hernandez,micheal.hernandez@acme.com,Product Manager,team-19,2022-09-14 17:33:28.003121
9cb08856-c911-4886-9f9e-5d686aefefa1,James Wright,james.wright@acme.com,Marketer,team-1,2022-09-01 17:33:28.003121
0c6072aa-4bd6-4589-8848-94a9a3470358,Felicia Tate,felicia.tate@acme.com,Marketer,team-10,2023-01-30 17:33:28.004865
9bc75263-777f-4450-b104-f8a5d4990042,Audrey Hamilton,audrey.hamilton@acme.com,Product Manager,team-3,2020-08-28 17:33:28.004865
5ac3de0c-ca23-40c4-bee0-5df59a4a1d61,Danielle Murphy,danielle.murphy@acme.com,Product Manager,team-18,2021-04-13 17:33:28.004865
a7494511-1a43-4cc5-aa24-b7b884b44d0e,Sara Norris DDS,sara.norris.dds@acme.com,Ops,team-11,2018-07-23 17:33:28.004865
743ab5e6-04e0-4cbf-8f24-b8434e55947e,John Baird,john.baird@acme.com,Marketer,team-10,2022-12-05 17:33:28.004865
4f9006e0-610e-4409-912a-853af66d5932,Jane Michael,jane.michael@acme.com,Designer,team-12,2019-09-03 17:33:28.004865
a40d5283-df28-47d2-a0cd-6ca8e9912020,Aaron Carter,aaron.carter@acme.com,Ops,team-8,2021-01-11 17:33:28.004865
9041e23a-3be0-476f-aaa4-2c840f9c1850,Travis Banks,travis.banks@acme.com,Ops,team-8,2017-01-02 17:33:28.004865
4adf97bc-e390-47f3-8168-e0798e8390ba,Jonathan Jones,jonathan.jones@acme.com,Ops,team-8,2020-05-03 17:33:28.004865
46ca3e5f-31b1-44b7-8f06-33bf59a6bbdb,Melissa Hays,melissa.hays@acme.com,Product Manager,team-14,2018-08-31 17:33:28.004865
f39d757c-1f44-48be-8f98-08cb1655727e,John Santana,john.santana@acme.com,Marketer,team-19,2023-04-24 17:33:28.004865
4193d331-da4a-4c77-9ed1-633c5060f18f,Jason Berg PhD,jason.berg.phd@acme.com,Marketer,team-14,2018-07-31 17:33:28.004865
38a2f526-56fb-4804-b6e7-9d72f5f08925,Kevin Snyder,kevin.snyder@acme.com,Engineer,team-1,2024-04-23 17:33:28.004865
a6f0848c-c022-4f53-b6ad-b38abeb1e4e7,Richard Mejia,richard.mejia@acme.com,Ops,team-2,2018-03-10 17:33:28.004865
ba8ea653-863e-4373-8d31-8758a2fe8d8c,Amy Oneill,amy.oneill@acme.com,Marketer,team-3,2019-08-31 17:33:28.004865
8e1a6f07-711f-4efa-9779-9047e7764faa,Allison Hernandez,allison.hernandez@acme.com,Marketer,team-15,2023-12-12 17:33:28.004865
eeef167e-836b-4b2c-abd0-55316eb28d6a,Maria Gallegos,maria.gallegos@acme.com,Designer,team-9,2020-10-27 17:33:28.004865
1dc0066a-46dd-4765-ae28-8a275705b900,Jenna Huynh,jenna.huynh@acme.com,Engineer,team-13,2023-05-08 17:33:28.004865
cfc3470b-4ee5-4522-b00a-85dbcb796d7e,Brian Thomas,brian.thomas1@acme.com,Designer,team-4,2016-09-15 17:33:28.004865
eabfd3d2-e561-4879-8dcf-07d4df83a049,Joshua Cross,joshua.cross@acme.com,Ops,team-6,2022-03-26 17:33:28.004865
2c24ce8d-d1c3-47d0-abb0-9e7d6116d647,Andrew Black,andrew.black@acme.com,Marketer,team-16,2022-04-11 17:33:28.004865
bdc2a433-bdda-4c02-94e2-437867ea1b27,Lisa Payne,lisa.payne@acme.com,Engineer,team-5,2018-11-16 17:33:28.004865
4f8466c7-b0e0-4a53-80b5-df2f2cc80084,Bryan Guerrero,bryan.guerrero@acme.com,Designer,team-0,2022-02-27 17:33:28.004865
b6b50bdc-f21e-4e42-b76a-a4789df55107,Gary Leonard,gary.leonard@acme.com,Ops,team-6,2016-04-05 17:33:28.004865
d8d38eb4-abc8-4cc8-9d8d-5fddfd7d12fe,Lee Jackson,lee.jackson@acme.com,Product Manager,team-9,2018-12-12 17:33:28.006868
a3f38c1b-3b7a-4e4c-9336-c43f7cfe5238,Anna Fox,anna.fox@acme.com,Ops,team-6,2016-04-18 17:33:28.006868
54507824-843f-45ef-8ec8-67cfaaa11315,Amy Armstrong,amy.armstrong@acme.com,Marketer,team-19,2024-11-03 17:33:28.006868
5e42dd08-2103-4043-a0cd-4f92797c3c23,Samantha Oneal,samantha.oneal@acme.com,Ops,team-6,2021-02-20 17:33:28.006868
11ec0c96-2a0c-4d8a-bd38-daedfde5ca39,Cody Phillips,cody.phillips@acme.com,Marketer,team-6,2022-01-02 17:33:28.006868
a82e241c-30f6-423b-915e-8c206d83c95d,Mario Carter,mario.carter@acme.com,Marketer,team-7,2022-06-21 17:33:28.006868
752a8bdd-a51e-4c74-8e81-3b6ba3ea236a,Kimberly Jackson,kimberly.jackson@acme.com,Ops,team-16,2022-04-23 17:33:28.006868
055a948b-3797-463c-86da-aade1562cbcf,Melinda Fitzpatrick,melinda.fitzpatrick@acme.com,Designer,team-9,2023-05-23 17:33:28.006868
642b5346-1cb1-4cfe-adf8-d1e561807b91,Daniel Park,daniel.park@acme.com,Designer,team-15,2022-07-19 17:33:28.006868
9d342293-7a15-4865-a6b9-bac033f8450a,Eric Chen,eric.chen@acme.com,Marketer,team-14,2025-12-18 17:33:28.006868
5ae9dd21-5f1b-47e0-a270-792f8ed9ca26,Laurie Jones,laurie.jones@acme.com,Ops,team-5,2022-09-25 17:33:28.006868
5b7577a0-197f-46ed-b12f-46ae152bcb6e,Tina Patton,tina.patton@acme.com,Ops,team-3,2018-10-23 17:33:28.006868
5cc72ef0-c541-4c47-9105-443a2619a7da,Clifford Gilbert,clifford.gilbert@acme.com,Marketer,team-17,2016-02-17 17:33:28.006868
50e3e6aa-850a-4e1b-b26a-962f304ccfb6,Brent Castro,brent.castro@acme.com,Product Manager,team-19,2020-09-08 17:33:28.006868
4f824f75-ee0c-4056-9534-7d9babdf1345,Claudia Rojas,claudia.rojas@acme.com,Ops,team-7,2016-06-04 17:33:28.006868
c8d0db5e-dea0-4dec-a52b-e29f34ec538a,James Reyes,james.reyes@acme.com,Designer,team-15,2017-12-21 17:33:28.006868
2318a858-19a1-45e6-91ad-12350a82af35,Edwin Adkins,edwin.adkins@acme.com,Engineer,team-10,2018-06-07 17:33:28.006868
fb393e47-b09f-485d-a660-ad3e5a309bef,Deanna Gregory,deanna.gregory@acme.com,Product Manager,team-8,2020-02-05 17:33:28.006868
a4ed5717-af80-4d5d-af8f-77da339fa288,Sarah Smith,sarah.smith@acme.com,Designer,team-0,2017-06-14 17:33:28.006868
05ef17ea-cf12-4583-9907-96f7c1d48d5c,Linda Richardson,linda.richardson@acme.com,Engineer,team-16,2022-10-09 17:33:28.006868
c92a2be9-008c-4eef-8298-0527d1f17aaf,Dean Phillips,dean.phillips@acme.com,Product Manager,team-2,2016-01-06 17:33:28.006868
0bc0e4f3-0bfc-4a1c-b934-2e5b5d7834f3,Christina Case,christina.case@acme.com,Engineer,team-17,2022-12-26 17:33:28.006868
d03e2dbf-e353-4749-a52e-eee17c30cc17,Anthony Whitaker,anthony.whitaker@acme.com,Marketer,team-11,2025-10-16 17:33:28.008611
abb9dfad-96fc-4ed5-be16-5b6801d56e33,Blake Cline,blake.cline@acme.com,Product Manager,team-16,2024-12-11 17:33:28.008611
27c22eb2-03ef-4cf4-b2cc-584265784830,Denise Gomez,denise.gomez@acme.com,Product Manager,team-16,2023-04-30 17:33:28.008611
245cd952-8b33-4283-a697-e0a604157772,Gloria Reid,gloria.reid@acme.com,Ops,team-1,2023-11-05 17:33:28.008611
4974720b-adb4-418d-b722-e77f85349fcb,Cole Martin,cole.martin@acme.com,Engineer,team-18,2020-07-20 17:33:28.008611
6f073aeb-1491-4686-9bd3-35bcc6c76ee7,Michael Montgomery,michael.montgomery@acme.com,Product Manager,team-18,2024-12-20 17:33:28.008611
0615aba1-20e1-4829-b1ff-62f5861f8056,Albert Wallace,albert.wallace@acme.com,Marketer,team-18,2019-06-19 17:33:28.008611
e3b63cbc-1ef1-42c6-873f-cd5d743b6b96,Anthony Jones,anthony.jones@acme.com,Marketer,team-8,2016-07-15 17:33:28.008611
fa3f3917-1692-410e-8e7e-a6e7e91d734f,Xavier Beard,xavier.beard@acme.com,Product Manager,team-16,2023-03-23 17:33:28.008611
21de1e50-95bc-4e3a-9d9d-ac3104fa7e6d,Victoria Kelly,victoria.kelly@acme.com,Designer,team-0,2017-03-26 17:33:28.008611
1c3178c9-77d9-4899-9e48-39750e7b6462,Bradley Morris,bradley.morris@acme.com,Ops,team-0,2022-08-20 17:33:28.008611
ed81be92-262c-45d4-8c15-79eb4b54ff75,Lucas Santiago,lucas.santiago@acme.com,Marketer,team-3,2021-01-01 17:33:28.008611
5a0a21bc-b54b-4a6b-b232-4b1bc940ae83,Kathryn Jackson,kathryn.jackson@acme.com,Marketer,team-11,2016-01-01 17:33:28.008611
2e273a21-75f1-4125-bfdf-44dff990ac20,Sarah Glover,sarah.glover@acme.com,Marketer,team-11,2024-10-24 17:33:28.008611
ce1b8e37-653b-43ed-bc97-cf888d83702d,Shawn Richardson,shawn.richardson@acme.com,Marketer,team-3,2021-07-19 17:33:28.008611
e09a00f4-9945-49e7-8414-d50ce132ef41,Darren Sandoval,darren.sandoval@acme.com,Product Manager,team-7,2020-10-12 17:33:28.008611
bedb3fb5-02f1-420b-b577-e57812d13fe5,Lisa Higgins,lisa.higgins@acme.com,Marketer,team-13,2016-06-19 17:33:28.008611
376d1ded-a1f8-4222-80ae-7027182aa96e,Micheal Todd,micheal.todd@acme.com,Designer,team-19,2020-06-30 17:33:28.008611
d14eda04-400b-43aa-949a-0afc3c7a6ac5,Melinda Romero,melinda.romero@acme.com,Engineer,team-14,2018-05-17 17:33:28.008611
954649fc-5900-47ab-86ba-be061b7eb174,Dana Patton,dana.patton@acme.com,Ops,team-6,2020-05-01 17:33:28.008611
3ae9a520-ddc2-4c38-8866-301f3217b9d8,Tony Wyatt,tony.wyatt@acme.com,Marketer,team-14,2018-09-08 17:33:28.008611
44cc3ca3-8b13-41bf-b2b8-d41f7383e68b,Shaun Ramirez,shaun.ramirez@acme.com,Marketer,team-17,2017-07-08 17:33:28.008611
1c19a8af-fd50-439b-9766-c98a6e213750,Nicole Flynn,nicole.flynn@acme.com,Product Manager,team-4,2015-09-01 17:33:28.008611
07d890f8-e5db-429c-b272-085c78507ad1,Jennifer Turner,jennifer.turner2@acme.com,Product Manager,team-3,2023-09-10 17:33:28.008611
15b7d549-8476-42af-a0f1-bdd3d5074a45,Courtney Tapia,courtney.tapia@acme.com,Product Manager,team-13,2024-10-05 17:33:28.008611
6ac2e2e2-97cd-40a9-a7dc-9990907e0cec,Michael Boyer,michael.boyer@acme.com,Engineer,team-18,2020-03-12 17:33:28.010615
a961f88a-06f5-48c5-9b28-8df89b91d88d,Joshua Carpenter,joshua.carpenter@acme.com,Engineer,team-18,2017-01-16 17:33:28.010615
91a90443-f2cc-4cef-bb54-9151c7ea044b,Robert Jackson,robert.jackson@acme.com,Engineer,team-2,2019-04-27 17:33:28.010615
9cb27c43-4a4a-49f5-8e05-b46617cd0a94,Amanda Maldonado,amanda.maldonado@acme.com,Designer,team-15,2022-07-28 17:33:28.010615
5f8dd3fa-b3ef-45d3-9bb3-be7f69f97fbd,Heather Smith,heather.smith1@acme.com,Designer,team-14,2020-02-19 17:33:28.010615
ab729231-d102-48c1-b111-a5d3b4abdc24,Sydney Wright,sydney.wright@acme.com,Marketer,team-5,2025-03-06 17:33:28.010615
f8e878c2-bb78-414a-8f22-08c1c9bf3659,Angela Davis,angela.davis@acme.com,Engineer,team-16,2020-05-27 17:33:28.010615
d03e4e9a-771b-451c-8538-0385ebca2e79,Jeffrey Moore,jeffrey.moore@acme.com,Ops,team-2,2019-12-08 17:33:28.010615
cc2f87b5-a9d5-41cb-a9eb-7403ea56d6e6,Mark Sullivan,mark.sullivan@acme.com,Engineer,team-2,2022-11-19 17:33:28.010615
3ae0f682-df1a-4c6f-950e-62bee18043be,Ashley Alexander,ashley.alexander@acme.com,Designer,team-9,2018-01-08 17:33:28.010615
bab31f63-bd0f-4798-8d6b-67e2e2649a49,Kelly Mendoza,kelly.mendoza@acme.com,Marketer,team-4,2019-03-01 17:33:28.010615
54aa4797-d4e9-4977-ba34-8d721da14abd,Brenda Gray,brenda.gray@acme.com,Designer,team-18,2021-11-22 17:33:28.010615
84057081-549b-4e24-872a-4fef2dcfbffb,Matthew Day,matthew.day@acme.com,Ops,team-5,2018-08-21 17:33:28.010615
8ee7a53a-3409-4867-b4f7-0598e556e29c,Janet Giles,janet.giles@acme.com,Ops,team-3,2025-05-15 17:33:28.010615
6eb2f7c4-80e0-4196-bcd2-1c3bc683b5e3,Ryan Moore,ryan.moore@acme.com,Marketer,team-3,2025-10-13 17:33:28.010615
807e4c7a-d509-4331-aaab-d7fcce4e6554,Veronica Gomez MD,veronica.gomez.md@acme.com,Ops,team-3,2022-10-15 17:33:28.010615
f4778c33-ff09-4b0b-bf4a-54aa38b5e496,Michael Collins,michael.collins1@acme.com,Product Manager,team-12,2025-08-03 17:33:28.010615
2f627954-d3f5-46ec-b295-048575e39d50,Jamie Watson,jamie.watson@acme.com,Marketer,team-8,2015-11-17 17:33:28.010615
7bac89cc-c7b9-4335-8c06-70900397205b,Kimberly Haney,kimberly.haney@acme.com,Ops,team-13,2022-01-02 17:33:28.010615
f1b55625-cfcd-45f4-bc30-a18c15dd8010,Brian Hawkins,brian.hawkins@acme.com,Ops,team-15,2024-12-16 17:33:28.010615
8955038b-5efa-4f14-85a4-7f081724f985,Timothy Rodriguez,timothy.rodriguez@acme.com,Marketer,team-16,2019-09-09 17:33:28.010615
152c0121-6d74-49a9-bfed-10ffc029af56,Linda Bright,linda.bright@acme.com,Product Manager,team-0,2023-03-30 17:33:28.010615
79b6f82a-5b55-4ed3-bdb7-fe741412d024,Melanie Hodges,melanie.hodges@acme.com,Product Manager,team-18,2021-09-03 17:33:28.010615
e0e01841-317b-4914-b8be-41c2500eaa28,Holly Solomon,holly.solomon@acme.com,Product Manager,team-19,2015-08-19 17:33:28.010615
2bebb7aa-dace-4c5c-a519-2fdd73558bb2,Gregory Clark,gregory.clark@acme.com,Marketer,team-9,2021-11-29 17:33:28.010615
390a7d34-0c99-476d-8bf4-40090745ef0e,Lindsey Guerrero,lindsey.guerrero@acme.com,Marketer,team-18,2023-08-30 17:33:28.010615
c6e53fd5-f3cd-45b4-a342-3b586f063f7e,Mindy Smith,mindy.smith@acme.com,Marketer,team-12,2021-12-06 17:33:28.012618
c758895e-1685-4118-8f64-46b7ac3f54c7,Ashley Russo,ashley.russo@acme.com,Ops,team-11,2025-05-24 17:33:28.012618
e2369007-41de-422a-a0c6-8f4884df1b39,Tonya Myers,tonya.myers@acme.com,Engineer,team-7,2021-12-19 17:33:28.012618
e1723e5d-2060-46e1-90bb-30bbd03c2b89,Autumn Smith,autumn.smith@acme.com,Engineer,team-5,2015-11-20 17:33:28.012618
d3351270-501d-4b45-b7f2-bde30407c7b4,Mary Singleton,mary.singleton@acme.com,Ops,team-17,2017-05-27 17:33:28.012618
8681305c-248f-4e7e-bc2a-1ffb1465c09d,Mitchell Dawson,mitchell.dawson@acme.com,Ops,team-6,2019-01-30 17:33:28.012618
8d3c50ea-243d-4012-9b38-d7c4a5880c84,Michael Marshall,michael.marshall@acme.com,Designer,team-9,2023-02-11 17:33:28.012618
60b3e75e-7caf-4ce8-b64b-b089091f94d4,Thomas Riley,thomas.riley@acme.com,Product Manager,team-14,2025-10-28 17:33:28.012618
d971c907-1299-4d24-8716-9b6cf484f079,Angela Anderson,angela.anderson@acme.com,Product Manager,team-7,2020-12-19 17:33:28.012618
72afe3d7-cbc5-4476-b340-0523771440e1,Aaron Smith,aaron.smith@acme.com,Ops,team-4,2017-01-05 17:33:28.012618
d07919a5-8a51-4203-933f-6d4fee950d08,Destiny Mercer,destiny.mercer@acme.com,Engineer,team-3,2019-02-06 17:33:28.012618
fff648d7-2190-415e-869d-d2d22df4e4cc,Ryan Tyler,ryan.tyler@acme.com,Ops,team-9,2024-09-21 17:33:28.012618
98c540eb-b907-4cf1-ac18-56fcfbe3de6a,Bobby Lopez MD,bobby.lopez.md@acme.com,Marketer,team-0,2017-04-29 17:33:28.012618
112929bf-6a4e-40fa-b768-a57b3d91add8,Marc Johnson,marc.johnson@acme.com,Ops,team-4,2016-09-30 17:33:28.012618
79c34473-9be9-4c3a-88eb-40f6be7844b9,Melissa Delgado,melissa.delgado@acme.com,Product Manager,team-0,2023-11-09 17:33:28.012618
9917ff5e-fb03-45b8-8a24-9d1e94d73f21,Kimberly Hayes,kimberly.hayes@acme.com,Ops,team-14,2019-11-28 17:33:28.012618
f0dafc4c-e1e6-4666-9f50-936304877234,Danielle Wilkerson,danielle.wilkerson@acme.com,Engineer,team-14,2019-09-13 17:33:28.012618
69a18c6c-8e01-4462-b81a-a767581c33f8,Laura Rivera,laura.rivera@acme.com,Product Manager,team-3,2021-08-23 17:33:28.012618
580846e7-c122-4bd5-a83a-ba20b922b484,Eric Patel,eric.patel@acme.com,Product Manager,team-17,2022-09-16 17:33:28.012618
cf53338f-0e24-4507-ab6a-2d92acea72cc,Rodney Mccormick,rodney.mccormick@acme.com,Designer,team-17,2021-07-07 17:33:28.012618
3adda456-fa65-4c50-9ed4-c1c2f35d7dc2,John Barton,john.barton@acme.com,Product Manager,team-3,2017-01-03 17:33:28.012618
726c5599-7908-40da-81bd-1d105f5dd322,Wesley Acevedo,wesley.acevedo@acme.com,Marketer,team-9,2018-04-11 17:33:28.012618
086ddbc1-a008-4578-9927-5f82bd0aa10e,Timothy Knight,timothy.knight@acme.com,Product Manager,team-4,2025-10-16 17:33:28.012618
ed75a2c9-9363-4647-a834-ad65d74f1327,Allison Vargas,allison.vargas@acme.com,Product Manager,team-9,2025-03-14 17:33:28.012618
de8cb408-4671-4267-8b39-7067683314e8,Kara Franco,kara.franco@acme.com,Designer,team-17,2015-11-25 17:33:28.012618
21362e5b-88e4-4c3e-a73d-138fa146ac6f,John Howell,john.howell@acme.com,Product Manager,team-10,2018-04-16 17:33:28.014361
741d6665-d929-4726-83d5-d1cf10392fff,Reginald Boyle,reginald.boyle@acme.com,Ops,team-19,2021-05-04 17:33:28.014361
bc9548c0-b10e-443c-b2a8-a562aa472b7d,Michael Russell,michael.russell1@acme.com,Marketer,team-17,2021-09-06 17:33:28.014361
4727ba3f-9bbe-43e8-95b8-76ff2afd6790,Jordan Martinez MD,jordan.martinez.md@acme.com,Marketer,team-13,2018-07-11 17:33:28.014361
ba9aedc9-f451-4d92-b129-1ca31e55f0e9,Aaron Allen,aaron.allen@acme.com,Ops,team-1,2016-12-29 17:33:28.014361
fc955e75-0135-4802-8f29-e511cdaddb2f,Michael Mann,michael.mann@acme.com,Ops,team-3,2020-01-11 17:33:28.014361
657b2077-346c-4177-9f2f-792d5d604f1b,Ryan Brown,ryan.brown@acme.com,Engineer,team-10,2024-04-01 17:33:28.014361
a90eb062-1875-4661-8fbd-584bf4bd660d,Kaitlyn Lopez,kaitlyn.lopez@acme.com,Engineer,team-9,2018-04-02 17:33:28.014361
e58d26a4-7f47-42d0-beb6-d78c8769f574,Steven White,steven.white@acme.com,Product Manager,team-7,2018-12-11 17:33:28.014361
bb1b53f2-38db-45a0-9313-ee119d6c149d,William Johnson,william.johnson@acme.com,Ops,team-17,2017-08-04 17:33:28.014361
cf1eb24e-112a-4725-b8cf-348e6663cc5b,Darrell Russell,darrell.russell@acme.com,Designer,team-18,2022-01-09 17:33:28.014361
c88d3803-9018-495d-9fab-ee2f54d203a1,Mary Hudson,mary.hudson@acme.com,Designer,team-3,2021-12-11 17:33:28.014361
64d53d5f-36f2-4d24-b27d-e68d3bf1038f,Wesley Trevino,wesley.trevino@acme.com,Product Manager,team-4,2016-12-30 17:33:28.014361
6f0ea929-15d4-4581-97b9-f96f18b2d8c7,Daniel Brown,daniel.brown3@acme.com,Engineer,team-8,2019-02-08 17:33:28.014361
1bd1423d-6997-4040-aa9d-c0f2d573aa86,Patricia Martin,patricia.martin@acme.com,Marketer,team-0,2019-01-13 17:33:28.014361
909ef3a5-0729-464f-a89f-90dfb4e2b3aa,Laura Preston,laura.preston@acme.com,Product Manager,team-11,2022-05-06 17:33:28.014361
95ffe71f-94e0-4c8d-97f3-e13e8668560f,Dominic Hernandez,dominic.hernandez@acme.com,Designer,team-9,2017-08-15 17:33:28.014361
cb0e18f1-2ac6-43df-aacc-1587755c6593,Brian Rivera,brian.rivera@acme.com,Product Manager,team-7,2022-10-31 17:33:28.014361
46ed0d4e-c127-405f-9037-1fb87ea2213e,Adam Robinson,adam.robinson@acme.com,Product Manager,team-14,2017-01-29 17:33:28.014361
9e94f613-a0a6-4e23-b6a0-57f89f762162,James Peterson,james.peterson@acme.com,Designer,team-13,2024-11-09 17:33:28.014361
5c29f388-7347-4b0b-83d8-b8f541af3dc8,Elizabeth Mann,elizabeth.mann@acme.com,Ops,team-1,2015-10-23 17:33:28.014361
99515b7d-3d83-4ff7-86e8-7dc6aefc5e2b,Sean White,sean.white@acme.com,Product Manager,team-2,2022-02-13 17:33:28.014361
e073127a-2596-45dc-aa82-b5f22f808b74,Taylor Maxwell,taylor.maxwell@acme.com,Engineer,team-10,2019-01-30 17:33:28.014361
a1926177-b2c2-447a-a08f-2fd7b9d3cc0e,Jose Gomez,jose.gomez@acme.com,Engineer,team-14,2019-10-13 17:33:28.014361
66e3be83-40a6-4aaa-b474-949d906ea208,Lawrence Kelley,lawrence.kelley@acme.com,Product Manager,team-16,2018-06-19 17:33:28.014361
e95254b9-8e2a-4a64-9688-0baaba929907,Daniel Johnson,daniel.johnson2@acme.com,Engineer,team-1,2023-06-18 17:33:28.016101
9c86528d-cd94-409f-8b20-f68e36af8dc5,Justin Bennett,justin.bennett@acme.com,Marketer,team-10,2019-10-20 17:33:28.016101
9d8ea1ee-aac0-461f-8790-039b07a7f71e,Tina Mcdaniel,tina.mcdaniel@acme.com,Marketer,team-17,2021-03-07 17:33:28.016101
38fb87ef-6d20-4c3a-a79f-0c51cbab7408,Meghan Diaz,meghan.diaz@acme.com,Product Manager,team-7,2024-08-08 17:33:28.016101
a9cc9453-9fb8-4592-8dbf-64f44f72cc8b,Jessica Hernandez,jessica.hernandez1@acme.com,Marketer,team-7,2022-06-18 17:33:28.016101
87795e5e-ace9-4334-8ee1-2cac96ecb079,Taylor Walker,taylor.walker1@acme.com,Designer,team-8,2018-11-06 17:33:28.016101
e82b250d-55af-4648-87c2-78f872fbe749,Jennifer Preston,jennifer.preston@acme.com,Product Manager,team-7,2020-08-15 17:33:28.016101
51816024-481f-42b7-8ec2-922c0b108457,Daniel Webb,daniel.webb@acme.com,Designer,team-8,2016-03-08 17:33:28.016101
a59340b9-664f-40f3-a104-deb07e0c1f6f,Daniel Ferrell,daniel.ferrell@acme.com,Marketer,team-5,2023-01-19 17:33:28.016101
3dbba0f6-6620-47a4-92fb-855dd4e05be0,Bradley Bowers,bradley.bowers@acme.com,Engineer,team-1,2020-03-18 17:33:28.016101
b076ec91-1386-4cad-82f6-66fecdd62493,Mr. Jonathan Burke MD,mr..jonathan.burke.md@acme.com,Marketer,team-3,2023-02-27 17:33:28.016101
2fe5f42c-d5d4-4ac2-9071-f4279fbf88c0,Jill Wood,jill.wood@acme.com,Designer,team-16,2016-12-28 17:33:28.016101
bffa1bb2-2166-4d00-a841-188210e71c7b,James Park,james.park@acme.com,Designer,team-2,2021-09-05 17:33:28.016101
c29dbd10-4ee6-459b-b0f8-9fc82207f12c,Gerald Harris,gerald.harris@acme.com,Product Manager,team-14,2017-07-03 17:33:28.016101
25ea024f-da4e-4f4f-aeda-2a7e2a037066,Lawrence Reynolds,lawrence.reynolds@acme.com,Designer,team-9,2019-11-28 17:33:28.016101
dc31d01a-b0a6-489c-82ac-7b49365e554d,John Dorsey,john.dorsey@acme.com,Ops,team-8,2022-05-02 17:33:28.016101
2e3efcfe-12ae-412c-8da6-292b880c9620,Mrs. Emily Burgess MD,mrs..emily.burgess.md@acme.com,Engineer,team-17,2019-02-18 17:33:28.016101
c1ed30ec-87ce-4357-98a2-de4a6c530c5c,James Ayala,james.ayala@acme.com,Ops,team-11,2023-10-10 17:33:28.016101
3bc88bf3-97e3-408a-86b0-058a2a4efb2a,Shawn Horn,shawn.horn@acme.com,Engineer,team-10,2024-06-19 17:33:28.016101
bdb2f700-0306-4961-90a8-dd406be3668e,Chelsea Martin,chelsea.martin@acme.com,Marketer,team-2,2019-11-10 17:33:28.016101
ef6e9cee-1ab7-4672-bfdb-e953e68d1d8e,Katherine Harmon,katherine.harmon@acme.com,Ops,team-15,2025-02-25 17:33:28.016101
5ec5399d-e939-4ad8-bbc9-76acb0baf029,Frank Taylor,frank.taylor@acme.com,Marketer,team-11,2021-07-25 17:33:28.016101
97d822e8-9a24-4543-bfa5-b579d0ccf593,Kelli Roberts,kelli.roberts@acme.com,Marketer,team-15,2019-09-23 17:33:28.016101
2764b5e6-5204-4d14-9902-25810f119deb,Michael Hunt,michael.hunt@acme.com,Product Manager,team-15,2017-08-08 17:33:28.016101
9391d85c-3927-4af7-be5a-a2d3209c75df,Rebecca Peters,rebecca.peters@acme.com,Ops,team-5,2019-11-04 17:33:28.017841
cc749bb7-e41e-499f-bccd-cea6161e5ec5,Mr. Thomas Hoffman MD,mr..thomas.hoffman.md@acme.com,Marketer,team-7,2019-01-12 17:33:28.017841
ff6e10b2-e629-47be-8762-853862467ade,Chad Porter,chad.porter@acme.com,Marketer,team-13,2017-07-02 17:33:28.017841
722f42b5-221a-48bc-8f1f-7e3d65ee6607,Mr. Benjamin Schwartz,mr..benjamin.schwartz@acme.com,Ops,team-12,2021-04-07 17:33:28.017841
e8330790-da58-4356-bf07-6caa1f256635,Aaron Conway,aaron.conway@acme.com,Engineer,team-12,2016-06-12 17:33:28.017841
667a38b8-0a7a-468e-8f54-86771f0e0726,Sarah Cortez,sarah.cortez@acme.com,Ops,team-17,2018-10-18 17:33:28.017841
8a10aa24-f355-4225-b6c3-c1b9925e1ec5,Brittany Frazier,brittany.frazier@acme.com,Ops,team-4,2023-06-11 17:33:28.017841
400827be-0445-4bac-9536-2e870debac63,Thomas Snyder,thomas.snyder@acme.com,Engineer,team-13,2024-10-01 17:33:28.017841
60ed84ef-0b27-4d07-a296-4aab9db6c072,James Cole MD,james.cole.md@acme.com,Designer,team-0,2019-06-08 17:33:28.017841
3dfa37c1-b4c0-4603-9c3d-669fbfcc9000,Amber Cooper,amber.cooper@acme.com,Designer,team-9,2016-01-13 17:33:28.017841
f38f8105-cd67-4eba-927b-354f2584dc82,Richard Roach,richard.roach@acme.com,Designer,team-9,2023-03-14 17:33:28.017841
8a78aeed-2228-4d55-be78-b9de74101f71,Lauren Murphy,lauren.murphy@acme.com,Marketer,team-17,2018-08-06 17:33:28.017841
857d523f-025a-443f-80fa-2c41b80d0ff7,Tracy Sellers,tracy.sellers@acme.com,Designer,team-10,2016-11-09 17:33:28.017841
776bb855-61b9-476e-a873-9287b6036539,Sandy Flores,sandy.flores@acme.com,Designer,team-1,2017-04-24 17:33:28.017841
a4ff9cbf-c635-43fd-96ec-41fb722afc45,Andrew Valenzuela,andrew.valenzuela@acme.com,Engineer,team-4,2021-01-28 17:33:28.017841
4c24c80c-f204-4664-bca1-b18e96913c8f,Mary Estrada,mary.estrada@acme.com,Engineer,team-1,2020-10-27 17:33:28.017841
8910d7e7-21f5-41f0-b0da-7cf7079b8e34,Wesley Tucker,wesley.tucker@acme.com,Engineer,team-1,2017-07-21 17:33:28.017841
089f001f-458b-4685-8229-7162efc15265,Ian Jacobson,ian.jacobson@acme.com,Ops,team-16,2021-11-25 17:33:28.017841
664467da-34be-49de-a0e7-a03162ee29c5,Michael Chan,michael.chan@acme.com,Designer,team-15,2018-08-11 17:33:28.017841
57e569ec-75ac-4a09-ab6f-eabbacb6015f,Jason Torres,jason.torres@acme.com,Product Manager,team-16,2021-09-19 17:33:28.017841
5b7f1bbd-006d-410c-b15c-b3b159a5dcb2,Elizabeth Pierce,elizabeth.pierce@acme.com,Marketer,team-0,2020-09-06 17:33:28.017841
b30afc87-48ef-4459-b606-5c14d669de46,Johnny Walsh,johnny.walsh@acme.com,Ops,team-0,2017-09-23 17:33:28.017841
4ca61668-a069-46fd-94ba-b38a57f78056,Gregory Ramirez,gregory.ramirez@acme.com,Product Manager,team-0,2017-01-21 17:33:28.017841
d10ea101-fcd3-4d7f-bb34-65d13a7ac817,Danielle Ortiz,danielle.ortiz@acme.com,Ops,team-7,2019-07-18 17:33:28.017841
66b79250-4d2b-44c4-be2e-61126b0b1b38,Dustin Johnson,dustin.johnson@acme.com,Engineer,team-6,2024-10-28 17:33:28.019581
4fa4bb96-7a11-41df-8bb6-b13d62a4a7b2,Craig Anderson,craig.anderson@acme.com,Product Manager,team-8,2022-08-30 17:33:28.019581
4ef1abc8-d320-410d-b936-08b1c66ddab2,Daniel Mills,daniel.mills@acme.com,Engineer,team-19,2024-04-20 17:33:28.019581
4d096f82-cc5f-4891-97be-8e9fb3bf5bf1,Melissa Lara,melissa.lara@acme.com,Marketer,team-10,2022-06-12 17:33:28.019581
1faf8d06-b964-4722-88d6-0dea3567b169,Kelly Gutierrez,kelly.gutierrez@acme.com,Marketer,team-12,2024-03-09 17:33:28.019581
335dde30-b1eb-4b25-a3da-21a9fbf5a7b8,Susan Blackwell,susan.blackwell@acme.com,Ops,team-12,2016-01-11 17:33:28.019581
c452ed20-7664-4435-9ab7-615feb2de178,Jeffrey Velez,jeffrey.velez@acme.com,Designer,team-16,2015-10-05 17:33:28.019581
b9ec72a6-16f2-4fcc-a85c-787a53a65d7e,Tyler Smith,tyler.smith1@acme.com,Product Manager,team-17,2023-05-21 17:33:28.019581
1cc31032-6b5d-4235-b676-3084da5200b3,Nicole Phillips,nicole.phillips@acme.com,Designer,team-7,2022-11-14 17:33:28.019581
17e6d924-31b3-4918-8fb9-7f916df0efbb,Heather Walker,heather.walker@acme.com,Marketer,team-3,2023-06-12 17:33:28.019581
51273faa-8901-4374-895e-805d678f351f,Glen Moreno,glen.moreno@acme.com,Marketer,team-7,2017-11-17 17:33:28.019581
5577cc27-2bc6-4a47-8568-f89f983950e3,Lynn Perry,lynn.perry@acme.com,Ops,team-15,2018-06-19 17:33:28.019581
7b96af3a-a308-4906-b898-4435ea25af02,Grant Cortez,grant.cortez@acme.com,Designer,team-12,2015-09-15 17:33:28.019581
d9b4e068-b3cf-4d61-afed-a5fac2953fcc,Kathleen Reed,kathleen.reed@acme.com,Product Manager,team-15,2019-12-22 17:33:28.019581
120eb94f-56f4-4db3-8849-491f3cf91e9e,Mr. Shannon Chapman,mr..shannon.chapman@acme.com,Designer,team-15,2023-02-02 17:33:28.019581
50653b11-133c-44e9-8201-4ae6656e8e7c,Steven Wilson,steven.wilson@acme.com,Engineer,team-10,2025-06-23 17:33:28.019581
b72a2474-9219-4d56-bebf-25c32b98ae8d,Jennifer Arnold,jennifer.arnold@acme.com,Product Manager,team-3,2017-01-31 17:33:28.019581
97eaece5-fcfe-44e2-a476-8b9ba3637ccb,Richard Phillips,richard.phillips@acme.com,Designer,team-17,2025-03-14 17:33:28.019581
6b5406ac-dbc2-44b1-af9b-c6cc2a188332,Madison Brewer,madison.brewer@acme.com,Engineer,team-15,2020-01-15 17:33:28.019581
7fa52da3-2622-403f-a172-71a33d73ca56,Joshua Heath,joshua.heath@acme.com,Designer,team-16,2023-12-14 17:33:28.019581
12ba8fb5-3298-49d3-8386-97ec17d68060,Jennifer Shaw,jennifer.shaw@acme.com,Engineer,team-0,2018-03-14 17:33:28.019581
4271778c-fc92-4fc4-9b93-eb910ff61d0d,Jennifer Day,jennifer.day@acme.com,Marketer,team-10,2022-12-17 17:33:28.019581
1044de0e-5ddf-43c2-82ce-0e6f2260f1c4,Dr. David Farmer,dr..david.farmer@acme.com,Marketer,team-9,2022-08-20 17:33:28.019581
39b7067d-0472-4dc1-8a90-83ea80ae9769,Jeffrey Scott,jeffrey.scott@acme.com,Marketer,team-14,2021-10-11 17:33:28.019581
6273abbd-ca71-409e-8cfc-c677ca523f03,Erin Mayer,erin.mayer@acme.com,Product Manager,team-9,2019-01-30 17:33:28.019581
547c482a-9d65-4faf-b109-7f796130c649,Jennifer Horne,jennifer.horne1@acme.com,Product Manager,team-4,2023-11-28 17:33:28.019581
a66cf075-f728-45d0-9794-1bb1f332f6f9,Justin Ramos,justin.ramos@acme.com,Designer,team-13,2017-10-24 17:33:28.019581
318b0927-5129-4612-a34b-2e538d088ed6,Jessica Moreno,jessica.moreno@acme.com,Designer,team-1,2024-11-16 17:33:28.019581
a8663978-da28-4432-a0de-82188a03bfd0,Andrew Garcia,andrew.garcia@acme.com,Designer,team-18,2018-08-27 17:33:28.021584
e2fddaf6-d28f-48f5-91b0-88584d3e40bd,Tammy Patterson,tammy.patterson@acme.com,Ops,team-9,2022-02-23 17:33:28.021584
2ae16c81-0431-47e8-97f8-82ed77d80a72,John Walker,john.walker@acme.com,Designer,team-5,2018-12-28 17:33:28.021584
e1653efb-1e9d-4392-bfa6-7520bb945875,Paul Bonilla,paul.bonilla@acme.com,Marketer,team-6,2025-10-31 17:33:28.021584
7ee164b6-880f-45e8-9a25-dead67164e33,Mark Cardenas,mark.cardenas@acme.com,Designer,team-11,2021-01-26 17:33:28.021584
45f4cb1a-f996-4507-bb4f-de9a626ed656,Jessica Berger,jessica.berger@acme.com,Marketer,team-0,2022-11-23 17:33:28.021584
fd7e70ad-bdbd-4ffe-b30a-6db90d24edc0,Kathleen Mcmahon,kathleen.mcmahon@acme.com,Marketer,team-16,2025-06-09 17:33:28.021584
9b473ea8-63e4-4126-9af5-0c799973665e,Michael Malone,michael.malone@acme.com,Engineer,team-9,2017-05-27 17:33:28.021584
539df0c9-cc1e-44b7-bcc6-f5d625283783,Trevor Warren,trevor.warren@acme.com,Marketer,team-10,2020-01-27 17:33:28.021584
b8ca18ef-d082-4456-90f7-6987df4da55f,Vanessa Salas,vanessa.salas@acme.com,Marketer,team-16,2021-07-26 17:33:28.021584
650c5ce2-c8ed-4d79-b7be-4ca5a39b587b,Jesse Erickson,jesse.erickson@acme.com,Engineer,team-8,2017-06-27 17:33:28.021584
44fd3d09-80f2-4fdc-9099-147e705ca4aa,Alicia Carter,alicia.carter@acme.com,Product Manager,team-8,2023-06-14 17:33:28.021584
00faead0-31e7-43a3-bbec-2152c0ceaf3b,Norma Anderson,norma.anderson@acme.com,Product Manager,team-0,2022-12-29 17:33:28.021584
1b27449f-cee5-4adc-8402-d3e71adddbe8,Christopher Lewis DDS,christopher.lewis.dds@acme.com,Marketer,team-12,2016-11-28 17:33:28.021584
b80e889a-fc42-41e6-aaf1-1a69980b6a92,Michele Whitaker,michele.whitaker@acme.com,Designer,team-4,2025-04-08 17:33:28.021584
497dea0d-ab60-4366-acb2-341c66964fde,Katherine Anderson,katherine.anderson@acme.com,Product Manager,team-18,2020-08-20 17:33:28.021584
61d1af0a-bbe6-46f8-8820-5c59dfaa6e31,Beth Butler,beth.butler@acme.com,Product Manager,team-15,2017-09-28 17:33:28.021584
d7c9d034-1948-41d0-9726-5ff6e88395df,Joshua Powers,joshua.powers@acme.com,Marketer,team-8,2023-02-06 17:33:28.021584
4d1c503b-1d11-40ac-a90d-999231e21d0c,Melissa Rice,melissa.rice@acme.com,Designer,team-6,2017-06-10 17:33:28.021584
97533b54-20a6-4ff5-9407-1e2eb92d512b,Lisa Morrow,lisa.morrow@acme.com,Marketer,team-10,2018-05-04 17:33:28.021584
2a3e3b42-b93f-4b23-b35e-f0bc46ec2fce,William Richards,william.richards1@acme.com,Engineer,team-12,2016-02-10 17:33:28.021584
b71f394a-04fa-4a7a-865a-d3b8ed3bf0ad,Jamie Young,jamie.young@acme.com,Designer,team-16,2024-10-26 17:33:28.021584
7bc2ea41-0a41-4578-be2b-9c2544c80ef6,Brooke Burns,brooke.burns@acme.com,Designer,team-8,2018-12-14 17:33:28.021584
9662b681-2061-42ff-916a-6e820ac06959,Cynthia Wells,cynthia.wells@acme.com,Ops,team-9,2018-07-27 17:33:28.021584
2005c809-e95b-44ab-a2cf-951aa0b0ddb0,Joseph Wright,joseph.wright@acme.com,Designer,team-1,2016-02-17 17:33:28.021584
afa7e726-46e1-41ec-bd35-7271a2eba295,Lauren Cole,lauren.cole@acme.com,Marketer,team-19,2017-06-09 17:33:28.021584
afebf595-2806-40d8-a03b-6163044153f3,Lee Douglas,lee.douglas@acme.com,Engineer,team-14,2025-11-30 17:33:28.021584
2b9ac454-aecf-4b2b-941b-e2b53f8d3ab3,Amanda Guerra,amanda.guerra@acme.com,Designer,team-11,2024-01-04 17:33:28.021584
16c15cdf-4419-47ef-8d35-ad7315040eae,Monica Brown,monica.brown@acme.com,Marketer,team-0,2020-07-07 17:33:28.023586
4eab684b-3133-4759-983d-06c5ff76bf4f,Emily Little,emily.little@acme.com,Marketer,team-13,2016-07-10 17:33:28.023586
ea4dcfa3-09f3-41ed-b79b-3e2f31512ecd,Joseph Brown,joseph.brown@acme.com,Ops,team-6,2025-05-03 17:33:28.023586
4f6cf8ff-e81e-4373-912e-fc1941ef0b6b,David Perez,david.perez1@acme.com,Designer,team-6,2016-01-06 17:33:28.023586
4010ffe8-cbf3-4d65-b28d-76c1839eff35,Diane Anderson,diane.anderson@acme.com,Designer,team-3,2020-01-03 17:33:28.023586
af5ba10c-c141-49e9-b4c6-c3dbdd36ce31,Austin Kennedy,austin.kennedy@acme.com,Marketer,team-3,2023-05-06 17:33:28.023586
8ae624c0-496b-4dbd-891a-4236cc2d1151,Christopher Pena,christopher.pena@acme.com,Ops,team-3,2024-12-31 17:33:28.023586
775444ca-b0a0-4376-b3a0-75019d591908,Lauren Schmidt,lauren.schmidt1@acme.com,Engineer,team-0,2015-12-17 17:33:28.023586
61faeeb0-32b1-4fce-82ea-048b006f8175,Jessica Buchanan,jessica.buchanan@acme.com,Ops,team-14,2019-08-24 17:33:28.023586
2ad0cd42-5692-4982-af2e-3625ccaef55a,Todd Mcmahon,todd.mcmahon@acme.com,Engineer,team-7,2024-03-03 17:33:28.023586
e6f7cee7-a528-4ba3-b12d-b49c5f05e836,John Roberts,john.roberts@acme.com,Product Manager,team-3,2017-01-04 17:33:28.023586
eaf395d8-5607-4a9c-bcd9-323189f1bd93,Brian Gutierrez,brian.gutierrez@acme.com,Engineer,team-15,2019-07-07 17:33:28.023586
5c837f23-353e-4afb-8092-cd6f4bf149e5,Glenn Velasquez,glenn.velasquez@acme.com,Product Manager,team-13,2025-10-25 17:33:28.023586
ff0c1222-14eb-440d-bd68-5d82cadf3330,Bradley Ryan,bradley.ryan@acme.com,Product Manager,team-11,2025-10-17 17:33:28.023586
901059f6-f073-4aae-b5ea-601ba288a65e,Spencer Simpson,spencer.simpson@acme.com,Ops,team-4,2020-07-23 17:33:28.024589
f1825f0c-de66-4b91-bd2d-92a6e9605857,Craig Williams,craig.williams@acme.com,Ops,team-6,2016-07-25 17:33:28.024589
66c9d9f0-a055-4a8f-850f-cf734994037f,Sarah Rodriguez,sarah.rodriguez@acme.com,Engineer,team-6,2021-06-11 17:33:28.024589
ba1cce79-1d7d-4e5c-a172-d68a4cf8f952,Andrew Anderson,andrew.anderson@acme.com,Ops,team-17,2019-10-28 17:33:28.024589
58611d2e-be4a-4fbf-80c6-52e068dc1bf9,Richard Dorsey,richard.dorsey@acme.com,Product Manager,team-2,2021-05-30 17:33:28.024589
287c332f-a336-440f-ac27-437059c0b0f8,Jessica Watkins,jessica.watkins@acme.com,Designer,team-18,2016-02-26 17:33:28.024589
f590c2ba-8bb8-4956-9cb5-4d515e98133d,Kristin Collins,kristin.collins@acme.com,Designer,team-6,2023-03-10 17:33:28.024589
e79ff151-9bbd-48c2-9a3b-7b729dd6ad4d,Melissa Johnson,melissa.johnson1@acme.com,Ops,team-19,2017-02-03 17:33:28.024589
ba2ed21b-3a3c-41df-9d7e-5ea7862302dc,Douglas Christensen,douglas.christensen@acme.com,Ops,team-3,2019-09-30 17:33:28.024589
168d4378-a601-40a3-81d1-735cb16f3780,Ann Mcdonald,ann.mcdonald@acme.com,Marketer,team-0,2019-07-11 17:33:28.024589
e794aacd-a054-4b8e-bbee-d9951b2678d0,Bradley Jenkins,bradley.jenkins@acme.com,Designer,team-1,2025-01-01 17:33:28.024589
c6b1ba07-d3e3-4b6e-99b9-deee01394cec,Nicole Conrad,nicole.conrad@acme.com,Marketer,team-6,2023-07-21 17:33:28.024589
96bd2de0-7883-4ea1-96a3-1c9ed93c17fc,Jennifer Garcia,jennifer.garcia2@acme.com,Engineer,team-15,2017-07-03 17:33:28.024589
9099f65a-63c2-44fd-94f9-e96ae6132938,Lisa Anderson,lisa.anderson@acme.com,Designer,team-8,2020-07-06 17:33:28.024589
5ae291cb-7890-4cf8-8429-0a5befe519e6,Adriana Nunez,adriana.nunez@acme.com,Product Manager,team-13,2025-10-03 17:33:28.024589
dd459908-7eef-4e96-a487-fd97828a4bf5,Julie Hicks,julie.hicks@acme.com,Designer,team-0,2025-06-01 17:33:28.024589
20249039-a2ea-4a4f-b046-6f9882910856,Marie Frazier,marie.frazier@acme.com,Ops,team-4,2015-10-18 17:33:28.024589
e5730b54-59df-4b68-9089-720b884da148,Robert Sullivan,robert.sullivan@acme.com,Engineer,team-5,2023-04-05 17:33:28.024589
ea67fe94-6119-4b3a-b9f8-0f2fca7415bd,Lucas Cruz,lucas.cruz@acme.com,Product Manager,team-18,2024-11-12 17:33:28.024589
7983b67c-f71e-4c82-9d04-68e720b82726,Raymond Taylor,raymond.taylor@acme.com,Marketer,team-19,2018-03-07 17:33:28.024589
81152f86-eab7-4b73-85a8-dcec4684b358,Kimberly Moore,kimberly.moore@acme.com,Engineer,team-11,2025-07-05 17:33:28.024589
2c983b2b-80e6-4664-9825-fb6151c50ae2,Jimmy Livingston,jimmy.livingston@acme.com,Product Manager,team-2,2024-06-25 17:33:28.024589
c960c815-c439-4654-8fca-2b728c59f51f,Jacob Garcia,jacob.garcia@acme.com,Marketer,team-2,2021-02-12 17:33:28.024589
aba3d6cb-fec9-4f20-8609-51268cf48ec1,Christopher Hart,christopher.hart@acme.com,Ops,team-13,2020-01-19 17:33:28.024589
65dc5990-3e60-4082-b2ff-979da11f9205,Michael Hammond,michael.hammond@acme.com,Product Manager,team-4,2015-08-25 17:33:28.026591
692cacdb-b6bf-4075-ac54-ea3d41b62feb,Tiffany Smith,tiffany.smith@acme.com,Designer,team-8,2025-03-05 17:33:28.026591
678481fa-9087-4243-a30c-81520a4d9b76,Meghan Rocha,meghan.rocha@acme.com,Engineer,team-0,2024-09-15 17:33:28.026591
9452466c-2cba-4532-a0d1-02bb27913cea,Cindy Joseph,cindy.joseph@acme.com,Product Manager,team-12,2018-06-27 17:33:28.026591
a3c0e9f2-5bd5-4a07-a33f-b3542aad50a2,Samuel Barber,samuel.barber@acme.com,Product Manager,team-4,2021-10-15 17:33:28.026591
2eecb83f-fa30-4423-b224-a7cff8bf9dd0,Victoria Watson,victoria.watson@acme.com,Ops,team-5,2024-05-29 17:33:28.026591
77df6de5-3ee4-4276-93f7-fe5652614eac,Diana Robertson,diana.robertson@acme.com,Product Manager,team-6,2024-11-16 17:33:28.026591
944f6560-af15-485d-8a09-96d5d5e42a9c,Taylor Murphy,taylor.murphy@acme.com,Ops,team-14,2016-03-04 17:33:28.026591
e032fdf8-9f7c-4564-aa12-0503682fab13,Anthony Garza,anthony.garza@acme.com,Marketer,team-6,2023-04-23 17:33:28.026591
af70e114-27a1-4ef3-ba45-79ad73973c5c,Steven Moore,steven.moore1@acme.com,Marketer,team-13,2020-09-22 17:33:28.026591
3a907dc8-1b82-4da4-8b4e-428a26d8deae,Elijah Barnes,elijah.barnes@acme.com,Ops,team-19,2023-05-19 17:33:28.026591
bd9abe89-a05b-4c18-89ca-3d0809a9112f,Yvonne Lee,yvonne.lee@acme.com,Product Manager,team-6,2018-05-08 17:33:28.026591
11e31634-1a76-472b-8aa1-35c2b73b78cb,Jessica Contreras,jessica.contreras@acme.com,Ops,team-11,2018-10-12 17:33:28.026591
ca089c0e-66d7-427c-8ffb-1e2d282e8853,Steven Miller,steven.miller1@acme.com,Ops,team-16,2021-11-03 17:33:28.026591
c22affbb-0f4c-41b4-8250-c5acb946d84f,Nicole Ramirez,nicole.ramirez@acme.com,Designer,team-11,2025-01-26 17:33:28.026591
dacdf5ca-b16c-47d7-ad57-b93a2830aa21,Michael Brown Jr.,michael.brown.jr.@acme.com,Marketer,team-3,2018-01-22 17:33:28.026591
dffa83be-5b7b-411f-a5ab-6d9119dab9b8,Mrs. Crystal Burton MD,mrs..crystal.burton.md@acme.com,Engineer,team-3,2016-03-14 17:33:28.026591
70f083a5-e746-4e60-8bf0-31f7b6a89b35,Ashley Villanueva,ashley.villanueva@acme.com,Marketer,team-8,2016-11-28 17:33:28.026591
e031edc1-1995-4e5d-b6ad-8164e6943236,Chris Myers,chris.myers@acme.com,Engineer,team-3,2025-01-29 17:33:28.026591
b4c27366-cdd9-4c12-9e8e-9825cfc22f8a,Cindy Yang,cindy.yang@acme.com,Ops,team-8,2025-09-07 17:33:28.026591
c0e360f1-6bd3-4873-b2ae-5a8c461b0c32,Paul Gonzalez,paul.gonzalez1@acme.com,Engineer,team-3,2016-09-22 17:33:28.026591
34355f5f-4d20-4471-a744-e46743f7d301,Thomas Flores,thomas.flores@acme.com,Ops,team-8,2019-12-30 17:33:28.026591
6f81e149-8a5f-4e46-845a-deb01f9a3233,Timothy Petty,timothy.petty@acme.com,Marketer,team-15,2019-11-03 17:33:28.026591
88b38ca6-ae00-44de-9fd6-bbddfd793e22,Tina Andersen,tina.andersen@acme.com,Engineer,team-17,2017-06-26 17:33:28.026591
d39f8919-67d8-4e4d-9b25-c91a93162f19,Daniel Patton,daniel.patton@acme.com,Ops,team-14,2022-06-20 17:33:28.026591
adf724ad-bee6-4e24-920a-c8d8e851538c,David Cruz,david.cruz@acme.com,Engineer,team-18,2019-06-29 17:33:28.026591
af40ca58-6257-4aac-a361-2c17d43d4088,Lisa Torres,lisa.torres@acme.com,Designer,team-13,2023-12-06 17:33:28.026591
8f809967-8980-427f-87cf-84235ba138ec,Robert Watkins,robert.watkins@acme.com,Ops,team-10,2016-04-26 17:33:28.026591
1606192d-caeb-4d73-9069-f9b744048ac3,Carlos Flynn,carlos.flynn@acme.com,Designer,team-4,2021-10-05 17:33:28.028595
e73ce84b-1655-49f4-8466-5dce678be770,Mary Williams,mary.williams@acme.com,Ops,team-17,2025-01-14 17:33:28.028595
69274f4c-d429-477e-9d5c-172181b74669,Adam Hart,adam.hart@acme.com,Engineer,team-18,2016-12-18 17:33:28.028595
4712a51d-caae-4c34-9e43-8d4802f1902e,Andrew Valdez,andrew.valdez@acme.com,Ops,team-11,2019-09-07 17:33:28.028595
9b5b50b5-343e-4325-933e-481adc1acd75,Adrienne Foster,adrienne.foster@acme.com,Designer,team-15,2019-03-15 17:33:28.028595
416f68eb-0472-4f0d-93cc-16970b720583,James Riley,james.riley@acme.com,Product Manager,team-7,2025-07-30 17:33:28.028595
42e26bde-6abf-4e3f-ba50-005c4a86532d,Sandra Shaw,sandra.shaw@acme.com,Designer,team-0,2017-12-24 17:33:28.028595
e8ed6d7e-2a59-46e7-8f3d-1c596c0d3709,Megan Frost,megan.frost@acme.com,Ops,team-1,2020-01-13 17:33:28.028595
96a91bb5-debd-41c5-9b71-e7ce9be116f5,Debra Myers,debra.myers@acme.com,Product Manager,team-1,2023-07-30 17:33:28.028595
04763282-878f-4296-bcad-140e73e51b1e,Jacqueline Hall,jacqueline.hall@acme.com,Product Manager,team-16,2019-06-01 17:33:28.028595
1e6bad71-5f5b-4531-a252-35ac732e0462,Darren Barton,darren.barton@acme.com,Engineer,team-7,2018-07-07 17:33:28.028595
21303600-6438-4a44-9dfd-cf1d487f57e1,Kayla Beard,kayla.beard@acme.com,Designer,team-6,2018-03-29 17:33:28.028595
49418108-e0bc-406a-8974-817012db2426,Thomas Pierce,thomas.pierce@acme.com,Ops,team-17,2020-06-10 17:33:28.028595
6b7cb878-4815-4d2e-9a46-8bf008e711df,Matthew Turner,matthew.turner@acme.com,Marketer,team-13,2023-01-14 17:33:28.028595
8ca2941b-1b22-450f-bc4e-87d2911eb0ba,Martha Barton,martha.barton@acme.com,Engineer,team-9,2020-11-08 17:33:28.028595
3cd8a95d-efcd-44ac-8af2-44569765f7af,Diana Griffin,diana.griffin@acme.com,Designer,team-6,2021-10-14 17:33:28.028595
f637f3c4-6fe1-414b-8b82-27589bb22c04,Sarah Ramirez,sarah.ramirez@acme.com,Ops,team-5,2022-06-26 17:33:28.028595
0b1b02be-37d6-45f3-8e53-960e0bbd3e2f,Jennifer Davis,jennifer.davis@acme.com,Product Manager,team-4,2022-10-10 17:33:28.028595
6f6f03f8-ecb5-45a8-bb06-568b735cce2b,Andrea Reeves,andrea.reeves@acme.com,Designer,team-4,2023-08-12 17:33:28.028595
5e616576-4015-4b11-97ca-130adf8ab4c1,Yvette Hughes,yvette.hughes@acme.com,Product Manager,team-10,2021-05-03 17:33:28.028595
13c2905b-49d9-4815-9232-8314ceff1096,James Mcclure,james.mcclure@acme.com,Marketer,team-7,2018-06-08 17:33:28.028595
3d8c3e13-eafe-4c5d-9b62-70db46781530,Christine Meyer,christine.meyer@acme.com,Engineer,team-11,2021-10-03 17:33:28.028595
0ac4a30c-9b0c-4dd4-95ab-294d45e70e62,Tyler Clements,tyler.clements@acme.com,Designer,team-14,2020-03-15 17:33:28.028595
9263f78d-3283-48d5-a2df-5ef41f66f44d,Spencer Hill,spencer.hill@acme.com,Ops,team-11,2022-12-06 17:33:28.028595
442743f7-ed0a-4d16-9cfd-309607373f2c,Hunter Miller,hunter.miller@acme.com,Marketer,team-7,2016-10-03 17:33:28.030339
ec6b969c-caa7-4daf-aa6a-940ca53ff22d,Meredith Sanders,meredith.sanders@acme.com,Product Manager,team-2,2025-02-12 17:33:28.030339
80f98f58-2738-4f3e-aada-45f28d7ae9b8,Kimberly Cervantes,kimberly.cervantes@acme.com,Marketer,team-15,2018-02-15 17:33:28.030339
6fbbe21c-544b-459c-8946-fe2b77a9123b,Kimberly Smith,kimberly.smith2@acme.com,Designer,team-1,2016-08-02 17:33:28.030339
78b82532-fb43-4d07-b9f3-2a3323367fe7,Samantha Curtis,samantha.curtis@acme.com,Marketer,team-3,2022-10-29 17:33:28.030339
7424c4f2-30bf-4742-9c16-43e32d72aaf1,Denise Matthews,denise.matthews@acme.com,Designer,team-14,2023-02-19 17:33:28.030339
973233c1-18cb-4769-b0b6-959ddc236652,Brenda Compton,brenda.compton@acme.com,Ops,team-13,2017-12-17 17:33:28.030339
c7a51bde-f2af-4307-818c-7656288a1dd6,Brenda Pierce DVM,brenda.pierce.dvm@acme.com,Engineer,team-0,2023-01-14 17:33:28.030339
c43119d1-c60b-4905-8088-0f616468e972,Shannon Ayala,shannon.ayala@acme.com,Designer,team-10,2024-03-03 17:33:28.030339
9fcda013-7752-4cce-8895-886a555254fa,Billy Smith,billy.smith@acme.com,Ops,team-16,2016-07-07 17:33:28.030339
e293b098-dea6-43e2-99b9-ee9f78b7bed8,Michelle Hunter,michelle.hunter@acme.com,Designer,team-13,2015-09-21 17:33:28.030339
2620651d-330a-4284-9e3e-4370475c043d,Jonathan Rodriguez,jonathan.rodriguez@acme.com,Marketer,team-11,2024-07-11 17:33:28.030339
8d4fcd63-269b-4a90-99a4-84f53c308127,Kathryn Cox,kathryn.cox@acme.com,Ops,team-7,2019-06-09 17:33:28.030339
f0c43b8c-a11b-46f1-b4a8-c2c4ebb197d4,Rhonda Blair,rhonda.blair@acme.com,Product Manager,team-15,2019-07-07 17:33:28.030339
f9d4fce3-a51a-4b2e-b8b0-e2f809a702c1,Jennifer Williams,jennifer.williams1@acme.com,Product Manager,team-6,2025-01-08 17:33:28.030339
538513e5-2915-4d0a-8e69-26e9934ed0ff,Peter Lee,peter.lee@acme.com,Engineer,team-1,2023-06-17 17:33:28.030339
e076be3d-332a-4f70-b1c1-3ae8181f64d8,Andrew Craig,andrew.craig@acme.com,Product Manager,team-4,2019-11-21 17:33:28.030339
0bacc587-c95e-4ff6-9571-b09f1d2a4e37,Traci Nguyen,traci.nguyen@acme.com,Engineer,team-11,2019-08-05 17:33:28.030339
f0a05b53-7ef0-4620-91d0-5c7d62c0609b,Dylan Juarez,dylan.juarez@acme.com,Product Manager,team-18,2021-07-14 17:33:28.030339
b9d70233-5774-42b3-8518-812f87426ab9,Maria Fry,maria.fry@acme.com,Marketer,team-15,2025-01-21 17:33:28.030339
97477b30-259e-4178-a884-424bd4bfc17b,Jerry Lloyd,jerry.lloyd@acme.com,Ops,team-9,2025-03-18 17:33:28.030339
a1fe8595-1917-44d5-9009-1bb10a7d4cf7,David Roth,david.roth@acme.com,Marketer,team-4,2020-05-07 17:33:28.030339
0a82c8b9-2d2d-41e7-98ea-b68dfd97180d,Mark Barnes,mark.barnes@acme.com,Marketer,team-19,2020-02-28 17:33:28.030339
a23a4418-813f-4775-a89f-d0dc904a2fda,Russell Mcintosh,russell.mcintosh@acme.com,Ops,team-12,2020-10-11 17:33:28.030339
df95dd73-65ce-447c-8f52-a7d39ecff54d,Tyler Robbins,tyler.robbins@acme.com,Marketer,team-17,2025-04-22 17:33:28.030339
8fe486b6-a119-4ff5-a640-b331bc80e69e,Julie Cook,julie.cook@acme.com,Ops,team-1,2020-01-18 17:33:28.030339
55850556-f7ba-40a8-84fc-1adf8f4cfb02,Scott Case,scott.case@acme.com,Ops,team-12,2022-09-22 17:33:28.030339
a40abf86-d9f9-4ffd-8e34-621c1b8924f0,Alexander Taylor,alexander.taylor@acme.com,Product Manager,team-13,2024-07-04 17:33:28.030339
22a74794-d5fe-4eb6-9b43-cfec80856738,Hayden Hoover,hayden.hoover@acme.com,Designer,team-9,2024-08-14 17:33:28.032341
cef5d76c-2f87-4c0b-9961-0b30e8814729,Suzanne Ramirez,suzanne.ramirez@acme.com,Engineer,team-11,2024-01-31 17:33:28.032341
2b0296b7-e86b-4248-a0c6-f63af083c7bb,Julia Hernandez DVM,julia.hernandez.dvm@acme.com,Engineer,team-8,2019-11-19 17:33:28.032341
9e952798-c0cb-48f1-8d2c-5ca7c44a0144,Christina Long,christina.long@acme.com,Designer,team-18,2017-10-25 17:33:28.032341
a538968d-3904-46e2-a532-68fb845f931c,Cindy Blackburn,cindy.blackburn@acme.com,Marketer,team-9,2019-09-22 17:33:28.032341
64f1bed0-5021-4742-92dc-1029d3b8c516,Megan Rhodes,megan.rhodes@acme.com,Product Manager,team-6,2017-06-03 17:33:28.032341
3cc32266-0c88-42e9-bf7a-26ea1aa66d85,Dana Marshall,dana.marshall@acme.com,Engineer,team-14,2019-08-20 17:33:28.032341
4da60ebe-d16a-4365-a053-562399cb0e82,Jennifer Gibbs,jennifer.gibbs@acme.com,Engineer,team-11,2016-11-03 17:33:28.032341
f1cf787b-fe1e-4d9c-bc75-22197ad43a30,Karen Hansen,karen.hansen@acme.com,Ops,team-14,2024-10-07 17:33:28.032341
ff8fafe4-8e33-4e93-9363-7676213a4b82,Darrell Johnson,darrell.johnson@acme.com,Product Manager,team-8,2017-02-18 17:33:28.032341
4abd85e6-ce1f-41df-ba81-20786a663e6e,Debra Edwards,debra.edwards@acme.com,Ops,team-9,2022-11-06 17:33:28.032341
88c0b5e7-f995-41ee-bc9a-88b7e30b2aa0,Michael Austin,michael.austin1@acme.com,Engineer,team-3,2021-01-10 17:33:28.032341
589484bf-4c7f-42a0-9081-ebc06dd267b9,Eric Williams,eric.williams1@acme.com,Product Manager,team-17,2020-02-18 17:33:28.032341
5c843aa3-2ded-4282-8d56-bef70a893904,Richard Boyer,richard.boyer@acme.com,Product Manager,team-1,2021-02-04 17:33:28.032341
7c67c675-3635-4f00-ac83-e89f5de520de,Cynthia Adkins,cynthia.adkins@acme.com,Designer,team-1,2019-10-01 17:33:28.032341
56ed4a25-9558-48b8-993a-2dc28b01252e,Michelle Hernandez,michelle.hernandez@acme.com,Engineer,team-10,2018-09-26 17:33:28.032341
0daf3bb0-8fd2-4dd6-9016-f18182f0f2ef,Martha Jacobs,martha.jacobs@acme.com,Product Manager,team-12,2018-01-17 17:33:28.032341
976d7b98-7007-4302-860a-f86cfbab6397,Jacob Wells,jacob.wells@acme.com,Product Manager,team-18,2022-01-18 17:33:28.032341
f814fae2-82cb-4123-bbaa-ce775c1e2fda,Drew Hayes,drew.hayes@acme.com,Engineer,team-0,2020-09-06 17:33:28.032341
c831e9a5-c1eb-4ba2-95dd-f77cf808e0a4,Cassandra Hill,cassandra.hill@acme.com,Ops,team-9,2025-09-06 17:33:28.032341
292cb8ad-92a9-4920-8358-2304d4222623,Michael Ellis,michael.ellis@acme.com,Engineer,team-3,2024-06-14 17:33:28.032341
09907d90-7ed4-42d7-9e10-5f080ca2c3f5,Tracy Lane,tracy.lane@acme.com,Engineer,team-16,2022-10-29 17:33:28.032341
cb572862-7a19-4f8e-9ce5-36a39134605d,Daniel Garcia,daniel.garcia1@acme.com,Marketer,team-6,2023-12-05 17:33:28.032341
724c4deb-8f07-45b3-aad2-5343744894c4,Leonard Jenkins,leonard.jenkins@acme.com,Ops,team-6,2025-03-09 17:33:28.032341
12ec8d99-97ad-4cbf-a959-cef7a028870e,Shane Rice,shane.rice@acme.com,Designer,team-12,2019-07-19 17:33:28.032341
0c261da0-bec8-4eab-9592-2d58fc397b14,Maria Carey,maria.carey@acme.com,Product Manager,team-9,2024-01-07 17:33:28.032341
07294fb1-ed7a-4002-8d82-4f0f335e4723,Richard Brown,richard.brown@acme.com,Engineer,team-16,2025-04-19 17:33:28.032341
db7c60f4-8b6d-4d14-a2c7-fab9ab65ae5a,Amber Logan,amber.logan@acme.com,Designer,team-8,2020-06-23 17:33:28.032341
2cbb598e-ae61-4ed4-ab1f-ae28e6bae8e4,Cody Hansen,cody.hansen@acme.com,Designer,team-16,2018-05-16 17:33:28.034343
839b398f-314a-4384-9125-7e2948610133,Brian Ross,brian.ross@acme.com,Marketer,team-0,2018-10-08 17:33:28.034343
16e366db-bc29-4ed6-bbf4-d6852eb86b95,Wesley Lee,wesley.lee@acme.com,Designer,team-14,2024-07-02 17:33:28.034343
f51d481f-e736-496f-89cd-908f9ba85469,Steven Case,steven.case@acme.com,Ops,team-19,2025-05-05 17:33:28.034343
af6d2890-321b-440f-8a1b-43c566b89597,Joshua Brown Jr.,joshua.brown.jr.@acme.com,Ops,team-16,2025-07-12 17:33:28.034343
14473737-64f8-4b6c-9b0d-d9abe6bd1397,Nicole Adams,nicole.adams@acme.com,Marketer,team-5,2022-05-02 17:33:28.034343
b7141834-6833-4231-b727-616cb532a884,Susan Hood,susan.hood@acme.com,Ops,team-13,2018-05-14 17:33:28.034343
4f71f4dc-894a-4125-be78-6af08abd0010,Dr. Rebecca Zhang,dr..rebecca.zhang@acme.com,Ops,team-8,2015-10-09 17:33:28.034343
c255f525-849b-46a6-b898-b6188458adad,Brittany Moody,brittany.moody@acme.com,Ops,team-11,2021-10-02 17:33:28.034343
477722fc-9784-4726-85c8-d4979518243e,Sherri Gallegos,sherri.gallegos@acme.com,Marketer,team-13,2023-07-09 17:33:28.034343
58b35511-c094-4166-b494-6bf327627435,Jennifer Hamilton,jennifer.hamilton@acme.com,Engineer,team-12,2018-01-24 17:33:28.034343
195b8d83-faf9-4f09-91d9-628dbcd8b3f9,Casey Ruiz,casey.ruiz@acme.com,Marketer,team-9,2023-10-19 17:33:28.034343
9f6cebe7-d66f-4e2d-ac7a-9405e6f9a8e3,Daniel Lucas,daniel.lucas@acme.com,Marketer,team-4,2019-12-10 17:33:28.034343
240bd170-6493-4b67-b9af-d9770e7bd351,Sean Reid,sean.reid@acme.com,Marketer,team-18,2016-04-02 17:33:28.034343
2ac5d737-341f-4ead-b4ef-dec713a804d3,Diana Robbins,diana.robbins@acme.com,Marketer,team-12,2019-06-17 17:33:28.034343
e46abbef-ec08-4769-b522-d52931377ee4,Karen Benson,karen.benson@acme.com,Ops,team-14,2023-04-30 17:33:28.034343
656ced4e-30bd-436a-97a0-228b83c439c5,Kathy Smith,kathy.smith@acme.com,Designer,team-15,2015-11-11 17:33:28.034343
6824fb58-f6dc-4a12-9bc0-cecfdfb2c83f,Lindsey Foley,lindsey.foley@acme.com,Marketer,team-3,2024-10-28 17:33:28.034343
60e205b9-5425-4096-ba78-1abe7b407e7f,Casey Barnes,casey.barnes@acme.com,Designer,team-19,2024-09-08 17:33:28.034343
ddfb5ccf-8dfe-439c-b519-022fc6bc16bd,Nathan Clarke,nathan.clarke@acme.com,Product Manager,team-12,2021-03-09 17:33:28.034343
d89783a5-1eea-4ac4-b189-8eba903fe760,Brandon Yates,brandon.yates@acme.com,Ops,team-1,2025-08-29 17:33:28.034343
8d202a92-87b9-43a6-b632-7844303de164,Angela Stevens,angela.stevens@acme.com,Product Manager,team-4,2023-11-11 17:33:28.034343
32521b43-c9ee-43ac-a868-9af2f9da629f,Erica Butler,erica.butler@acme.com,Product Manager,team-17,2020-11-25 17:33:28.034343
48526296-1e74-4070-b697-96326df74f84,Bonnie Lopez,bonnie.lopez@acme.com,Ops,team-11,2019-07-20 17:33:28.034343
a39f385f-101e-4562-a318-b51c602c8f51,Michelle Bautista,michelle.bautista@acme.com,Product Manager,team-5,2021-12-07 17:33:28.034343
f412194e-90a6-444a-9584-de0deb777592,Jeffery Kirk,jeffery.kirk@acme.com,Engineer,team-14,2017-06-12 17:33:28.036086
41379ad9-8771-455e-b6d6-2cb32b82352e,Daniel Miranda,daniel.miranda@acme.com,Marketer,team-14,2016-08-02 17:33:28.036086
57a21b3e-ca60-4873-922b-872965377e98,Tiffany Garcia,tiffany.garcia@acme.com,Marketer,team-14,2025-07-09 17:33:28.036086
31f41f90-77f0-471d-beb7-6f3d6215f507,Dawn Lewis,dawn.lewis@acme.com,Marketer,team-7,2019-01-10 17:33:28.036086
803fff21-1975-4de9-a7fb-cef8740b2598,Derrick Davis,derrick.davis@acme.com,Product Manager,team-14,2025-09-27 17:33:28.036086
5b9a4edc-4764-4e9c-9b75-9e8c05764bc1,Courtney Quinn,courtney.quinn@acme.com,Marketer,team-6,2018-09-03 17:33:28.036086
3bdd9a3f-bc0b-44f4-9dce-1f7d22614fc6,Robin Carlson,robin.carlson@acme.com,Engineer,team-18,2015-09-15 17:33:28.036086
2aa98fc9-cbcc-4a81-a9b3-8031a18d05d7,Tina Baker,tina.baker@acme.com,Ops,team-1,2015-11-20 17:33:28.036086
b8eee7b1-bdcc-4351-808e-73ef7ccc60b3,Raymond Stone,raymond.stone@acme.com,Ops,team-6,2020-08-11 17:33:28.036086
6c792210-0903-49e5-bd24-bbb2ee9c4436,Daniel Johnson,daniel.johnson3@acme.com,Ops,team-18,2019-07-29 17:33:28.036086
17f7d862-cfa3-467b-a43d-27f8a3d6a355,Todd Grant,todd.grant@acme.com,Designer,team-4,2021-09-18 17:33:28.036086
1b209328-7d8e-4162-b4f7-77ee767572e5,Nicole Washington,nicole.washington@acme.com,Marketer,team-3,2016-08-16 17:33:28.036086
a5df128a-76f6-4a19-88b0-8cc95048a1af,Robert Boyd,robert.boyd@acme.com,Product Manager,team-1,2017-10-18 17:33:28.036086
edf87199-2486-40f1-9507-9379e80b2aa2,Amanda Carson,amanda.carson@acme.com,Engineer,team-6,2025-11-24 17:33:28.036086
c36e5388-ca09-4acd-8267-80903c4c25ba,Elizabeth Fletcher DVM,elizabeth.fletcher.dvm@acme.com,Designer,team-12,2015-08-14 17:33:28.036086
ad299965-3e90-4990-9db7-05d2e30c5657,William Mathews,william.mathews@acme.com,Marketer,team-1,2025-07-21 17:33:28.036086
70395ac4-adc6-43da-a412-2b84ed0c2218,Courtney Prince,courtney.prince@acme.com,Engineer,team-4,2021-12-26 17:33:28.036086
c3e2fa91-91ae-411b-826e-f5281cf4ec94,Elizabeth Riley,elizabeth.riley@acme.com,Marketer,team-4,2019-08-28 17:33:28.036086
ee5326ad-5698-420e-8514-c740c605b69c,Susan Blair,susan.blair@acme.com,Marketer,team-14,2023-03-16 17:33:28.036086
2e2a096a-610b-4b22-8549-2821610b5220,Mr. Donald Bell Jr.,mr..donald.bell.jr.@acme.com,Engineer,team-14,2018-10-12 17:33:28.036086
5fc61969-c4c2-418b-b7b6-5f15e317760b,Tiffany Manning,tiffany.manning@acme.com,Ops,team-13,2015-11-08 17:33:28.036086
e7e2322d-14e2-432d-aafc-b47926f2ea27,Richard Mack,richard.mack@acme.com,Product Manager,team-1,2020-09-05 17:33:28.036086
08a6372c-8dba-4d88-921e-b3b5412632dc,Antonio Russo,antonio.russo@acme.com,Product Manager,team-14,2016-12-11 17:33:28.036086
0cb7ecc6-e568-4a66-8ca3-15282cc5979f,Nicholas Hobbs,nicholas.hobbs@acme.com,Ops,team-19,2017-09-18 17:33:28.036086
c9d3b6b4-ccab-4cfb-9f3b-8baf426d006a,Andrew Frey,andrew.frey@acme.com,Product Manager,team-6,2017-04-26 17:33:28.036086
75c70c1d-cffc-4822-b3a1-1e677ffbdfc1,Anna Gonzalez,anna.gonzalez@acme.com,Marketer,team-2,2023-06-12 17:33:28.036086
f74997c4-c8d5-4541-80f7-aee6c2f10a94,Amy Hale,amy.hale@acme.com,Marketer,team-12,2018-08-06 17:33:28.036086
86a902d1-42a0-4d0e-ba26-666a8d37936d,Patricia Adams,patricia.adams@acme.com,Marketer,team-11,2018-07-07 17:33:28.036086
27b55463-4341-4390-8963-6e248cd66e58,Joseph Pierce,joseph.pierce@acme.com,Designer,team-1,2019-02-02 17:33:28.038088
6462ab52-1700-4396-a078-6968a80bbf45,Katherine Mitchell,katherine.mitchell@acme.com,Ops,team-8,2018-01-15 17:33:28.038088
0760d8cf-e096-45bd-b36b-16f5461ac4a3,Brenda Richards,brenda.richards@acme.com,Engineer,team-2,2024-02-08 17:33:28.038088
9d777923-321f-4d7c-87ed-a25fe4dd4f5a,Eric Beard,eric.beard@acme.com,Marketer,team-2,2020-08-12 17:33:28.038088
422c9349-f18f-40d9-bdde-27aaca2f6acc,Daniel Mejia,daniel.mejia@acme.com,Ops,team-5,2016-06-13 17:33:28.038088
786e2998-57d1-4c90-ac1b-95b3a2b55669,Lisa Young,lisa.young@acme.com,Designer,team-14,2020-04-19 17:33:28.038088
71c1af01-2337-4de1-b096-48ce97059651,Victoria Doyle DVM,victoria.doyle.dvm@acme.com,Ops,team-19,2020-07-14 17:33:28.038088
05d337cc-c45e-4198-8edf-aea7ee9206fd,Timothy Roberts,timothy.roberts@acme.com,Ops,team-3,2018-07-13 17:33:28.038088
88ceb010-558d-4fc2-8203-771703d8b3ad,Devin Armstrong,devin.armstrong@acme.com,Engineer,team-15,2019-10-23 17:33:28.038088
65e1d003-59c4-4192-a994-f00632e7252e,Kayla Lopez,kayla.lopez@acme.com,Ops,team-14,2022-09-27 17:33:28.038088
17b39612-f74d-494e-8822-15c7d95fb5cf,Earl Marshall,earl.marshall@acme.com,Product Manager,team-15,2023-04-06 17:33:28.038088
1f0dd755-46c6-4bc4-b8d0-2d064cb3e365,Penny Sullivan,penny.sullivan@acme.com,Designer,team-9,2018-10-27 17:33:28.038088
9632134b-7e84-4dbb-add2-a1a684a8f794,Robert Alvarado,robert.alvarado@acme.com,Product Manager,team-0,2024-03-03 17:33:28.038088
3691b9b7-501c-4ef2-9589-42a7bbdf9fa2,Mr. Cody Powers,mr..cody.powers@acme.com,Marketer,team-10,2020-08-04 17:33:28.038088
707602b0-3ac9-460d-b246-d06aac6c80de,Teresa Edwards,teresa.edwards@acme.com,Designer,team-4,2018-12-02 17:33:28.038088
6ea5a130-f564-474a-a764-15d1ed3c0150,Alan Mitchell,alan.mitchell@acme.com,Product Manager,team-4,2022-01-12 17:33:28.038088
83fbecf0-9878-4bc0-94aa-2eaee17fc7a1,Ronald Herrera,ronald.herrera@acme.com,Designer,team-3,2023-06-15 17:33:28.038088
0281d8ce-08a0-4385-996c-7c4f4bebc678,Anthony Flores,anthony.flores@acme.com,Designer,team-4,2020-01-19 17:33:28.038088
ce8892d3-c3af-4cfb-97d8-0c0f586756c3,Edward Moore,edward.moore@acme.com,Ops,team-16,2022-05-16 17:33:28.038088
36ebc009-b646-41b8-a3e0-53e0b73e5bc1,Katherine Watts,katherine.watts@acme.com,Product Manager,team-14,2024-03-17 17:33:28.038088
5ab3f7b7-bccc-4097-8820-f68a07c35a1f,Deborah Hernandez,deborah.hernandez1@acme.com,Product Manager,team-3,2021-12-03 17:33:28.038088
13cd91ce-473b-4ffb-a90f-34ce46a6d30e,Mark Green,mark.green@acme.com,Marketer,team-1,2018-06-01 17:33:28.038088
d0688eb9-26c6-43c6-acb7-793ca9ee95ec,Tammy Higgins,tammy.higgins@acme.com,Product Manager,team-2,2019-11-13 17:33:28.038088
b5985cc5-b76f-419d-b6e4-b1ce249f1182,David Gomez,david.gomez@acme.com,Engineer,team-18,2023-11-11 17:33:28.038088
94e28bdd-ddf1-4e7e-ac5e-4678354f86cb,Benjamin Reed,benjamin.reed@acme.com,Product Manager,team-2,2024-07-27 17:33:28.038088
21bc2c78-f835-4c44-8a64-bfe603a62bfc,Megan Brown,megan.brown@acme.com,Ops,team-7,2019-01-15 17:33:28.039831
2a3999d5-70f4-43f3-a5fe-5297f5824972,Paul King,paul.king@acme.com,Ops,team-11,2025-03-04 17:33:28.039831
1d33598d-4586-4974-8981-811905b1ef20,Courtney Smith,courtney.smith@acme.com,Ops,team-17,2016-03-29 17:33:28.039831
e0e418df-bb2e-48c6-b6e8-6b94a614f5a2,Larry Carroll,larry.carroll@acme.com,Marketer,team-11,2019-11-09 17:33:28.039831
78234e84-a15e-4cca-bbc5-50386a0466e3,Andrew Marshall,andrew.marshall@acme.com,Product Manager,team-8,2018-08-27 17:33:28.039831
a0eabcfa-8b4f-435b-9fe2-5e50ba8b15f6,Kenneth Spencer,kenneth.spencer@acme.com,Designer,team-15,2020-12-18 17:33:28.039831
8b9efe53-75bb-486d-a59b-34936dbe0670,Sarah Zuniga,sarah.zuniga@acme.com,Marketer,team-15,2024-09-23 17:33:28.039831
2b9c6829-ed62-4db9-9917-9972ab2f9e31,Cynthia Marsh,cynthia.marsh@acme.com,Ops,team-10,2016-10-17 17:33:28.039831
159589bb-c116-4936-b390-63ca018fa5a6,Jennifer Harris,jennifer.harris@acme.com,Product Manager,team-12,2025-03-30 17:33:28.039831
8786b1af-62e6-4060-8c42-f91c26c79f4b,James Smith,james.smith1@acme.com,Product Manager,team-18,2020-07-16 17:33:28.039831
779dd415-0744-49cf-9f89-3d32e56d090b,Nicole Ross,nicole.ross@acme.com,Ops,team-4,2019-09-25 17:33:28.039831
a191eff4-f3b0-4937-948e-4cdae6cc325f,Dawn Wright,dawn.wright@acme.com,Ops,team-13,2017-01-07 17:33:28.039831
bbfeea6d-3331-4754-8cbf-e987cf456103,Eric French,eric.french@acme.com,Engineer,team-8,2018-02-02 17:33:28.039831
899a76c1-4e7d-47de-bc8b-6e0b9c05a367,Allison Sloan,allison.sloan@acme.com,Marketer,team-2,2021-12-16 17:33:28.041839
a36414f7-5514-441d-badb-5e18ae8214e1,Jennifer Cunningham,jennifer.cunningham@acme.com,Ops,team-11,2019-01-07 17:33:28.041839
9a58ccbf-5a30-4794-8191-ddc3298b14d8,Miranda Hale,miranda.hale@acme.com,Designer,team-17,2022-08-21 17:33:28.041839
f0f54ca3-e3c0-47e2-b1ae-6e9a3783d265,William Stein,william.stein@acme.com,Engineer,team-2,2025-07-03 17:33:28.041839
72b83116-35f8-4eb2-94ac-9cc8a3494b1e,Bryan Dalton,bryan.dalton@acme.com,Ops,team-1,2017-09-28 17:33:28.041839
4c21d0b5-2283-45c9-8904-523bad5fe25c,Dylan Payne,dylan.payne@acme.com,Product Manager,team-3,2019-12-21 17:33:28.041839
452d68b6-3e86-425d-bdb4-a82b893eec79,Brian Kaufman,brian.kaufman@acme.com,Engineer,team-6,2023-02-27 17:33:28.041839
96438ac6-9b5d-4d1b-a9c9-c73c4185d989,Jodi Green,jodi.green@acme.com,Ops,team-8,2015-09-07 17:33:28.041839
5aa6b279-e87a-430a-9578-95fb0f3423a4,Taylor Stanley,taylor.stanley@acme.com,Marketer,team-1,2021-12-26 17:33:28.041839
08f1a443-81c3-4ba8-9a24-c837fdf899d6,Brandy Thornton,brandy.thornton@acme.com,Product Manager,team-6,2016-06-03 17:33:28.041839
4e854e49-00cf-4f47-9fbb-3551676678d2,Leonard Roach,leonard.roach@acme.com,Product Manager,team-6,2022-03-04 17:33:28.041839
01dfb043-6c97-40e8-8137-4973fe287c94,Kerri Herrera,kerri.herrera@acme.com,Product Manager,team-1,2020-08-16 17:33:28.041839
5fa02a21-1f6f-4ca0-bfe1-2ae7e7fa301f,Kaitlyn Barnett,kaitlyn.barnett@acme.com,Product Manager,team-6,2019-09-01 17:33:28.041839
9cc3d27e-3c5f-4391-bb48-1d50676d78aa,Barbara James,barbara.james@acme.com,Marketer,team-2,2017-09-19 17:33:28.041839
4a427506-359c-4f65-8737-11a908430cdd,Michelle Brown,michelle.brown1@acme.com,Ops,team-13,2018-10-01 17:33:28.041839
8cdc5444-e7e1-4045-98e9-c580da98d8bf,Dr. Rebecca Hicks,dr..rebecca.hicks@acme.com,Designer,team-3,2017-03-04 17:33:28.041839
44fa0b49-0fa7-4a62-bc6d-c1a7c316c6b1,Brittany Perez,brittany.perez@acme.com,Marketer,team-11,2025-10-05 17:33:28.041839
c05068ba-6bd7-400c-8a69-b9cd598d0923,Elizabeth Simpson,elizabeth.simpson@acme.com,Ops,team-6,2022-04-08 17:33:28.041839
93ec71f9-ad38-4874-9266-c6c176509887,Brian Compton,brian.compton@acme.com,Engineer,team-1,2025-01-30 17:33:28.041839
60c465e1-4817-4fa3-a8c4-7bb50a2158c2,Angel Duke,angel.duke@acme.com,Ops,team-5,2019-05-02 17:33:28.041839
00cc6732-ae5c-430d-ba37-980367c86f2f,Christopher Riley,christopher.riley@acme.com,Ops,team-19,2016-06-10 17:33:28.041839
43184b5a-b5c7-4af7-8238-8129e99cea89,Sarah Howell,sarah.howell@acme.com,Engineer,team-9,2022-10-17 17:33:28.041839
2da2ae1a-da4a-43fb-84dd-d37b82ebaf11,Patrick Jackson,patrick.jackson@acme.com,Designer,team-4,2023-01-15 17:33:28.041839
697ac4f4-3238-4bff-8bcc-1a8bcf816c8f,Vickie Johnson,vickie.johnson@acme.com,Product Manager,team-12,2025-12-24 17:33:28.041839
da542f2e-6c6c-448c-b205-6340ed23fe81,Dennis Goodwin,dennis.goodwin@acme.com,Engineer,team-13,2019-10-19 17:33:28.041839
bd417671-94d1-4962-96af-07122e004dcb,Ryan Smith,ryan.smith@acme.com,Marketer,team-0,2020-09-21 17:33:28.041839
bce457d2-ee8c-4d8e-8d26-8a54831f6f3d,Sandra Mcclain,sandra.mcclain@acme.com,Ops,team-5,2016-03-18 17:33:28.041839
87a09f67-a609-4ccb-97df-7856a148e018,Julie Atkins,julie.atkins@acme.com,Product Manager,team-15,2024-02-02 17:33:28.041839
b8f3f9ab-21af-4024-90f0-2153151974f8,Ashley Walker,ashley.walker1@acme.com,Engineer,team-15,2021-01-30 17:33:28.041839
92e58812-9dfa-465f-b5ac-aaf2a7946744,Karen Graham,karen.graham@acme.com,Engineer,team-10,2024-07-14 17:33:28.041839
ce7aaf56-70f0-42ee-a9f9-26f54a4cac96,Samantha Graves,samantha.graves@acme.com,Product Manager,team-11,2022-12-08 17:33:28.041839
d5d30559-9ea8-4551-ac2c-e8f668bcf0f7,Pamela Lindsey,pamela.lindsey@acme.com,Ops,team-12,2017-10-22 17:33:28.041839
446d96d9-3c0d-4014-8e54-a4e2ba3f6a45,Karen Conrad,karen.conrad@acme.com,Designer,team-11,2022-06-01 17:33:28.041839
8e1897f4-bf53-4212-82b7-9235b0754274,James Hobbs PhD,james.hobbs.phd@acme.com,Designer,team-19,2017-11-09 17:33:28.041839
8a9d1c42-0294-4457-922c-1613cf38d1bb,Tim Mccarthy Jr.,tim.mccarthy.jr.@acme.com,Ops,team-12,2023-01-24 17:33:28.041839
c02260af-9c73-4d3e-93cc-4ee6da8b7542,Teresa Soto,teresa.soto@acme.com,Designer,team-11,2025-05-15 17:33:28.041839
bd36cfbd-ba29-4e61-9953-6a7ba8b5c96f,Daniel Wiggins,daniel.wiggins@acme.com,Engineer,team-7,2024-11-22 17:33:28.041839
40c54f41-0626-46eb-acaa-6a73e98664cc,Diane Schneider,diane.schneider@acme.com,Designer,team-17,2021-01-30 17:33:28.041839
ca82b0a5-53a4-4a5c-9f1a-ac266891f0af,Jessica Knight,jessica.knight@acme.com,Product Manager,team-16,2021-05-10 17:33:28.041839
06ed1873-6db3-4593-9ce5-7bdc729b4bcb,Jennifer Roberts MD,jennifer.roberts.md@acme.com,Ops,team-10,2022-05-20 17:33:28.041839
d35d88cf-46c8-4c19-9e76-dd524c7c609b,Beth Ramirez,beth.ramirez@acme.com,Ops,team-8,2017-09-26 17:33:28.041839
1dd30c38-8909-435e-9bd6-826979cbbf33,Jessica Richardson,jessica.richardson@acme.com,Engineer,team-15,2017-05-14 17:33:28.041839
c1223ea5-5a1e-49b4-8570-d8e112c37534,Jennifer Craig,jennifer.craig@acme.com,Engineer,team-10,2025-06-22 17:33:28.041839
60efca08-8fe9-4168-907d-dd6a8c85027b,Taylor Garrison,taylor.garrison@acme.com,Designer,team-19,2016-11-20 17:33:28.041839
c36328b3-3996-4965-a1fd-fe32925696f0,Kurt Blackburn,kurt.blackburn@acme.com,Product Manager,team-14,2021-06-01 17:33:28.041839
1e5d80b1-be9b-4e8e-9604-1fd226144532,Alejandro Zuniga,alejandro.zuniga@acme.com,Designer,team-6,2018-08-05 17:33:28.041839
0f11d587-3fe5-4476-8989-5eb7e709c1dc,Zachary Green,zachary.green@acme.com,Product Manager,team-19,2021-02-23 17:33:28.041839
7cf6df06-6908-4d12-8ce8-dcdd6f031deb,Thomas Davis,thomas.davis@acme.com,Ops,team-18,2023-05-15 17:33:28.041839
3632146c-f338-47dc-b582-b6307e466566,Mark Anderson,mark.anderson@acme.com,Engineer,team-19,2016-08-27 17:33:28.041839
626ed33e-7a3f-4520-8a56-b3a945646ce2,Jaclyn Myers,jaclyn.myers@acme.com,Engineer,team-2,2022-08-03 17:33:28.041839
3701b3ee-d1b0-41d1-8ad1-fa8093609f28,Michelle Davis,michelle.davis@acme.com,Ops,team-2,2021-07-27 17:33:28.041839
066ff729-5422-42d3-bd53-f37246d53cba,Alexander Clay,alexander.clay@acme.com,Ops,team-16,2020-07-04 17:33:28.041839
f75a8204-36eb-4c75-95e7-fff63d65f51c,Matthew Moore,matthew.moore@acme.com,Ops,team-7,2021-09-20 17:33:28.041839
eac0b36a-ecc3-47ca-9b47-cf3262f7cf7c,Alexis Ross,alexis.ross@acme.com,Product Manager,team-17,2020-11-19 17:33:28.041839
c5799781-3997-494c-9784-a479c6993453,Lynn Griffin,lynn.griffin@acme.com,Marketer,team-9,2020-04-29 17:33:28.041839
7734320d-aafa-4453-bcfc-4b923e277bd1,Brian Washington,brian.washington@acme.com,Designer,team-0,2019-03-03 17:33:28.041839
d794c0d0-dd0f-4abf-b994-0958ffa0c1f1,James Brewer,james.brewer@acme.com,Ops,team-8,2023-07-03 17:33:28.041839
ab2e7a84-186c-4523-9643-34cc5403e9e0,Casey Banks,casey.banks@acme.com,Designer,team-6,2016-01-26 17:33:28.041839
5c89879d-afea-4349-9323-b03d9932d508,Victoria Mendoza,victoria.mendoza@acme.com,Product Manager,team-4,2019-03-05 17:33:28.041839
0f107569-3e20-4376-9c37-e91ba63dc50a,Eric Davis,eric.davis1@acme.com,Designer,team-16,2017-04-11 17:33:28.041839
6fd22afc-72bd-4955-878b-fa6cddc46098,Curtis Cook,curtis.cook@acme.com,Product Manager,team-5,2019-03-15 17:33:28.041839
2552dd5e-37a3-4375-adc0-47e9b4892f81,Tara Quinn,tara.quinn@acme.com,Ops,team-2,2025-10-06 17:33:28.041839
ccb994e9-89c8-4ddd-8a07-99400cbedef7,David Bowen Jr.,david.bowen.jr.@acme.com,Designer,team-2,2022-08-29 17:33:28.041839
3614f09c-6003-43d0-b037-7547aad7559c,Christine Jennings,christine.jennings@acme.com,Marketer,team-7,2018-11-05 17:33:28.041839
d0a67d75-36fc-4dff-a009-06b875ab3ead,Carol Buck,carol.buck@acme.com,Marketer,team-1,2022-03-29 17:33:28.041839
3d75f1af-1ab1-473a-9047-f88fa925ab99,Christine Ramirez,christine.ramirez@acme.com,Ops,team-9,2019-02-18 17:33:28.041839
a20d7635-de33-45a0-8899-df471790c292,Jose Arias,jose.arias@acme.com,Engineer,team-10,2015-12-12 17:33:28.041839
caf4321f-c0df-4c8e-977c-fd30fc9c47f7,Daniel Washington,daniel.washington@acme.com,Marketer,team-3,2025-09-01 17:33:28.041839
04364973-9b4e-42af-820b-44afd550881b,Lisa Ruiz,lisa.ruiz@acme.com,Product Manager,team-9,2021-02-05 17:33:28.041839
acdf3da0-0d01-4576-99aa-59ec72ad21e3,Michael Forbes,michael.forbes@acme.com,Designer,team-9,2020-12-09 17:33:28.041839
946f8069-efc3-44aa-8b38-9aec6c832152,Ann Robinson,ann.robinson@acme.com,Designer,team-12,2021-11-18 17:33:28.041839
c5e8b9ea-e5cf-4e9c-934c-9be772836628,Ashley Hampton,ashley.hampton@acme.com,Product Manager,team-3,2022-04-27 17:33:28.041839
44ce031a-7449-4040-9711-6792b9a7d9bd,Joshua Zimmerman,joshua.zimmerman@acme.com,Product Manager,team-11,2018-06-05 17:33:28.041839
f7cfed3c-9252-4b2a-80c2-965dc335f708,Samantha Ross,samantha.ross@acme.com,Ops,team-12,2016-09-19 17:33:28.041839
6f1f573d-3f0f-4d7a-8773-895b2073c076,Mark Smith,mark.smith1@acme.com,Ops,team-2,2024-04-03 17:33:28.041839
b7810c10-1b28-445c-badd-94532c27b631,Karen Andrade,karen.andrade@acme.com,Marketer,team-10,2021-09-22 17:33:28.041839
d16c731b-a206-4d68-8ee9-186e89664c98,Katherine Perez,katherine.perez@acme.com,Designer,team-11,2021-12-24 17:33:28.041839
a67259b3-bbf7-486e-a268-704f0319e72b,Paige Moon,paige.moon@acme.com,Engineer,team-6,2020-01-03 17:33:28.041839
c0207e8d-af65-475d-8c02-f36466f7eff0,Sara Garrett,sara.garrett@acme.com,Marketer,team-6,2020-04-04 17:33:28.041839
fa1524e1-6ae5-4707-9084-52ffeb8ae1f8,Rachel Banks DDS,rachel.banks.dds@acme.com,Ops,team-7,2018-09-11 17:33:28.041839
d03ee039-6af7-4948-8872-020a98712e81,Stephanie Baldwin,stephanie.baldwin@acme.com,Product Manager,team-11,2019-12-06 17:33:28.041839
2403ea9c-2096-4d7d-b24c-f96dc8c3e619,Thomas Lewis,thomas.lewis@acme.com,Product Manager,team-6,2020-02-29 17:33:28.041839
e73737b4-af0d-46b3-b8cd-5515a34a77ea,Albert Hansen,albert.hansen@acme.com,Engineer,team-5,2022-12-03 17:33:28.041839
587dbf51-6ece-45ca-a954-4240ed2c63bf,Lisa Jones,lisa.jones1@acme.com,Ops,team-13,2023-07-16 17:33:28.041839
e11f4752-9a51-4736-83c2-27702ecffe6f,Christopher Ellison,christopher.ellison@acme.com,Engineer,team-18,2018-06-29 17:33:28.041839
01097d0b-553e-4224-b08a-95227225dc60,Mr. James Harris,mr..james.harris@acme.com,Ops,team-16,2025-10-27 17:33:28.041839
b9fc1141-a755-40cf-8fe8-c1a2a722c386,Timothy Stewart,timothy.stewart@acme.com,Product Manager,team-2,2023-12-08 17:33:28.041839
9427d459-d60b-4dac-9726-3b05499beb81,Mark Short,mark.short@acme.com,Designer,team-8,2024-06-03 17:33:28.041839
68c034e0-fb33-4fa1-b33d-94221016b578,Jessica Noble,jessica.noble@acme.com,Marketer,team-5,2016-09-02 17:33:28.041839
10cd1f6f-3701-4c3a-95ab-eb12e3045a23,Jamie Farmer,jamie.farmer@acme.com,Marketer,team-10,2018-12-05 17:33:28.041839
763013e5-d74e-44a4-aa6c-4138429d7d11,Mike Brown,mike.brown@acme.com,Engineer,team-19,2019-07-03 17:33:28.041839
6487df40-aa96-48e5-9c0b-fb7e17746eba,Brandy Perez,brandy.perez@acme.com,Ops,team-16,2019-03-05 17:33:28.041839
fc11241d-d8d0-4c60-8bab-944f44d5afd3,Barbara Durham,barbara.durham@acme.com,Marketer,team-3,2024-12-29 17:33:28.041839
90c87ea7-db59-4abe-a4e0-fcac58548d70,Leah Mccoy,leah.mccoy@acme.com,Marketer,team-3,2021-12-12 17:33:28.041839
88e44cc8-c6a4-4399-bbfa-cbc77900dff9,Thomas Crane,thomas.crane@acme.com,Marketer,team-17,2024-02-15 17:33:28.041839
c8f957bc-ace7-4968-b7a0-fc7fcfa78bcd,Brian Stewart,brian.stewart@acme.com,Product Manager,team-2,2024-04-15 17:33:28.041839
09380355-d6ff-46a2-b7ba-a6445e7ba6a3,David Barrera,david.barrera1@acme.com,Ops,team-0,2024-04-29 17:33:28.041839
59c1d637-7506-430d-a928-e7c6e96a74b0,Emily Brown,emily.brown@acme.com,Designer,team-2,2019-11-10 17:33:28.041839
c0a720fb-ba44-478f-b05a-c34cc19a9260,Christopher Santos,christopher.santos@acme.com,Designer,team-14,2023-07-03 17:33:28.041839
11ed6537-7f8d-4486-b8e1-c13fbd48e74c,Matthew Love,matthew.love@acme.com,Designer,team-13,2017-09-19 17:33:28.041839
103a0dad-69b1-4a2f-a9d2-c25603e95a14,Eric Shea,eric.shea@acme.com,Engineer,team-18,2017-05-26 17:33:28.041839
f805eff0-ec9f-412a-bddf-59ae342079c6,Debra Haynes,debra.haynes@acme.com,Marketer,team-17,2017-10-24 17:33:28.041839
d835985c-e44e-44b3-b2e2-7d7971ee6745,Miss Whitney Hancock,miss.whitney.hancock@acme.com,Marketer,team-5,2024-05-03 17:33:28.041839
821819a7-719f-4e70-9541-f5f865a44e34,Richard Mendez,richard.mendez@acme.com,Engineer,team-10,2019-04-17 17:33:28.041839
b2925121-b155-4e48-adc1-f400d28d77b6,Julia Barker,julia.barker@acme.com,Ops,team-11,2021-05-29 17:33:28.041839
f9afc9b7-71fd-4253-9b7d-7e8cdd99706b,Larry Lewis,larry.lewis1@acme.com,Marketer,team-0,2024-06-03 17:33:28.041839
25c0e88a-e9e8-41f9-971a-182996d909ff,Cindy Phillips,cindy.phillips@acme.com,Product Manager,team-10,2022-04-12 17:33:28.041839
791473ca-8d0e-4bdd-b809-306ed3460232,Christy Scott,christy.scott@acme.com,Engineer,team-16,2020-12-17 17:33:28.041839
c419b60e-0bc4-477a-b3bb-8f8142fed969,Charles Short,charles.short@acme.com,Ops,team-17,2020-09-04 17:33:28.041839
2942a02a-5071-41f2-bc8c-13513792279e,Albert Long,albert.long@acme.com,Designer,team-12,2022-07-14 17:33:28.041839
e73b536d-15fe-4035-86c4-d8c9c44ebe7e,Darren Sanchez,darren.sanchez@acme.com,Marketer,team-10,2017-12-03 17:33:28.041839
2c4169b9-a2b3-43cb-992b-f002315378f0,Patricia Wright,patricia.wright@acme.com,Designer,team-13,2021-08-31 17:33:28.041839
ca48f85f-811c-4a63-86de-040ce02cfa61,Beth Michael,beth.michael@acme.com,Ops,team-6,2021-05-21 17:33:28.041839
a4545683-ed58-4e77-af32-736854709656,Caitlin Lucas,caitlin.lucas@acme.com,Marketer,team-17,2016-12-03 17:33:28.041839
8ce70276-b636-4bd6-a194-fa0db01c9a34,Steven Liu,steven.liu@acme.com,Engineer,team-5,2018-10-19 17:33:28.041839
ab86b5c4-906e-4128-b73b-1364fea9912d,Stephen Waters,stephen.waters@acme.com,Designer,team-8,2025-05-29 17:33:28.041839
c49d0b65-3384-4719-8c91-3c2923469c37,David Becker,david.becker@acme.com,Ops,team-3,2023-12-17 17:33:28.041839
1d584179-8600-415c-9df6-f7dd47288e37,Heidi Navarro,heidi.navarro@acme.com,Marketer,team-13,2025-10-27 17:33:28.041839
bd19fdab-f07e-4984-b9bc-2dc7c6692f18,Ryan Monroe,ryan.monroe@acme.com,Product Manager,team-10,2023-04-02 17:33:28.041839
e0aa0c02-27c2-48b4-a205-4c7750448e46,Amanda Powell,amanda.powell1@acme.com,Product Manager,team-7,2019-05-14 17:33:28.041839
7af94a17-6a6c-44da-b7ec-51494326983a,April Jordan,april.jordan@acme.com,Ops,team-18,2024-10-18 17:33:28.041839
cdc3f633-bd7b-4922-b0ba-c32c903d3a9e,Tiffany Nelson,tiffany.nelson@acme.com,Ops,team-17,2022-06-10 17:33:28.041839
29f36958-1714-4dd2-b7e9-0b80d4ce2af9,Christine Diaz,christine.diaz@acme.com,Ops,team-8,2020-11-24 17:33:28.041839
37828230-464b-431e-bdac-c706cf21cbfd,Ashley Baker,ashley.baker@acme.com,Product Manager,team-5,2020-06-30 17:33:28.041839
479571b0-f1dc-4dd5-a183-bdb9bb6b6dc0,Lori Gross,lori.gross@acme.com,Product Manager,team-12,2017-09-09 17:33:28.041839
48544e49-0f02-4adb-97e6-d0ab22de0ca8,Jessica Williams,jessica.williams1@acme.com,Ops,team-4,2020-07-30 17:33:28.041839
a2ded263-c02e-4109-a2c7-126e4e540ded,Scott Melton,scott.melton@acme.com,Designer,team-10,2020-11-21 17:33:28.041839
ed21a6ea-f289-4889-8606-9fbcd30f1347,Michael West,michael.west@acme.com,Ops,team-7,2023-08-19 17:33:28.041839
1c011d35-9847-406c-8d36-ca278722d2be,Kelly Valenzuela,kelly.valenzuela@acme.com,Engineer,team-18,2024-05-29 17:33:28.041839
21eb8254-8543-453b-86af-956023a35e75,Ashley Sosa,ashley.sosa@acme.com,Designer,team-18,2020-01-20 17:33:28.041839
4c7affb4-d975-4684-8fd8-2cfa865a3669,Dominic Reynolds,dominic.reynolds@acme.com,Designer,team-11,2019-12-30 17:33:28.041839
5a020fbd-714d-4ca2-b9ee-e5a61f764b07,Sara Barnett,sara.barnett@acme.com,Product Manager,team-10,2017-05-07 17:33:28.041839
01dc3b78-eca6-4fc7-ad10-8d81d5310f4b,Cheryl Clark,cheryl.clark@acme.com,Product Manager,team-7,2018-01-16 17:33:28.041839
f8bcf563-f5fb-4b37-8073-aec707359450,Deborah Goodman,deborah.goodman@acme.com,Ops,team-15,2023-08-09 17:33:28.041839
dc7d5486-43e9-4df5-9965-1fe4c0f51fb4,Jessica Nichols,jessica.nichols@acme.com,Engineer,team-10,2024-12-17 17:33:28.041839
953e5f12-2ed8-4654-92b4-030d1b0cee49,Lisa Wall,lisa.wall@acme.com,Ops,team-2,2021-02-03 17:33:28.041839
f8c10041-8ba7-4f35-8528-475983a85c92,Timothy Morris,timothy.morris@acme.com,Engineer,team-0,2017-07-27 17:33:28.041839
53326f65-1b64-47e2-b3b6-63fdc6101937,Anthony Branch,anthony.branch@acme.com,Designer,team-10,2017-09-20 17:33:28.041839
eaf48344-3b28-4b7f-972c-4632a2ba0f5d,Michael Flores,michael.flores1@acme.com,Engineer,team-1,2022-07-14 17:33:28.041839
7673bbb1-bc24-4326-932f-92fd64e027d4,Sean Suarez,sean.suarez@acme.com,Marketer,team-17,2021-08-27 17:33:28.041839
adf0f779-2fa3-4ad6-8953-c2bbac11bfc0,Danielle Merritt,danielle.merritt@acme.com,Designer,team-0,2017-10-14 17:33:28.041839
d47305c7-0ee2-4711-bf23-863c6dfbc0cf,Ronald Hansen,ronald.hansen@acme.com,Product Manager,team-18,2023-11-05 17:33:28.041839
218bc28c-c598-4f81-a228-670f9cb74044,Victoria Simmons,victoria.simmons@acme.com,Designer,team-0,2016-06-23 17:33:28.041839
6c80abcd-1e66-41c3-8393-21bfa7b5a8c5,Tracy Long,tracy.long@acme.com,Marketer,team-14,2019-01-08 17:33:28.041839
ee727a30-1b22-430e-9dab-b24a09af0db2,Craig Kelley,craig.kelley@acme.com,Designer,team-1,2017-06-10 17:33:28.041839
7a474e73-8a60-42ee-83fc-e29a97103103,Lindsay Matthews,lindsay.matthews@acme.com,Ops,team-6,2019-02-16 17:33:28.041839
95f6d4c3-a8d8-43de-8cf3-d47c07a3c8ac,David Garza,david.garza@acme.com,Engineer,team-4,2022-03-27 17:33:28.041839
a586b6d5-9b94-48ac-a60f-6ea9cb4d743b,Steven Rodriguez,steven.rodriguez@acme.com,Engineer,team-17,2019-07-29 17:33:28.041839
f721157f-dccd-4dc0-b44b-7a69564f2df0,Michael Griffin,michael.griffin@acme.com,Ops,team-19,2017-07-26 17:33:28.041839
f097c660-d36e-4a80-ba91-3fa75b91228b,John Barber,john.barber@acme.com,Marketer,team-12,2024-10-24 17:33:28.041839
7f9244b1-f706-4c5b-bc20-33fa12d51694,Amy Bryant,amy.bryant@acme.com,Product Manager,team-2,2018-08-28 17:33:28.041839
37997684-ca07-4dde-9a16-88de27e85e28,Aaron Torres,aaron.torres@acme.com,Designer,team-19,2017-02-11 17:33:28.041839
20512fd5-4b35-4d52-85aa-0330b08572d2,Debra French,debra.french@acme.com,Product Manager,team-12,2017-12-18 17:33:28.041839
94f91af7-67c9-49fa-acbd-dd90b70ba3dc,Todd Ray,todd.ray@acme.com,Designer,team-16,2021-12-29 17:33:28.041839
2062e400-f936-4a24-9d09-3738f2472a26,Sara Wall,sara.wall@acme.com,Designer,team-17,2023-05-06 17:33:28.041839
169873f4-2645-41b7-a4fa-82e23c675d5e,Mark Robinson,mark.robinson@acme.com,Product Manager,team-1,2020-03-30 17:33:28.041839
b2c6a885-5512-483a-909e-a54c6ba70d17,Victoria Morgan,victoria.morgan@acme.com,Product Manager,team-19,2016-11-21 17:33:28.041839
574eb72d-520b-485b-a31b-52d441c330a7,Joseph Brown MD,joseph.brown.md@acme.com,Engineer,team-7,2019-08-09 17:33:28.041839
35297904-bbd4-4ec0-a2b1-e11bc5f1b1ea,Kari Bailey,kari.bailey@acme.com,Ops,team-12,2016-08-13 17:33:28.041839
3df4628a-ab84-4bc4-8809-ae267971c1ad,Steven Miller,steven.miller2@acme.com,Ops,team-10,2022-02-07 17:33:28.041839
58a95c1d-6e40-48d4-86a1-d7453e29c150,Shawn Ellis,shawn.ellis@acme.com,Engineer,team-3,2025-08-22 17:33:28.041839
67d5645c-51a3-460f-a7df-988cfd2421e2,Anthony Duncan,anthony.duncan@acme.com,Designer,team-15,2016-04-14 17:33:28.041839
8aaed1bb-a1ee-414e-aa7a-2fcc100304ff,Lynn Smith,lynn.smith@acme.com,Marketer,team-13,2025-02-08 17:33:28.041839
38441f00-4494-4ebd-9c22-7d487585fcb0,Eric Boyer,eric.boyer@acme.com,Marketer,team-7,2023-12-10 17:33:28.041839
1415436a-1083-4f48-9319-e01ef2f04f58,Christopher Martinez,christopher.martinez1@acme.com,Marketer,team-16,2019-01-13 17:33:28.041839
776fc497-f46e-4784-9f17-c847c8dceb1f,Lisa Simmons,lisa.simmons1@acme.com,Marketer,team-18,2016-12-31 17:33:28.041839
e0a6d77d-55be-4f33-b9dd-580f833229cb,Nicole Stone,nicole.stone@acme.com,Marketer,team-2,2018-12-10 17:33:28.041839
f936f5ed-1ea5-4411-a953-9dcb7629a5e5,Sarah Doyle MD,sarah.doyle.md@acme.com,Product Manager,team-8,2024-05-16 17:33:28.041839
ae2297d6-9843-41ea-adf7-cf68f5834743,Jesus Ponce,jesus.ponce@acme.com,Engineer,team-3,2017-05-11 17:33:28.041839
abfd4d9e-5dc0-4ac0-8ac3-5a2204fd08fd,Edwin Moore,edwin.moore@acme.com,Marketer,team-11,2023-03-01 17:33:28.041839
576c5d8d-c8e2-44b7-969c-4bdaf401ee46,Nathaniel Brown,nathaniel.brown@acme.com,Engineer,team-13,2021-05-12 17:33:28.041839
dafe233f-877a-4419-8629-467e24d744c1,Louis Thornton,louis.thornton@acme.com,Product Manager,team-5,2021-09-17 17:33:28.041839
e2284879-4d14-4933-a90b-c64540a0d208,Grace Chan,grace.chan@acme.com,Product Manager,team-16,2023-02-17 17:33:28.041839
bff8de47-ad05-41f9-9287-a942dcf6dd3c,Bethany Carpenter,bethany.carpenter@acme.com,Ops,team-5,2021-09-18 17:33:28.041839
981d5bbf-5cbd-4bfb-adb8-1c45f408398c,Kelly Bauer,kelly.bauer@acme.com,Engineer,team-8,2020-03-29 17:33:28.041839
d03132a6-d9b2-457c-bc70-ecc7cb5933df,Donald Gregory,donald.gregory@acme.com,Ops,team-2,2021-11-06 17:33:28.041839
87fb098b-5387-4a52-97da-a799f022d471,Carolyn Farrell,carolyn.farrell@acme.com,Engineer,team-10,2020-05-22 17:33:28.041839
b23896f3-d408-4a65-b963-65ee845be8c1,Charlotte Sellers,charlotte.sellers@acme.com,Engineer,team-4,2024-10-24 17:33:28.041839
091cb84a-2a96-498e-92f8-3a1dbd4ca92b,Xavier Forbes,xavier.forbes@acme.com,Engineer,team-7,2022-08-03 17:33:28.041839
78a42add-ebbc-4d02-b68e-1ea01c9b2880,Carmen Ortiz,carmen.ortiz@acme.com,Designer,team-8,2023-02-04 17:33:28.041839
18e2eec5-6b32-40ea-b23a-851225251f1f,Thomas Deleon,thomas.deleon@acme.com,Designer,team-18,2020-03-18 17:33:28.041839
401c7000-e2d3-4a03-bb70-eb3b045de7d2,Bryan Dudley,bryan.dudley@acme.com,Marketer,team-0,2024-07-12 17:33:28.055552
03423259-1b6c-4880-8894-09f21695be07,Tim Martinez,tim.martinez@acme.com,Ops,team-14,2019-10-06 17:33:28.055552
9a18f86e-ae1c-4136-84a2-f9a6f1a13311,Ashley Patterson,ashley.patterson@acme.com,Ops,team-0,2019-09-27 17:33:28.055552
7f0cd8c2-706c-4926-9bb7-c45b6fb7ab51,Michael Larson,michael.larson@acme.com,Marketer,team-1,2017-10-07 17:33:28.055552
7b2bf1e8-a0bc-4414-b2be-91daec6e2d05,Brandy Trujillo,brandy.trujillo@acme.com,Ops,team-16,2025-02-19 17:33:28.055552
5b15828f-7e25-43fe-9192-4aed93ff8d36,Timothy Horn,timothy.horn@acme.com,Ops,team-0,2025-06-12 17:33:28.055552
e6da99bc-3437-43fc-9ff1-8fba46309928,Angela Jones,angela.jones1@acme.com,Product Manager,team-13,2015-08-16 17:33:28.055552
4f737774-6be3-47ef-a9b4-55590f96bb74,Jennifer Chandler,jennifer.chandler@acme.com,Ops,team-11,2019-07-31 17:33:28.055552
c75a7bf4-f454-44aa-9d79-3f28eecfa188,Jack Sutton,jack.sutton@acme.com,Designer,team-4,2017-12-08 17:33:28.055552
63b9a0d5-276f-44b6-b8f5-da1546e2cd1c,Henry Massey,henry.massey@acme.com,Ops,team-18,2015-09-27 17:33:28.055552
ba938bcc-8497-4be2-8e18-8e7c0fefc267,Steven Hogan,steven.hogan@acme.com,Product Manager,team-5,2023-07-31 17:33:28.055552
23185142-9468-425d-b1ca-f9bd1bf6b394,John Hughes,john.hughes@acme.com,Marketer,team-19,2024-09-13 17:33:28.055552
d06ae4fa-8d69-40ba-8b37-eb637b3f7288,Jessica Anderson,jessica.anderson@acme.com,Ops,team-18,2016-03-13 17:33:28.055552
64ff1ec6-ceed-480c-9745-a23715e3a527,Carrie Blackwell,carrie.blackwell@acme.com,Engineer,team-16,2024-09-07 17:33:28.055552
d4988c0d-ad79-4a5e-9bb3-ce48ed51183b,Jessica Thompson,jessica.thompson@acme.com,Designer,team-5,2024-10-08 17:33:28.055552
f8ccab32-bf95-432e-90b8-329564b979a8,Samantha Avila,samantha.avila@acme.com,Marketer,team-5,2024-07-09 17:33:28.055552
530270b2-2f41-43ee-aac4-ab1de9205603,Roberto Petersen,roberto.petersen@acme.com,Ops,team-14,2019-10-27 17:33:28.055552
cdf3b482-3e29-441d-a518-89f19b846352,Ashley Diaz,ashley.diaz@acme.com,Ops,team-15,2021-02-19 17:33:28.055552
42f24ab1-f32e-4d37-8fcf-f76f6440561b,Michael Davis,michael.davis2@acme.com,Engineer,team-2,2022-07-12 17:33:28.055552
7f927771-0cef-46f4-9364-cb5ac4e72d19,James Shaw,james.shaw@acme.com,Product Manager,team-0,2020-01-09 17:33:28.055552
612eb918-a160-4014-b1a5-1b4b26d81d6f,Jane Castillo,jane.castillo@acme.com,Designer,team-10,2018-12-05 17:33:28.055552
01a47272-0a5c-4007-8cd5-8caf52857d9a,William Thomas,william.thomas@acme.com,Product Manager,team-12,2022-05-27 17:33:28.055552
8174db94-737d-4c18-9be3-92567d0888e4,Michael Thompson,michael.thompson@acme.com,Engineer,team-12,2024-07-02 17:33:28.055552
dd0d5532-823e-4ee2-8c12-557c58ef5194,Samuel Daniels,samuel.daniels@acme.com,Engineer,team-0,2016-03-01 17:33:28.055552
d6365b73-2187-409e-987f-78f18a97185c,Sarah Hughes,sarah.hughes@acme.com,Product Manager,team-1,2018-08-26 17:33:28.055552
9e5b91bf-b161-45f9-b3b7-167a516c1c4b,Derek Meyers,derek.meyers@acme.com,Product Manager,team-3,2023-07-02 17:33:28.055552
e2fe56cb-9a70-40fc-82eb-99def41de27d,Angela Rivera,angela.rivera@acme.com,Ops,team-14,2021-01-21 17:33:28.055552
acc5c844-c38f-4185-8559-89d51ab272b8,Andre Decker,andre.decker@acme.com,Engineer,team-8,2019-03-21 17:33:28.055552
60035f26-ca11-4aba-8742-398fd3e90a08,Mark Mccarthy,mark.mccarthy@acme.com,Designer,team-15,2025-10-09 17:33:28.055552
399a1f55-f0d1-4b50-8bc8-f0be99ae83b9,Susan Lewis,susan.lewis@acme.com,Marketer,team-11,2020-04-23 17:33:28.055552
da6e780c-8e80-4120-a5be-0062c9071176,Kathryn Kim,kathryn.kim@acme.com,Designer,team-11,2020-10-27 17:33:28.055552
757175ce-5de5-4661-9251-624fec622de1,Heidi Chapman,heidi.chapman@acme.com,Engineer,team-3,2015-08-28 17:33:28.055552
361939c5-7acc-433f-8a4c-3bf04873d2e8,Mary Mcdaniel,mary.mcdaniel@acme.com,Designer,team-14,2020-09-09 17:33:28.055552
8b571aaa-d0dc-4e36-ac61-f08a9a36520d,Joshua Miller,joshua.miller@acme.com,Marketer,team-9,2021-05-03 17:33:28.055552
e37ed149-bd47-473d-bd9a-11fc3b1d7bfc,Sarah Young,sarah.young@acme.com,Designer,team-2,2017-12-18 17:33:28.055552
c1c12dd4-5787-4bb9-ab0b-805530dfb133,Cory Harris,cory.harris@acme.com,Product Manager,team-0,2021-12-28 17:33:28.055552
78e5131e-bd5e-4a14-8cb9-be2451d9d32e,Jason Howard,jason.howard@acme.com,Engineer,team-14,2025-11-30 17:33:28.055552
b239cecd-e91c-461e-aa79-76e06bb63114,Mr. Matthew Smith PhD,mr..matthew.smith.phd@acme.com,Product Manager,team-13,2017-01-09 17:33:28.055552
d5cb89de-3a31-4ec1-ae07-9924992ef505,Patricia Rodgers MD,patricia.rodgers.md@acme.com,Engineer,team-7,2018-07-21 17:33:28.055552
f437c089-ab4d-44ee-9fbd-b8af236bae28,Joseph Hernandez,joseph.hernandez1@acme.com,Designer,team-6,2018-10-31 17:33:28.055552
13ba5f79-92e1-4fab-a130-579e73538823,Christopher Johnson,christopher.johnson1@acme.com,Ops,team-14,2023-07-30 17:33:28.055552
9927c0aa-de19-4887-b18b-e9af3545cc34,Jeremy Wagner,jeremy.wagner@acme.com,Ops,team-6,2020-01-22 17:33:28.055552
bbfd0fed-f7c2-4b24-a25a-f38508defc02,Christopher Leach,christopher.leach@acme.com,Ops,team-10,2024-03-03 17:33:28.055552
bd59b9aa-c56b-4d15-8159-1f1e65be5c64,Kaitlyn Garrett,kaitlyn.garrett@acme.com,Ops,team-14,2020-06-22 17:33:28.055552
32da8c01-b1b9-4357-b728-c13b34c09329,Briana Black,briana.black@acme.com,Designer,team-7,2017-12-04 17:33:28.055552
ff113ccb-6b37-4bed-9a42-ad6cf23ae209,James Ramos,james.ramos1@acme.com,Marketer,team-8,2019-02-07 17:33:28.055552
7fe10f1b-b232-4c70-be8e-04f76cd18fbc,Lauren Hartman,lauren.hartman@acme.com,Product Manager,team-8,2017-01-19 17:33:28.055552
0e9fad95-7614-4045-81b9-a6c6480d9201,Devon Reynolds,devon.reynolds@acme.com,Designer,team-8,2017-05-28 17:33:28.055552
ca533a5f-048d-43a8-8391-374daad0d96d,Michael Hicks,michael.hicks@acme.com,Product Manager,team-0,2024-06-08 17:33:28.055552
5a5f45f3-dd21-4360-a9de-f0699f3313a1,James Clements,james.clements@acme.com,Ops,team-13,2017-09-25 17:33:28.055552
6ad34913-6a2c-45a4-8315-f85d8c627636,Paul Carter,paul.carter@acme.com,Engineer,team-18,2022-04-19 17:33:28.055552
5a886690-499c-4916-8e3f-d9f81f49168e,Judy Valenzuela,judy.valenzuela@acme.com,Engineer,team-5,2017-10-26 17:33:28.055552
abbb29bc-bc09-479e-8518-f3bd3f330bda,Gloria Hernandez,gloria.hernandez@acme.com,Product Manager,team-7,2024-06-07 17:33:28.055552
f204d5de-3c63-442b-a796-f6c214654f5c,Gary Baker,gary.baker@acme.com,Engineer,team-8,2017-08-13 17:33:28.055552
32a8a387-6164-4155-a527-6adc43f7beeb,Justin Pena,justin.pena@acme.com,Engineer,team-2,2022-07-26 17:33:28.055552
e76a28b4-8787-418c-b492-8d24fa4df08d,Mr. Allen Bass,mr..allen.bass@acme.com,Ops,team-4,2024-03-29 17:33:28.055552
12a27cbd-a620-4b0d-a727-6803a87b01be,Misty Davis,misty.davis@acme.com,Engineer,team-0,2024-02-02 17:33:28.055552
80ad88b6-9674-414f-aaa4-d8d8a40f1241,Lauren Mckinney,lauren.mckinney@acme.com,Product Manager,team-1,2022-05-08 17:33:28.055552
1c3e06e4-da5d-4269-a2b4-c4b13dcacc9e,Jacob Buck,jacob.buck@acme.com,Product Manager,team-14,2017-03-27 17:33:28.055552
f9052135-eebe-478d-a009-27d3e39434e0,Allison Rice,allison.rice@acme.com,Marketer,team-12,2024-04-21 17:33:28.055552
2da33e06-67ee-458d-b74d-21729e5d1d9a,Denise Hall,denise.hall@acme.com,Ops,team-18,2016-03-05 17:33:28.055552
8373b87b-084b-471e-b24d-05d59c4ad575,Rodney Cooper,rodney.cooper@acme.com,Engineer,team-18,2024-07-08 17:33:28.055552
09dc04ef-cf96-4222-bc4c-64ab75122320,Vanessa Bell,vanessa.bell@acme.com,Designer,team-13,2016-07-15 17:33:28.055552
08fb4cbf-df4e-4a09-880e-466680040d8a,Norman Garcia,norman.garcia@acme.com,Marketer,team-0,2021-10-12 17:33:28.055552
6ff97444-72d3-4104-bb4e-74e05d9fa2f1,Kathleen Warner,kathleen.warner@acme.com,Engineer,team-8,2021-01-20 17:33:28.055552
41639abe-ad5b-4bb8-a6cb-cba81f8ea9ce,Michael Kidd,michael.kidd@acme.com,Marketer,team-15,2015-08-22 17:33:28.055552
f44fa9f8-35cf-408e-b62e-43b5bd537cff,Ariana Freeman,ariana.freeman@acme.com,Designer,team-8,2017-08-22 17:33:28.055552
c25420a5-4738-4496-ad50-e3b9979fed1d,John Adams,john.adams1@acme.com,Marketer,team-4,2023-04-13 17:33:28.055552
380c6ff2-4da4-4a41-ab48-29d406779b5d,Madeline Woods,madeline.woods@acme.com,Designer,team-13,2023-02-25 17:33:28.055552
298dd7c2-772b-4e8c-8fc4-2ed48e8263b8,Michael Jensen,michael.jensen@acme.com,Marketer,team-15,2023-08-02 17:33:28.055552
7bc06889-2506-4f64-aaea-7ea82437a73e,Marilyn Arellano,marilyn.arellano@acme.com,Ops,team-10,2021-01-27 17:33:28.055552
601a46b7-4e81-40f4-88df-adc330cf9dea,James Rodriguez,james.rodriguez1@acme.com,Engineer,team-0,2021-03-12 17:33:28.055552
43ce99c3-78b5-4c6b-8c78-6c38bada5722,Tammy Robbins,tammy.robbins@acme.com,Product Manager,team-17,2022-09-02 17:33:28.055552
6dff15e5-8fd6-40ab-8333-670ec201e3e7,Terry Bennett,terry.bennett@acme.com,Marketer,team-13,2017-01-29 17:33:28.055552
07b3c6cd-c7d4-4975-83db-06e7a6f3af9e,Jean Curtis MD,jean.curtis.md@acme.com,Ops,team-0,2017-06-12 17:33:28.055552
33f3ced2-a9b4-4082-ad21-c7dabc60f65d,Joseph Rodriguez III,joseph.rodriguez.iii@acme.com,Designer,team-10,2015-11-25 17:33:28.055552
33072b1f-f1be-44ce-949c-d707f5a3861b,Megan Evans,megan.evans@acme.com,Product Manager,team-0,2021-03-21 17:33:28.055552
6225a126-1e43-46af-ae17-bbfeb1008204,Christina Smith,christina.smith@acme.com,Designer,team-18,2018-06-26 17:33:28.055552
eb244c24-fd59-4a16-9ede-39040da9fa02,Brian Hanson,brian.hanson@acme.com,Designer,team-0,2021-04-13 17:33:28.055552
056b715f-aed2-417a-a435-618a33acc49e,Rodney Rodriguez,rodney.rodriguez@acme.com,Ops,team-17,2018-12-12 17:33:28.055552
4206a64a-3b00-4228-a3ba-f1355853d2e6,Nicolas Sanchez,nicolas.sanchez@acme.com,Marketer,team-2,2016-07-27 17:33:28.055552
99240a0f-21a4-4eff-b11a-8969be160aae,Tracy Cross MD,tracy.cross.md@acme.com,Marketer,team-12,2020-03-03 17:33:28.055552
6f131599-c838-4982-b38c-5b2571d4d7b7,Patrick Rivera,patrick.rivera@acme.com,Designer,team-16,2016-09-01 17:33:28.055552
b86c5462-ca0a-45a2-8c0d-0167aa3c0c0e,Melissa Armstrong,melissa.armstrong@acme.com,Engineer,team-17,2017-09-23 17:33:28.055552
09141d4e-0a2d-485e-be47-ffc4f979e1d3,Jean Moyer,jean.moyer@acme.com,Ops,team-5,2025-07-16 17:33:28.055552
e4e63895-fdc2-4f15-9bdd-08ca3842f681,Roger George,roger.george@acme.com,Product Manager,team-16,2018-03-29 17:33:28.055552
5cd24eac-b9ac-43f3-bc51-2ce053d5dd1a,Deborah Miller,deborah.miller@acme.com,Product Manager,team-15,2017-05-04 17:33:28.055552
00768c70-3855-474e-ba86-5f75b63e0b39,Kimberly Garcia,kimberly.garcia1@acme.com,Product Manager,team-8,2023-04-23 17:33:28.055552
3011776c-f7a3-4a67-befe-476b490827ac,Stephanie Wright,stephanie.wright@acme.com,Product Manager,team-10,2025-01-14 17:33:28.055552
523d76c9-aad7-4550-a254-e245e697555b,Thomas Rush,thomas.rush@acme.com,Marketer,team-7,2023-04-25 17:33:28.055552
ea69dcb4-1779-4cf6-b594-5ef91b00b62b,Christopher Escobar,christopher.escobar@acme.com,Marketer,team-13,2021-11-01 17:33:28.055552
b799ba49-97ff-4aa5-980e-18f31db6e078,William Holland,william.holland@acme.com,Marketer,team-4,2019-11-15 17:33:28.055552
d42e31b6-83b7-46e9-b6c2-ba3e3e803b9b,Ashley Woods,ashley.woods@acme.com,Product Manager,team-18,2025-10-29 17:33:28.055552
315d80f6-f962-401d-b97d-c6a8dfb8ca83,Craig Nash,craig.nash@acme.com,Marketer,team-17,2024-11-14 17:33:28.055552
d62f1935-6c15-49fb-82c3-e17123c822f9,Joy Barnes,joy.barnes@acme.com,Engineer,team-7,2019-09-16 17:33:28.055552
18edb61a-1e73-489f-8f0d-646fe9ff5e91,Mary Rangel,mary.rangel@acme.com,Ops,team-3,2021-03-15 17:33:28.055552
4a9722d2-e61d-4a8b-b370-9810ab50fba0,Chad Hogan,chad.hogan@acme.com,Designer,team-1,2020-02-04 17:33:28.055552
d6acc63f-c6bb-4df1-9ca5-ef00b0a8b7e6,Patrick Reyes,patrick.reyes1@acme.com,Engineer,team-18,2020-09-06 17:33:28.055552
81e56151-35df-46fa-96c9-e00a059b380e,Cheyenne Massey,cheyenne.massey@acme.com,Engineer,team-2,2020-08-28 17:33:28.055552
b7afc467-50ce-43d0-b59a-b56dd7d22a77,Julie Bush,julie.bush@acme.com,Designer,team-16,2019-05-24 17:33:28.055552
5cfffa10-8e91-4d1f-90b9-a7d94c73acf7,Courtney Perez,courtney.perez@acme.com,Ops,team-7,2025-03-19 17:33:28.055552
dee93068-298a-4187-919b-1bcc626c59de,Sabrina Lopez,sabrina.lopez@acme.com,Ops,team-5,2017-04-15 17:33:28.055552
f81d1374-2c80-4678-b0c3-7e78b833ea33,Christine Harvey,christine.harvey@acme.com,Ops,team-11,2020-03-31 17:33:28.055552
0a5d1b96-263d-426d-929a-74c5e4069854,Teresa Smith,teresa.smith1@acme.com,Engineer,team-6,2023-07-26 17:33:28.055552
0e6ed205-b6be-40d5-8fac-ca172c261734,Mrs. Amber Hill,mrs..amber.hill@acme.com,Marketer,team-16,2022-09-02 17:33:28.055552
d4226029-63a9-4605-8795-f3cf43ab5976,David Taylor,david.taylor@acme.com,Engineer,team-5,2018-05-21 17:33:28.055552
237d91ee-b3b8-4ead-96de-4f9ec91dbaf1,Dave Smith,dave.smith@acme.com,Product Manager,team-11,2017-01-25 17:33:28.055552
d5bead30-a140-4c7f-9f4e-a6369524f7d4,Morgan Huynh,morgan.huynh@acme.com,Engineer,team-9,2024-07-06 17:33:28.055552
08193be9-b905-4cbc-8667-19f06d8121ad,Vincent Martin,vincent.martin@acme.com,Designer,team-8,2020-09-14 17:33:28.055552
322ff1c2-2a07-43ac-9bfc-8671cb564895,Cody Wilson,cody.wilson@acme.com,Designer,team-10,2018-02-02 17:33:28.055552
f02e10df-fc6d-45e9-a828-32ad5705ed84,Jesse Morrow,jesse.morrow@acme.com,Designer,team-19,2022-10-13 17:33:28.055552
30c54baa-5bb9-434a-94f6-1790e57e4896,Adam Hunter,adam.hunter@acme.com,Ops,team-0,2024-01-07 17:33:28.055552
6c014557-7ea0-4f2d-850b-3a72a05bd687,Phyllis Davis,phyllis.davis@acme.com,Ops,team-9,2020-10-04 17:33:28.055552
09b7cc56-23a0-44af-9ac7-9ed502bf3926,Rebecca Suarez,rebecca.suarez@acme.com,Designer,team-10,2025-03-10 17:33:28.055552
0f9577c0-7a65-449a-a68a-c12ebdfdf985,Tracy Lee,tracy.lee@acme.com,Engineer,team-16,2015-08-20 17:33:28.055552
6cbf3398-9f93-42a1-8088-65cd403bdab4,Taylor Cochran,taylor.cochran@acme.com,Marketer,team-16,2018-04-19 17:33:28.055552
b05aa66f-5da4-4448-839b-1915c1c53aa7,Jessica George,jessica.george@acme.com,Product Manager,team-4,2017-05-26 17:33:28.055552
a1f9ec62-63b8-4e7f-ab2b-b5dc1efe104d,Noah Tucker,noah.tucker@acme.com,Product Manager,team-5,2025-12-23 17:33:28.055552
d47bb2fb-83eb-4ad1-aa0c-b60aefa83c06,Angela Evans,angela.evans@acme.com,Product Manager,team-11,2016-07-10 17:33:28.071391
b717be81-5d4a-41d2-ba5b-1d901a5f6b6d,Jorge Bradley,jorge.bradley@acme.com,Product Manager,team-19,2016-05-07 17:33:28.071391
399795f1-1552-4bed-9cf9-bbd04dcccc74,Robin Brown,robin.brown@acme.com,Ops,team-4,2021-04-16 17:33:28.071391
47fd50c8-b537-41c5-bed0-5bd5e828efc8,Terri Hansen,terri.hansen@acme.com,Ops,team-9,2018-12-17 17:33:28.071391
245314ea-526b-4ada-9505-08721901580b,Yvette Jennings,yvette.jennings@acme.com,Marketer,team-19,2023-10-07 17:33:28.071391
1e877785-1a0c-4051-9280-e50a40d9948b,Stacey Caldwell,stacey.caldwell@acme.com,Ops,team-0,2021-01-26 17:33:28.071391
bf3ccc78-e9c9-4ebd-8903-69d4c36c6c00,Matthew Calderon,matthew.calderon@acme.com,Designer,team-16,2016-08-03 17:33:28.071391
72a1dec0-513d-483e-8fb8-c9b59055af9d,John Skinner,john.skinner@acme.com,Engineer,team-15,2021-11-17 17:33:28.071391
6e031ba1-fc92-46e3-9a01-e7becfd3eebc,Lori Padilla,lori.padilla@acme.com,Designer,team-9,2019-02-21 17:33:28.071391
30e659d6-2f8e-43ef-ae39-3796282b62eb,Natalie Rodriguez,natalie.rodriguez@acme.com,Marketer,team-1,2023-10-06 17:33:28.071391
d5493222-f446-4e16-8be4-9e4101c3aed2,Darin Patel,darin.patel@acme.com,Ops,team-18,2017-04-03 17:33:28.071391
46bfc9ab-3002-48c4-9888-3dcec26b2868,Valerie Reid,valerie.reid@acme.com,Marketer,team-13,2017-10-12 17:33:28.071391
3e7092d6-9669-43ed-af85-8e55e7c297ad,Harry Cabrera,harry.cabrera@acme.com,Engineer,team-14,2023-08-16 17:33:28.071391
4f9cf7c9-61d0-4a87-9803-82bf86047943,Jasmine Anderson,jasmine.anderson@acme.com,Designer,team-19,2018-11-30 17:33:28.071391
a1c52a0c-1334-414d-832c-7827fb25df74,Tammy Thompson,tammy.thompson@acme.com,Product Manager,team-9,2022-07-06 17:33:28.071391
595945e5-c7e2-4f94-8b00-a429bbb2a80b,Edwin Hines,edwin.hines@acme.com,Designer,team-4,2024-11-22 17:33:28.071391
3a41a030-4da8-478d-be37-5e4469113e75,William Tran,william.tran@acme.com,Designer,team-10,2024-10-04 17:33:28.071391
fc0d4482-db95-4e74-9838-c3e176227761,Mary Gordon,mary.gordon@acme.com,Ops,team-8,2019-03-18 17:33:28.071391
681ac3ab-8ee6-4598-85c4-a9a0e79e5f52,Gabriel Ortiz,gabriel.ortiz@acme.com,Ops,team-12,2019-06-23 17:33:28.071391
58d18e33-7444-49d2-aeeb-fb05e25ce863,Thomas Garcia DVM,thomas.garcia.dvm@acme.com,Marketer,team-13,2018-06-02 17:33:28.071391
391a4893-0053-4eaa-b225-a08c0b1c3621,Courtney Greer,courtney.greer@acme.com,Marketer,team-16,2024-01-13 17:33:28.071391
e0aeaf0f-a130-47e7-bf36-84a348156790,Dawn Garcia,dawn.garcia@acme.com,Engineer,team-18,2025-12-01 17:33:28.071391
dd5f9fa7-64f7-437e-97e8-0539738d9091,Christopher King,christopher.king@acme.com,Engineer,team-17,2017-10-20 17:33:28.071391
423f7272-59cf-4c81-a0c4-a0c8eae1756e,Adam Brown,adam.brown@acme.com,Designer,team-5,2025-04-09 17:33:28.071391
43f3d6c8-08e1-42ba-a735-3bfe631a5c97,Madeline Alvarez DDS,madeline.alvarez.dds@acme.com,Ops,team-19,2025-05-27 17:33:28.071391
e697af93-61e4-43d5-8774-aed9dadb6dff,Samantha Howell,samantha.howell@acme.com,Engineer,team-16,2023-02-12 17:33:28.071391
672ec46e-f4eb-48a4-a576-553ff5dbdb1a,Stephen King,stephen.king@acme.com,Ops,team-9,2017-05-21 17:33:28.071391
8f6a5c56-1eb5-4175-8485-801297d971eb,Francis Mckee,francis.mckee@acme.com,Engineer,team-15,2022-04-26 17:33:28.071391
56553ded-0945-47b7-bb27-62ad047ad4fe,Heidi Henderson,heidi.henderson@acme.com,Ops,team-5,2023-03-26 17:33:28.071391
682ea4f3-1072-42a4-9fe2-57bf8e644750,Melanie Lang,melanie.lang@acme.com,Engineer,team-1,2022-04-14 17:33:28.071391
e64701e4-df6f-40e5-a379-94c749e0d455,Alexis Butler,alexis.butler@acme.com,Ops,team-7,2021-06-24 17:33:28.071391
8236e9de-168d-4fe9-a93f-078f775e0336,Hannah Weber,hannah.weber@acme.com,Designer,team-10,2022-10-24 17:33:28.071391
77b8481c-f7ec-499f-a621-196e98c201e4,Jo Shannon,jo.shannon@acme.com,Marketer,team-2,2020-05-15 17:33:28.071391
e7820a07-856f-4ba6-9664-d28bfd1ef2a3,Holly Simmons,holly.simmons@acme.com,Engineer,team-11,2025-03-31 17:33:28.071391
ed024cce-a3b4-4e5e-ba26-456c2c7cb54e,Katherine Peters,katherine.peters@acme.com,Marketer,team-11,2019-08-16 17:33:28.071391
a411d5ee-a2c9-4c22-b4ef-6f771b8899d3,Grant Schmidt,grant.schmidt@acme.com,Product Manager,team-7,2015-09-19 17:33:28.071391
4295e9b1-f57b-40b5-bfb0-406c4279c4cf,Duane Nicholson,duane.nicholson@acme.com,Designer,team-16,2024-01-16 17:33:28.071391
a6941ffb-9351-4106-87ba-549a085959a6,Michael Sullivan,michael.sullivan@acme.com,Marketer,team-11,2020-07-14 17:33:28.071391
e8c4b600-55a6-4789-aea6-5d0260de3bdc,Hayden Martinez,hayden.martinez@acme.com,Designer,team-19,2024-02-18 17:33:28.071391
fba511ba-75d5-42a5-96b6-51d36d1e9dc8,William Ruiz,william.ruiz@acme.com,Marketer,team-17,2020-06-09 17:33:28.071391
baeb6d9b-4fe3-4d40-aee8-8c92b7c76f11,Melvin Sanders,melvin.sanders@acme.com,Marketer,team-2,2017-08-20 17:33:28.071391
d46fa42a-b3ff-4b30-82b5-3ce38280336a,James Tran,james.tran@acme.com,Ops,team-9,2024-08-01 17:33:28.071391
1e0a2909-b22b-4db7-899b-ad65d2ae8741,Hannah Kaiser,hannah.kaiser@acme.com,Ops,team-2,2018-03-12 17:33:28.071391
af5d7b02-55de-4f8e-b0c6-4935b18bbe72,Catherine Moore,catherine.moore@acme.com,Marketer,team-8,2025-10-09 17:33:28.071391
dfcfa8fb-6b48-413d-a32e-ba7fc3273ac9,Robert Wilkerson DDS,robert.wilkerson.dds@acme.com,Ops,team-14,2025-05-27 17:33:28.071391
02a84633-e4a4-4860-b95d-479290b69e1e,Richard Galloway,richard.galloway@acme.com,Marketer,team-8,2017-08-15 17:33:28.071391
845fbadc-242c-4d02-8146-883c004191b3,Ashley Hill,ashley.hill@acme.com,Designer,team-3,2023-12-12 17:33:28.071391
fbc16d69-30ac-43a5-8f61-d38b9249eeb0,Andrea Ibarra,andrea.ibarra@acme.com,Ops,team-13,2018-02-22 17:33:28.071391
161ee1f5-60f7-4e75-85d4-98f1f09d15bb,Michael Vasquez,michael.vasquez@acme.com,Marketer,team-0,2020-04-15 17:33:28.071391
99cd06c8-c579-4c50-962d-68c1504a039e,Kristen Vance,kristen.vance@acme.com,Engineer,team-0,2024-05-27 17:33:28.071391
5e38a201-1daf-4801-ae50-62ab71792c07,Amanda Black,amanda.black@acme.com,Ops,team-7,2020-02-14 17:33:28.071391
86ebb8b9-1986-46cb-a3fe-375787403f0e,Michael Mcbride,michael.mcbride@acme.com,Marketer,team-6,2019-03-09 17:33:28.071391
714702db-e068-41ce-8d75-71d23aaa4839,Scott Andrews,scott.andrews@acme.com,Designer,team-16,2022-08-24 17:33:28.071391
7c774ac3-44cb-4c31-b307-b68ada5a21b5,Gabriella Mann,gabriella.mann@acme.com,Product Manager,team-13,2020-12-05 17:33:28.071391
c8718f02-1a99-4ecd-87a5-1e1b30165ebc,Autumn Miranda,autumn.miranda@acme.com,Designer,team-3,2018-10-30 17:33:28.071391
2104256c-5c59-4d5d-8fad-0b6e53333675,Keith Burgess,keith.burgess@acme.com,Engineer,team-18,2016-07-24 17:33:28.071391
c8bd38a7-e8f5-4fb2-9869-5d65994dcea1,Amy Burton,amy.burton1@acme.com,Designer,team-12,2018-09-28 17:33:28.071391
b0ff3bff-7b70-45f7-b15c-e8434dc6eda3,Sue Johnson,sue.johnson@acme.com,Marketer,team-17,2020-09-16 17:33:28.071391
c3ee2fcc-a4b3-43f8-bd4a-ebd2a3827aaf,Erica Davenport,erica.davenport@acme.com,Product Manager,team-13,2017-10-12 17:33:28.071391
c6591fb7-47e3-43d5-bdf3-364fe36d5ac4,Timothy Richards,timothy.richards@acme.com,Engineer,team-2,2022-04-10 17:33:28.071391
89a5a133-fcaf-4052-8d28-3e22ad827899,Mitchell Francis,mitchell.francis@acme.com,Engineer,team-6,2022-07-31 17:33:28.071391
f4d4b039-8013-4a32-bae0-14c678b3e911,George Lewis,george.lewis@acme.com,Designer,team-1,2021-01-11 17:33:28.071391
251650e9-223c-4191-a50c-8af019031e52,William Ruiz,william.ruiz1@acme.com,Product Manager,team-4,2019-09-19 17:33:28.071391
f7f4b483-31e0-4a4c-afab-3d4813a1bc3e,Christopher Gray,christopher.gray@acme.com,Designer,team-15,2018-12-31 17:33:28.071391
0251a27f-5c18-41ee-9b1d-ce997fac64a7,Cindy Ho,cindy.ho@acme.com,Marketer,team-13,2018-08-01 17:33:28.071391
d6cff4db-ff26-4130-89ce-5a548fb99aae,Laurie Velez,laurie.velez@acme.com,Product Manager,team-16,2023-08-11 17:33:28.071391
52f6e160-3417-4de2-8231-92cc498a20fb,Matthew Butler,matthew.butler@acme.com,Engineer,team-15,2025-03-04 17:33:28.071391
41b7a2f8-12ec-4adf-aa41-9ab14a99c84d,Monica Ross,monica.ross@acme.com,Product Manager,team-3,2024-03-07 17:33:28.071391
1625ce79-aef2-404e-bcdc-5e7436b1965a,Chad Pope,chad.pope@acme.com,Engineer,team-5,2019-05-18 17:33:28.071391
076130b3-f04c-42fc-b0fe-c1e95973422e,Kathleen Rodriguez,kathleen.rodriguez@acme.com,Ops,team-19,2017-08-27 17:33:28.071391
3812409b-2659-45c0-9600-3666b5f9752b,Heather Skinner,heather.skinner@acme.com,Marketer,team-13,2022-09-02 17:33:28.071391
e1724693-8273-4c99-a5a9-b4ae85ed8a9c,Jennifer Medina,jennifer.medina@acme.com,Engineer,team-1,2019-09-21 17:33:28.071391
d6687c92-6e9c-47d6-8eae-80728733ae48,Michael Garza,michael.garza@acme.com,Engineer,team-13,2023-09-10 17:33:28.071391
218316e5-6bf2-4b11-aec9-c2e940b5243a,Mary Wallace,mary.wallace@acme.com,Product Manager,team-17,2024-04-24 17:33:28.071391
260247f4-1ecf-414e-9ef3-c1f026842109,Kristina Cooper,kristina.cooper@acme.com,Product Manager,team-4,2025-09-07 17:33:28.071391
a0e17980-4220-471d-9508-32b94def2c54,Rachel Booth,rachel.booth@acme.com,Designer,team-17,2022-02-25 17:33:28.071391
5bad8847-9fc8-47ce-b0c9-d09d0ee31698,Amanda Hernandez,amanda.hernandez@acme.com,Ops,team-14,2021-11-23 17:33:28.071391
d70a19b8-bdbb-46b4-ae20-9d9731663a31,Richard Boyd,richard.boyd@acme.com,Marketer,team-4,2019-12-07 17:33:28.071391
9d6d99a4-c3e6-4850-8040-b3b4111de289,David Conner,david.conner@acme.com,Marketer,team-13,2015-12-11 17:33:28.071391
cfadfd35-5ab9-400b-8165-2c7b30229338,Michael Thornton,michael.thornton@acme.com,Marketer,team-6,2016-09-19 17:33:28.071391
2c8d3ea6-9e90-46e3-b173-e7b17d62da88,Alexandra Perez,alexandra.perez1@acme.com,Engineer,team-4,2019-07-10 17:33:28.071391
16a19ec3-00d9-49cb-a4d5-9cf55d42b259,Michele Harper,michele.harper@acme.com,Designer,team-7,2021-02-24 17:33:28.071391
ad9b8582-91b0-4ce3-b1c2-a61c626690d1,Teresa Brown,teresa.brown@acme.com,Engineer,team-5,2023-02-23 17:33:28.071391
dbea3ad5-7331-4071-9aa9-99ef8815fde0,Claudia Sellers,claudia.sellers@acme.com,Ops,team-1,2025-08-09 17:33:28.071391
34e2d3fe-433e-47db-8edb-99a647339442,Tanner Campbell,tanner.campbell@acme.com,Designer,team-11,2025-06-16 17:33:28.071391
e68ba6b7-9875-4e7d-a656-ba46b285dedf,Dr. Lori Roberts,dr..lori.roberts@acme.com,Designer,team-4,2025-01-22 17:33:28.071391
ee381962-974a-402c-ace9-42f48d3d69ec,Brittney Ruiz,brittney.ruiz@acme.com,Designer,team-0,2020-06-15 17:33:28.071391
6eccbbdb-8a55-4bcc-9db9-4efbd8663609,Nathan Valdez,nathan.valdez@acme.com,Product Manager,team-14,2023-12-07 17:33:28.071391
b777b80f-e6b3-40b6-aa77-1354aa2449d9,Michael Wiley,michael.wiley@acme.com,Marketer,team-17,2016-05-24 17:33:28.071391
675c7482-5e44-4188-8e31-23c372092e6c,Cathy Bryant,cathy.bryant@acme.com,Product Manager,team-2,2016-04-18 17:33:28.071391
71eeca95-5bc8-49d4-af43-be576ff4fe85,Phillip Kerr,phillip.kerr@acme.com,Designer,team-4,2016-07-09 17:33:28.071391
9eacc7e3-f957-46e7-8b56-a083579268dc,John Glass,john.glass@acme.com,Designer,team-12,2025-05-30 17:33:28.071391
ce7f188e-bcf3-460a-b865-58c203b08035,Kathleen Roth,kathleen.roth@acme.com,Product Manager,team-6,2018-05-13 17:33:28.071391
9fec1dce-1e60-4acc-9a22-5f5c7af826ad,Tyler Mack,tyler.mack@acme.com,Designer,team-8,2017-01-16 17:33:28.071391
bec5b509-808f-46c1-b05f-20814e242a91,Lisa Wade,lisa.wade@acme.com,Designer,team-2,2025-12-06 17:33:28.071391
8f04a756-aeec-4bfa-94ac-a355404d7afe,Donald Wade,donald.wade@acme.com,Engineer,team-15,2024-01-21 17:33:28.071391
3e944fc2-87a7-4015-be41-a0635865f2cd,Cheryl Fox,cheryl.fox@acme.com,Engineer,team-19,2022-12-02 17:33:28.071391
c3562610-655e-4ff2-9dc5-7187b019d974,Maria Levy,maria.levy@acme.com,Marketer,team-1,2016-09-10 17:33:28.071391
4ce3002b-51c0-4c00-a18c-c8ad4431c195,Joseph Benson,joseph.benson@acme.com,Marketer,team-16,2016-04-13 17:33:28.071391
36c314ad-b7a5-4343-87c6-0f7ef99bf5bb,Michelle Reyes,michelle.reyes@acme.com,Designer,team-16,2018-06-22 17:33:28.071391
1385e1a7-18ae-403a-8089-6596b7233625,Molly Johnson DVM,molly.johnson.dvm@acme.com,Product Manager,team-15,2020-09-04 17:33:28.071391
b2a3d7e2-49fd-4516-9f79-e013d5d4cb64,Walter James,walter.james@acme.com,Product Manager,team-15,2016-02-11 17:33:28.071391
cb15e436-803b-4b81-9552-6ae465201141,Maria Knapp,maria.knapp@acme.com,Product Manager,team-15,2019-08-25 17:33:28.071391
7df895e5-e294-4d8f-b33c-c205b7300e13,Laura Kelley,laura.kelley@acme.com,Marketer,team-3,2023-09-09 17:33:28.071391
010fb82c-3ac6-411c-8680-5e3117d536b4,Mr. Jacob Stokes,mr..jacob.stokes@acme.com,Product Manager,team-2,2016-04-26 17:33:28.071391
165b9aea-f915-4027-8eb8-88c5d3e669c7,Nicholas Gregory,nicholas.gregory@acme.com,Engineer,team-18,2021-03-22 17:33:28.071391
1a18884e-6af6-4438-8591-ba60996e88e9,Raymond Miller,raymond.miller@acme.com,Engineer,team-14,2023-05-02 17:33:28.071391
b7824e74-e5d0-4884-80d1-0d67f6b3524f,Olivia Buckley,olivia.buckley@acme.com,Product Manager,team-2,2022-03-21 17:33:28.071391
041d2cc3-a499-40d4-8ced-23ae2ad02a69,Brandon Price,brandon.price1@acme.com,Marketer,team-11,2018-02-10 17:33:28.071391
a2f99e91-7945-4e8e-8d9a-9fbd4fe859a9,Sara Gill,sara.gill@acme.com,Marketer,team-1,2016-03-04 17:33:28.071391
4bd5a234-2ba7-444c-972e-49f3ff485ce2,Andrew Flores,andrew.flores@acme.com,Product Manager,team-4,2018-10-10 17:33:28.071391
2efd7991-10ce-484d-ba44-8a089bac61bd,Scott Taylor,scott.taylor@acme.com,Ops,team-10,2018-09-25 17:33:28.071391
a8006962-8724-4d21-87e8-ad5c85ffcae2,David Ramirez,david.ramirez@acme.com,Engineer,team-10,2019-11-20 17:33:28.071391
92646470-6ead-469f-a3d9-edf0d97dc256,Kari Reed,kari.reed@acme.com,Designer,team-1,2025-06-29 17:33:28.071391
d507ca75-b868-4299-92fc-7393a3967e93,Erin Nelson,erin.nelson@acme.com,Ops,team-6,2022-09-21 17:33:28.071391
81b13f3a-f60e-47e0-ba42-69bc308324c0,Wendy Mccoy,wendy.mccoy@acme.com,Engineer,team-6,2018-01-20 17:33:28.071391
d036782f-66e2-4fe5-8fdf-ed0b06d45a7d,Madison Manning,madison.manning@acme.com,Engineer,team-14,2016-04-22 17:33:28.071391
52356b90-2fad-4dd5-b2b5-5c7d4b462c76,Cynthia Mendez,cynthia.mendez@acme.com,Product Manager,team-9,2021-08-08 17:33:28.071391
8ba259d9-9fb0-4908-84b8-4e304fbc7631,Jordan Clark,jordan.clark@acme.com,Marketer,team-17,2017-04-28 17:33:28.071391
74f0c0c0-ee47-497b-8185-c75c8bc20efc,Terry Woods,terry.woods@acme.com,Marketer,team-0,2020-07-21 17:33:28.071391
7d46579e-3d37-410d-b25e-1df0ed9626b1,David Miles,david.miles@acme.com,Marketer,team-12,2021-07-14 17:33:28.071391
0d51144a-fdff-4247-bdfe-c290bacc7569,Christopher Sparks,christopher.sparks@acme.com,Product Manager,team-14,2023-04-08 17:33:28.071391
7867b298-0d50-4359-bc88-9a46a973d0cc,Kimberly Roberts,kimberly.roberts@acme.com,Designer,team-2,2018-08-05 17:33:28.071391
70c49c54-d22e-4885-b4ec-24ba8220d75b,Mark Harris,mark.harris@acme.com,Marketer,team-5,2019-07-02 17:33:28.071391
5700c0a0-f84c-4c3a-81c4-7e25b71f0e7e,Nicole Thompson,nicole.thompson@acme.com,Marketer,team-2,2018-12-08 17:33:28.071391
f9690b09-7315-4dcc-a4b0-dad2b01d7074,Charles Harrison,charles.harrison@acme.com,Ops,team-0,2023-12-29 17:33:28.071391
f01c2424-43a7-454c-aceb-f7cd4253fa42,Alicia Wall,alicia.wall@acme.com,Product Manager,team-5,2021-01-24 17:33:28.071391
40336498-9100-4340-8e80-791f43e9e904,Steven Harrison,steven.harrison@acme.com,Product Manager,team-14,2017-08-25 17:33:28.071391
2ba7a8e2-5cd7-4c83-9533-68974510aac6,Nicholas Lang,nicholas.lang@acme.com,Marketer,team-18,2018-05-29 17:33:28.071391
66e0ee6c-87a5-4fc6-a892-e627e14d1fb0,Stephen Thompson,stephen.thompson@acme.com,Ops,team-4,2022-02-28 17:33:28.071391
c7b94d81-e75f-46c8-b2e0-6724def371e1,Anna Lynch,anna.lynch@acme.com,Marketer,team-12,2016-10-01 17:33:28.071391
95d890c9-d003-4f97-9176-67cbd703385d,James Henson,james.henson@acme.com,Marketer,team-6,2016-08-09 17:33:28.071391
a9484fd3-f1b3-4fca-879e-0972a4c5c98e,James Thomas,james.thomas@acme.com,Marketer,team-14,2025-01-27 17:33:28.071391
737c7141-32b2-429b-b8f2-b51ca9b5cdc5,Richard Gonzales,richard.gonzales@acme.com,Ops,team-17,2021-11-28 17:33:28.071391
6c6d0892-9f73-4e04-8f22-b2f728410b5e,James Lewis,james.lewis@acme.com,Product Manager,team-6,2016-06-03 17:33:28.071391
c6ce6c65-fbdf-4712-b3a1-4b79e5fe9af4,Paul Mclaughlin,paul.mclaughlin@acme.com,Marketer,team-11,2018-02-07 17:33:28.071391
ca2b01e8-8802-49ca-be61-27cc6a4bda07,Emma White,emma.white@acme.com,Marketer,team-1,2024-01-01 17:33:28.071391
fbd1b3b4-9f91-44e2-8295-e39cd5771fba,Dr. Joshua Martin DDS,dr..joshua.martin.dds@acme.com,Ops,team-17,2025-08-13 17:33:28.071391
d90f2bf5-ec89-42f9-b6d9-b0bc3b1f15e1,Emily Richards,emily.richards@acme.com,Designer,team-4,2016-02-11 17:33:28.071391
80a4d3af-6674-48ed-8cfa-d72e7efd2b1b,Rachel Rice,rachel.rice@acme.com,Engineer,team-19,2020-02-29 17:33:28.071391
8fcc04a2-144f-4d05-acc1-0a0863a7c405,Daniel Flores,daniel.flores@acme.com,Engineer,team-10,2022-03-26 17:33:28.071391
1939ab6c-41d3-46f2-8115-f27ad179ee86,Lauren Gutierrez,lauren.gutierrez@acme.com,Product Manager,team-5,2022-01-17 17:33:28.071391
be608091-7a62-4ed3-9997-40b51b72d28b,Jennifer Calhoun,jennifer.calhoun@acme.com,Marketer,team-1,2025-10-03 17:33:28.071391
9cc083c2-e65e-4259-9342-b901da0d918d,Sean Wu,sean.wu@acme.com,Ops,team-18,2024-09-20 17:33:28.071391
941fda30-748e-4d85-a187-29ebb1a40220,Frederick Barber,frederick.barber@acme.com,Designer,team-9,2020-08-14 17:33:28.071391
35df633d-609b-4cf7-be8e-983342025677,Johnny Fisher,johnny.fisher@acme.com,Designer,team-12,2018-05-17 17:33:28.071391
d0eab67a-1741-4827-8d73-849344df065e,Alexandria Peterson,alexandria.peterson@acme.com,Product Manager,team-19,2022-03-15 17:33:28.071391
4e355902-d097-469b-af58-276bfae64efb,Juan Webb,juan.webb@acme.com,Ops,team-9,2025-05-10 17:33:28.071391
13a1db0e-16f3-4d32-a292-79b7ce58944b,Amanda Mccormick,amanda.mccormick@acme.com,Engineer,team-6,2021-04-06 17:33:28.071391
e6a7b63e-2e7b-43c6-abc5-b4f3804d2d71,Jeremy Rose,jeremy.rose@acme.com,Designer,team-16,2024-05-26 17:33:28.071391
af68303c-3323-4c51-bcf9-e3de2fdcf2e3,Melissa Sutton,melissa.sutton@acme.com,Product Manager,team-12,2024-07-03 17:33:28.071391
4150d1c8-e321-4f52-b799-1039d6f3c8d7,David Sloan,david.sloan@acme.com,Ops,team-1,2023-10-17 17:33:28.071391
447e4c31-54af-4d16-8500-2c0946b00082,Rachel Dickson,rachel.dickson@acme.com,Ops,team-7,2024-12-11 17:33:28.071391
d0a68da4-a650-4707-a6b8-2fe687e34093,Leslie Brown,leslie.brown@acme.com,Ops,team-19,2024-01-29 17:33:28.071391
aac91e43-b188-4764-b62f-9fbf3c3c4254,Michael Wilson,michael.wilson@acme.com,Designer,team-0,2016-08-11 17:33:28.071391
1080a440-dde1-43c2-aaee-c6a2b970e8db,Elizabeth Chan,elizabeth.chan@acme.com,Ops,team-3,2024-09-16 17:33:28.071391
ad1c977c-8edc-4cd7-8636-84cf18a67948,Brendan Rangel,brendan.rangel@acme.com,Marketer,team-10,2019-12-13 17:33:28.071391
33a0ac9b-ed38-4faf-9ea9-6b0d215a2bcd,Donald Walker,donald.walker@acme.com,Product Manager,team-11,2018-08-08 17:33:28.071391
f43fb3fb-5df4-4d79-b3b4-54a39a1ed74e,Mr. Mark Mccann,mr..mark.mccann@acme.com,Engineer,team-17,2022-02-26 17:33:28.071391
2350fe88-1240-4704-982c-6c9bbd9046ad,Stephen Galvan,stephen.galvan@acme.com,Ops,team-14,2020-12-17 17:33:28.071391
934daf93-c7f3-4db8-a1a3-f2b8db38e284,Sophia Matthews,sophia.matthews@acme.com,Product Manager,team-8,2016-04-19 17:33:28.071391
fd5aac52-4573-4405-aedc-0da217f4eda3,Barbara Davis,barbara.davis@acme.com,Product Manager,team-3,2017-12-28 17:33:28.071391
ccf58ec5-34c7-43f8-8d9e-3246ea507b04,Ashley Smith,ashley.smith@acme.com,Product Manager,team-1,2025-09-01 17:33:28.071391
addc354c-783a-4079-9bbc-e64800d73e35,Maria Harris,maria.harris@acme.com,Designer,team-18,2016-10-01 17:33:28.071391
28d7c429-c48f-4be5-be4e-7b57776cf289,Nathaniel Fernandez,nathaniel.fernandez@acme.com,Designer,team-0,2021-05-11 17:33:28.071391
b927f6c8-6311-4afe-bfcf-78e718f34ac1,Brandy Lewis,brandy.lewis@acme.com,Marketer,team-17,2015-08-29 17:33:28.071391
f35396d0-0df3-4f55-801a-2100567c497c,Audrey Smith,audrey.smith@acme.com,Product Manager,team-8,2023-04-14 17:33:28.071391
111f3497-3d4b-4a02-b4f0-9d797ce0e962,John Lee,john.lee@acme.com,Engineer,team-19,2023-09-07 17:33:28.071391
5ede8036-f5c4-4e91-8922-52937aaba7d8,David White,david.white@acme.com,Marketer,team-10,2022-06-21 17:33:28.071391
ba882df3-7fef-4ee8-9711-b058e94ccbe8,Wendy Woodard,wendy.woodard@acme.com,Marketer,team-11,2019-03-10 17:33:28.071391
d27d60f6-66ae-4739-b355-8fac215c81ce,Samantha Lopez,samantha.lopez@acme.com,Designer,team-19,2021-11-13 17:33:28.071391
781dab87-0d1f-45ec-a928-7018435854b8,David Brown,david.brown1@acme.com,Engineer,team-0,2025-08-12 17:33:28.071391
03cac26e-76cd-4aa9-9b21-71569b3ef80a,Julia Murray,julia.murray@acme.com,Marketer,team-18,2015-12-12 17:33:28.087245
8eac84b7-ae23-427e-91ab-58e8ddd01ff6,Drew Avila,drew.avila@acme.com,Marketer,team-6,2019-11-17 17:33:28.087980
f0f0dfee-f1ea-4659-a8a3-990c92ce3e96,Patricia Bailey,patricia.bailey@acme.com,Engineer,team-11,2021-04-04 17:33:28.087980
bbdbeae7-69b6-4696-8c40-e4765a4013a9,Sarah Sanchez,sarah.sanchez@acme.com,Designer,team-15,2025-08-02 17:33:28.087980
f01ab82f-33ff-4b3b-9ed2-ee70018e60ca,Danielle Ross,danielle.ross@acme.com,Designer,team-14,2021-02-12 17:33:28.087980
ba298f6a-30f0-46c7-a9e9-13a1b452b8fd,Robin Gonzalez,robin.gonzalez@acme.com,Engineer,team-16,2024-08-13 17:33:28.087980
89451d1e-a367-45ec-a499-3c1705e83295,Jeanne Hawkins,jeanne.hawkins@acme.com,Engineer,team-15,2024-09-17 17:33:28.087980
7be6f759-3d9d-4865-ac0e-db72169c4a09,Mary Brown,mary.brown@acme.com,Product Manager,team-11,2023-06-06 17:33:28.087980
72163cda-0861-435a-9bd9-d675bb434691,Matthew Thompson,matthew.thompson@acme.com,Designer,team-16,2022-01-24 17:33:28.087980
5178bcb8-f27a-4c22-a42e-92eb6b6a9b05,Cindy James,cindy.james@acme.com,Ops,team-5,2025-11-10 17:33:28.087980
cd8258b9-1016-455e-af0f-620036ee8ec4,Stephen Williams,stephen.williams@acme.com,Marketer,team-0,2024-06-20 17:33:28.087980
a3dae856-1346-46e4-a7f2-37e34cf5be3b,Richard Davis,richard.davis1@acme.com,Engineer,team-9,2016-09-21 17:33:28.087980
e9f20da8-311d-452a-9210-8829e2f315fb,Noah Sanford,noah.sanford@acme.com,Ops,team-17,2019-09-11 17:33:28.087980
f9e2cd1a-4735-46dc-8da0-946a73ee4b95,John Pacheco,john.pacheco@acme.com,Marketer,team-19,2024-08-01 17:33:28.087980
ddaa1d63-f353-485c-b458-d6a1dc79257c,Shelly Nichols,shelly.nichols@acme.com,Marketer,team-18,2023-06-18 17:33:28.087980
8dc7dd77-8d79-4041-ab38-dad9e9321276,Michelle Crane,michelle.crane@acme.com,Marketer,team-2,2015-11-15 17:33:28.087980
36105630-eb67-428c-9c48-d0c3fa519137,Christopher Graham,christopher.graham@acme.com,Engineer,team-17,2024-03-28 17:33:28.087980
e586c26b-ab03-4ef4-a7eb-c06b8a549f07,Shannon Collier,shannon.collier@acme.com,Ops,team-1,2025-02-05 17:33:28.087980
28996120-89b9-4ef6-8111-7ef8727e1963,Kathy Salas,kathy.salas@acme.com,Ops,team-19,2017-08-31 17:33:28.087980
c6f0c99d-646f-4ef1-a810-4c91400fdc65,Joshua Wilson,joshua.wilson@acme.com,Marketer,team-15,2025-10-18 17:33:28.087980
3f7d6eba-1fe8-426e-bd48-6ef24455a27c,Brittany Reyes,brittany.reyes@acme.com,Engineer,team-17,2022-11-23 17:33:28.087980
0076bfd0-300e-41ef-9339-7172e6255a61,Bruce Bennett,bruce.bennett1@acme.com,Ops,team-2,2021-08-17 17:33:28.087980
1b53391c-d695-4ca9-8f4b-786e35f9229b,Phillip Maldonado,phillip.maldonado@acme.com,Product Manager,team-0,2015-12-16 17:33:28.087980
6a2758db-c6c6-43d6-8808-39d7b59110a8,Michael Santos,michael.santos@acme.com,Product Manager,team-12,2018-10-07 17:33:28.087980
8696d67b-dc26-4f26-bd23-c0f507a7a042,Rebecca Richardson,rebecca.richardson@acme.com,Marketer,team-15,2025-10-14 17:33:28.087980
782f54e7-7eb8-4f12-91e9-25818f0ca023,Kristin Jackson,kristin.jackson@acme.com,Engineer,team-7,2016-10-12 17:33:28.087980
2c6f5009-41e2-42d3-a239-5b8dc2e3c3fa,Shawn Sanders,shawn.sanders@acme.com,Engineer,team-15,2025-04-14 17:33:28.087980
e85f50ee-3e0c-45c2-85e0-5f929f78ee5a,Jason Taylor,jason.taylor@acme.com,Marketer,team-1,2023-11-24 17:33:28.087980
f2c7487c-1b53-4bc1-bf35-f3170e73ef17,Chelsea Hunter,chelsea.hunter@acme.com,Ops,team-5,2020-05-01 17:33:28.087980
18c18fb1-3449-4324-8a4f-406975763a7b,Ryan Ross,ryan.ross@acme.com,Ops,team-17,2022-05-09 17:33:28.087980
f3aac5a4-94a1-4cf6-8624-a71318a958a8,Paul Franklin,paul.franklin@acme.com,Ops,team-18,2025-01-21 17:33:28.087980
7ef0b987-010f-469f-a920-134947c94318,Christopher Allen,christopher.allen@acme.com,Marketer,team-19,2021-05-27 17:33:28.087980
ee7bad1a-07c5-4649-904b-115878cb44a8,John Moreno,john.moreno@acme.com,Ops,team-16,2019-05-10 17:33:28.087980
9104dc0f-f626-46be-8b7e-60ffd15a78b0,Scott Freeman,scott.freeman@acme.com,Product Manager,team-10,2021-01-01 17:33:28.087980
de4dcfad-1b63-40de-8fa1-4cecd4dfd7a0,Rebecca Lewis,rebecca.lewis@acme.com,Engineer,team-15,2023-08-23 17:33:28.087980
79f65835-8d88-4872-9936-023390f214d6,Lisa Adkins,lisa.adkins@acme.com,Marketer,team-8,2020-04-05 17:33:28.087980
a8f0bc1b-b46f-43c1-a911-1348cd6f001d,April Oliver,april.oliver@acme.com,Product Manager,team-9,2025-12-20 17:33:28.087980
ca8f5fa5-9eae-4bd6-b4d7-c6ce2440d33c,Lindsay White,lindsay.white@acme.com,Designer,team-14,2023-11-26 17:33:28.087980
311250f5-b881-471a-a51a-a8a2c1a07781,William Mcclain,william.mcclain@acme.com,Product Manager,team-4,2017-11-07 17:33:28.087980
79b1e83a-2e8b-45b1-867a-a959d9ce6035,Janet Burton,janet.burton@acme.com,Engineer,team-19,2021-07-25 17:33:28.087980
f80a121e-7e51-418a-9135-4ae07381d87c,Tracy Walter,tracy.walter@acme.com,Marketer,team-5,2020-06-11 17:33:28.087980
916dd17f-7df3-480f-9a5b-7e2a27c17ac5,Kelly Raymond,kelly.raymond@acme.com,Product Manager,team-2,2018-03-18 17:33:28.087980
3a558c42-6596-4248-919c-b0652e37b331,Sandra Barrett,sandra.barrett@acme.com,Marketer,team-3,2020-10-08 17:33:28.087980
7505df0e-accb-49e4-8069-f83bb394c5d6,Eric Douglas,eric.douglas@acme.com,Ops,team-7,2023-05-21 17:33:28.087980
6b53fa05-2da8-4708-9237-1bf5e5ba7946,Mrs. Lori Huynh,mrs..lori.huynh@acme.com,Ops,team-15,2024-01-17 17:33:28.087980
7912b94d-7b70-40dc-93c5-8908ccee2379,Jerry Martinez,jerry.martinez@acme.com,Engineer,team-17,2021-09-20 17:33:28.087980
8f9427cd-7329-4fca-b096-95508f8e12e3,Karen Brown,karen.brown1@acme.com,Product Manager,team-14,2019-07-10 17:33:28.087980
5ee96f3d-063d-491a-9d1f-304b675be354,Marc White,marc.white@acme.com,Designer,team-6,2017-11-29 17:33:28.087980
9bcda2d8-2da9-48a2-9104-272dfeb28143,Jordan Lewis,jordan.lewis@acme.com,Engineer,team-2,2019-11-15 17:33:28.087980
07539b6f-410d-4538-b137-cda5963c98a8,Michael Cooper,michael.cooper1@acme.com,Marketer,team-5,2025-08-10 17:33:28.087980
c8a66519-beed-4dcd-af0b-1b1e0cc9ae34,Chase Patterson,chase.patterson@acme.com,Designer,team-11,2025-02-26 17:33:28.087980
da083237-e197-4d43-ba2f-9e28165ba2e2,Theodore Clark,theodore.clark@acme.com,Engineer,team-1,2025-07-06 17:33:28.087980
a1a72577-7349-4872-8e2e-08b375501455,Rebecca George,rebecca.george@acme.com,Designer,team-17,2022-01-18 17:33:28.087980
403b2d98-1823-4bef-acb5-7cb39fdc8e20,Matthew Meyer,matthew.meyer@acme.com,Marketer,team-1,2020-07-08 17:33:28.087980
4ba03600-d4c9-4ffb-8887-9c266f845a13,Crystal Cox,crystal.cox@acme.com,Product Manager,team-4,2020-09-28 17:33:28.087980
0218e338-8e74-4be1-819c-8b05e36d1232,Dylan Peterson,dylan.peterson@acme.com,Engineer,team-6,2016-11-13 17:33:28.087980
2de558b2-e251-4960-85e6-85ce46409e71,Thomas Marshall,thomas.marshall@acme.com,Engineer,team-8,2017-10-19 17:33:28.087980
3173cb5e-6fab-4e6b-9bfc-8f8dead1e6a5,John Solomon,john.solomon@acme.com,Marketer,team-3,2018-12-09 17:33:28.087980
adb2fdce-93ec-47a7-bb34-d1bbdd167e06,Randy Dudley,randy.dudley@acme.com,Designer,team-15,2025-03-12 17:33:28.087980
ef9d2397-ca4c-43f5-9942-379386f56059,Kelly Turner,kelly.turner@acme.com,Product Manager,team-9,2016-09-02 17:33:28.087980
0abb029d-5d05-4a7f-8546-8d1bfaab08d3,Charles Diaz,charles.diaz@acme.com,Designer,team-15,2021-04-17 17:33:28.087980
2b187765-1488-4a0a-92f2-a0d7894548d6,Allison Hooper,allison.hooper@acme.com,Designer,team-19,2019-10-28 17:33:28.087980
54b24527-4a12-43e5-8eae-034cf9ccd0cc,Abigail Smith,abigail.smith@acme.com,Product Manager,team-13,2018-10-09 17:33:28.087980
d1b617ec-0fc8-4b79-9bb6-fa274df393d5,Angel Barrett DDS,angel.barrett.dds@acme.com,Designer,team-11,2017-05-22 17:33:28.087980
ab56cbe8-d07d-4dd5-8f36-9759baa00460,Cameron Lam,cameron.lam@acme.com,Engineer,team-4,2020-04-10 17:33:28.087980
7a613233-45e3-40b1-b3ac-8609c9ff159c,Kimberly Wright DDS,kimberly.wright.dds@acme.com,Ops,team-9,2018-07-15 17:33:28.087980
6565c78f-5fc7-43fb-9fb2-1a727b58c876,Linda Fleming,linda.fleming@acme.com,Marketer,team-12,2020-12-20 17:33:28.087980
7daf2b5c-115c-492e-9624-99a83b229e43,Louis Martinez,louis.martinez@acme.com,Engineer,team-19,2021-02-09 17:33:28.087980
70e503e7-d266-49ad-9bf7-0c903a690002,Erik Gardner,erik.gardner@acme.com,Engineer,team-15,2024-08-31 17:33:28.087980
1aecefd2-5579-4b37-82b8-73f5c6854aa8,Willie Lopez,willie.lopez@acme.com,Ops,team-12,2022-03-10 17:33:28.087980
1311be63-9212-46e4-865c-32191a37cac2,Ashley Johnson,ashley.johnson@acme.com,Ops,team-12,2024-07-11 17:33:28.087980
ad469018-074b-435b-9b30-5927177fbd56,Kayla Solis,kayla.solis@acme.com,Engineer,team-19,2024-12-25 17:33:28.087980
e12bf46f-a8ad-4de8-bc4b-5270a9ec3570,Ryan Steele,ryan.steele@acme.com,Marketer,team-16,2021-03-11 17:33:28.087980
9982d68e-41bb-4016-aa4a-9334afcb93d3,Tara Gibson,tara.gibson@acme.com,Product Manager,team-1,2025-08-22 17:33:28.087980
d1934c2c-de85-4a96-a41e-4f477fffa820,Frank Anthony,frank.anthony@acme.com,Designer,team-13,2022-02-13 17:33:28.087980
2f3a11c8-558d-467a-99eb-0a63f8489ed5,Jennifer Salazar,jennifer.salazar@acme.com,Ops,team-12,2021-04-04 17:33:28.087980
157cb055-355d-42ea-90e8-479c59ece368,Sandra Howard,sandra.howard@acme.com,Marketer,team-12,2016-11-10 17:33:28.087980
47aaf68e-352e-4820-87e9-052efcaf7efa,Shane Benson,shane.benson@acme.com,Engineer,team-7,2019-07-24 17:33:28.087980
393dd317-b481-425a-bd41-417636fd90f4,Steven Price,steven.price@acme.com,Engineer,team-11,2023-08-17 17:33:28.087980
5a6cd458-fc0d-436d-a74e-3a1a306bf805,Garrett Sanchez,garrett.sanchez@acme.com,Marketer,team-12,2015-09-10 17:33:28.087980
54c57c81-b91d-4fbd-bd6f-7b6f07b43181,Terry Ferguson,terry.ferguson@acme.com,Ops,team-0,2022-02-02 17:33:28.087980
2f4a057d-05a0-424e-9635-2321a7539af0,Laura Callahan,laura.callahan@acme.com,Engineer,team-15,2020-09-10 17:33:28.087980
d776f412-d4ca-483d-9f83-ca08aa909df3,Dave Chavez,dave.chavez@acme.com,Designer,team-2,2017-07-17 17:33:28.087980
89ab702a-b57f-4b56-bb98-89ad559edeb8,Crystal Williams,crystal.williams1@acme.com,Marketer,team-10,2023-03-16 17:33:28.087980
e555fc1a-328c-4411-93e3-58b6ee9d551d,Melissa Maddox,melissa.maddox@acme.com,Marketer,team-5,2021-11-12 17:33:28.087980
bfce8412-7db0-4114-ab5e-1e28b7b0747b,Stephen Myers,stephen.myers@acme.com,Ops,team-13,2016-05-16 17:33:28.087980
ef560fb3-02c9-450c-af96-2f3e0888e585,Vincent Velez,vincent.velez@acme.com,Designer,team-17,2019-10-04 17:33:28.087980
82d64cdf-e05e-4ef4-94b7-32e187b265d7,Ariel Smith,ariel.smith@acme.com,Product Manager,team-11,2025-12-11 17:33:28.087980
dd235410-65fa-4bd9-90f1-cb0d0200424a,Nancy Roberts,nancy.roberts@acme.com,Marketer,team-1,2024-03-24 17:33:28.087980
c08e4ff1-6ae8-487a-8f1d-df4c250a60ff,Katie Skinner,katie.skinner@acme.com,Engineer,team-2,2017-06-28 17:33:28.087980
18f7ffd7-3e54-411c-b5fd-ba252b6eaaf6,Aaron Gray,aaron.gray@acme.com,Designer,team-5,2015-08-27 17:33:28.087980
6c1ba184-cb6c-432f-865d-9bfe91da8dbd,Alyssa Meadows,alyssa.meadows@acme.com,Ops,team-10,2018-01-30 17:33:28.087980
65ca01a7-241e-4147-ab00-6eca30cd9937,Thomas Ray,thomas.ray1@acme.com,Designer,team-2,2017-04-11 17:33:28.087980
cc14c5bc-d8a8-4d94-ae45-87065f251bcf,Cheryl Rogers,cheryl.rogers@acme.com,Ops,team-10,2023-02-11 17:33:28.087980
208bb7fc-540c-4c21-84cd-389374a83173,Alexis Kelly,alexis.kelly@acme.com,Engineer,team-7,2019-02-02 17:33:28.087980
f13e484f-5ba0-4193-94f7-76ebd5efa574,Julie Bernard,julie.bernard@acme.com,Designer,team-17,2017-07-09 17:33:28.087980
eedbafb3-932b-4cc5-ab3c-793b1bb4176d,Kim Chen,kim.chen@acme.com,Marketer,team-5,2016-12-13 17:33:28.087980
765ad67d-9fd9-4256-82a0-c5ec2e79c45c,Frederick Pierce,frederick.pierce@acme.com,Marketer,team-17,2020-05-06 17:33:28.087980
3b82550d-4399-4943-bced-3a8185b6745a,Mrs. Wendy Flowers,mrs..wendy.flowers@acme.com,Engineer,team-18,2017-03-06 17:33:28.087980
675f808a-cae9-490d-8164-f96798ce26f5,Gregory Castro,gregory.castro@acme.com,Marketer,team-8,2020-02-02 17:33:28.087980
f62194b0-326c-48c5-8d57-c3026a30b18e,William Forbes,william.forbes@acme.com,Product Manager,team-10,2018-02-13 17:33:28.087980
85d5d02d-8f94-4472-bfa5-9bb461afc91a,William Clark,william.clark@acme.com,Marketer,team-6,2020-07-12 17:33:28.087980
3fd4d36e-ffb5-4fe2-a9e3-f72d78a3dd2a,Jordan Jackson,jordan.jackson@acme.com,Ops,team-19,2020-04-20 17:33:28.087980
df99b87c-fad2-4ece-bb5a-1f66c90f62f1,Andrea Harvey,andrea.harvey@acme.com,Designer,team-13,2023-10-21 17:33:28.087980
c4091135-d90a-42d6-ac25-718e521eb0af,Christopher Jones,christopher.jones@acme.com,Marketer,team-10,2018-07-10 17:33:28.087980
755c1fab-d8ba-4945-b69e-56a9986ae47f,Steven Montoya,steven.montoya@acme.com,Designer,team-4,2023-04-02 17:33:28.087980
6befbd65-c9f8-4334-872e-1e574551cf73,Richard Greene,richard.greene@acme.com,Product Manager,team-5,2020-10-22 17:33:28.087980
f244933f-1e1b-4e72-940e-62e86619602f,Kathleen Hutchinson,kathleen.hutchinson@acme.com,Product Manager,team-12,2021-04-14 17:33:28.087980
3aa85ba1-68e0-4c30-ab76-14a96107a590,Teresa Douglas,teresa.douglas@acme.com,Engineer,team-1,2020-12-24 17:33:28.087980
47c45826-9c1f-48cf-8c1d-c8f08eb20fb8,Michael Cooper,michael.cooper2@acme.com,Ops,team-15,2021-02-13 17:33:28.087980
44abc813-f4ef-4f0a-80c7-6b4e8f93e49c,Joshua Phillips,joshua.phillips@acme.com,Marketer,team-13,2025-09-21 17:33:28.087980
e4b2d22f-7657-411a-96c5-aebafb360d1c,Kelly Arnold,kelly.arnold1@acme.com,Ops,team-15,2023-07-31 17:33:28.087980
228bc645-d0bc-4f7b-bfdd-10d67768d784,Kevin Snyder,kevin.snyder1@acme.com,Designer,team-19,2019-09-30 17:33:28.087980
15796acd-ffc7-4e0d-bbe7-826f02f097fe,Ann Marquez,ann.marquez@acme.com,Engineer,team-15,2016-12-12 17:33:28.087980
c3d870bc-3918-4359-b363-c698e8c734cb,Gerald Carter,gerald.carter@acme.com,Product Manager,team-18,2025-01-22 17:33:28.087980
f3f0551a-2526-4d8a-beb0-44abafbb0b28,Lisa Brown,lisa.brown@acme.com,Marketer,team-3,2015-10-04 17:33:28.087980
d2b8a533-dd29-4b13-b714-e60f0419a895,Deanna Montgomery,deanna.montgomery@acme.com,Engineer,team-4,2019-02-10 17:33:28.087980
f827d0f9-f52e-4caa-9e7c-15abe3e0a5f8,Julie Mcdowell,julie.mcdowell@acme.com,Product Manager,team-19,2024-05-25 17:33:28.087980
1eb7965b-feba-40a5-a38c-c4eccfbdf81c,Sean Brown,sean.brown@acme.com,Ops,team-13,2024-10-10 17:33:28.087980
29371a0b-1212-4159-a537-8022e12f341a,Rebecca Livingston,rebecca.livingston@acme.com,Designer,team-4,2017-08-23 17:33:28.087980
c3c587ab-21a8-4cdf-82a1-98c1b6e02faf,Monica Li,monica.li@acme.com,Ops,team-16,2024-06-29 17:33:28.087980
e9a0caaa-0c02-4547-b6fb-a14aded461e0,Leslie Johnson,leslie.johnson@acme.com,Engineer,team-13,2025-02-12 17:33:28.087980
32db81c1-7ca2-4a18-a7e3-d86eaac5e950,Suzanne Cohen,suzanne.cohen@acme.com,Designer,team-19,2023-02-19 17:33:28.087980
8955ee73-a492-4b26-a3c4-999ac4406467,William Torres,william.torres@acme.com,Ops,team-6,2024-03-23 17:33:28.087980
4fcc8b25-4c9b-4f7a-8bce-617027d27695,Daniel Turner,daniel.turner@acme.com,Designer,team-19,2021-08-25 17:33:28.087980
3d2a69be-5186-4d7b-8944-ef6b3a625a15,Shari Castillo,shari.castillo@acme.com,Engineer,team-8,2016-06-24 17:33:28.087980
53af03ec-29c9-48e9-b530-294582d646c2,James Andrews,james.andrews@acme.com,Marketer,team-9,2019-08-08 17:33:28.087980
b1e73515-8924-4e85-8824-48bd9c82ce62,Wendy Chavez,wendy.chavez@acme.com,Ops,team-19,2023-02-11 17:33:28.087980
474f5c82-0ebb-467d-8e28-4c28a482db41,David Cox,david.cox@acme.com,Product Manager,team-19,2021-06-20 17:33:28.087980
b229b2db-2375-4509-a788-a55c2c77cf00,Randy Avery,randy.avery@acme.com,Engineer,team-14,2023-04-08 17:33:28.087980
fbaae12c-abfb-4a09-97b4-24b00a990994,Nicole Dean,nicole.dean@acme.com,Designer,team-15,2019-05-21 17:33:28.087980
700912cc-67cf-4e3a-8023-79088f2b5628,Misty Stephens,misty.stephens@acme.com,Engineer,team-14,2025-04-10 17:33:28.087980
9fa5d933-7f7c-4b2b-9928-6d74dbc0c245,Ryan Hernandez,ryan.hernandez@acme.com,Marketer,team-13,2016-09-29 17:33:28.087980
6cc9d60f-dcab-4aea-b644-6deb6ac1fde8,Kenneth Valenzuela,kenneth.valenzuela@acme.com,Product Manager,team-0,2022-04-19 17:33:28.087980
e92db462-8ea1-4964-a64c-797dbaa8aa7b,Claudia Adams,claudia.adams@acme.com,Marketer,team-19,2016-02-21 17:33:28.087980
785eb6cc-12a7-44f3-9991-ee8fadd51f62,Randy Meyers,randy.meyers@acme.com,Engineer,team-15,2024-01-16 17:33:28.087980
ec670c2d-db5f-4474-b5c6-5085354b0d8b,Heather David,heather.david@acme.com,Engineer,team-6,2017-03-15 17:33:28.087980
de9479f4-c600-4c45-9be3-fe831aea3bbc,Corey Simpson,corey.simpson@acme.com,Designer,team-2,2025-07-24 17:33:28.087980
3acaa9ef-73bc-4d06-9cd4-e6c52573db7f,Grace Morton,grace.morton@acme.com,Ops,team-7,2017-07-10 17:33:28.087980
8a41b01c-66c7-4390-84b9-0863400630ac,Andrew Davis,andrew.davis2@acme.com,Ops,team-4,2022-03-27 17:33:28.087980
70272c44-0886-4935-b38d-0817b44cf098,Shane Cuevas,shane.cuevas@acme.com,Product Manager,team-17,2015-08-30 17:33:28.087980
7ad4abf1-e9f6-4594-bd92-33fbb420fbc0,Dawn Carr,dawn.carr@acme.com,Product Manager,team-6,2019-08-18 17:33:28.087980
f3619a03-e942-4e0f-8ded-e2f48c697b0a,Lawrence Barnes,lawrence.barnes@acme.com,Designer,team-8,2021-06-11 17:33:28.087980
ef7269b2-10ad-4d97-9eb5-2e8911ffd84b,Carl Ponce,carl.ponce@acme.com,Engineer,team-14,2020-01-23 17:33:28.087980
6bc02ea7-9658-4448-9bc7-76740ff1771d,Christopher Jones,christopher.jones1@acme.com,Engineer,team-2,2017-03-03 17:33:28.087980
f7b9cbc9-4c22-4c84-bb58-e8172bf84427,Tammy Delgado,tammy.delgado@acme.com,Ops,team-17,2019-09-24 17:33:28.087980
3217b7c7-6748-4082-aeca-5df852226564,Alexandra Johnson,alexandra.johnson1@acme.com,Marketer,team-0,2022-03-31 17:33:28.087980
117e673e-4eb2-43b0-a368-1346a148cbb2,Ryan Nelson,ryan.nelson@acme.com,Designer,team-9,2022-05-29 17:33:28.087980
cdcc2ae4-d58d-450c-a5f4-2fd1d60b87d2,Daniel Cummings,daniel.cummings@acme.com,Product Manager,team-11,2021-10-12 17:33:28.087980
3d3e2343-0f5f-47e3-bfe2-cfbbf5033950,Carlos Knight,carlos.knight1@acme.com,Marketer,team-3,2021-03-17 17:33:28.087980
b60eef57-b011-438a-a08d-702ddafadd58,Mariah Rodriguez,mariah.rodriguez@acme.com,Ops,team-13,2023-02-08 17:33:28.087980
cad0d1c4-0b07-4598-9247-ed6c08bf9a51,Carla Nelson,carla.nelson@acme.com,Ops,team-5,2022-10-29 17:33:28.087980
60a5ae81-2fc9-40e5-ae03-efe6c54e035a,Ricky Ross,ricky.ross@acme.com,Ops,team-3,2016-10-19 17:33:28.087980
1a62a1b6-e494-498b-a68d-9cbe4a41303a,Robert Newton,robert.newton@acme.com,Designer,team-10,2016-07-14 17:33:28.087980
614ec78a-b849-4c2b-b91c-d43966304337,Michael Frye,michael.frye@acme.com,Engineer,team-13,2016-08-08 17:33:28.087980
e54258a0-5e90-42a8-a1be-105ec5c50cfd,Steven Robertson,steven.robertson@acme.com,Product Manager,team-18,2021-03-22 17:33:28.087980
ecd3ff16-1d92-45f4-809a-42776fb672f7,Jennifer Peck,jennifer.peck@acme.com,Product Manager,team-11,2016-06-28 17:33:28.087980
1f2d92cc-74f6-4054-b2d7-7e94e01d0540,Shelby Anderson,shelby.anderson@acme.com,Marketer,team-2,2015-09-06 17:33:28.087980
afd82ee8-a342-48fb-8cc0-9f33f5f707c1,Leah Clark,leah.clark@acme.com,Product Manager,team-0,2019-03-02 17:33:28.087980
ca37b840-e5b3-48da-b9be-6f7c347f2510,Yvonne Garza,yvonne.garza@acme.com,Engineer,team-0,2022-06-29 17:33:28.087980
c5c77e57-ad86-417f-9d3c-fefbeb692fb3,Bryan Rodriguez,bryan.rodriguez@acme.com,Marketer,team-14,2024-08-24 17:33:28.087980
8ee238d7-0c80-4126-800d-95651ee0c014,Michael Sandoval,michael.sandoval@acme.com,Engineer,team-8,2022-08-12 17:33:28.087980
db208193-6c74-488c-8a18-866684b33d98,Aaron Ballard,aaron.ballard@acme.com,Marketer,team-19,2025-05-06 17:33:28.087980
8d6414b4-24c6-4fb2-af3f-5c5d7583d46e,Jessica Nelson,jessica.nelson@acme.com,Marketer,team-0,2024-08-26 17:33:28.087980
af07f1b4-c38f-4126-a4af-5f22e07be468,Michael Mayer,michael.mayer@acme.com,Engineer,team-18,2022-06-12 17:33:28.087980
8276eea6-ee49-4334-8d5c-3f2251425dc2,Bruce Fuller,bruce.fuller@acme.com,Product Manager,team-15,2025-12-09 17:33:28.087980
dd87b278-d805-4ef1-975d-6d3a671b2bcf,Timothy Anderson,timothy.anderson@acme.com,Ops,team-8,2022-04-02 17:33:28.087980
d80679ac-ff2d-45bf-9f5b-2a4755269887,Sharon Smith,sharon.smith@acme.com,Marketer,team-1,2022-06-19 17:33:28.087980
f0043302-3b76-4bac-82be-854762c82d02,Crystal Olson,crystal.olson@acme.com,Engineer,team-8,2016-10-16 17:33:28.087980
66ccfc07-f900-4934-812e-785ff95311ed,Kevin Johnson,kevin.johnson@acme.com,Marketer,team-6,2023-06-15 17:33:28.087980
e04a74f2-a065-4b0d-9437-98cf4fd691ff,Richard Mills,richard.mills@acme.com,Product Manager,team-9,2021-01-02 17:33:28.087980
7799fb3f-51ef-4311-9b09-eaa08e9d7fbf,John Velasquez,john.velasquez@acme.com,Product Manager,team-18,2020-11-02 17:33:28.087980
872c2635-2b98-4918-901b-f2805f1e41cb,James Powers,james.powers@acme.com,Designer,team-18,2019-01-21 17:33:28.087980
40831228-ffc7-4eb8-8d29-5d1a968400d5,Kim Costa,kim.costa@acme.com,Engineer,team-13,2022-03-13 17:33:28.087980
9c1522d2-5bde-4603-84b5-c5b023bb2a02,Shane Elliott,shane.elliott@acme.com,Product Manager,team-9,2019-10-08 17:33:28.087980
a264a79f-af09-408e-837c-ca73f109ccf3,Kimberly Espinoza,kimberly.espinoza@acme.com,Engineer,team-17,2018-12-17 17:33:28.087980
ef120a55-84ac-42f9-970f-13d2dd9b8dca,Autumn Reynolds,autumn.reynolds@acme.com,Designer,team-14,2024-02-28 17:33:28.087980
40f0f272-0ff9-4afd-8c50-8ee7c5326087,Kimberly Ferguson,kimberly.ferguson@acme.com,Ops,team-5,2023-03-16 17:33:28.087980
751963ef-8c1f-4c25-9f9d-b784357c0c86,Lawrence Jones,lawrence.jones@acme.com,Designer,team-3,2023-04-30 17:33:28.087980
02504d2e-8a91-4a19-9ba7-b51ab7c25876,Denise Nelson,denise.nelson@acme.com,Product Manager,team-13,2024-03-22 17:33:28.087980
e3321624-15f1-4dde-88de-d12910f63acb,Nathaniel Bowman Jr.,nathaniel.bowman.jr.@acme.com,Marketer,team-2,2020-06-17 17:33:28.087980
2db4dcf8-f9e9-47fc-bdc1-638f1b76cfdb,Andrew Hammond,andrew.hammond@acme.com,Marketer,team-13,2017-07-09 17:33:28.087980
79cb2034-1b74-426e-a151-4bdd4f88f3fd,Donald Richardson,donald.richardson@acme.com,Marketer,team-5,2021-05-10 17:33:28.087980
26887100-c87f-4a5d-8011-1a2dae0bd0ef,William Davis,william.davis2@acme.com,Marketer,team-0,2016-01-11 17:33:28.087980
8f45871b-0dde-4f7b-88fa-5d12d294ee84,Heather Martin,heather.martin@acme.com,Engineer,team-6,2020-11-01 17:33:28.087980
491b7d3f-710d-4a1f-a9db-271b8897acd1,Jon Stewart,jon.stewart@acme.com,Engineer,team-13,2017-01-11 17:33:28.087980
58907f51-a479-41f3-8e5d-66d1c7aca1c6,Andrew Dickerson,andrew.dickerson@acme.com,Ops,team-13,2015-12-22 17:33:28.087980
41ce983f-cf85-4739-badf-b32846dceb92,Stephen Taylor,stephen.taylor@acme.com,Ops,team-3,2016-09-22 17:33:28.087980
04c2d317-b56d-4dd4-9b2b-f4b79d996c57,Anne Smith,anne.smith@acme.com,Designer,team-8,2023-10-18 17:33:28.087980
c57f2013-0812-4e4a-b870-fc108ab485c3,Lisa Baker,lisa.baker@acme.com,Engineer,team-11,2021-01-31 17:33:28.087980
bd202b99-58f1-4318-9282-1a90ab06cea6,Lacey Humphrey,lacey.humphrey@acme.com,Marketer,team-17,2019-04-03 17:33:28.087980
a6cf75a1-299e-487f-9ce2-3b59eb981f05,Diane Palmer,diane.palmer@acme.com,Designer,team-7,2017-01-04 17:33:28.087980
42dd751f-8935-4569-b4fa-da732d951ccc,Kayla Vazquez,kayla.vazquez@acme.com,Designer,team-8,2023-03-31 17:33:28.087980
dcf404c8-586e-4a82-8abb-4ad1972035d8,Lisa Small,lisa.small@acme.com,Marketer,team-7,2017-01-11 17:33:28.087980
24e81296-9b56-456e-8ccb-d54cb16ddd94,Andrew Cantu,andrew.cantu@acme.com,Product Manager,team-12,2020-04-29 17:33:28.087980
f07ee210-f094-4520-8e89-c481cee4c39f,Tyler Brown,tyler.brown1@acme.com,Designer,team-9,2022-08-24 17:33:28.087980
d389b873-24ba-497d-a317-721b683db40b,James Wilkinson,james.wilkinson@acme.com,Product Manager,team-1,2019-01-08 17:33:28.087980
7cfd2194-c8ac-4076-b9c3-775981246efd,Jennifer Brooks,jennifer.brooks1@acme.com,Engineer,team-0,2020-03-26 17:33:28.087980
153d3661-7afe-4994-9b54-cf03ff4915fd,Alexandra Whitehead,alexandra.whitehead@acme.com,Engineer,team-9,2017-08-11 17:33:28.087980
ba020f5d-f3f2-4af3-ab1a-fd51d1e984eb,Tanner Strickland,tanner.strickland@acme.com,Designer,team-11,2018-11-04 17:33:28.087980
77319c92-d03f-4605-b5a1-9ea16f8eed18,Mrs. Mary Maldonado,mrs..mary.maldonado@acme.com,Ops,team-6,2019-09-05 17:33:28.087980
68976c5a-ae47-405c-b744-962d94579bd6,Tasha Simpson,tasha.simpson@acme.com,Ops,team-9,2021-01-23 17:33:28.087980
150d9e0b-9ad0-417e-bbcc-d0be08f476e7,Andrea Stanley,andrea.stanley@acme.com,Marketer,team-9,2022-10-28 17:33:28.087980
3bc699f3-0363-40e6-af4d-28498e60833b,Elizabeth Harris,elizabeth.harris@acme.com,Ops,team-1,2017-10-01 17:33:28.087980
2afa6863-f128-4905-86de-c1564404451f,Sharon Bolton,sharon.bolton@acme.com,Ops,team-13,2015-10-02 17:33:28.087980
8d8bc957-d768-4acb-862b-864214230674,Jasmine Martin,jasmine.martin@acme.com,Ops,team-10,2015-12-25 17:33:28.087980
3e17bdc1-1b34-4cee-a75b-a488108a752f,Melissa Jordan,melissa.jordan@acme.com,Ops,team-15,2015-09-20 17:33:28.087980
4bce27ca-2383-4857-9a3e-ea7d29b84446,Carlos Brown,carlos.brown@acme.com,Product Manager,team-0,2017-10-20 17:33:28.087980
1e4d39f1-cb84-4a3b-9c10-edb3b285ebc5,Ryan Collins,ryan.collins@acme.com,Ops,team-17,2025-02-25 17:33:28.087980
67086407-2ab1-4ee0-9307-2b72e9a937c3,Jean Buckley,jean.buckley@acme.com,Engineer,team-0,2018-10-02 17:33:28.087980
21071af1-4b7b-4e4e-8e03-230183e35b90,William Harper,william.harper@acme.com,Product Manager,team-2,2019-11-12 17:33:28.087980
f6810272-5eb0-471f-b391-ea708e422a1f,Maria Fowler,maria.fowler@acme.com,Product Manager,team-15,2025-04-14 17:33:28.087980
66c1717a-8d40-4369-a0a9-9379f799be11,Evan Fischer,evan.fischer@acme.com,Designer,team-6,2023-02-03 17:33:28.087980
ac6cfae6-f7ee-4fbc-b553-a88732c20132,Brian Wallace,brian.wallace@acme.com,Product Manager,team-1,2019-02-06 17:33:28.087980
faecd249-8db2-4697-b431-50c8e94d42c1,Caroline Ochoa,caroline.ochoa@acme.com,Designer,team-13,2023-10-20 17:33:28.087980
de75fb62-0afe-4e96-b26a-9cb0d2c688da,Sara Cunningham,sara.cunningham@acme.com,Engineer,team-13,2023-10-17 17:33:28.087980
b4f2d4c8-1880-48cd-be8c-e92d28b03b98,Barbara Underwood,barbara.underwood@acme.com,Marketer,team-0,2020-08-14 17:33:28.087980
60a21997-7bef-4b3b-9c08-a761771ef628,Margaret Collier,margaret.collier@acme.com,Product Manager,team-8,2023-10-20 17:33:28.087980
aaa4dc18-09b7-4300-aae9-90865eb76db3,Nicholas Walker,nicholas.walker1@acme.com,Ops,team-15,2025-05-04 17:33:28.103434
7703ac84-d7d7-45c1-b468-804109b87771,Kathy Murray,kathy.murray@acme.com,Designer,team-5,2021-08-14 17:33:28.103434
ffb65540-f54d-45d4-bb49-0222b9184451,Samantha Hill,samantha.hill@acme.com,Designer,team-14,2025-09-23 17:33:28.103434
47323b79-4a29-403d-b2b8-8f420a9644c7,Jennifer Johnson,jennifer.johnson@acme.com,Engineer,team-9,2016-01-28 17:33:28.103434
8bed0d4e-3455-4aba-a803-40210c7adfe2,Greg Harris,greg.harris@acme.com,Product Manager,team-3,2016-04-27 17:33:28.103434
b542b380-7514-464d-8593-92a5d5eefb23,James Harris,james.harris@acme.com,Marketer,team-10,2017-06-13 17:33:28.103434
c9cd6f4d-7741-4413-a3be-2e884fa5a198,Darren Thomas,darren.thomas@acme.com,Ops,team-15,2021-12-24 17:33:28.103434
a9bcd9a7-a124-4556-a833-1528b1c5a87a,Michael Harmon,michael.harmon@acme.com,Product Manager,team-4,2023-08-23 17:33:28.103434
086105c9-8b6e-4d41-a1b5-2e368f3c9ef5,Joshua Webb,joshua.webb@acme.com,Designer,team-13,2018-09-14 17:33:28.103434
da834eb5-1cba-4734-8005-766ca0658757,Sierra Romero,sierra.romero@acme.com,Product Manager,team-7,2020-03-16 17:33:28.103434
a8cb0a70-d10b-4853-9794-a678e1e81236,Luke Green,luke.green@acme.com,Designer,team-17,2020-03-11 17:33:28.103434
4c034337-7101-4b69-be48-7c4592953416,Chad Thomas,chad.thomas@acme.com,Product Manager,team-9,2024-03-19 17:33:28.103434
03ff37f0-c4f9-41f9-b4f9-97a643acf72f,Jordan Adkins,jordan.adkins@acme.com,Ops,team-1,2020-04-03 17:33:28.103434
ca9a3113-c14b-4efd-af27-33ba44693a57,Samuel Patterson,samuel.patterson@acme.com,Marketer,team-7,2022-01-12 17:33:28.103434
d050331c-ff94-4753-a6e0-6d188e133591,Allison Perez,allison.perez@acme.com,Engineer,team-18,2016-02-14 17:33:28.103434
c10f3e1a-b5a9-4e21-b384-0dabab3e0cd0,Joseph Sanchez,joseph.sanchez@acme.com,Ops,team-19,2021-03-30 17:33:28.103434
4761d212-b068-4f1e-beb1-e6a3ac1d9160,James Gordon,james.gordon@acme.com,Marketer,team-6,2025-04-24 17:33:28.103434
a0111799-d868-4939-960a-fc027569c3eb,Heather Chambers,heather.chambers@acme.com,Product Manager,team-1,2016-08-19 17:33:28.103434
ab66bda0-1f0e-42cb-a145-5b2b821f6b26,Kaitlyn Long,kaitlyn.long@acme.com,Product Manager,team-17,2021-11-18 17:33:28.103434
7587df99-ab31-49e3-9c34-f2330c02a8c2,Heather Johnson,heather.johnson1@acme.com,Engineer,team-17,2022-05-30 17:33:28.103434
db96159b-7535-4890-9232-3327ee3186cf,Mary Sanchez,mary.sanchez@acme.com,Engineer,team-7,2024-07-21 17:33:28.103434
74aa63c7-4b8f-462d-85e3-59e1bed2c368,William Cook,william.cook@acme.com,Engineer,team-10,2018-03-16 17:33:28.103434
708fc95a-3c9d-4903-81dd-0e86c5f0ff02,Vicki Lopez,vicki.lopez@acme.com,Designer,team-10,2023-11-27 17:33:28.103434
ea29df4e-8451-4c63-97b0-2a545e7a72e7,Amanda Miller,amanda.miller1@acme.com,Designer,team-4,2025-01-21 17:33:28.103434
e64f9ea4-77cd-4bcf-925f-39c6c473287d,Todd Daniels,todd.daniels@acme.com,Ops,team-7,2019-03-23 17:33:28.105439
b0368474-fc45-4a59-b5b1-8093a97c4055,Lori Clark,lori.clark1@acme.com,Engineer,team-5,2022-04-20 17:33:28.105439
00755894-1ef2-4120-a56e-70b3f7711253,David Long,david.long@acme.com,Engineer,team-10,2024-01-04 17:33:28.105439
05f42ebe-40d4-45f6-9db0-a508c8ffa114,Lori Davis,lori.davis@acme.com,Product Manager,team-1,2025-09-12 17:33:28.105439
dc2234f9-21c4-4975-9c5c-c53f781d99a7,Andrew Chang,andrew.chang@acme.com,Marketer,team-12,2023-11-01 17:33:28.105439
cc2744c6-7f9c-487d-bb77-c21c92a1c9ae,Joshua Stevens,joshua.stevens@acme.com,Ops,team-7,2019-08-16 17:33:28.105439
6dcaad9d-cd13-4076-8a61-0893c4912db3,Stacy Phillips,stacy.phillips@acme.com,Product Manager,team-19,2024-02-26 17:33:28.105439
053aae38-e853-4000-8a4f-30d6dd637f60,Jonathan Mooney,jonathan.mooney@acme.com,Engineer,team-4,2023-08-26 17:33:28.105439
1deb3a64-adcc-4104-888e-f3fc352036a9,Benjamin Johnson,benjamin.johnson@acme.com,Engineer,team-7,2021-10-10 17:33:28.105439
dd8754a8-ec24-478f-8e0b-84e6f805a531,James Bennett,james.bennett@acme.com,Marketer,team-5,2018-01-19 17:33:28.105439
e862ae11-801e-4347-ae6b-ec8ef68873e1,Jordan Parker,jordan.parker@acme.com,Ops,team-12,2020-01-20 17:33:28.105439
d708b5ac-5250-4d7b-a94e-49440a43c77e,Sierra Ramos,sierra.ramos@acme.com,Product Manager,team-9,2022-03-23 17:33:28.105439
f49b5485-0ec2-42fb-ab34-ae9f00cc7f6c,Susan Mercer,susan.mercer@acme.com,Product Manager,team-15,2020-11-28 17:33:28.105439
b58f04b6-0660-4a6e-95e7-881088ead4e9,Judith Wheeler,judith.wheeler@acme.com,Engineer,team-7,2021-03-03 17:33:28.105439
b9f498c1-97d3-4b7f-8983-3e96ffc972a6,Veronica Hood,veronica.hood@acme.com,Marketer,team-16,2024-10-02 17:33:28.105439
b5f00c34-a717-47b3-b749-9ecee4cfe8c3,Bryan Davis,bryan.davis@acme.com,Ops,team-0,2023-02-19 17:33:28.105439
deb409f0-81ad-4b1c-98fd-b240bd3d89f0,Matthew Acevedo,matthew.acevedo@acme.com,Marketer,team-4,2019-08-03 17:33:28.105439
d77e8eaf-af48-4be9-9c92-a308e72bf544,Jamie Morris,jamie.morris@acme.com,Marketer,team-15,2021-03-12 17:33:28.105439
4ab5d733-4aec-4f1a-b55e-402a68e1f12c,Paul Nelson,paul.nelson@acme.com,Engineer,team-7,2016-03-31 17:33:28.105439
1a6e0a3b-20df-4cf4-a6bf-735a1eacc0ba,Thomas Palmer,thomas.palmer@acme.com,Engineer,team-8,2025-03-21 17:33:28.105439
a8f9678b-544a-43af-8285-246ed064cbf1,Scott Bishop,scott.bishop@acme.com,Designer,team-11,2018-01-11 17:33:28.105439
e45370f9-49ba-43d3-bb52-3726dad0e137,Joseph Owen,joseph.owen@acme.com,Product Manager,team-10,2021-12-03 17:33:28.105439
a6ad294d-fa97-4062-9f95-515a00bebe3e,Angela Harris,angela.harris@acme.com,Designer,team-7,2022-03-09 17:33:28.105439
8a3bb64f-e36c-4820-9090-1a6af8ebd9ac,Micheal Thomas,micheal.thomas@acme.com,Product Manager,team-18,2021-04-22 17:33:28.105439
261502da-8320-4d49-af8a-321851dd642b,John Cruz,john.cruz@acme.com,Marketer,team-2,2025-12-05 17:33:28.105439
522a6bef-d733-4362-995a-46d39339d7d6,Tracy Montoya,tracy.montoya@acme.com,Product Manager,team-14,2019-06-12 17:33:28.107443
abaeed3b-07a1-431f-9149-aef4024ed28f,Daniel Brown,daniel.brown4@acme.com,Product Manager,team-8,2018-07-24 17:33:28.107443
3278ba8f-de53-486a-8122-3c55a2d019df,Patrick Powell,patrick.powell@acme.com,Ops,team-9,2025-07-31 17:33:28.107443
b780bf51-e364-4bb7-a77a-a4a662b69480,Gina Joseph,gina.joseph@acme.com,Product Manager,team-19,2018-02-25 17:33:28.107443
1287c33a-c4ea-45a0-94ca-24e6884c5b30,Aaron Lee,aaron.lee@acme.com,Ops,team-13,2015-12-27 17:33:28.107443
f3b1cbf8-839b-49ce-a3e1-1e259698327c,Daniel Peterson,daniel.peterson@acme.com,Marketer,team-3,2021-02-08 17:33:28.107443
95945d60-0645-4128-8979-6309bf2c4409,Harold Ward,harold.ward@acme.com,Engineer,team-14,2018-02-24 17:33:28.107443
478016b3-5b2f-491a-bcf9-25ef78d7e8e1,Emily Harrison,emily.harrison@acme.com,Ops,team-15,2020-01-01 17:33:28.107443
1a18f239-4fca-4d9d-80a0-4263a92e7876,Jonathan Swanson,jonathan.swanson@acme.com,Product Manager,team-7,2021-02-11 17:33:28.107443
d3da3f42-922f-4310-915a-9a95f407f170,Evelyn Thomas,evelyn.thomas@acme.com,Designer,team-0,2025-05-03 17:33:28.107443
0e349424-c7f8-4b2b-bd10-1ac1dea04568,Mrs. Candace Huynh,mrs..candace.huynh@acme.com,Engineer,team-14,2023-05-28 17:33:28.107443
9e718dbb-f6c9-412a-a9ef-6764986438f1,Ashley Walters,ashley.walters@acme.com,Product Manager,team-19,2020-03-26 17:33:28.107443
78763a67-9087-47b2-86d5-b7f9993e38c6,Karina Mayo,karina.mayo@acme.com,Engineer,team-4,2018-04-30 17:33:28.107443
2910dade-1cd7-49fc-b692-77581e58531b,Christopher Grant II,christopher.grant.ii@acme.com,Ops,team-19,2017-12-16 17:33:28.107443
c10eec1a-1319-4193-b0a8-abf1e404a81e,Jennifer Phillips,jennifer.phillips@acme.com,Product Manager,team-4,2018-08-01 17:33:28.107443
35099e64-4c35-4ddd-9643-e58efc0c7f5f,Julie Hardin,julie.hardin@acme.com,Marketer,team-17,2025-08-04 17:33:28.107443
3a574551-857d-4dfe-ac47-a674ba0e7b31,Lauren Jones DVM,lauren.jones.dvm@acme.com,Engineer,team-6,2022-09-28 17:33:28.107443
9dbcee75-b081-4778-b8ad-1a6bb9a4f892,Patricia Cummings,patricia.cummings@acme.com,Engineer,team-17,2024-05-30 17:33:28.107443
eee194ee-bb6c-4394-aee0-d1f0c6b7bf94,Amanda Ellis,amanda.ellis@acme.com,Ops,team-14,2021-06-25 17:33:28.107443
7c39411a-88ee-4d32-9e3d-cb19e1cfa577,Michael Miles,michael.miles@acme.com,Marketer,team-8,2017-12-26 17:33:28.107443
371d75b2-24b9-4ead-a953-c60eeb3cbf7a,Suzanne Martinez,suzanne.martinez@acme.com,Marketer,team-0,2023-11-27 17:33:28.107443
714170b1-6567-4a99-802b-a4d228bf6c15,Adam Bennett,adam.bennett@acme.com,Engineer,team-11,2019-09-01 17:33:28.107443
854aec0d-76d5-4d49-988e-40e50c8c38a0,Kenneth Wu,kenneth.wu@acme.com,Designer,team-16,2021-03-16 17:33:28.107443
3728bcdf-c373-4fa9-aec8-f9295aa66f35,Scott Thomas,scott.thomas@acme.com,Product Manager,team-6,2022-04-13 17:33:28.107443
01a22bf1-b591-4a43-8e19-099dce1b222e,Luis Krueger,luis.krueger@acme.com,Product Manager,team-16,2025-09-29 17:33:28.109446
8dc3c8a3-ce1d-4fa7-b8de-a4f705a14a82,Cesar Lara,cesar.lara@acme.com,Ops,team-5,2018-10-25 17:33:28.109446
6fb2c165-9699-4af4-9358-d9c9b02b8ab7,Brenda Jensen,brenda.jensen@acme.com,Product Manager,team-6,2023-03-02 17:33:28.109446
a1497ac0-553d-4a75-88aa-d327c378f71c,David Brown,david.brown2@acme.com,Ops,team-1,2017-11-15 17:33:28.109446
7e7313a7-5fd1-41d8-880a-612e9f2e37a0,David Welch,david.welch@acme.com,Designer,team-14,2017-06-02 17:33:28.109446
34456d96-c9d6-4399-a254-4b754e316afa,Jacob Pratt,jacob.pratt@acme.com,Designer,team-8,2016-02-18 17:33:28.109446
d7745d4e-7758-4b4d-9259-581665d6f645,Justin Medina,justin.medina@acme.com,Engineer,team-7,2017-01-19 17:33:28.109446
a0f7ed56-0e19-4576-95f3-8b501dc6da25,Lindsey Christensen,lindsey.christensen@acme.com,Designer,team-0,2018-06-15 17:33:28.109446
8cf9e0a9-1392-42bd-a6ef-b7b22625170c,Kevin Lopez,kevin.lopez@acme.com,Ops,team-0,2018-03-24 17:33:28.109446
c778a865-6fd7-48bc-a0f3-b66be7943576,Melissa Gonzalez,melissa.gonzalez@acme.com,Ops,team-1,2017-09-10 17:33:28.109446
ecc06c1b-2419-496d-a5b5-1f751ec3f810,Sarah Alvarez,sarah.alvarez@acme.com,Product Manager,team-11,2016-06-16 17:33:28.109446
01e8f332-1637-46d1-8f47-a157fcb4910c,Ashley Hall,ashley.hall1@acme.com,Marketer,team-0,2017-03-08 17:33:28.109446
c8a4226e-2140-45fd-9db9-63909ab1904f,Andrew Vega III,andrew.vega.iii@acme.com,Designer,team-2,2019-02-14 17:33:28.109446
9ecdb4f3-ca95-4cf6-a145-9cfaffe2b1fb,Nicole Anderson,nicole.anderson@acme.com,Product Manager,team-8,2025-02-28 17:33:28.109446
4efffcc0-d7a7-4eee-8c0f-19880da647a7,Stephen Pratt,stephen.pratt@acme.com,Marketer,team-0,2017-08-04 17:33:28.109446
aee05f52-40b3-478b-bcdb-24fd740796b6,Sara Thompson,sara.thompson@acme.com,Marketer,team-3,2018-03-25 17:33:28.109446
5f8d21d6-a7d6-4bbd-ac2e-37f27e6a4baf,William Harris,william.harris@acme.com,Designer,team-6,2016-10-14 17:33:28.109446
d8ddf9c4-c4b3-4c6d-82f2-88477c302548,Michael Vargas,michael.vargas@acme.com,Ops,team-7,2017-10-11 17:33:28.109446
d6cf0d87-f5ce-462d-8a70-dd3810aaf753,Jennifer Woods,jennifer.woods@acme.com,Ops,team-18,2018-06-15 17:33:28.109446
5c7740fa-45cc-479f-adbf-6aa18c29bbd0,Russell Blake,russell.blake@acme.com,Engineer,team-14,2016-07-21 17:33:28.109446
3078dbe8-9a42-44cd-b169-829a25385228,Margaret Walton,margaret.walton@acme.com,Designer,team-12,2016-08-14 17:33:28.109446
9c0451a0-41c6-4c81-98dd-ca6b2a814a33,Bonnie Patterson PhD,bonnie.patterson.phd@acme.com,Product Manager,team-0,2016-12-16 17:33:28.109446
5fd29263-76b2-4b18-a958-d756a5fe0e47,Norma Parker,norma.parker@acme.com,Marketer,team-17,2019-11-23 17:33:28.109446
cb740a8a-482c-4132-bdc1-ee6bc03eb10f,Henry Mclean,henry.mclean@acme.com,Engineer,team-0,2020-03-14 17:33:28.109446
f333480b-6035-4c0c-810a-97ff6efe1995,Kim Wilson,kim.wilson@acme.com,Product Manager,team-9,2018-02-05 17:33:28.111449
25c86038-1337-4d70-b7ea-93e3a27165ba,Tiffany Smith,tiffany.smith1@acme.com,Product Manager,team-11,2021-09-29 17:33:28.111449
4dd9bf36-b045-4b72-8008-a58dc91258b3,Allison Snyder,allison.snyder@acme.com,Ops,team-11,2025-09-14 17:33:28.111449
21c4382b-2534-45d6-87eb-69206f7248fa,Gordon Sanders,gordon.sanders@acme.com,Marketer,team-11,2023-12-19 17:33:28.111449
a75abb51-1756-42d0-aadf-b2805d04a211,Dominique Leach,dominique.leach@acme.com,Product Manager,team-11,2020-06-26 17:33:28.111449
338f8dfc-3851-4a11-a9dc-f3ed14eb0f4c,Kendra Kim,kendra.kim@acme.com,Ops,team-14,2020-06-07 17:33:28.111449
0403b043-cc3c-4f77-9f45-da2e0e5c7134,Rebekah Ferguson,rebekah.ferguson@acme.com,Marketer,team-8,2021-01-08 17:33:28.111449
e521b0eb-e965-4103-bc96-cbeabaa34b44,Michael Sherman,michael.sherman@acme.com,Engineer,team-16,2024-07-10 17:33:28.111449
69454955-cbee-420c-b154-a60271c5e400,Gerald Taylor,gerald.taylor@acme.com,Product Manager,team-7,2024-10-18 17:33:28.111449
dbaaab22-0ed5-426a-b33d-175af2f2d624,Angela Graham,angela.graham@acme.com,Product Manager,team-17,2017-01-04 17:33:28.111449
9b138aa0-bcd3-444e-b23c-d8b0c593a48d,Kathleen Clark,kathleen.clark@acme.com,Marketer,team-7,2019-11-14 17:33:28.111449
e1621bd7-190c-4c07-b040-c3fb3d06353d,Joseph Ferrell,joseph.ferrell@acme.com,Marketer,team-4,2022-12-15 17:33:28.111449
59fe2f9a-3131-40e4-bb04-6368a38f7d32,Anthony Saunders,anthony.saunders@acme.com,Engineer,team-10,2019-02-15 17:33:28.111449
03ae92b8-82c4-49d4-9ed2-9547268159d4,David Peterson,david.peterson@acme.com,Product Manager,team-18,2024-09-11 17:33:28.111449
7a4fe4ee-31e8-422e-95fd-fd52fd14e83a,Ricky Lopez,ricky.lopez@acme.com,Marketer,team-15,2022-01-03 17:33:28.111449
5745f73d-48f6-4963-b547-a4acc5a4cbab,Brittney Stanton,brittney.stanton@acme.com,Designer,team-17,2019-05-08 17:33:28.111449
f4c5bd7d-71dd-4438-abb8-10d653d98037,Rachel Reynolds,rachel.reynolds@acme.com,Ops,team-17,2023-12-16 17:33:28.111449
cffeddf7-044b-48e9-babf-5d428a455885,Edwin Hahn,edwin.hahn@acme.com,Engineer,team-8,2018-06-17 17:33:28.111449
d9ef847c-2434-42e7-9bf5-c21bed15e3b3,Jonathan Taylor,jonathan.taylor@acme.com,Product Manager,team-14,2021-12-19 17:33:28.111449
ada40852-f17f-4cf9-ba63-48a2ddf84953,Mathew Clark,mathew.clark@acme.com,Ops,team-9,2023-12-03 17:33:28.111449
33887b58-a4bb-4996-837a-f3eff764320e,Ann Melendez,ann.melendez@acme.com,Product Manager,team-14,2018-07-12 17:33:28.111449
b232da9c-0bc2-4a83-9ead-a46b0a58441d,Mr. Daniel Wilson DDS,mr..daniel.wilson.dds@acme.com,Engineer,team-15,2017-11-15 17:33:28.111449
bb03b84d-6488-460e-bdba-62e1d01fdf83,Susan Carter,susan.carter@acme.com,Product Manager,team-5,2025-11-22 17:33:28.111449
5191feea-57fe-4f68-8384-67efc9d32351,Margaret Gutierrez,margaret.gutierrez@acme.com,Ops,team-18,2019-06-03 17:33:28.111449
68742d9f-a648-4741-bf03-00898c4b80f5,Theresa Arroyo,theresa.arroyo@acme.com,Product Manager,team-19,2025-05-05 17:33:28.113451
2bed2c2a-2934-44e7-b0f8-b9a531dc5791,Renee Franklin,renee.franklin@acme.com,Ops,team-16,2023-06-15 17:33:28.113451
65d1796f-8f3e-46f2-9fd4-525238ca8a95,Andrew Davis,andrew.davis3@acme.com,Designer,team-13,2020-03-18 17:33:28.113451
529a3a5d-3bd2-43e0-b2bc-239c219c819a,Dr. Ann Taylor,dr..ann.taylor@acme.com,Ops,team-7,2021-12-28 17:33:28.113451
d2bb9147-c750-4c6a-a0a0-96e26f0b7d89,Michael Golden,michael.golden@acme.com,Ops,team-13,2017-06-22 17:33:28.113451
3d2704d4-8c4e-4dca-90b2-912ba3d77b77,Susan Leonard DDS,susan.leonard.dds@acme.com,Marketer,team-18,2017-12-11 17:33:28.113451
1bc71361-47e0-41b3-bbf9-e74e71327bd0,Angela Lewis,angela.lewis@acme.com,Designer,team-11,2020-07-19 17:33:28.113451
76c42c11-ed84-4ce6-8169-e3a7b567b47b,Ashley Anderson,ashley.anderson@acme.com,Ops,team-10,2024-06-06 17:33:28.113451
2c43c6db-6b89-469d-83bf-b3e992e9e80b,Melissa Hodge,melissa.hodge@acme.com,Product Manager,team-15,2016-12-06 17:33:28.113451
1215a73d-b8b6-4cc9-9c55-5a51b57006d5,Lindsey Myers,lindsey.myers@acme.com,Marketer,team-1,2017-03-04 17:33:28.113451
b5a77385-d7ce-4688-bc77-2a7f2bd04a09,Michael Williams,michael.williams@acme.com,Ops,team-15,2021-04-05 17:33:28.113451
7ba7572f-3c45-4f9b-a9bc-79fbba67af9e,George Watkins,george.watkins@acme.com,Product Manager,team-15,2024-07-18 17:33:28.113451
0b55a9af-17a0-4baf-859e-dd2f62d8016f,Jay Callahan,jay.callahan@acme.com,Product Manager,team-7,2017-09-30 17:33:28.113451
5f60eaff-2548-4a01-8e53-11b22e9023d1,John Thomas,john.thomas@acme.com,Designer,team-18,2023-01-04 17:33:28.113451
9160118a-16ab-4489-81fa-ed550e8a4040,Ricardo Bush,ricardo.bush@acme.com,Marketer,team-6,2018-03-01 17:33:28.113451
ccfeae34-a83d-4499-901a-88875877a331,Nicole Larsen,nicole.larsen@acme.com,Product Manager,team-16,2023-05-22 17:33:28.113451
b92d2b45-302e-403d-b940-d56c662c7814,Andrew Griffith,andrew.griffith@acme.com,Ops,team-18,2023-07-19 17:33:28.113451
ab48d7f7-0d9a-459c-ae75-194e90708486,Mrs. Katherine Carpenter,mrs..katherine.carpenter@acme.com,Designer,team-11,2017-12-10 17:33:28.113451
0f5567af-6ff3-4783-b53f-156821eeb82a,Karen Farley,karen.farley@acme.com,Marketer,team-16,2017-12-07 17:33:28.115196
7ae3eea0-4e0d-42fb-85fb-330c65cf956f,Anthony Cantrell,anthony.cantrell@acme.com,Marketer,team-2,2021-06-01 17:33:28.115196
62e134f8-a378-4932-9e8e-2ca66c52b0f5,Steven West MD,steven.west.md@acme.com,Designer,team-5,2021-09-14 17:33:28.115196
3e5913a9-96cd-42d5-8a62-185eda6b079d,Mr. Gregory Mcguire,mr..gregory.mcguire@acme.com,Ops,team-6,2020-09-18 17:33:28.115196
4e08962c-af42-465e-a2a4-7d7cad503fc5,Kelly Galvan,kelly.galvan@acme.com,Marketer,team-1,2018-09-23 17:33:28.115196
423565d2-80ab-4c4a-88bc-0c3cc1d41bb9,Matthew Mcdaniel MD,matthew.mcdaniel.md@acme.com,Product Manager,team-18,2022-03-10 17:33:28.115196
d54083d4-25a6-4d5a-819e-ef9574607f37,Alexander Poole,alexander.poole@acme.com,Engineer,team-13,2023-07-13 17:33:28.115196
b0aae1c4-7a25-4f20-beab-f869652eb587,Amy Sampson,amy.sampson@acme.com,Ops,team-14,2020-11-12 17:33:28.115196
7cca3dc3-6911-4d7c-aee1-9cbd5f19db18,Daniel Perez,daniel.perez@acme.com,Engineer,team-4,2019-07-10 17:33:28.115196
f0daa3ca-cfb8-4ac4-a0d5-c2cd21cb6834,Danielle Dixon,danielle.dixon@acme.com,Product Manager,team-18,2020-04-07 17:33:28.115196
8a8ceb03-2472-446d-8656-8f5bab3ac39c,Alicia Johnson,alicia.johnson@acme.com,Marketer,team-5,2022-11-30 17:33:28.115196
865c1264-8852-4aa1-b157-feb8d80c342c,Dr. Robert Smith PhD,dr..robert.smith.phd@acme.com,Product Manager,team-6,2016-03-14 17:33:28.115196
2d5d1a84-ab81-49f8-b94b-6200c1499295,Glenn Day,glenn.day@acme.com,Engineer,team-8,2017-02-14 17:33:28.115196
079f00f6-abac-4195-ae45-8cf4500900cd,Melanie Mack,melanie.mack@acme.com,Designer,team-6,2019-03-22 17:33:28.115196
d260c22e-e600-4f2e-8bc5-8deafb01769a,David Yates,david.yates@acme.com,Product Manager,team-4,2021-06-12 17:33:28.115196
c1225f8d-34d4-4d63-afad-dee07fcffe17,Robert King,robert.king@acme.com,Ops,team-9,2021-07-20 17:33:28.115196
6c71a003-cb3b-422a-af2c-7e08675f3aae,Grant Collins,grant.collins@acme.com,Ops,team-15,2024-09-01 17:33:28.115196
26337614-557f-401e-8b88-8b5b1020f234,Roberta Dennis,roberta.dennis@acme.com,Product Manager,team-14,2023-06-24 17:33:28.115196
a51600e8-06ea-440c-a4a6-8b2176997bdc,Patrick Miller,patrick.miller@acme.com,Ops,team-11,2016-01-22 17:33:28.115196
7f381773-7171-47a0-9ebd-ae6992ffc916,Rhonda Martinez,rhonda.martinez@acme.com,Product Manager,team-0,2024-06-01 17:33:28.115196
1acd27e1-a495-469a-a2b1-cb62acb86ca7,Crystal Gutierrez MD,crystal.gutierrez.md@acme.com,Marketer,team-10,2018-09-24 17:33:28.115196
666da34c-e9ea-4586-a51b-141f81443ee1,David Morales,david.morales@acme.com,Marketer,team-18,2023-09-24 17:33:28.115196
46f3a1a4-c549-44f3-be7e-b2317d348618,Tammy Robbins,tammy.robbins1@acme.com,Product Manager,team-4,2016-12-05 17:33:28.115196
3cf64133-89ff-4175-85d7-f0c1e89eb05f,Sarah Hayes,sarah.hayes@acme.com,Product Manager,team-11,2024-11-03 17:33:28.115196
e3fc2d86-b35e-449e-8eed-78939887e41e,Shelby Williams,shelby.williams@acme.com,Product Manager,team-12,2018-07-08 17:33:28.115196
5cd20663-f86f-4111-a8d3-f6b2cc4cd556,Erin Kramer,erin.kramer@acme.com,Ops,team-13,2021-11-28 17:33:28.115196
38077de6-4e42-4bcc-82de-b4a583475382,Rachel Harrison,rachel.harrison@acme.com,Product Manager,team-2,2017-04-20 17:33:28.115196
834b9feb-7943-4b06-86a0-53a15ba67012,Ashley Hill,ashley.hill1@acme.com,Marketer,team-3,2016-11-28 17:33:28.115196
45b550af-5b36-4ccf-bf1a-ed44a2922864,David Hernandez,david.hernandez@acme.com,Marketer,team-11,2016-06-15 17:33:28.117200
3a4880a6-267e-45dc-8e01-d1a12945a6cf,Matthew Jones,matthew.jones1@acme.com,Marketer,team-5,2024-07-12 17:33:28.117200
3bf570e9-fdd0-43e0-ae4d-da2dc551e57b,Jeffrey Williams,jeffrey.williams2@acme.com,Product Manager,team-7,2016-10-03 17:33:28.117200
aff07cea-53ab-4f6e-8405-f5101478a8ef,Jessica Curtis,jessica.curtis@acme.com,Product Manager,team-17,2020-05-25 17:33:28.117200
2af7a1af-3c2e-428d-a7ee-2be1d7d07d3a,Margaret Holmes,margaret.holmes@acme.com,Marketer,team-1,2019-01-28 17:33:28.117200
7ced7e6e-0da2-4644-86ef-d8713c56a9f4,Mary Summers,mary.summers@acme.com,Designer,team-11,2017-08-15 17:33:28.117200
ad8c9478-ab4c-4b5b-9824-1fdbeada4dfc,Steven Hopkins,steven.hopkins@acme.com,Engineer,team-10,2016-09-06 17:33:28.117200
59ebbcc5-8ee3-43d9-9b22-8b9d229a1c82,Kyle Leon,kyle.leon@acme.com,Ops,team-16,2017-03-31 17:33:28.117200
efc2c63d-4668-4eee-bad2-cdb29840a7f4,Brenda Lawrence,brenda.lawrence@acme.com,Product Manager,team-8,2022-01-21 17:33:28.117200
8adc71a4-4715-4c3c-a1f7-f5f74da7d96e,Eric Mejia,eric.mejia@acme.com,Engineer,team-8,2017-03-13 17:33:28.117200
ecde687d-1618-4952-95df-90d65399d026,Mr. James Waller,mr..james.waller@acme.com,Marketer,team-0,2020-06-18 17:33:28.117200
fd3ac31f-9dd1-411f-b2e2-7b1ac95115f2,Traci Lynn,traci.lynn@acme.com,Designer,team-7,2018-09-06 17:33:28.117200
a9fa50e6-c6d9-426e-912a-0eec5506e4ac,Teresa Choi,teresa.choi@acme.com,Marketer,team-18,2020-07-30 17:33:28.117200
e5a34020-661b-4dc6-9f16-49f54569f179,Paul Blake,paul.blake@acme.com,Designer,team-0,2021-07-03 17:33:28.117200
e6cace6d-75bb-430a-bc4c-5974db972100,Thomas Brown,thomas.brown@acme.com,Marketer,team-10,2021-03-19 17:33:28.117200
42a0be1f-fc10-4ac2-99df-59b1d2ea80dd,Alexandra Wagner,alexandra.wagner@acme.com,Engineer,team-12,2016-11-03 17:33:28.117200
24706ad2-8c6f-4dc2-b2af-5ad21b9dc860,Alfred Dunn,alfred.dunn@acme.com,Designer,team-4,2021-06-07 17:33:28.117200
77639021-9adb-4530-aa0d-2042d0a38244,David Potter,david.potter@acme.com,Product Manager,team-9,2023-02-20 17:33:28.117200
8a3489a4-8aca-4ea7-afec-99ebcf22eaa6,John Adams,john.adams2@acme.com,Designer,team-10,2017-09-29 17:33:28.117200
1e4fe11c-5935-44f7-924d-a0aa3950ee4c,Austin Shaw,austin.shaw@acme.com,Marketer,team-11,2021-08-26 17:33:28.117200
459f48c9-5d23-49dd-839c-04a62ad80beb,Lisa Richard,lisa.richard@acme.com,Engineer,team-5,2023-07-11 17:33:28.117200
bcea7ff2-3309-4b16-9b54-5eaa6c893c59,Amy Stanley,amy.stanley@acme.com,Ops,team-16,2019-01-28 17:33:28.117200
2ac87cce-3199-4195-a084-2bb76cd841d0,Jacqueline Lynch,jacqueline.lynch@acme.com,Marketer,team-15,2024-04-13 17:33:28.117200
b299a3a5-4728-47b2-9db0-8ffb91d0e3d7,Erik Potts,erik.potts@acme.com,Ops,team-9,2018-03-12 17:33:28.117200
822d34f1-ff38-4aa1-aaf4-ab73cd1628ed,Adam Merritt,adam.merritt@acme.com,Engineer,team-5,2015-08-19 17:33:28.117200
d1819b02-5c8c-42f4-9e21-7fbb22410d76,Roger Carey,roger.carey@acme.com,Product Manager,team-4,2017-07-10 17:33:28.117200
2f9ab40f-7e1d-40e2-98c3-dfe1ace2b068,Jessica Johnston,jessica.johnston@acme.com,Designer,team-10,2020-03-22 17:33:28.117200
e57d4c50-3f22-48c4-9f11-3f02f42895be,Steven Alvarado,steven.alvarado@acme.com,Ops,team-5,2020-01-31 17:33:28.119204
f2271dc2-696c-42ce-abd6-682cbcad7c9d,Linda Bowman,linda.bowman@acme.com,Product Manager,team-5,2021-02-27 17:33:28.119204
2dfacc66-40f4-4bda-8f57-f96a6b9d709e,Thomas Walter,thomas.walter@acme.com,Designer,team-3,2025-02-16 17:33:28.119204
3fa08bec-1ca1-49d8-b401-eae331b08392,Michael Mitchell,michael.mitchell@acme.com,Marketer,team-14,2022-04-13 17:33:28.119204
07fbb120-92c2-4a7e-8bbd-9caeb3786805,Sandra Stewart,sandra.stewart@acme.com,Marketer,team-7,2018-06-15 17:33:28.119204
823388b8-a146-4583-955c-7853336866da,Ashley Howell,ashley.howell@acme.com,Designer,team-3,2020-04-09 17:33:28.119204
b9c00548-9163-42ca-a421-388d05b9e1dc,Jennifer Nixon,jennifer.nixon@acme.com,Designer,team-5,2017-07-06 17:33:28.119204
43b06b36-0d33-43a4-be51-4d88267eacb5,Michael Wagner,michael.wagner@acme.com,Ops,team-16,2019-06-11 17:33:28.119204
314162cf-4696-40ca-9234-ec4b56e70cb5,Richard Wang,richard.wang@acme.com,Marketer,team-6,2017-11-29 17:33:28.119204
336ed614-2f38-49e9-816b-656c717455db,Alicia Mcbride,alicia.mcbride@acme.com,Engineer,team-18,2022-04-23 17:33:28.119204
4c52239d-9f92-446f-955e-62d0b9451d94,Norman Jones,norman.jones@acme.com,Ops,team-6,2015-12-02 17:33:28.119204
f7053f08-082c-4398-80d7-c37a5a86b0b3,George Pope,george.pope@acme.com,Engineer,team-0,2018-06-24 17:33:28.119204
90c9242b-0656-49af-9afe-086352a59c7a,Veronica Reed,veronica.reed@acme.com,Designer,team-10,2022-08-20 17:33:28.119204
94aa7418-dcdb-4004-bdb2-c910bd7aad86,David Hammond,david.hammond1@acme.com,Engineer,team-12,2025-05-14 17:33:28.119204
6b8e488f-e0b9-4249-894c-fee74b2839a9,Stephanie Wells,stephanie.wells1@acme.com,Engineer,team-10,2015-11-21 17:33:28.119204
da722bfb-94b7-49fb-b2d8-a65ac6dd1381,Cynthia Peters,cynthia.peters1@acme.com,Engineer,team-13,2019-03-20 17:33:28.119204
3246dd9a-9d3e-4e7c-88aa-dc6058ab228d,Erica Turner,erica.turner@acme.com,Engineer,team-14,2024-12-16 17:33:28.119204
bac91726-ea19-453b-8dd3-6e5901f5593c,Carolyn Lynch,carolyn.lynch@acme.com,Marketer,team-1,2015-10-10 17:33:28.119204
a8d38091-08f6-4ef3-b2dc-5f7637bb803e,Angela Adams,angela.adams@acme.com,Product Manager,team-14,2023-02-03 17:33:28.119204
2b174ace-b869-45c6-831c-3181169de38d,Keith Larsen,keith.larsen@acme.com,Designer,team-1,2022-03-28 17:33:28.119204
e6896fac-999f-48da-ae10-57c404afd0a9,Susan Kramer,susan.kramer@acme.com,Designer,team-19,2025-09-11 17:33:28.119204
c2f50756-cbfa-47d7-80a1-f62148fbcc84,Rachel Porter,rachel.porter@acme.com,Marketer,team-10,2015-11-09 17:33:28.119204
2dd88b23-8110-4bf9-9646-6d705ca49b98,Emily Baldwin,emily.baldwin@acme.com,Marketer,team-0,2024-09-12 17:33:28.119204
fbe8864d-b209-4c54-b80a-ab03a1821f28,Donna Williams,donna.williams@acme.com,Ops,team-3,2022-10-19 17:33:28.119204
17ece826-2155-47ff-aac6-83bf16c44220,Robert Pope,robert.pope@acme.com,Product Manager,team-18,2015-12-29 17:33:28.119204
59bc9a34-3def-4582-8562-e6539ca2ccb6,Amy Carter,amy.carter@acme.com,Designer,team-4,2023-12-24 17:33:28.119204
b06cab80-ed51-4562-a905-cb6ed8163ec2,Steven Bowman,steven.bowman@acme.com,Ops,team-14,2018-04-02 17:33:28.119204
732970e4-a48c-4dd6-b39a-1ca9e7faed28,Brenda Gilbert,brenda.gilbert@acme.com,Ops,team-15,2022-07-06 17:33:28.121207
6ea8350b-1097-4da3-b183-0ae631aaf3b0,John Harrison,john.harrison@acme.com,Marketer,team-12,2020-08-23 17:33:28.121207
3a790bef-505b-4b93-a414-27ecf9f3d972,Danielle Bauer,danielle.bauer@acme.com,Marketer,team-15,2025-10-07 17:33:28.121207
fbda9241-6d3a-4b94-97e7-38f8d24c27c9,Kurt Lopez,kurt.lopez@acme.com,Engineer,team-19,2020-04-27 17:33:28.121207
750a8516-243a-43b0-9770-40a03b206422,Austin Gross,austin.gross@acme.com,Marketer,team-19,2019-09-29 17:33:28.121207
a7b6a93a-132d-429f-8eb8-f52f8dd45bc6,Stacie Stephenson,stacie.stephenson@acme.com,Product Manager,team-11,2016-04-20 17:33:28.121207
34907801-081a-442a-b9b3-e3778225939e,Valerie Booth,valerie.booth@acme.com,Engineer,team-10,2018-04-05 17:33:28.121207
e578c94a-6aeb-4a77-8000-456c4b422c8f,Christopher Gonzalez,christopher.gonzalez@acme.com,Ops,team-0,2022-04-07 17:33:28.121207
224fd767-a7a9-458d-8f90-5d2eecde12d5,Jennifer Johnson,jennifer.johnson1@acme.com,Marketer,team-10,2020-09-10 17:33:28.121207
a3bd08c8-b6aa-4c43-afe9-b6833155a64c,Cassandra Berry,cassandra.berry@acme.com,Engineer,team-18,2017-01-09 17:33:28.121207
23196f53-04d6-4917-9319-d790e7419716,William Green,william.green@acme.com,Designer,team-5,2018-05-04 17:33:28.121207
e11944de-a3c3-499e-9a6a-490a880d3bbf,John Johnson,john.johnson@acme.com,Product Manager,team-3,2020-09-30 17:33:28.121207
a5dc3d48-e4fe-4ae2-acde-da2824db3206,Stacey Barajas,stacey.barajas@acme.com,Designer,team-18,2024-09-06 17:33:28.121207
b9fff996-5511-4746-a0f8-ed3c48428a2c,Mark Owens,mark.owens@acme.com,Product Manager,team-19,2024-06-26 17:33:28.121207
07765e40-fd2b-4657-9c9d-e03df06c1a63,Kimberly Banks,kimberly.banks@acme.com,Product Manager,team-7,2025-09-04 17:33:28.121207
3137fbb2-3602-4a1c-8f9b-f7baa70dfa1d,Jessica Harvey,jessica.harvey@acme.com,Ops,team-7,2024-01-29 17:33:28.121207
3af00221-b259-4ac6-90d5-4e941e6d24f8,Adam Tyler,adam.tyler@acme.com,Marketer,team-17,2019-10-31 17:33:28.121207
98bc1c30-38d6-4ef4-aaf0-cd151bba2104,Matthew Bryant,matthew.bryant@acme.com,Engineer,team-19,2015-11-29 17:33:28.121207
1eec2462-2d8a-4224-980b-e1f6ed76c9e3,Mark Myers,mark.myers@acme.com,Engineer,team-9,2024-12-20 17:33:28.121207
b5bba0b1-428a-47fb-b52a-7aa1d0406af4,Connie Allen,connie.allen@acme.com,Designer,team-14,2016-09-05 17:33:28.121207
d96ee9de-50ae-442a-a9f8-322d299c566f,Casey Colon,casey.colon@acme.com,Engineer,team-19,2017-03-25 17:33:28.121207
21256877-b9c7-4282-8dbb-80912eb55238,Linda King,linda.king@acme.com,Designer,team-17,2024-11-23 17:33:28.121207
afaa9c54-e84f-4565-8093-d29364ddbd3d,Steven Kirby,steven.kirby@acme.com,Ops,team-1,2016-12-26 17:33:28.121207
87cae247-4e8d-4682-886f-7e589f6aa69a,Michael Olson,michael.olson@acme.com,Marketer,team-16,2024-04-01 17:33:28.121207
84126c62-ac2f-49b4-a921-34cc99ed99ad,Sarah Smith,sarah.smith1@acme.com,Product Manager,team-8,2017-04-01 17:33:28.121207
42deb100-43cf-4cc5-9cb3-3a4a9e6caa26,Thomas Lucero,thomas.lucero@acme.com,Ops,team-10,2017-12-22 17:33:28.121207
380e0885-7cb4-40f3-97b4-746bede3c93a,Christina Johnson,christina.johnson@acme.com,Marketer,team-12,2025-03-28 17:33:28.121207
43f4e8a6-8869-4736-b8e0-52f1ab69dd2e,Nathan Jordan,nathan.jordan@acme.com,Marketer,team-19,2019-09-04 17:33:28.121207
8c339add-542a-43ee-9066-85aa8f753617,Lisa Williams,lisa.williams3@acme.com,Product Manager,team-16,2025-08-18 17:33:28.123210
99e81aef-0155-40c1-bcab-4e00a3565d1d,Robert Lopez,robert.lopez1@acme.com,Engineer,team-3,2019-05-25 17:33:28.123210
d21caf27-5ef9-4600-a077-1429f515b349,Marie Ballard,marie.ballard@acme.com,Product Manager,team-13,2015-09-06 17:33:28.123210
96539712-e454-4b09-b46f-32afee1d7bdd,John Mason,john.mason@acme.com,Marketer,team-14,2018-05-27 17:33:28.123210
587fe938-d003-4006-96fe-bafb9244dd12,Scott Moreno,scott.moreno1@acme.com,Engineer,team-8,2018-09-25 17:33:28.123210
227e8319-bccb-4c57-9551-dd6f8724e1d9,Sherry Hicks,sherry.hicks@acme.com,Product Manager,team-15,2021-11-02 17:33:28.123210
588b2677-ff8c-4624-afa9-d55b6b8bbc5d,Christopher White,christopher.white@acme.com,Product Manager,team-6,2020-10-02 17:33:28.123210
d55bea2e-fcc3-45ff-8f10-f2415526f96b,Caitlyn Webb,caitlyn.webb@acme.com,Designer,team-19,2018-09-29 17:33:28.123210
391d8c21-8014-4cb4-a3c1-0b974d58660b,Elizabeth Manning,elizabeth.manning@acme.com,Engineer,team-19,2018-08-28 17:33:28.123210
9c4c8ce0-bdbe-4cc0-94a1-e3ac842f3f5a,Barry Garcia,barry.garcia@acme.com,Designer,team-8,2019-07-18 17:33:28.123210
24f87e38-76a0-455e-86e0-e29fe6b9dcda,David Solis,david.solis@acme.com,Ops,team-9,2022-02-17 17:33:28.123210
dcd99782-ed7d-4038-818d-a581c2fb6e52,Lisa Curry,lisa.curry@acme.com,Ops,team-14,2022-07-28 17:33:28.123210
ed94e404-fded-431b-9784-0fc5faf02a6b,Andrew Boone,andrew.boone@acme.com,Ops,team-2,2021-11-02 17:33:28.123210
784b8613-1d9e-4f7b-b327-c4b4219436c4,Carl Rice,carl.rice@acme.com,Engineer,team-5,2017-10-21 17:33:28.123210
e5ed69e1-9a37-445b-a603-9a75a856eb7e,Leroy Griffin,leroy.griffin@acme.com,Product Manager,team-10,2017-09-09 17:33:28.123210
875bed37-6fcd-417d-aa64-a84cc2335a10,Timothy Duran,timothy.duran@acme.com,Engineer,team-16,2015-10-30 17:33:28.123210
0097ffe3-2e09-47b0-93ef-c217a9e12de5,Kimberly Johnson,kimberly.johnson@acme.com,Engineer,team-2,2022-08-26 17:33:28.123210
deb7bbfb-cb30-4963-bdd7-52251239c4fc,Ana Williams,ana.williams@acme.com,Engineer,team-11,2023-12-13 17:33:28.123210
28f33ad9-f7e7-480b-98b2-8551b72b20d0,Natalie Mendez,natalie.mendez@acme.com,Engineer,team-16,2017-01-28 17:33:28.123210
98ce8e01-a672-41be-a937-d4115325be5f,Jonathan Perry,jonathan.perry@acme.com,Engineer,team-6,2022-07-20 17:33:28.123210
490151e3-480e-4013-a04e-d7bd3321e72f,James Murphy,james.murphy1@acme.com,Marketer,team-6,2023-12-21 17:33:28.123210
396428a8-65bb-4ae8-aeac-8f698f91dbcc,Crystal Ryan,crystal.ryan@acme.com,Engineer,team-13,2025-06-21 17:33:28.123210
60b1e4d1-64ee-4d6c-9472-9877eb631624,Aimee Davis,aimee.davis@acme.com,Designer,team-17,2019-05-25 17:33:28.123210
e3f390f7-0ac7-40d0-a1ad-5f70f3698af1,Colleen Bell,colleen.bell@acme.com,Product Manager,team-10,2023-06-25 17:33:28.123210
596febb1-d8d4-460a-8b77-956d2816431c,Dr. Chelsea Scott,dr..chelsea.scott@acme.com,Marketer,team-5,2025-03-20 17:33:28.124953
c8baffe7-010a-49b1-9e86-73358cd969cd,Veronica Reynolds,veronica.reynolds@acme.com,Ops,team-15,2016-08-26 17:33:28.124953
5f1c8ac9-828a-4e47-976d-cb58618b7abc,Kimberly Thompson,kimberly.thompson@acme.com,Engineer,team-6,2019-11-16 17:33:28.124953
5adb9dab-a575-42b9-bfef-61d7778a9fac,Samuel Hall,samuel.hall@acme.com,Engineer,team-2,2022-07-02 17:33:28.124953
11f3bbed-1b0b-48f2-af24-ebe85eeee6da,Krystal Walters,krystal.walters@acme.com,Designer,team-6,2025-04-25 17:33:28.124953
2bd4181c-4875-48d1-a3c2-ebd76cc71c4c,Kristy Adams,kristy.adams@acme.com,Designer,team-7,2021-12-09 17:33:28.124953
c764aebe-2788-4690-8e2a-d77ce2f2c486,Bradley Lozano,bradley.lozano@acme.com,Designer,team-7,2018-02-07 17:33:28.124953
1db7a299-41ec-4b20-9039-14fbfd07ad11,Mrs. Stephanie Pierce,mrs..stephanie.pierce@acme.com,Product Manager,team-6,2024-10-15 17:33:28.124953
fc25d349-6251-44df-a1b9-86e530d68296,Frank Scott DDS,frank.scott.dds@acme.com,Engineer,team-6,2018-12-02 17:33:28.124953
5373861d-02ec-4c35-8122-9a9df0f0f43b,Heather Valentine,heather.valentine@acme.com,Designer,team-18,2019-04-26 17:33:28.124953
beb94029-83ab-4839-81df-7da13e7a6ef4,Joshua Kline,joshua.kline@acme.com,Product Manager,team-7,2022-09-23 17:33:28.124953
67e90e83-6dea-49c6-8925-04fb018aa85d,Gregory Garrett MD,gregory.garrett.md@acme.com,Designer,team-18,2016-04-13 17:33:28.124953
14365ca2-68b8-450b-b2aa-37aa2904b1f2,Jessica Williams,jessica.williams2@acme.com,Ops,team-5,2021-09-02 17:33:28.124953
c2709e0b-97bf-4305-88d7-919df47d79f6,Tonya Johnson,tonya.johnson@acme.com,Engineer,team-16,2019-09-02 17:33:28.124953
1fc41a3a-9c89-4640-b7b4-965682358d8e,Curtis Rosales,curtis.rosales@acme.com,Designer,team-19,2022-03-20 17:33:28.124953
b3df735e-c8ee-465a-82f5-f17885dc1649,Jacob Wagner,jacob.wagner@acme.com,Engineer,team-15,2024-05-19 17:33:28.124953
573e65a1-5cf3-407d-876e-f85418cd25e6,Heather Farley,heather.farley@acme.com,Ops,team-4,2017-07-04 17:33:28.124953
3df754e3-38bf-42f6-88d7-c8fa7d1ab129,David Garcia,david.garcia@acme.com,Ops,team-4,2021-06-22 17:33:28.124953
35d863ee-fd89-4642-a5a5-df09f6f85067,Tyler Williams,tyler.williams@acme.com,Marketer,team-9,2023-07-29 17:33:28.124953
e25bb4fe-64b4-4e97-85cb-5e64350e0396,Jon King III,jon.king.iii@acme.com,Engineer,team-12,2015-10-15 17:33:28.124953
1a1d1a4b-7464-4da0-b5d7-cd91ea5df1ec,Sharon Cummings,sharon.cummings@acme.com,Designer,team-4,2022-12-17 17:33:28.124953
03d219f4-050c-4c32-be49-4b29de75e8f0,Karen Lewis,karen.lewis@acme.com,Designer,team-13,2021-11-16 17:33:28.124953
3f574c10-7439-4f8d-bce7-e987423ac217,Charles Banks,charles.banks@acme.com,Ops,team-12,2015-10-07 17:33:28.124953
2ef33740-b730-46d6-bc2f-0f4ef0bf5140,Christina Herrera,christina.herrera@acme.com,Ops,team-5,2017-02-25 17:33:28.126956
b877b29c-8c40-4125-b202-33ac8195dd70,Dorothy Mccoy,dorothy.mccoy@acme.com,Designer,team-19,2023-07-19 17:33:28.126956
eff51211-6346-4076-96c3-615248520388,Frederick Smith,frederick.smith@acme.com,Designer,team-18,2024-01-21 17:33:28.126956
540a83ca-c0ed-4018-916f-54cb7968e2d0,Kayla Adams,kayla.adams@acme.com,Ops,team-7,2020-03-30 17:33:28.126956
65c6ffe2-7d1e-45da-8526-7cf234851fb5,Christopher Hanson,christopher.hanson@acme.com,Product Manager,team-19,2025-04-26 17:33:28.126956
8df822b3-6f8d-4706-8cf5-a8a9d8acabf0,Alexis Cummings,alexis.cummings@acme.com,Marketer,team-9,2015-11-09 17:33:28.126956
5a810e6e-5573-4253-938e-1f60edb2a39b,Jennifer Johnson,jennifer.johnson2@acme.com,Engineer,team-4,2020-12-18 17:33:28.126956
e46fa8a9-eed3-45da-892e-65a0781b4579,Emma Gray,emma.gray@acme.com,Engineer,team-0,2022-02-23 17:33:28.126956
d9e458f0-8738-4bb1-ac2f-9f29aa1d40ea,Dr. Alexis Brown,dr..alexis.brown@acme.com,Ops,team-2,2018-10-06 17:33:28.126956
f04405fc-db85-4be3-99ec-54d3f3a90caa,Colin Mendoza,colin.mendoza@acme.com,Product Manager,team-11,2021-07-10 17:33:28.126956
bfc8ec1c-c724-4f52-92ff-a02cac0c5f2d,Emma Braun,emma.braun@acme.com,Designer,team-12,2017-06-09 17:33:28.126956
3fb2dd8f-4c2f-4ef6-b067-2b76c018d5ae,Daniel Bennett,daniel.bennett@acme.com,Designer,team-16,2017-11-06 17:33:28.126956
304de00c-79d9-4f33-a8a9-1c9a4e0066b3,Rachel Barrera,rachel.barrera@acme.com,Engineer,team-2,2025-08-23 17:33:28.126956
b652ec7d-b6ef-4858-8d8e-91714121d1f7,Jordan Collins,jordan.collins@acme.com,Marketer,team-12,2017-03-13 17:33:28.126956
292ea294-b2cb-4478-9ab2-a3be564fee64,David Cook,david.cook@acme.com,Marketer,team-4,2020-05-14 17:33:28.126956
32dfcc4e-e6b8-4b85-9e79-1151a8fc0f29,Susan Johnson,susan.johnson1@acme.com,Engineer,team-0,2023-09-05 17:33:28.126956
ac46b674-51c7-4b6c-b79a-b2ab93f71691,Theresa Miller,theresa.miller@acme.com,Product Manager,team-8,2021-12-12 17:33:28.126956
2754c9ce-d207-4626-9a46-fd69b0d76167,Kristin Colon,kristin.colon@acme.com,Engineer,team-15,2020-06-21 17:33:28.126956
7150820b-09be-4e3e-af2d-f60996e1fd57,James Kennedy,james.kennedy@acme.com,Product Manager,team-8,2025-09-16 17:33:28.128700
60b18612-9c1a-465d-b91f-e0b152bde1cb,Cristina Miller,cristina.miller@acme.com,Engineer,team-18,2016-01-25 17:33:28.128700
f3fb289f-ee52-4648-88de-0fedac2717a5,Thomas Hood,thomas.hood@acme.com,Engineer,team-1,2018-12-26 17:33:28.128700
7633960f-112a-4eab-99ce-26c625f5ad9c,Craig Ellis,craig.ellis@acme.com,Designer,team-1,2017-02-04 17:33:28.128700
4faf0ac1-947e-4814-b3a4-bdf999f4e20c,Anthony Hernandez,anthony.hernandez@acme.com,Designer,team-4,2019-05-31 17:33:28.128700
b7a385e1-e255-454d-a1bc-218a02cbccca,Nicholas Brown,nicholas.brown2@acme.com,Ops,team-0,2016-05-05 17:33:28.128700
2af1f082-3da8-49db-a12f-3872bd5b52dd,Michelle Frederick,michelle.frederick@acme.com,Engineer,team-9,2021-08-13 17:33:28.128700
12a34ed5-2e13-49b2-85f0-4cdd934a706d,Richard Berg,richard.berg@acme.com,Engineer,team-19,2020-09-22 17:33:28.128700
7c01bab1-60ea-454b-84e0-232b592b14d9,Katelyn Lopez,katelyn.lopez@acme.com,Ops,team-2,2021-06-28 17:33:28.128700
e077e770-862a-4652-84c2-206fb70263a0,Julie Solis,julie.solis@acme.com,Product Manager,team-4,2020-01-23 17:33:28.128700
5a865c26-fcd8-4605-8f1b-bfa9a18a4dad,Kristen Michael,kristen.michael@acme.com,Marketer,team-7,2019-08-06 17:33:28.128700
cb66edeb-3a95-4712-9b9c-8936e6a7cfe1,David Ward,david.ward@acme.com,Engineer,team-12,2024-05-04 17:33:28.128700
fffd5b5d-30ee-4714-85e7-29fe2d26eb45,Jonathan Evans,jonathan.evans@acme.com,Engineer,team-17,2021-08-31 17:33:28.128700
0be6ccfb-2edb-4107-b179-75a5b0294896,Kathleen Smith,kathleen.smith@acme.com,Designer,team-8,2024-11-18 17:33:28.128700
00afc5e3-a509-40ca-a2bc-96e1ed20cc5a,Jamie Stone,jamie.stone@acme.com,Engineer,team-14,2025-01-05 17:33:28.128700
0523a3c8-6a2f-4fc9-a19b-7aaf1258e2db,Christopher Ellis,christopher.ellis@acme.com,Ops,team-16,2024-09-05 17:33:28.128700
de5c8473-b935-4590-8e45-f3848527aaec,Anthony Gibson,anthony.gibson@acme.com,Designer,team-17,2016-02-08 17:33:28.128700
6bebf100-78c4-475f-aba0-73b3e582e9f5,Raymond Marshall,raymond.marshall@acme.com,Product Manager,team-9,2022-01-26 17:33:28.128700
4ec30d86-020c-4c24-a486-10e8add125e3,Bryan Peterson,bryan.peterson@acme.com,Marketer,team-19,2019-01-13 17:33:28.128700
44517769-8980-4f3a-8224-b5684bcd736c,Laura Butler,laura.butler@acme.com,Ops,team-8,2023-01-04 17:33:28.128700
52a7b476-96e4-4e70-af74-7a2a8ab0778f,Jennifer Roberts,jennifer.roberts1@acme.com,Product Manager,team-18,2023-09-01 17:33:28.130704
6c633f5c-51f6-4c2a-9786-37d853c30adf,Angela Flores,angela.flores@acme.com,Ops,team-13,2023-11-20 17:33:28.130704
cd22e08e-574f-49cf-b4f5-74b6e589702a,Teresa Reed,teresa.reed@acme.com,Engineer,team-11,2024-10-01 17:33:28.130704
36c77214-6371-4e7a-b1b6-ce81e4319ab5,Victoria Lawson,victoria.lawson@acme.com,Product Manager,team-11,2023-08-23 17:33:28.130704
1833e124-25d4-48e4-b6a8-d8abde4db7e4,Kyle Golden,kyle.golden@acme.com,Designer,team-4,2021-05-24 17:33:28.130704
38bd36a3-f897-486b-ac25-884be6f1005a,Anne Roth,anne.roth@acme.com,Marketer,team-4,2022-06-06 17:33:28.130704
fea24396-2076-4a0d-a1e5-d8264e5e3dfa,Carlos Smith MD,carlos.smith.md@acme.com,Product Manager,team-12,2022-07-18 17:33:28.130704
d149aea3-7436-4c2a-b666-71c3f96a218d,Joshua Mcpherson,joshua.mcpherson@acme.com,Ops,team-3,2015-11-19 17:33:28.130704
7faa274f-c50a-4885-9d53-11a31d6eb031,Mark Hernandez,mark.hernandez2@acme.com,Product Manager,team-15,2016-12-10 17:33:28.130704
6cfcbd26-fd3b-4380-bfd5-d0d710d0a2bb,Nathaniel Ingram,nathaniel.ingram@acme.com,Designer,team-14,2024-08-01 17:33:28.130704
7dce7fc5-0e2c-4728-9b09-5440e3249596,Michael Palmer,michael.palmer@acme.com,Product Manager,team-18,2022-09-17 17:33:28.130704
09b2ba6b-10b2-4df2-b1ec-79e93f36a800,Michael Johnson,michael.johnson3@acme.com,Product Manager,team-13,2022-07-20 17:33:28.130704
7471bbd9-6cc4-4bcf-82b3-1436c87013ab,Clayton Holmes,clayton.holmes@acme.com,Ops,team-12,2019-08-29 17:33:28.130704
cc85ccaf-8183-4f8b-a3b5-f03e94900438,Dana Walter MD,dana.walter.md@acme.com,Designer,team-0,2022-06-02 17:33:28.130704
154673cf-2461-425c-afc1-b7870c2fa44a,Stephanie Bennett,stephanie.bennett@acme.com,Designer,team-1,2020-11-21 17:33:28.130704
9497bb43-d48b-4388-8b75-c84fc9898b5a,Victoria Schultz,victoria.schultz@acme.com,Engineer,team-12,2018-05-19 17:33:28.130704
29069107-6350-4e95-aaf2-786b03c9a12c,Eric Suarez,eric.suarez@acme.com,Ops,team-8,2022-03-19 17:33:28.130704
de5eb04e-8af4-4ecf-98f5-63cacd02deb7,Suzanne Davis,suzanne.davis@acme.com,Engineer,team-4,2017-02-07 17:33:28.130704
99e71c78-88a2-427a-bff0-82dfd68cec5e,Tyler Murphy,tyler.murphy@acme.com,Marketer,team-5,2025-05-30 17:33:28.130704
830a97c2-69c0-4ea8-9112-500a62ca6252,Edward Gibson,edward.gibson@acme.com,Ops,team-14,2022-12-23 17:33:28.130704
754b5266-0f01-43b4-bcd0-b58fb04c6a56,Nicholas Walsh,nicholas.walsh@acme.com,Marketer,team-0,2024-09-08 17:33:28.130704
657b35ea-768f-4213-adbc-b610ea519076,Teresa Keller,teresa.keller@acme.com,Marketer,team-2,2021-12-25 17:33:28.132707
7fba329b-0e77-48a0-81c6-16364e5f1354,Samantha Mora,samantha.mora@acme.com,Marketer,team-11,2017-04-05 17:33:28.132707
fba2a306-bfdb-4cdf-82ab-d54739b61bb5,Thomas Oneill,thomas.oneill@acme.com,Designer,team-9,2017-05-09 17:33:28.132707
03df37d4-ef0c-49e7-ad6f-74be1eb71173,Leonard Holmes,leonard.holmes@acme.com,Engineer,team-19,2021-04-24 17:33:28.132707
b1b4061c-2871-4070-82dc-3306a0c3600b,Douglas Nguyen,douglas.nguyen@acme.com,Ops,team-17,2019-06-19 17:33:28.132707
409f871b-ffc3-4105-abbb-7011a1346b5d,Kimberly Valdez,kimberly.valdez@acme.com,Ops,team-2,2024-12-08 17:33:28.132707
ccedf759-016b-4fd2-b696-7fa4c90d97fd,Rachel Alexander,rachel.alexander@acme.com,Ops,team-19,2025-11-10 17:33:28.132707
9afa937f-d0c6-4c99-aade-707c4f772f78,Alison Nelson,alison.nelson@acme.com,Ops,team-12,2024-07-05 17:33:28.132707
987be4ca-7a82-4f38-b888-e05afe3a9cb3,Tamara Miller,tamara.miller@acme.com,Marketer,team-7,2022-09-19 17:33:28.132707
884d2f55-c966-4766-b63b-d52254253746,Rebecca Hoover,rebecca.hoover@acme.com,Designer,team-0,2017-02-23 17:33:28.132707
1a3b4774-cd47-4d9a-a041-b88bb1191b1f,Curtis Davidson,curtis.davidson@acme.com,Designer,team-19,2025-03-06 17:33:28.132707
7ca74314-0747-45f4-bf44-5606e5392fcb,Curtis Perez,curtis.perez@acme.com,Designer,team-11,2024-03-22 17:33:28.132707
222a8d2c-51cf-4333-8385-1f9a4196bcad,Amanda Mercer,amanda.mercer@acme.com,Marketer,team-8,2019-04-11 17:33:28.132707
160d89ca-e695-429a-8d34-2a102d17a827,Joshua Gonzalez,joshua.gonzalez@acme.com,Engineer,team-17,2019-11-08 17:33:28.132707
a764dfce-83b5-419f-a2a2-40068b93522f,Juan Reynolds,juan.reynolds@acme.com,Designer,team-8,2015-12-01 17:33:28.132707
b6ab967a-cf9d-47cf-9399-e279e4a34cef,Penny Sexton,penny.sexton@acme.com,Designer,team-10,2022-01-30 17:33:28.132707
639702b6-051a-40fd-b28a-c2e7a0c0b6e4,Stephanie Martinez,stephanie.martinez@acme.com,Designer,team-12,2022-09-01 17:33:28.132707
cef2f413-8e6d-426e-aa2d-59fc8b4d0584,Michael Brown,michael.brown1@acme.com,Product Manager,team-7,2023-10-16 17:33:28.132707
755efbf6-4006-4d3c-9baa-8058ec554388,Maria Jones,maria.jones@acme.com,Designer,team-19,2018-03-10 17:33:28.132707
c5d5a556-4626-4306-8c7b-33ed736b47ec,Brian Wells,brian.wells@acme.com,Marketer,team-4,2025-12-29 17:33:28.134451
b15dac4a-1b26-40ff-9631-588afa84de0f,Krystal Nolan,krystal.nolan@acme.com,Designer,team-2,2025-01-06 17:33:28.134451
a2115f21-56f5-445a-92e3-80dbfc9957de,Stacy Morris,stacy.morris@acme.com,Engineer,team-1,2018-05-17 17:33:28.134451
6433980d-5f54-4d46-8aa6-bf2b38a0ca28,Shelley Dalton,shelley.dalton@acme.com,Designer,team-5,2024-06-20 17:33:28.134451
b3225700-e002-4ee7-ab4e-89f88ddf7587,Lee Rogers,lee.rogers@acme.com,Engineer,team-7,2017-08-12 17:33:28.134451
d1b2e116-88ee-4f86-8f2e-17a2acce2242,Dana Kennedy,dana.kennedy@acme.com,Ops,team-10,2020-09-16 17:33:28.134451
c725c0e9-b48d-41c4-88b7-bebe58a0d5b2,Kathy Davis MD,kathy.davis.md@acme.com,Product Manager,team-5,2022-09-06 17:33:28.134451
d3317620-e115-4516-9d6a-9747769f506a,John Bowman,john.bowman@acme.com,Engineer,team-15,2022-05-08 17:33:28.134451
9c5f50ef-fc9e-4b4a-a1a7-276f33438419,Felicia Patel,felicia.patel@acme.com,Marketer,team-4,2023-10-20 17:33:28.134451
277ad459-05a2-47a6-839f-eae1d0fcbff7,Nicole Weber,nicole.weber@acme.com,Designer,team-5,2017-12-25 17:33:28.134451
09ede6fb-d5d1-4f35-b76b-c70eccd5d2ed,Christopher Nelson,christopher.nelson@acme.com,Marketer,team-16,2023-10-05 17:33:28.134451
5357fcd8-1983-418c-a41f-fed72445e3e3,Margaret Brown,margaret.brown@acme.com,Designer,team-9,2025-03-02 17:33:28.134451
8ec3ed63-1c9f-4564-969c-125d94e300ef,Kathleen Barber,kathleen.barber@acme.com,Designer,team-4,2020-04-01 17:33:28.134451
4f64a06d-b7b4-473a-94e0-623f35eec3ec,Julie Garza,julie.garza@acme.com,Marketer,team-1,2017-01-22 17:33:28.134451
909e7c40-251a-4a81-a053-0b49b6c42830,Jason Koch,jason.koch@acme.com,Designer,team-10,2019-02-10 17:33:28.134451
6533d31b-8c8e-462f-9458-6ebd1e4f0985,Cynthia Jacobson,cynthia.jacobson@acme.com,Designer,team-10,2019-08-16 17:33:28.134451
633e6699-f2f7-447b-93b3-540eb8775fe7,Jeffery Walter,jeffery.walter@acme.com,Designer,team-11,2021-08-15 17:33:28.134451
47f132b7-4ef7-4e41-93dc-2b649dfd29f3,Brian Shepard,brian.shepard@acme.com,Engineer,team-18,2019-09-14 17:33:28.134451
da3b181c-30b8-46d6-b8d7-34fdfc484993,April Watkins,april.watkins@acme.com,Product Manager,team-17,2016-05-07 17:33:28.134451
8c54aa7c-d4a2-4e7e-95b5-acc5e6b31ade,Eric Hutchinson,eric.hutchinson@acme.com,Engineer,team-18,2024-03-14 17:33:28.134451
308a640f-1ce2-4e63-933a-10ade55c3316,Christine Nelson,christine.nelson@acme.com,Designer,team-11,2023-09-29 17:33:28.134451
29e11950-d1a1-4443-8000-9d93c5b3af83,Edward Ellis,edward.ellis@acme.com,Designer,team-12,2016-08-17 17:33:28.134451
cb2e9754-efac-4255-8434-3f4de587fff4,Teresa Miller,teresa.miller@acme.com,Ops,team-1,2020-05-27 17:33:28.134451
9bc20ce9-de96-4a65-8f8b-2722ae60004a,Molly Garrison,molly.garrison@acme.com,Designer,team-1,2022-02-24 17:33:28.134451
1225df92-2167-4736-bb9c-8e6d749410fa,Gina Moore,gina.moore@acme.com,Engineer,team-11,2021-06-29 17:33:28.136455
93558e51-e1ad-497c-8f2d-d2bbe7127ab6,Adam Fowler,adam.fowler@acme.com,Engineer,team-0,2023-10-08 17:33:28.136455
df3f0d0e-96a6-4be9-8c72-9a43c65ca98c,Adrian Clark,adrian.clark@acme.com,Engineer,team-17,2018-10-05 17:33:28.136455
c3abaa5b-4feb-4db3-8e10-395953812e46,Samuel Berry,samuel.berry@acme.com,Marketer,team-18,2016-09-09 17:33:28.136455
891108e5-6c2d-4210-a7e2-28f650517ff9,Todd Madden,todd.madden@acme.com,Marketer,team-0,2015-12-25 17:33:28.136455
01a40a31-e6f3-4f08-8223-938c94fb17ac,Robert Oliver,robert.oliver@acme.com,Marketer,team-0,2016-08-02 17:33:28.136455
4371fa16-9ce7-4eeb-a1a8-31d3f13ea0fd,Joseph Velazquez,joseph.velazquez@acme.com,Ops,team-8,2024-02-17 17:33:28.136455
ac9d3dd4-d723-4b29-a75f-ec6588582768,Mary Lester,mary.lester@acme.com,Engineer,team-9,2017-03-26 17:33:28.136455
d4aaa60f-62b7-4656-a6ed-52d74d2d1deb,Matthew Schultz,matthew.schultz@acme.com,Marketer,team-1,2017-07-10 17:33:28.136455
7895cb0a-6a20-4438-ab05-83f646d9334d,Colton Harris,colton.harris@acme.com,Product Manager,team-14,2022-02-01 17:33:28.136455
3073524a-f443-453c-9b73-fc41d7c5f41a,Ray Contreras,ray.contreras@acme.com,Product Manager,team-9,2020-02-17 17:33:28.136455
328f5da8-88b5-48c6-8162-2216dbcf7894,Michael Frazier,michael.frazier1@acme.com,Engineer,team-2,2019-05-03 17:33:28.136455
25b5f275-2ac8-4beb-a482-703e839367aa,Dustin Thomas,dustin.thomas@acme.com,Ops,team-10,2025-02-25 17:33:28.136455
c032147b-cc0f-4620-bde7-ff1d6dbf6e4c,Aaron Cameron,aaron.cameron@acme.com,Product Manager,team-12,2015-10-01 17:33:28.136455
a47839a6-1073-44f7-bf8f-05b2e5f72241,Christina Nichols,christina.nichols@acme.com,Designer,team-3,2023-02-21 17:33:28.136455
b193cd9f-578b-4f88-bb18-5ec1bce63c3b,Emma Booth,emma.booth@acme.com,Marketer,team-12,2018-01-06 17:33:28.136455
b44d1fcf-b25d-47dc-aedb-d92512c39e45,Rebecca Murray,rebecca.murray@acme.com,Product Manager,team-0,2022-10-23 17:33:28.138460
adba2b21-a340-4a6f-90cc-a0fe75b91dcc,Alex Hall,alex.hall@acme.com,Designer,team-16,2018-12-20 17:33:28.138460
f78ebe9a-112a-492f-8912-1f29e76e3bbc,Kristin Harrington,kristin.harrington@acme.com,Product Manager,team-0,2017-08-02 17:33:28.138460
a36143a6-d58b-45ff-8a4d-59a22d6eb847,Derek Morrison,derek.morrison@acme.com,Ops,team-11,2019-12-09 17:33:28.138460
575b7f1c-1420-4e60-8989-cc0ce3afa4fe,Mrs. Sarah Zamora,mrs..sarah.zamora@acme.com,Marketer,team-8,2020-08-16 17:33:28.138460
4781d894-54c3-4e3e-8afb-40911a70ad9c,Matthew Bender,matthew.bender@acme.com,Product Manager,team-14,2019-11-18 17:33:28.138460
586da344-b913-4297-b81b-ab22100f626a,Elizabeth Blake,elizabeth.blake@acme.com,Engineer,team-11,2024-03-09 17:33:28.138460
dfaa7294-8cd5-4546-a70b-508ca903b02d,Sara Wilson,sara.wilson@acme.com,Product Manager,team-14,2020-12-23 17:33:28.138460
247ca5e5-44a7-4fb2-8423-5db74ea21836,Nathan Wilson,nathan.wilson@acme.com,Product Manager,team-0,2018-11-14 17:33:28.138460
56f3e947-9504-4b34-a4ad-91636fb7d232,Mr. Eric Jones,mr..eric.jones@acme.com,Marketer,team-15,2020-06-23 17:33:28.138460
d83814d9-e12b-4910-8f99-eefa1f2fd233,Amanda Austin,amanda.austin@acme.com,Ops,team-13,2016-08-27 17:33:28.138460
3454d805-0362-490a-b24d-beafe9e56db7,Miranda Fletcher,miranda.fletcher@acme.com,Engineer,team-14,2016-09-29 17:33:28.138460
3ebddd17-ef69-4ee6-88b9-c70032aed46e,Gregory Chaney,gregory.chaney@acme.com,Engineer,team-5,2022-12-31 17:33:28.138460
ba4e03ab-f7d8-4f34-8588-453c311515ab,Maria Jones,maria.jones1@acme.com,Marketer,team-8,2024-08-01 17:33:28.138460
522964ec-ab7f-477a-8466-db5f2a4950af,Michael West,michael.west1@acme.com,Engineer,team-8,2022-03-09 17:33:28.138460
ea158f43-3736-4c83-b19d-5ea60b71ef0d,Jordan Sloan,jordan.sloan@acme.com,Product Manager,team-11,2023-04-04 17:33:28.138460
37fc0e2c-a8ba-4002-8afa-41aa4a3413a9,Troy Moore,troy.moore@acme.com,Product Manager,team-10,2025-08-14 17:33:28.138460
57a764f3-8265-4e13-95da-3ce53ca5dfd4,Susan Lyons,susan.lyons@acme.com,Product Manager,team-3,2020-11-11 17:33:28.138460
41ee32f1-750e-4dea-a98f-e8dba279fedf,Christopher Everett,christopher.everett@acme.com,Designer,team-10,2023-03-28 17:33:28.138460
80787587-f49e-4cf4-9d80-f2f356692867,Kenneth Rodriguez,kenneth.rodriguez@acme.com,Engineer,team-7,2021-04-26 17:33:28.138460
cf60004d-9442-4482-b31c-f803b0a40c49,Denise Davis,denise.davis@acme.com,Engineer,team-13,2020-04-19 17:33:28.138460
37c7a992-70a6-496e-80eb-aa502a30cb6c,Madison Rice,madison.rice@acme.com,Marketer,team-13,2020-01-17 17:33:28.138460
cf87f380-6840-4b5e-8a8a-ccab519b9fac,Traci Johnson,traci.johnson@acme.com,Product Manager,team-13,2019-01-25 17:33:28.138460
0aca2035-ce51-455b-90e7-03d18569c262,Dawn Walker,dawn.walker@acme.com,Product Manager,team-2,2022-01-08 17:33:28.138460
e7a85a67-599a-4541-b160-6db309267cf9,Cindy Lawson,cindy.lawson@acme.com,Designer,team-9,2019-02-17 17:33:28.138460
7cbcffd5-8382-449d-97ec-a20275768f77,Melissa Delacruz,melissa.delacruz@acme.com,Designer,team-4,2018-03-10 17:33:28.138460
c951cda6-66d6-4784-bfe1-ff2a53e88175,Jennifer Byrd,jennifer.byrd@acme.com,Marketer,team-1,2025-06-08 17:33:28.138460
cd8dc523-0041-408b-9a11-5ad2bc7c0a6d,Rachel Clay,rachel.clay@acme.com,Ops,team-9,2021-04-26 17:33:28.138460
847b57fe-1cd9-49fe-91f5-c755a509630a,Matthew Wilson,matthew.wilson@acme.com,Designer,team-11,2016-03-08 17:33:28.140463
12221217-e792-47f5-b1b6-343594a04286,Diane Peterson,diane.peterson@acme.com,Designer,team-15,2022-05-03 17:33:28.140463
b481690d-e5ff-4880-9d76-1fab2c0d8e38,Joshua Griffin,joshua.griffin@acme.com,Engineer,team-14,2022-08-27 17:33:28.140463
cb0ee298-3ad9-45b9-81f8-f6549d94aa7a,Jeremy Williams,jeremy.williams@acme.com,Product Manager,team-6,2016-04-18 17:33:28.140463
bf528887-ee62-4513-8a93-fd35d620690a,Regina Pham,regina.pham@acme.com,Marketer,team-7,2022-05-14 17:33:28.140463
9db9374f-8b45-451b-9754-d7a482860c39,Stephanie Doyle,stephanie.doyle@acme.com,Engineer,team-10,2021-09-10 17:33:28.140463
c6bad38c-c57f-48bd-b13a-57446f66dde9,Ryan Thompson,ryan.thompson@acme.com,Designer,team-14,2020-08-06 17:33:28.140463
5dda29ab-5570-4b98-9ef1-34cc9aea03f0,Wendy King,wendy.king@acme.com,Designer,team-2,2017-07-05 17:33:28.140463
64a88ee9-19b6-4ce3-a9bf-735ac77dc6be,Brittany Miller,brittany.miller@acme.com,Product Manager,team-9,2023-02-01 17:33:28.140463
6d196d28-3881-4c94-81cd-2dce832381df,Vanessa Rivera,vanessa.rivera@acme.com,Product Manager,team-6,2016-12-13 17:33:28.140463
a7be6024-e601-47cf-9b3a-4c4b6738fb5e,Cassandra Pratt,cassandra.pratt@acme.com,Product Manager,team-12,2019-01-25 17:33:28.140463
cba5e6e9-99fe-4097-be4d-503088529588,George James,george.james@acme.com,Engineer,team-5,2025-11-15 17:33:28.140463
a2ad8389-3cfc-415a-913a-1416f8665eeb,Sarah Maxwell,sarah.maxwell@acme.com,Engineer,team-9,2022-08-31 17:33:28.140463
8b34181e-4863-4f08-b53b-5a95981fc1d9,Javier Rose,javier.rose@acme.com,Ops,team-12,2024-03-12 17:33:28.140463
adab82f6-99d4-4724-8df0-6799c8afc9c0,Amanda Alexander,amanda.alexander@acme.com,Engineer,team-6,2025-12-17 17:33:28.140463
2572f61a-e312-4830-9dfb-790daba57de5,Michelle Hanson,michelle.hanson@acme.com,Engineer,team-10,2018-08-28 17:33:28.140463
91e33303-56e6-4de0-8114-68e39fcfd6d4,Todd Burns,todd.burns@acme.com,Designer,team-11,2019-03-31 17:33:28.140463
fd78fa94-096b-4388-a6f6-66c0837b1891,Thomas Stevenson,thomas.stevenson@acme.com,Marketer,team-6,2018-07-14 17:33:28.140463
7858aa38-3673-4573-805d-679afbbf976a,Jeremy Romero,jeremy.romero@acme.com,Product Manager,team-11,2023-04-18 17:33:28.140463
650fec0b-7ba0-4c8d-9529-668b3ef64e28,Steven Banks,steven.banks@acme.com,Engineer,team-6,2017-07-12 17:33:28.140463
3100e036-fb74-47fd-9eb9-f57479b94520,Steven Smith,steven.smith@acme.com,Product Manager,team-10,2017-04-05 17:33:28.140463
5a10b4d1-e64e-423a-a78b-b5ce5343bf0a,Alexis Allen,alexis.allen@acme.com,Designer,team-9,2025-06-06 17:33:28.140463
0bfd93ce-2157-460b-b349-8fb4a77644bc,Jonathan Berry,jonathan.berry@acme.com,Engineer,team-7,2021-03-04 17:33:28.140463
a8f0d8f1-86b1-4119-8ae3-f0af0c2b0543,Laura Douglas,laura.douglas@acme.com,Engineer,team-14,2015-12-09 17:33:28.140463
b21098b3-cbfd-4a32-ace6-646d6bc61da1,Richard Soto,richard.soto@acme.com,Ops,team-18,2024-07-19 17:33:28.142206
2400467c-a2f9-46ff-8d3e-50314947c1a2,Jesse Velasquez,jesse.velasquez@acme.com,Designer,team-7,2017-09-13 17:33:28.142206
1a03f756-cf79-4952-9d04-9f274a2138c5,Ana Scott,ana.scott@acme.com,Product Manager,team-8,2023-12-16 17:33:28.142206
804c889a-2890-48b0-a8d2-e2ccdc4ad402,Daniel Price,daniel.price1@acme.com,Product Manager,team-14,2023-10-23 17:33:28.142206
48adbac8-dfc1-4c96-85e2-0b3104c11fa9,Cassandra Lynch,cassandra.lynch@acme.com,Ops,team-0,2021-05-08 17:33:28.142206
f3dc8ca5-f9c6-4bda-a9a1-000a5df58eff,Christopher Smith,christopher.smith@acme.com,Ops,team-8,2017-04-29 17:33:28.142206
1a7c59d4-d4bd-48ac-b0a0-fb5b318d70bd,Aaron Wells,aaron.wells@acme.com,Marketer,team-8,2021-07-15 17:33:28.142206
d87c1226-e995-4942-b2b1-9f566eaf5355,James Hays,james.hays@acme.com,Designer,team-13,2018-09-18 17:33:28.142206
2716feeb-f7d7-46f9-b641-4188a5dc3ad1,Brittany Thomas,brittany.thomas@acme.com,Engineer,team-0,2016-07-24 17:33:28.142206
4cf8cbe2-d0ee-49d8-8505-76b2f5b5c00f,James Brown,james.brown@acme.com,Ops,team-18,2021-02-06 17:33:28.142206
17a03570-82af-4ae6-910b-1282def6f318,Matthew Smith,matthew.smith1@acme.com,Designer,team-4,2025-10-12 17:33:28.142206
2b23ee95-0a37-4ff8-bda4-b81070067804,Lindsey Huerta,lindsey.huerta@acme.com,Engineer,team-17,2019-11-06 17:33:28.142206
603eb775-068d-4da4-8406-d0896584c628,Gregory Smith,gregory.smith1@acme.com,Designer,team-7,2023-07-23 17:33:28.142206
ac718293-f04b-4875-bc63-42e0f4c9f566,Christopher Peters,christopher.peters@acme.com,Product Manager,team-5,2019-12-18 17:33:28.142206
26b6a0b5-d820-4314-925f-fb22751c1e00,Michael Mcfarland,michael.mcfarland@acme.com,Product Manager,team-0,2024-10-29 17:33:28.142206
d5e9eac4-8003-4ece-a407-3781ed675c11,Lisa Marsh,lisa.marsh@acme.com,Designer,team-19,2024-03-18 17:33:28.142206
4cfc57ba-01c8-4075-ad93-ad24174e53fb,Michael Johnston,michael.johnston@acme.com,Engineer,team-3,2023-06-06 17:33:28.142206
0b39a03b-c989-4c17-8023-1b0142b0918c,Erica Freeman,erica.freeman@acme.com,Engineer,team-11,2022-11-25 17:33:28.142206
55486dba-dee8-43bf-b5fa-b68c399382b8,Alison James,alison.james@acme.com,Marketer,team-1,2019-02-12 17:33:28.142206
1f8cdb99-9a7e-417e-b64b-b2ef84b9ff14,Jessica Taylor,jessica.taylor@acme.com,Marketer,team-16,2018-08-11 17:33:28.142206
55022c75-3ff4-4cd9-8db3-1fb8fe18122a,Grant Mosley,grant.mosley@acme.com,Product Manager,team-17,2019-11-05 17:33:28.142206
ef35266d-6fe6-4043-9298-2b3215aeb7fb,Jose Garcia,jose.garcia@acme.com,Marketer,team-15,2020-05-23 17:33:28.142206
e7f2c1c1-4806-4b1a-8bbb-fbd0c9b6cccc,Olivia Richard,olivia.richard@acme.com,Designer,team-6,2021-10-10 17:33:28.142206
e346af5d-9149-4ab7-987b-7df2a86e2f6b,Jasmine Tapia,jasmine.tapia@acme.com,Ops,team-1,2024-10-03 17:33:28.142206
546835af-a5be-4760-b078-9dae2b966dbd,Joel Perez,joel.perez@acme.com,Engineer,team-6,2025-09-19 17:33:28.142206
6cdb4d97-a420-45ea-aee7-cafbcc2bd7dc,Mrs. Tonya Lawrence,mrs..tonya.lawrence@acme.com,Marketer,team-10,2021-11-10 17:33:28.143946
76044cd6-eca3-41e9-b79a-0eb706223a60,Christopher Pitts,christopher.pitts@acme.com,Marketer,team-19,2016-07-28 17:33:28.143946
8dea283f-f441-4f0b-a026-c35e38adbe4f,Shannon Smith,shannon.smith@acme.com,Marketer,team-5,2021-09-09 17:33:28.143946
a8a857fa-2fbe-4a04-9632-6e5677c4c1c7,Daniel Sanchez,daniel.sanchez2@acme.com,Designer,team-4,2024-04-20 17:33:28.143946
a88f590f-c68a-47d2-bad2-23376c89c916,Rebecca Walker,rebecca.walker1@acme.com,Engineer,team-7,2023-09-01 17:33:28.143946
4c9a12c1-b957-45bd-88ce-2b1c020ff5ce,Cesar Scott,cesar.scott@acme.com,Product Manager,team-19,2023-11-15 17:33:28.143946
5240b173-bd0b-43c8-a40d-a2b11a1d20e4,Richard Diaz,richard.diaz@acme.com,Designer,team-6,2022-11-17 17:33:28.143946
d912626b-a8ef-48c7-a034-702d879a8483,Timothy Sosa,timothy.sosa@acme.com,Engineer,team-8,2017-08-19 17:33:28.143946
f99366a0-f445-4efa-8f8d-ccd67223d7e0,Michael Brown,michael.brown2@acme.com,Marketer,team-15,2019-12-18 17:33:28.143946
8f23d9bf-dbfb-46bb-b201-63d79f7dcaa8,Catherine Bond,catherine.bond@acme.com,Designer,team-11,2020-09-26 17:33:28.143946
d13567c9-f5a7-4d2d-b47b-bf27f37da608,Sandra Maldonado,sandra.maldonado@acme.com,Engineer,team-13,2025-09-12 17:33:28.143946
1ccf6393-fbdd-44fa-93a7-1a3c6fd441aa,Felicia Strickland,felicia.strickland@acme.com,Marketer,team-14,2022-01-15 17:33:28.143946
70258477-5e00-4dc0-993a-5a7667b4e7ed,Tyler Rocha,tyler.rocha@acme.com,Marketer,team-7,2018-02-25 17:33:28.143946
9694baf4-137c-4edb-98a7-df739fada728,Katherine Sosa,katherine.sosa@acme.com,Ops,team-5,2020-10-02 17:33:28.143946
a8138423-3763-43c5-8aca-b09bae7ccf1a,Matthew Allison,matthew.allison@acme.com,Marketer,team-17,2022-03-14 17:33:28.143946
c00e1cc3-df67-4e54-8446-cc419801d684,Jesse Sanford,jesse.sanford@acme.com,Engineer,team-8,2024-09-07 17:33:28.143946
f0ce0c7c-d433-4834-aafe-d8ef0b2e65ad,Barbara Garcia,barbara.garcia@acme.com,Marketer,team-3,2019-02-04 17:33:28.143946
3db1f31f-a8a5-4562-91b2-adaf2bdf1f47,Wendy Rivas,wendy.rivas@acme.com,Product Manager,team-0,2023-07-20 17:33:28.143946
9d69ea5e-9be0-4777-9925-bb285c134ae1,Victor Anderson,victor.anderson@acme.com,Ops,team-18,2017-09-08 17:33:28.143946
20f39e97-d2a5-42e8-907e-f3be31b179a8,Mason Brown,mason.brown@acme.com,Product Manager,team-9,2025-12-23 17:33:28.143946
cd53ce0c-0771-4883-8e4e-a9acc79a0267,Alvin Gomez,alvin.gomez@acme.com,Product Manager,team-15,2019-12-07 17:33:28.143946
c99386f4-9447-4f45-aba0-85be494f27f8,Jordan Craig,jordan.craig@acme.com,Engineer,team-19,2020-12-06 17:33:28.143946
414c1595-6a6b-4b8a-a8bc-2e4ced4ae0b8,Shannon Vega,shannon.vega@acme.com,Product Manager,team-0,2015-11-09 17:33:28.143946
3cf8cde5-c145-4742-bbc1-cf2de94a4db6,Brianna Dominguez,brianna.dominguez@acme.com,Ops,team-0,2016-09-25 17:33:28.143946
fb2318f9-ca5d-44bd-9525-25cb4d820fe1,Victoria Ward,victoria.ward@acme.com,Designer,team-9,2022-01-12 17:33:28.143946
a2570be4-2073-4f4b-8a11-5604f95f4a09,Crystal Roth,crystal.roth@acme.com,Designer,team-3,2016-06-11 17:33:28.143946
86709806-5d60-4a83-b71a-658b61d80807,Melissa Cook,melissa.cook@acme.com,Designer,team-9,2017-12-06 17:33:28.143946
b9b7fbc4-adbf-4bbf-8ab4-58d0649f9e11,Colleen Jones,colleen.jones@acme.com,Engineer,team-19,2020-10-07 17:33:28.143946
219bd8e8-8a5a-4d4e-aefc-2c3d2527e839,James Clark,james.clark@acme.com,Marketer,team-9,2024-01-04 17:33:28.145949
32f907b9-ee76-4420-9453-4a916fed4666,Ronald Eaton,ronald.eaton@acme.com,Engineer,team-2,2021-02-01 17:33:28.145949
a56ace61-1daa-4d2d-a98b-bb8e5de8a268,Tonya Wade,tonya.wade@acme.com,Engineer,team-9,2024-10-14 17:33:28.145949
c51bbc3c-2c54-49e7-82da-3516f4bf9895,Jeremiah Anthony,jeremiah.anthony@acme.com,Engineer,team-0,2021-02-14 17:33:28.145949
88dc2151-0516-4127-951f-5ad8656de200,Rachael Glenn,rachael.glenn@acme.com,Ops,team-14,2018-07-22 17:33:28.145949
c1610efc-297a-48cf-bf03-64996a266455,Edward Ayers,edward.ayers@acme.com,Product Manager,team-6,2017-03-01 17:33:28.145949
505a1c1c-271f-4b01-9e2b-bc02aa98f584,Rhonda Alvarez,rhonda.alvarez@acme.com,Product Manager,team-4,2025-01-13 17:33:28.145949
6a939432-abe2-4481-9984-d97599cb1742,Sandra Miller,sandra.miller@acme.com,Marketer,team-10,2022-02-05 17:33:28.145949
5180a4a1-d3f3-467a-9ed6-e37bb1253e64,David Mcbride,david.mcbride@acme.com,Marketer,team-12,2018-03-30 17:33:28.145949
dac70e1c-82fe-435b-b3c2-3539d5c53123,Jerry Wolfe,jerry.wolfe@acme.com,Product Manager,team-12,2025-12-30 17:33:28.145949
2763a5ae-2388-450f-b0a1-07e408d2dc21,Ivan Potter,ivan.potter@acme.com,Engineer,team-16,2019-06-06 17:33:28.145949
18fd92c0-ef10-4a15-9402-fbf14e86df1d,Jared Martin,jared.martin@acme.com,Marketer,team-14,2020-03-06 17:33:28.145949
9799cf9d-6d87-4f9b-bcb2-feb853204deb,Diane Allen,diane.allen@acme.com,Marketer,team-14,2024-11-18 17:33:28.145949
3dfc2068-e607-46c9-a3c3-04414556b42a,Ronald Harrison,ronald.harrison@acme.com,Designer,team-5,2019-07-21 17:33:28.145949
fdec62b5-b485-4234-9265-564d0a3351f1,Jacob Valenzuela,jacob.valenzuela@acme.com,Product Manager,team-7,2021-11-07 17:33:28.145949
2a7ca4a0-f148-4722-8d62-14010e231001,Andrew Day,andrew.day@acme.com,Product Manager,team-1,2017-10-26 17:33:28.145949
12aea1dd-0846-4e99-8616-ec08e7cb84b4,Ashley Mcmillan,ashley.mcmillan@acme.com,Designer,team-18,2022-05-09 17:33:28.145949
27689a5a-e8f0-45ae-a9b6-7d2295094818,Angela Hancock,angela.hancock@acme.com,Product Manager,team-14,2021-07-08 17:33:28.145949
80571d77-df8e-4a43-a5ae-ae6a3ad0d2da,Kyle Clark,kyle.clark@acme.com,Engineer,team-8,2015-10-09 17:33:28.145949
847e0db4-4aa2-46c1-b3d7-2a837e4df3bf,Allen Ewing,allen.ewing@acme.com,Product Manager,team-3,2023-09-06 17:33:28.145949
3eccd365-fece-4b44-84ef-a2a03fc00dc5,Samantha Medina,samantha.medina@acme.com,Ops,team-7,2023-11-01 17:33:28.145949
88b0228f-97ab-4ab5-a9cb-e21aa1fed066,Elizabeth Acevedo,elizabeth.acevedo@acme.com,Product Manager,team-9,2018-11-11 17:33:28.145949
c3672dbf-40c2-4d7c-8396-5d1b63c07d39,Terri Hood,terri.hood@acme.com,Ops,team-17,2023-08-08 17:33:28.145949
f0713fe9-c425-4b9d-b61e-88127fff0e62,Michael Trevino,michael.trevino@acme.com,Ops,team-8,2020-09-12 17:33:28.145949
eb95513c-ecb1-44fd-a8af-799d4728702d,Monica Johnston,monica.johnston@acme.com,Engineer,team-0,2021-11-29 17:33:28.145949
1fe09488-e4a9-4aae-b5c6-e148ffd0ab3d,Natalie Holland,natalie.holland@acme.com,Marketer,team-8,2024-06-09 17:33:28.145949
9fa2b13e-1062-45cd-9a6b-648292c3aafc,Bradley Bowers,bradley.bowers1@acme.com,Ops,team-19,2016-04-16 17:33:28.145949
800cc2cd-cd4b-4af6-affa-0c6643936ae8,Robert Wiley,robert.wiley@acme.com,Product Manager,team-8,2025-11-13 17:33:28.145949
622516e1-38ab-4c2b-b5ee-39be224afeec,Jacqueline Cline,jacqueline.cline@acme.com,Marketer,team-9,2024-03-09 17:33:28.147951
cd979b14-de06-4803-b4d7-2f9acb7d0c27,Jamie Mcdaniel,jamie.mcdaniel@acme.com,Designer,team-13,2024-05-11 17:33:28.147951
a426eb1f-a84d-4508-b2c7-0f3fe2904a12,Matthew Martinez,matthew.martinez@acme.com,Designer,team-3,2018-11-29 17:33:28.147951
43cf25e1-d1dd-4eda-83dd-2ca42415d072,Brittany Reynolds,brittany.reynolds@acme.com,Product Manager,team-1,2021-11-29 17:33:28.147951
c3fe9004-dfa8-471b-ba00-ec5f63edcfa0,Vicki Green,vicki.green@acme.com,Engineer,team-1,2025-06-26 17:33:28.147951
af778301-e514-428f-a9b3-f40ffb6a6460,Jeffrey Martinez,jeffrey.martinez@acme.com,Designer,team-19,2022-08-25 17:33:28.147951
0bfae5b1-517b-4764-8609-1cc0a442274c,Dominique Goodman,dominique.goodman@acme.com,Ops,team-10,2017-01-31 17:33:28.147951
0619c12d-8e64-4fe5-ab46-c7d1cce637bf,Lisa Austin,lisa.austin@acme.com,Product Manager,team-7,2025-09-24 17:33:28.147951
ef954724-a5f8-4ffd-aed1-225b56503527,Deborah Becker,deborah.becker@acme.com,Designer,team-19,2025-08-08 17:33:28.147951
a2fffd4c-e854-479f-8bae-5689e8f39fb9,Stephen Farmer,stephen.farmer@acme.com,Marketer,team-14,2017-08-20 17:33:28.147951
1ae7686a-aa69-415a-a107-cd1215ea038b,Robert Huynh,robert.huynh@acme.com,Designer,team-13,2022-07-16 17:33:28.147951
b602e211-37b6-4355-90ff-57afcba9b319,Jeanne Smith,jeanne.smith@acme.com,Engineer,team-1,2020-06-19 17:33:28.147951
4690a423-df6d-43d7-91cb-08563b013413,Scott Wright,scott.wright@acme.com,Product Manager,team-14,2019-12-12 17:33:28.147951
7f7f19b7-3f85-493e-8616-d8114ab34bf4,Todd Mooney,todd.mooney@acme.com,Ops,team-0,2017-07-08 17:33:28.147951
edb84769-4204-4481-ac9f-fadf7d3fa63f,John Rodriguez,john.rodriguez2@acme.com,Designer,team-3,2018-09-26 17:33:28.147951
ba9013b9-329e-4640-9f3d-2351c75af9c0,Michelle Brown,michelle.brown2@acme.com,Engineer,team-12,2022-10-28 17:33:28.147951
c8ae6fa0-4388-4add-95f8-3137883b6980,Andrea Robinson,andrea.robinson@acme.com,Ops,team-6,2017-07-19 17:33:28.147951
c9c3ae51-6150-4d87-a2f4-f2e9fb8440e9,Charles Mata,charles.mata@acme.com,Designer,team-13,2021-03-12 17:33:28.147951
a950e2da-b545-414d-a1b1-aaa056fc5e6e,Lindsay Castillo,lindsay.castillo@acme.com,Designer,team-4,2018-07-18 17:33:28.147951
58608e3c-ff6f-4000-80e2-df0359d28712,Angela Smith,angela.smith@acme.com,Designer,team-13,2023-06-09 17:33:28.147951
01ea51d8-ada7-442b-86ed-2a1c37089dd8,Michael Jones,michael.jones2@acme.com,Designer,team-15,2022-11-30 17:33:28.147951
c9cd6a79-1d01-43f4-90c3-3886b8dc9aef,Dr. Brandon Valenzuela,dr..brandon.valenzuela@acme.com,Product Manager,team-15,2022-05-01 17:33:28.147951
dab05ea5-506e-4049-8a55-a26fa28dca5e,Michael Reynolds,michael.reynolds@acme.com,Ops,team-1,2020-07-31 17:33:28.147951
cd1ac3d3-803b-48e0-a5ac-1c9edb6f166c,John Hunt,john.hunt@acme.com,Engineer,team-4,2023-10-23 17:33:28.147951
4a26cfc1-44b4-403b-b7a8-95d4a9f3a1c2,Regina Aguilar,regina.aguilar@acme.com,Product Manager,team-11,2025-07-09 17:33:28.147951
ba3573c4-715d-4706-a030-c6eb010d6029,Brian Guerra,brian.guerra@acme.com,Designer,team-17,2018-10-20 17:33:28.147951
cf1fef4c-3a76-450a-93f4-30996dc613f0,Christopher Walton,christopher.walton@acme.com,Designer,team-16,2024-01-29 17:33:28.147951
01b96143-ff86-464d-a8a6-f947a046bcac,Stephanie Keller,stephanie.keller@acme.com,Ops,team-14,2023-02-06 17:33:28.147951
7ab67da0-0750-4c59-a605-17949282622e,Kayla Hayes,kayla.hayes@acme.com,Marketer,team-5,2016-04-20 17:33:28.149954
46971765-6254-410b-bad6-26f1cf29f920,Michael Cabrera,michael.cabrera1@acme.com,Ops,team-17,2024-10-04 17:33:28.149954
0d84ed0f-95a3-482f-9b53-ee31bf6520e3,Angela Guerrero,angela.guerrero@acme.com,Designer,team-1,2018-02-24 17:33:28.149954
5cd7dc32-a049-44e7-acf3-ca44bb8b58c6,Robert Greene,robert.greene@acme.com,Designer,team-7,2016-02-15 17:33:28.149954
e124206d-de84-418f-b24e-e40e729f0e6c,Craig Sutton,craig.sutton@acme.com,Engineer,team-16,2020-06-08 17:33:28.149954
c6b7ba16-1ec0-4f9e-a860-fab946617881,Billy Matthews,billy.matthews@acme.com,Designer,team-14,2018-04-11 17:33:28.149954
d0405c26-ddf4-4ff6-a4a5-4c22fd9402fd,Christina Chambers,christina.chambers@acme.com,Ops,team-12,2023-07-16 17:33:28.149954
3576a503-a1f0-49c6-8b85-dc01e2eb7b35,Craig Gray,craig.gray@acme.com,Ops,team-8,2022-04-22 17:33:28.149954
d645f60a-89d7-42b7-a764-0e26893a5c67,Rhonda Proctor,rhonda.proctor@acme.com,Ops,team-0,2015-12-25 17:33:28.149954
57cfb892-2416-4046-ac99-056195c6e859,Jessica Leonard,jessica.leonard@acme.com,Ops,team-4,2023-03-03 17:33:28.149954
8e58a707-a250-4e8a-9fa9-ea40b49c2b62,Gabrielle Watts,gabrielle.watts@acme.com,Engineer,team-17,2025-12-15 17:33:28.149954
1e5363c7-0ae1-45bc-9afe-8fd844e25102,Barbara Miller,barbara.miller@acme.com,Designer,team-3,2018-12-07 17:33:28.149954
be14e7d8-08a9-4412-adce-8612aff057fe,Leslie Weaver,leslie.weaver@acme.com,Product Manager,team-15,2020-06-05 17:33:28.149954
991706c3-f8e8-49fe-a673-afa7790a50c1,Billy Davis,billy.davis@acme.com,Marketer,team-1,2018-08-10 17:33:28.149954
26b76004-5f7e-4620-844d-dffdeb067ff9,Jason Morrow,jason.morrow@acme.com,Designer,team-1,2021-05-05 17:33:28.149954
6992f7eb-9920-439f-8886-16c306bb139f,Christopher Acosta,christopher.acosta@acme.com,Ops,team-5,2021-12-31 17:33:28.149954
5e8c1c07-fa22-4c7a-966d-a77e650d135a,Teresa Morgan,teresa.morgan@acme.com,Designer,team-3,2022-11-17 17:33:28.149954
85013a00-6a0e-4940-af4c-e9b954d81c3e,Bradley Solis,bradley.solis@acme.com,Designer,team-12,2017-08-20 17:33:28.149954
f1d7c188-1d11-4405-b301-271502a9cfc6,Jesse Nicholson,jesse.nicholson@acme.com,Ops,team-14,2022-07-17 17:33:28.149954
42179616-e9ea-4969-87de-5127bf6f44d4,Stephanie Long,stephanie.long@acme.com,Marketer,team-18,2016-09-02 17:33:28.149954
2680cefe-3015-476c-81ee-37a9007b21b8,April Henson,april.henson@acme.com,Marketer,team-1,2018-07-03 17:33:28.149954
121bf2bf-1176-467c-84a8-b2a71f754357,Gary Gray,gary.gray@acme.com,Designer,team-14,2025-03-01 17:33:28.149954
5b1b7d7b-0dd7-4f79-a422-6bba13b387fe,Robert Mejia,robert.mejia@acme.com,Designer,team-16,2022-09-12 17:33:28.149954
a2d3fb72-95cf-4881-862d-a2c4332f31f8,Anthony Allen,anthony.allen@acme.com,Ops,team-3,2019-11-19 17:33:28.149954
134f9591-2f5a-46c3-94ce-ad20d624f209,Andrea Bullock,andrea.bullock@acme.com,Designer,team-19,2021-07-11 17:33:28.149954
bd4c6d76-82b3-471f-b0df-769d7847e7a9,Joshua Santos,joshua.santos@acme.com,Ops,team-6,2024-10-05 17:33:28.149954
5624ac70-5012-44de-bfe7-ecf11555452f,Natasha Nicholson,natasha.nicholson@acme.com,Designer,team-14,2023-02-09 17:33:28.149954
d56b975f-b0d0-48a2-8df2-95d92b3b2bcb,Courtney Stephens,courtney.stephens@acme.com,Ops,team-15,2025-07-15 17:33:28.149954
32e6fb42-a7f5-45ab-9c98-d38ca70e6bb8,Courtney Higgins,courtney.higgins@acme.com,Designer,team-14,2021-11-26 17:33:28.149954
d96460e6-9abb-482e-84d2-5c2230d9671b,Debra Dunn,debra.dunn@acme.com,Engineer,team-4,2016-08-21 17:33:28.149954
dd5afcc6-077d-4dfc-8b85-a4779f27df1b,Monique Roberts,monique.roberts@acme.com,Ops,team-11,2017-10-19 17:33:28.149954
bd863e84-a7ed-4323-b071-b97512d7e1af,Ryan Hurst,ryan.hurst@acme.com,Designer,team-7,2024-07-30 17:33:28.149954
444bfa7b-9c1c-479c-b231-cd195baa9c51,Christopher Park,christopher.park@acme.com,Product Manager,team-16,2020-09-25 17:33:28.149954
5e6cd251-403d-409d-96eb-a70490f2ea7a,Paul Cross,paul.cross@acme.com,Product Manager,team-13,2016-01-12 17:33:28.149954
2c7796e4-b2b1-4982-ba1a-8d3c267da483,Scott Reid DVM,scott.reid.dvm@acme.com,Product Manager,team-2,2022-02-16 17:33:28.149954
3603c70b-99b0-4877-9747-718b91478c29,Michael Adams,michael.adams@acme.com,Product Manager,team-10,2020-06-15 17:33:28.149954
9cea2b4e-4008-45f2-8ed8-9893963cfa8b,Jonathan Jones,jonathan.jones1@acme.com,Engineer,team-16,2020-07-29 17:33:28.149954
973d2561-e27b-4aff-8ced-d01a6fb4133f,Sharon Rodriguez,sharon.rodriguez@acme.com,Ops,team-1,2025-01-16 17:33:28.149954
dd80be63-2adc-4105-83d2-453c3ad57db7,Joseph West,joseph.west@acme.com,Designer,team-2,2025-08-22 17:33:28.149954
0ac3043f-dac1-40c6-a363-84ddf8c9c039,Robert Wilson,robert.wilson@acme.com,Product Manager,team-5,2016-09-21 17:33:28.149954
772588c4-aba7-4e22-ad83-63a32ed3eae5,Ashley Moore,ashley.moore@acme.com,Product Manager,team-17,2017-02-21 17:33:28.149954
d2ada4d4-587f-45be-8574-382c748529bc,Taylor Hurst,taylor.hurst@acme.com,Product Manager,team-4,2021-08-06 17:33:28.149954
26a4baab-c39e-4041-8857-eb7d01f20588,Joshua Ramirez,joshua.ramirez@acme.com,Engineer,team-15,2017-01-17 17:33:28.149954
8259a824-87cc-4df1-bdac-f314bf86a008,Pam Turner,pam.turner@acme.com,Engineer,team-0,2017-06-16 17:33:28.149954
6a5ede48-f723-4d15-98f2-98de42a45063,Jill Wagner,jill.wagner@acme.com,Product Manager,team-10,2023-10-21 17:33:28.149954
a1c76234-c518-419c-b3b1-4cdabcb5448e,Emily Pugh,emily.pugh@acme.com,Product Manager,team-6,2022-04-19 17:33:28.149954
631c7f93-4ebe-4a76-94e3-952dbb9f8760,Anthony Johnson,anthony.johnson1@acme.com,Product Manager,team-18,2017-07-28 17:33:28.149954
c1711ab8-cdaa-4e9b-a637-3d58a5fe9a1a,Ariel Murray,ariel.murray@acme.com,Marketer,team-12,2019-11-12 17:33:28.149954
6064586c-ac08-46bb-b7a9-7ef7235298e2,William Wright,william.wright@acme.com,Product Manager,team-1,2019-09-03 17:33:28.149954
899c61c1-1aed-4f09-96ef-9af2ab3cec58,Timothy Taylor,timothy.taylor@acme.com,Ops,team-4,2018-04-06 17:33:28.149954
e570f6dc-5446-4893-9fde-b6958df9875b,Michael Gonzalez,michael.gonzalez2@acme.com,Engineer,team-11,2020-08-14 17:33:28.149954
5bd243df-7583-48dc-99e2-695fd246df9d,Alexander Ross,alexander.ross@acme.com,Designer,team-14,2019-09-20 17:33:28.149954
0d12110b-8a9d-47cc-8307-324dd9717f58,Cynthia Ramirez,cynthia.ramirez@acme.com,Ops,team-2,2024-09-27 17:33:28.149954
8285c3ae-17d8-4b51-a425-d5c7bc946cc5,Joe Woodard,joe.woodard@acme.com,Engineer,team-11,2017-12-07 17:33:28.149954
e629ca22-9d23-4c5c-95db-a60c1182f690,Crystal Wells,crystal.wells@acme.com,Engineer,team-13,2017-04-24 17:33:28.149954
17a2dfa3-9015-47be-b785-6cb84ca39ae4,Anthony Johnson,anthony.johnson2@acme.com,Engineer,team-17,2020-07-03 17:33:28.149954
4b6e24da-ddef-4ef2-93fc-b3aa5b8cfce4,Adrian Flores,adrian.flores@acme.com,Product Manager,team-16,2021-04-30 17:33:28.149954
4d971966-4728-4cdf-83ab-7846d63a4f4a,Mary Brown,mary.brown1@acme.com,Product Manager,team-17,2018-09-29 17:33:28.149954
cdf86105-0081-42c1-9c78-b3d601eefe6e,Robert Garcia,robert.garcia1@acme.com,Designer,team-4,2018-03-26 17:33:28.149954
a3494df4-752a-4545-a4b7-0e845446eea4,Jenny Williams,jenny.williams@acme.com,Product Manager,team-8,2021-01-03 17:33:28.149954
7208f87f-dbca-4d55-bb08-cb157f632e1d,James Hopkins,james.hopkins@acme.com,Engineer,team-5,2021-04-11 17:33:28.149954
bd4b9cb1-7aac-46f9-8da2-08e159b6c09b,Robert Bonilla,robert.bonilla@acme.com,Engineer,team-13,2022-01-13 17:33:28.149954
5d890b38-04f9-4dd5-a524-acd563069a4e,Alejandro Cameron,alejandro.cameron@acme.com,Designer,team-12,2017-02-07 17:33:28.149954
0bf413b6-b66e-4c3f-a0c7-2f57c04a5b76,Brianna Gonzales,brianna.gonzales@acme.com,Product Manager,team-4,2020-09-20 17:33:28.149954
b29ffcad-1682-4685-aaa9-6f38b1284743,Molly Baldwin,molly.baldwin@acme.com,Designer,team-1,2021-11-17 17:33:28.149954
4ddbc1e4-d051-4547-bad5-1d3b06b71325,Nicholas Spencer,nicholas.spencer@acme.com,Designer,team-9,2017-07-23 17:33:28.149954
edaa6580-e9cf-452b-b8bc-881cc9a671ac,Henry Acevedo,henry.acevedo@acme.com,Marketer,team-8,2016-02-29 17:33:28.149954
dffb75bd-2924-48b4-bc46-f0a0916098c8,Michelle Obrien,michelle.obrien@acme.com,Designer,team-17,2018-04-30 17:33:28.149954
84654539-d6b8-4ace-9efb-97f3242569d6,Jennifer Greer,jennifer.greer@acme.com,Designer,team-17,2015-09-05 17:33:28.149954
2d2a09b0-4564-457d-bc68-2c02dcea037e,Terri Castro,terri.castro@acme.com,Ops,team-0,2023-07-10 17:33:28.149954
df478cd4-1606-449a-a73d-dc21e27caaa1,Michelle Gutierrez,michelle.gutierrez@acme.com,Ops,team-4,2021-11-12 17:33:28.149954
c84f4537-4de0-4c04-81b9-7c900368d355,Christopher Huff,christopher.huff@acme.com,Marketer,team-17,2020-09-30 17:33:28.149954
4e99a32e-e335-4669-8b5e-4a70e2dbb625,Colleen Stuart,colleen.stuart@acme.com,Engineer,team-5,2025-07-05 17:33:28.149954
6a8da22e-c56d-41bc-8906-08a3083023ba,Derrick Butler,derrick.butler@acme.com,Ops,team-2,2025-12-27 17:33:28.149954
766f662d-933a-4efd-bfec-5c5502568c17,James Graham,james.graham@acme.com,Product Manager,team-13,2019-10-06 17:33:28.149954
5adf5530-0475-4f2b-b64b-84e6ca9874e8,Teresa Ramsey,teresa.ramsey@acme.com,Product Manager,team-13,2019-07-17 17:33:28.149954
231fe168-d798-4ddb-9097-d973d32e606e,Elizabeth Jarvis,elizabeth.jarvis@acme.com,Engineer,team-0,2022-06-21 17:33:28.149954
e4cc914b-101d-4c53-b630-c56aed60f0be,Brittney Bond,brittney.bond@acme.com,Marketer,team-10,2017-06-07 17:33:28.149954
7a6dab3f-725c-473c-9db9-e9c0f45bd424,Rebecca Cochran,rebecca.cochran@acme.com,Ops,team-12,2018-09-26 17:33:28.149954
c6fa4d05-ff64-4eec-a39a-75a7e7a75e70,Noah Leonard,noah.leonard@acme.com,Marketer,team-6,2021-07-11 17:33:28.149954
f9c2acae-be89-4df7-ab3d-7ef1249cb13d,Sara Caldwell,sara.caldwell@acme.com,Engineer,team-9,2017-01-08 17:33:28.149954
06005f68-77c6-41e5-b52f-a946936f1d18,Shelly Waters,shelly.waters@acme.com,Product Manager,team-14,2018-05-04 17:33:28.149954
b2dc30ee-2842-473e-9412-5541f08712a4,Jesus Coleman,jesus.coleman@acme.com,Engineer,team-18,2023-11-10 17:33:28.149954
da106cdd-1af9-4185-82b0-b4c7ca639e04,Mary Ray,mary.ray@acme.com,Engineer,team-10,2019-11-25 17:33:28.149954
17cb62e1-bcf7-4c46-b128-42b34167a449,Alexis Baird,alexis.baird@acme.com,Ops,team-8,2019-05-28 17:33:28.149954
e877fe0b-ec27-43c4-b182-4650147f72c6,Bryan Phillips,bryan.phillips@acme.com,Marketer,team-4,2025-02-11 17:33:28.149954
67cd65aa-e2e5-4cdb-af3e-e2fe63a7c280,Marissa Baker,marissa.baker@acme.com,Product Manager,team-6,2017-09-21 17:33:28.149954
83e7b4b7-2d65-458c-aa2d-28590d913de5,Kristen Reynolds,kristen.reynolds@acme.com,Product Manager,team-19,2018-11-19 17:33:28.149954
4ea5de7b-7fbe-4ad9-95fe-a3e4f8e535c2,William Oconnor,william.oconnor@acme.com,Designer,team-10,2017-12-10 17:33:28.149954
d7fc47c8-7d0b-4d95-8e8e-4d2e51968ce9,Douglas Porter,douglas.porter@acme.com,Engineer,team-7,2022-12-02 17:33:28.149954
83817125-090b-4aa2-bcf3-08f9e99afca1,Philip Harris,philip.harris@acme.com,Engineer,team-3,2016-08-18 17:33:28.149954
4a637198-2afd-4a90-b63c-c01e4aa94e80,Tasha Lopez,tasha.lopez@acme.com,Designer,team-10,2020-05-25 17:33:28.149954
b2326f2c-7d14-42ad-af2a-04afbeb18a55,Sarah Berry,sarah.berry@acme.com,Engineer,team-13,2023-11-07 17:33:28.149954
ddb3e7a5-e68b-4f2f-85b9-18995008410c,Marc Jones,marc.jones@acme.com,Marketer,team-15,2022-02-07 17:33:28.149954
0d175ef5-02f2-4214-953d-47b5de6d5b58,Christina Gilmore,christina.gilmore@acme.com,Ops,team-16,2017-04-14 17:33:28.149954
9655fe4e-095e-4092-a5f9-48747f81946d,Dana Smith,dana.smith@acme.com,Designer,team-17,2021-07-27 17:33:28.149954
70085375-769d-4d9c-9e6b-0ea19ec7c7de,Denise Miller,denise.miller@acme.com,Product Manager,team-12,2024-03-25 17:33:28.149954
9ba744da-0031-4cb8-b7af-5abd14a2455c,Eric Frederick,eric.frederick@acme.com,Engineer,team-1,2025-10-16 17:33:28.149954
6c6fce69-1bbb-48a2-9aac-8e6ada1c2896,Christy Dawson,christy.dawson@acme.com,Ops,team-0,2021-06-17 17:33:28.149954
f2686fc0-0a32-4bb8-8c17-7c2ec26074c6,Stephanie Hunt,stephanie.hunt@acme.com,Product Manager,team-19,2019-08-04 17:33:28.149954
6b23cd9f-9afd-4d00-bcaa-a54705ddb3f1,Brent Steele,brent.steele@acme.com,Ops,team-7,2025-11-27 17:33:28.149954
97d2ec1f-6696-4740-9354-94be18aa89b9,Stephanie Porter,stephanie.porter@acme.com,Marketer,team-17,2018-04-22 17:33:28.149954
c9fda8ff-1e6b-452e-8b4b-72d73a6d4279,Rebecca Williams,rebecca.williams@acme.com,Marketer,team-6,2016-11-08 17:33:28.149954
6b11d908-5fdb-4be6-aa37-3bd947c7a50c,Valerie Lee,valerie.lee@acme.com,Product Manager,team-5,2021-01-07 17:33:28.149954
bc5fcb38-4e5f-4f84-82a7-e5abf9504da6,Penny Vang,penny.vang@acme.com,Product Manager,team-19,2019-09-21 17:33:28.149954
16eb2441-68fa-4817-a565-f52ce316787d,Kaitlyn White,kaitlyn.white@acme.com,Designer,team-17,2025-07-06 17:33:28.149954
2f4c7a5a-6bbb-477f-995c-5f98aa26727d,Jose Clark,jose.clark@acme.com,Product Manager,team-11,2021-05-24 17:33:28.149954
6e928443-12c9-418f-a3dc-12c3df057ef5,Brian Curry,brian.curry@acme.com,Product Manager,team-13,2023-09-22 17:33:28.149954
15f25000-67ba-4926-864f-fe093711ac12,David Mendoza,david.mendoza@acme.com,Ops,team-15,2018-07-25 17:33:28.149954
edeba6e9-05aa-41e4-a219-65ef63382325,Jennifer Fletcher,jennifer.fletcher@acme.com,Ops,team-15,2017-09-26 17:33:28.149954
5b46d668-8b19-4a27-99b5-6cf6ce694289,Roger Sharp,roger.sharp@acme.com,Marketer,team-16,2021-07-20 17:33:28.149954
add259e8-e59b-4b98-adc2-ce5d5adfb7d2,Julie Watson,julie.watson@acme.com,Product Manager,team-5,2018-09-25 17:33:28.149954
f826da77-5233-443b-a369-34b4076ba8ee,Lisa Moore,lisa.moore@acme.com,Ops,team-16,2020-12-21 17:33:28.149954
9d66b282-91e1-4c84-8109-a335598dc9c4,Holly Larson,holly.larson@acme.com,Designer,team-16,2021-08-16 17:33:28.149954
fbb46214-dadf-474a-bedd-339168bb7807,Justin Phillips,justin.phillips@acme.com,Engineer,team-4,2021-06-21 17:33:28.149954
a96cdc58-6902-43ea-af36-7dc1f3c3aea0,Edward Walker,edward.walker@acme.com,Designer,team-16,2020-09-10 17:33:28.149954
92d10fdf-edae-4568-830b-b601f4ad8121,Jeffery White,jeffery.white@acme.com,Product Manager,team-8,2023-06-24 17:33:28.149954
f4d3ba67-42a4-4849-b420-9878ce51d5bb,Shirley Turner,shirley.turner@acme.com,Ops,team-1,2020-09-19 17:33:28.149954
62877ae3-796e-4583-8b06-9a71147a0aa5,Maria Sanchez,maria.sanchez@acme.com,Product Manager,team-6,2015-12-03 17:33:28.149954
0490a7d9-b525-4f24-82f5-979618aaa036,Carla Martinez,carla.martinez@acme.com,Ops,team-14,2016-02-08 17:33:28.149954
a960e9e2-39e2-4229-a722-eefde6d4228b,Courtney Howard,courtney.howard@acme.com,Product Manager,team-4,2016-06-01 17:33:28.149954
db646ea3-1f8b-47a6-957d-7dee6cadc0d2,Cody Johnson,cody.johnson@acme.com,Engineer,team-1,2020-06-01 17:33:28.149954
28dc871c-cbfa-4ddb-bb2e-21a17d41ea2c,Hannah Collins,hannah.collins@acme.com,Product Manager,team-0,2016-03-17 17:33:28.149954
8929d82d-7940-4dcf-8be2-46d769785d84,Anthony Jacobs,anthony.jacobs@acme.com,Marketer,team-12,2022-02-10 17:33:28.149954
38180409-7f09-4415-8f3b-5af59fdfb881,Sally Drake,sally.drake@acme.com,Designer,team-7,2023-08-29 17:33:28.149954
f0db9e4e-17bc-4284-8ea6-5eb456c047fd,Charles Butler,charles.butler@acme.com,Marketer,team-19,2025-08-03 17:33:28.149954
ea34e9b1-4fa1-4aed-aa9d-042df5598b21,Ms. Sarah Reyes,ms..sarah.reyes@acme.com,Product Manager,team-1,2023-08-03 17:33:28.149954
33cbbab0-a44d-4cc1-8676-0bb083ba377d,Janet Holt,janet.holt@acme.com,Engineer,team-8,2021-11-08 17:33:28.149954
89dc9e2f-6e14-459b-bde5-4987ab457b77,Amber Smith DDS,amber.smith.dds@acme.com,Ops,team-7,2019-07-02 17:33:28.149954
9a59b62d-293e-451e-b188-6374a49530d2,Derrick Green,derrick.green@acme.com,Designer,team-17,2023-10-04 17:33:28.149954
191b332b-8a91-4343-a609-ed36592ad3d4,Henry Love,henry.love@acme.com,Engineer,team-4,2019-12-13 17:33:28.149954
d0030e82-33e9-4ac9-9c18-36f99adf0a75,Julie Mitchell,julie.mitchell@acme.com,Marketer,team-4,2017-12-05 17:33:28.149954
a1ad2426-319c-4627-a923-e9112c7d34c9,Nicholas Johnson,nicholas.johnson@acme.com,Marketer,team-11,2020-04-06 17:33:28.149954
ca1dee6f-ea7d-4463-b1f2-f08ffd2ef7f4,Nicole Murphy,nicole.murphy@acme.com,Product Manager,team-6,2016-04-07 17:33:28.149954
1b305210-d9a1-4a62-8348-2d3c7bb242c6,Kyle Jones,kyle.jones@acme.com,Ops,team-19,2016-07-13 17:33:28.149954
7d51865a-2019-46fb-a6ed-e6f718b56e26,Antonio Sanders,antonio.sanders@acme.com,Engineer,team-1,2015-11-09 17:33:28.149954
43a8a141-8337-4889-b110-55a8666e7b73,Nancy Alvarado,nancy.alvarado@acme.com,Engineer,team-13,2025-01-01 17:33:28.166010
fa4e1384-6fdb-44c7-ad3c-da94fb53dff8,Rachel Moore,rachel.moore@acme.com,Ops,team-0,2018-03-03 17:33:28.166010
0aeb51ef-66a5-4e89-9547-b42d3efb1a3a,Jacob Chen,jacob.chen@acme.com,Marketer,team-13,2023-06-24 17:33:28.166010
482847ed-d3d4-4376-81f5-632507b34999,Denise Matthews,denise.matthews1@acme.com,Marketer,team-8,2022-10-07 17:33:28.166010
d3db08d1-b05f-4ca1-9e69-2816942994d9,Maria Gutierrez,maria.gutierrez@acme.com,Ops,team-19,2019-05-01 17:33:28.166010
5e71aa03-d3b1-426f-adbc-aed2ddd460ea,Willie Patrick,willie.patrick@acme.com,Engineer,team-15,2022-04-08 17:33:28.166010
cc9a7716-500f-4c0c-a1bc-607526d61db8,Jason Rush,jason.rush@acme.com,Product Manager,team-9,2020-01-03 17:33:28.166010
18167c4a-4160-459c-943a-818d374a68e7,Gregory Hurst,gregory.hurst@acme.com,Engineer,team-15,2022-05-04 17:33:28.166010
c5d43ce4-2d5f-4ba2-a2b2-e3d16b6df04f,Cynthia Warren,cynthia.warren@acme.com,Ops,team-8,2024-04-25 17:33:28.166010
068f09cb-b14e-4c83-8755-c8adcdc00bfe,Kyle King,kyle.king@acme.com,Product Manager,team-2,2018-12-28 17:33:28.166010
a2fff19e-20a5-4bc9-afba-a58ff9378004,Alexandria Wilson,alexandria.wilson@acme.com,Marketer,team-8,2018-08-07 17:33:28.166010
9e7af40f-eec2-4a2e-86b6-b02ee4ae6e63,Emily Clayton,emily.clayton@acme.com,Marketer,team-9,2016-08-30 17:33:28.166010
19094ae3-36dc-4953-9435-dc52952708cc,Hannah Murray,hannah.murray@acme.com,Ops,team-2,2025-07-19 17:33:28.166010
f24d39c0-ba28-4467-8dea-e89efa952054,William Miller,william.miller@acme.com,Ops,team-8,2017-09-09 17:33:28.168018
446ef486-ea6e-42e7-aedd-41be3ddfc386,Brandy Miller,brandy.miller@acme.com,Designer,team-17,2024-10-14 17:33:28.168018
3090b6c2-5a2c-4120-8022-dc71d121d057,William Weiss,william.weiss@acme.com,Product Manager,team-10,2025-09-17 17:33:28.168018
cda6125b-e883-4a6c-bd2b-f98717afe0de,Linda Cabrera,linda.cabrera@acme.com,Marketer,team-15,2019-01-24 17:33:28.168018
277d7a99-eb43-45c7-b693-56759cfb1e10,Elizabeth Rogers,elizabeth.rogers@acme.com,Product Manager,team-10,2020-07-08 17:33:28.168018
90662e6b-7e07-409a-ba29-046fc8bc3363,Susan Wagner,susan.wagner@acme.com,Product Manager,team-7,2022-07-12 17:33:28.168018
8b5de7ae-1b23-4578-b327-85eb1a61c2ec,Daniel Owens,daniel.owens@acme.com,Product Manager,team-11,2024-11-20 17:33:28.168018
8637291e-15e2-49e2-b6a4-d4af684334ac,Thomas Robinson,thomas.robinson@acme.com,Ops,team-10,2023-10-12 17:33:28.168018
1f6b94c7-90ed-48d4-9717-b156ad4d8452,Christopher Nash,christopher.nash@acme.com,Marketer,team-15,2017-03-08 17:33:28.168018
55756d83-3bc6-45b0-96e7-025e7c84256f,Benjamin Deleon,benjamin.deleon@acme.com,Product Manager,team-8,2017-10-05 17:33:28.168018
e39a6b04-baee-40b9-924f-613ed3289d9a,Jacob Becker,jacob.becker@acme.com,Engineer,team-16,2021-01-28 17:33:28.168018
d9b1b711-7c69-4c69-b177-8015c05f0975,Steven Perez,steven.perez@acme.com,Ops,team-8,2017-09-07 17:33:28.168018
deda0d4b-7f4b-41ad-9270-d1790240d62e,Kylie Downs,kylie.downs@acme.com,Engineer,team-10,2022-04-20 17:33:28.168018
e3f5b006-032c-4601-8694-412874d88ad9,John Schmidt,john.schmidt@acme.com,Engineer,team-6,2022-09-12 17:33:28.168018
3c5530e6-29eb-45ba-ae5e-cde8a2ee3831,Jacob Rodriguez,jacob.rodriguez@acme.com,Marketer,team-11,2019-05-08 17:33:28.168018
ca8f2ce0-134a-4b1d-afa6-0ee4f4201116,Danny Bailey,danny.bailey@acme.com,Engineer,team-8,2023-07-19 17:33:28.168018
590c008f-9149-43da-aebf-1e0a25afcb21,Lawrence Liu,lawrence.liu@acme.com,Marketer,team-18,2025-10-02 17:33:28.168018
53784349-bf21-4081-aa6c-4c24f26bfefc,Rhonda Tran,rhonda.tran@acme.com,Designer,team-14,2019-07-29 17:33:28.170024
7ef91ccc-0c5c-4352-bf03-c8fc1e54516f,Zachary Dunn,zachary.dunn@acme.com,Ops,team-2,2023-02-19 17:33:28.170024
956192b0-9a55-48b8-8fc7-14602680d5e7,Ronald Johnson,ronald.johnson@acme.com,Ops,team-6,2024-01-24 17:33:28.170024
7f58273c-ad09-42d3-a0a2-4b03e2592724,Bryan Elliott,bryan.elliott@acme.com,Marketer,team-9,2022-09-17 17:33:28.170024
f7f53e1b-9f80-4419-91a3-ac9d6bc2aab4,Jessica Harper,jessica.harper@acme.com,Engineer,team-8,2018-10-12 17:33:28.170024
bdd63310-7e14-4920-bdab-23244a767e06,Katherine Huerta,katherine.huerta@acme.com,Marketer,team-11,2024-07-31 17:33:28.170024
cd7567bd-acbc-485b-9b5c-d2a9ab0f1bb5,Kristin Callahan,kristin.callahan@acme.com,Marketer,team-4,2020-07-07 17:33:28.170024
a0704865-e3f5-4cdd-9bd8-e6e19f9dd721,Cheryl Gill,cheryl.gill@acme.com,Marketer,team-3,2023-08-30 17:33:28.170024
1f42485c-a7dc-4991-b92c-5f17757bcdb6,Kevin Howard,kevin.howard@acme.com,Engineer,team-0,2019-07-18 17:33:28.170024
0e15f3cf-f20b-4100-9d6f-eae7674915ea,James Callahan,james.callahan@acme.com,Ops,team-15,2019-12-12 17:33:28.170024
f0fe946f-fc28-4932-b6f8-43c82a41c78c,Ashley Stuart MD,ashley.stuart.md@acme.com,Designer,team-8,2024-07-16 17:33:28.170024
42bc99ea-bca8-46c7-a43f-d71037099192,Denise Howard,denise.howard@acme.com,Marketer,team-4,2019-05-16 17:33:28.170024
51088f64-8f5a-43a3-b261-7d4cf3986002,Daniel Murphy,daniel.murphy@acme.com,Marketer,team-6,2020-10-29 17:33:28.170024
770c208c-9933-4ad2-9e9e-70b78b68af5b,Austin Kidd,austin.kidd@acme.com,Designer,team-7,2017-12-15 17:33:28.170024
eb2a9c84-12f7-4381-ad07-48a2fc8887f0,Lisa King,lisa.king@acme.com,Marketer,team-17,2020-08-21 17:33:28.170024
904a5221-c43c-4283-82e4-e27f2b1d9f0f,Vanessa Williams,vanessa.williams@acme.com,Marketer,team-4,2020-10-02 17:33:28.170024
0529cffc-8ff8-4b63-8e1a-8c8f6f56f2ac,Lawrence Wright,lawrence.wright@acme.com,Marketer,team-8,2017-11-23 17:33:28.170024
a44e1fd1-2f5f-4079-b125-2db4e8600060,Kayla Wright,kayla.wright@acme.com,Ops,team-2,2024-07-22 17:33:28.170024
a25d3abf-60fe-4e87-9701-05a7b63443ef,Shawn Tate,shawn.tate@acme.com,Engineer,team-4,2023-06-09 17:33:28.172028
04943214-7b1c-46e5-b629-734b8ad4c21f,George Sullivan,george.sullivan@acme.com,Ops,team-5,2022-10-20 17:33:28.172028
5e70d1e8-2bf2-4d48-a687-a7793e7dded1,Danielle Juarez,danielle.juarez@acme.com,Designer,team-3,2017-11-14 17:33:28.172028
4859d06d-088c-489e-8ef6-7050636efb88,Brian Powers,brian.powers1@acme.com,Ops,team-7,2019-04-29 17:33:28.172028
d5984006-69bd-4b13-8f3c-e0f9e517cbf8,Michael Robinson,michael.robinson@acme.com,Designer,team-13,2017-03-27 17:33:28.172028
057193af-3c40-4ed1-8dbe-4aeaf5618f42,Tonya Day,tonya.day@acme.com,Marketer,team-6,2023-08-16 17:33:28.172028
10785920-edee-41f4-afb2-a8f98ceb260c,Isabel Miller,isabel.miller@acme.com,Engineer,team-6,2017-08-27 17:33:28.172028
0b055a92-bdc4-4a2a-af63-3b3f2bad7da4,Andrew Wilkinson MD,andrew.wilkinson.md@acme.com,Engineer,team-3,2019-05-19 17:33:28.172028
37747829-4902-4b8c-9191-d0d7325b803d,Melissa Flores,melissa.flores@acme.com,Ops,team-10,2024-01-21 17:33:28.172028
7004e3bf-5f23-4ccb-ac0f-4382056ddd90,John Lopez,john.lopez@acme.com,Ops,team-18,2018-12-04 17:33:28.172028
87d899a0-241c-45fc-abed-47541befb0d3,Ashley Roy,ashley.roy@acme.com,Designer,team-5,2017-01-05 17:33:28.172028
02b08570-e0b6-4537-b059-ce0e70105aed,Sandra Thompson,sandra.thompson@acme.com,Marketer,team-1,2021-06-27 17:33:28.172028
4061449c-9931-4468-857b-997975e71e07,Andrea Johnson,andrea.johnson@acme.com,Designer,team-13,2019-11-25 17:33:28.172028
fc9b67d7-f5af-467c-9861-efc7e9f21764,Patricia Collins,patricia.collins@acme.com,Engineer,team-5,2025-01-10 17:33:28.172028
224b7b04-1864-4e0e-a9fe-199e215b1d14,Gregory Ruiz,gregory.ruiz@acme.com,Marketer,team-18,2017-08-31 17:33:28.172028
a665e2ba-4a85-4d76-987e-b0a006abfcf6,Austin Garcia,austin.garcia@acme.com,Product Manager,team-3,2025-12-19 17:33:28.172028
d1a31e8c-5c05-43a9-8d20-991b2060b451,Shannon Solomon,shannon.solomon@acme.com,Engineer,team-10,2025-01-31 17:33:28.172028
c9fc60b0-85fa-4501-88b5-4f2273a9fb2c,Melissa Rogers,melissa.rogers@acme.com,Marketer,team-10,2017-09-26 17:33:28.172028
b5235635-aa55-46c8-b2d7-f553ae8d1f35,Misty Parker,misty.parker@acme.com,Ops,team-17,2019-01-16 17:33:28.172028
6c587fd4-9789-432a-9186-47c7114715d7,James Lane,james.lane@acme.com,Engineer,team-17,2022-09-14 17:33:28.174031
c342095e-76d7-41c8-bf88-eaf2a9b3941d,Darrell Rivera,darrell.rivera@acme.com,Engineer,team-12,2018-02-25 17:33:28.174031
8b4e0ed2-c278-4f60-a57a-aabe42a99c7a,Ronald Diaz,ronald.diaz@acme.com,Engineer,team-0,2024-11-21 17:33:28.174031
4bbb154a-e385-4d32-a760-1bf2ffa05ae2,Shane West,shane.west@acme.com,Marketer,team-14,2017-05-04 17:33:28.174031
7a727763-7f19-44d6-9738-fab70b0cf10e,Randy Craig,randy.craig@acme.com,Engineer,team-12,2023-03-23 17:33:28.174031
72b769a6-bec3-4254-ac74-59c14645fd9a,Samantha Snyder,samantha.snyder@acme.com,Ops,team-10,2025-12-28 17:33:28.174031
0f6abb5d-fea9-4818-80e5-4d6de2f6a8ae,Mrs. Sarah Singh MD,mrs..sarah.singh.md@acme.com,Engineer,team-17,2022-10-05 17:33:28.174031
61798df5-016f-4f51-a6bd-da28e1964ca0,Carlos Rogers,carlos.rogers@acme.com,Engineer,team-5,2021-04-22 17:33:28.174031
5f199f22-d240-4c26-be1a-0d32b4140b10,Antonio Mcdonald,antonio.mcdonald@acme.com,Ops,team-2,2022-02-11 17:33:28.174031
13f710ba-25d1-41c6-b457-e1dd38f38394,Denise Coleman,denise.coleman@acme.com,Engineer,team-15,2017-10-02 17:33:28.174031
48564bc9-12a4-4edb-8e91-88f8c17bd2d9,Miranda Scott,miranda.scott@acme.com,Product Manager,team-18,2018-05-05 17:33:28.174031
63894142-22de-4fd9-a510-2508e1684369,Christopher Mcintyre,christopher.mcintyre@acme.com,Marketer,team-1,2020-10-10 17:33:28.174031
8ce911fb-613e-43ad-99ba-4b9c04991f95,Sabrina Wilson,sabrina.wilson@acme.com,Product Manager,team-4,2016-08-14 17:33:28.174031
9c2f1c82-c904-4e65-a668-36b0fbe85f35,Theresa Andrews,theresa.andrews@acme.com,Designer,team-11,2023-09-27 17:33:28.174031
20322304-3a75-4fd7-b4cb-13e5eb8c8e47,Erika Singleton,erika.singleton@acme.com,Ops,team-15,2021-04-21 17:33:28.174031
c843df52-2e4e-4984-9457-5386abc06acd,Sarah Riddle,sarah.riddle@acme.com,Designer,team-0,2022-07-03 17:33:28.174031
a71b7b29-4226-467f-b160-1580ba720f47,Tyler Huynh,tyler.huynh@acme.com,Ops,team-12,2017-07-19 17:33:28.174031
2c9343be-f54c-41e4-845e-67e9e5236529,James Payne,james.payne@acme.com,Marketer,team-3,2025-03-20 17:33:28.174031
874dab1a-f4d7-4d83-9d1a-bbe51c2798bc,Jessica Case,jessica.case@acme.com,Marketer,team-12,2024-12-30 17:33:28.174031
41aaf7e2-bb6a-4fdc-a9a4-d88b0210bab5,Mr. Brandon Blevins,mr..brandon.blevins@acme.com,Product Manager,team-15,2022-03-03 17:33:28.174031
f6460618-447e-4660-9be1-0e8ae4cbc350,Kimberly Smith,kimberly.smith3@acme.com,Ops,team-15,2021-04-09 17:33:28.174031
0374dcc2-412b-457e-9987-ba0074f41940,Jesse Fisher,jesse.fisher@acme.com,Engineer,team-10,2021-05-13 17:33:28.176034
8d14e3dc-8ced-4181-9861-a9e5106aa279,Julia Burns DDS,julia.burns.dds@acme.com,Designer,team-5,2023-12-15 17:33:28.176034
c4859a6f-34ed-44ab-b715-631945709006,Timothy Shannon,timothy.shannon@acme.com,Product Manager,team-4,2022-04-23 17:33:28.176034
53fedbcf-db29-416d-8b06-6fa01dbe7a12,Sarah Knight,sarah.knight@acme.com,Marketer,team-8,2017-02-10 17:33:28.176034
03fe7737-4d9d-4eb3-a623-3877a4b05f8f,Dr. Jenna Carpenter DVM,dr..jenna.carpenter.dvm@acme.com,Engineer,team-6,2024-06-09 17:33:28.176034
82168dd1-d153-4e80-979f-a97002db23e4,Karen Shields,karen.shields@acme.com,Ops,team-6,2016-08-09 17:33:28.176034
9df276ee-6b78-45d1-b792-401da6b5e4e6,Jesus Ramos,jesus.ramos@acme.com,Designer,team-18,2017-02-06 17:33:28.176034
07209b1e-2a87-47a8-a185-60bbb0752580,Stacy Ray,stacy.ray@acme.com,Product Manager,team-10,2016-07-20 17:33:28.176034
594b4303-cba5-43b3-b7de-5d81181baf8f,Daniel Gonzalez,daniel.gonzalez@acme.com,Ops,team-0,2021-02-01 17:33:28.176034
79baa022-f963-42af-afa2-8d00480fc624,Mrs. Megan Hale,mrs..megan.hale@acme.com,Designer,team-13,2018-08-17 17:33:28.176034
698c421a-c1ee-4e35-b8c1-2265a2978fb1,Chloe Taylor,chloe.taylor@acme.com,Marketer,team-1,2018-10-07 17:33:28.176034
2a5d5ec5-f310-4a88-ab5f-28264ffa0391,Suzanne Hughes,suzanne.hughes@acme.com,Marketer,team-14,2016-05-22 17:33:28.176034
f390e34d-ac7c-49fb-9b5c-f5bf782aaf57,Benjamin Brown,benjamin.brown@acme.com,Ops,team-7,2023-09-24 17:33:28.176034
3556fe36-c0fa-4811-aa31-9b886d0068cb,Amy Stewart,amy.stewart@acme.com,Engineer,team-4,2023-10-17 17:33:28.176034
573876a9-46fe-41ae-8dc4-0ce37dd554ac,Anna Robertson,anna.robertson@acme.com,Marketer,team-18,2019-10-20 17:33:28.176034
eeb34a57-8929-45b9-9598-da97dc80e4d5,Zachary Perry,zachary.perry@acme.com,Designer,team-7,2020-05-11 17:33:28.176034
a6e21c28-4fd7-428f-b0ce-399e5fa607cc,Karen Craig,karen.craig@acme.com,Designer,team-11,2024-11-27 17:33:28.176034
2a359652-e7ec-4456-a87f-eeae03780700,Charlene Mccormick,charlene.mccormick@acme.com,Marketer,team-6,2024-05-08 17:33:28.176034
96975488-f052-4d49-851e-a81710441f1c,Sarah Walters,sarah.walters@acme.com,Ops,team-9,2016-06-27 17:33:28.176034
02ed0a1e-0856-4cc5-8ae2-d5280066f9c5,Christopher Yates,christopher.yates@acme.com,Designer,team-6,2019-09-20 17:33:28.176034
143b69a5-5e74-4f05-8dc2-24dd2ca162a3,Meredith Horn,meredith.horn@acme.com,Designer,team-11,2018-10-23 17:33:28.176034
36946125-5734-4944-b334-11ee782e7a26,Jennifer Collins,jennifer.collins@acme.com,Product Manager,team-16,2018-12-21 17:33:28.176034
2d9f4f71-8539-44a8-af2a-d6720d2b10f0,Jordan Terry,jordan.terry@acme.com,Product Manager,team-19,2017-09-19 17:33:28.176034
0bd94a2a-1668-4a07-a8c1-f794f128cc77,Laura Reynolds,laura.reynolds@acme.com,Designer,team-18,2021-04-15 17:33:28.178037
679a89b0-eecc-4d0d-babe-81eeaac194d1,Michele Taylor,michele.taylor@acme.com,Engineer,team-12,2021-11-05 17:33:28.178037
7e37d8f6-aac6-4d4f-840f-fd512186e40b,Gary Turner,gary.turner@acme.com,Marketer,team-16,2016-03-28 17:33:28.178037
fdc0bc97-c67b-45a1-9974-a554a58d0b1a,Karla Finley,karla.finley@acme.com,Designer,team-5,2024-11-28 17:33:28.178037
7ad2f12a-9a09-4331-9ec4-fd11f1786240,Timothy Morgan,timothy.morgan@acme.com,Marketer,team-10,2025-12-01 17:33:28.178037
d4aedab5-fcc6-4f52-ae0d-7ffe2f09a0ab,Caleb Frazier,caleb.frazier@acme.com,Marketer,team-2,2019-06-08 17:33:28.178037
f2408bd3-4d6e-4b7e-b3f7-f249211bab3d,Susan Robertson,susan.robertson@acme.com,Designer,team-4,2021-04-26 17:33:28.178037
03ba0cbd-de9c-44b9-84e6-aac9299cd07b,Michael Howard,michael.howard@acme.com,Ops,team-19,2015-11-21 17:33:28.178037
eca9e40f-3801-4db4-bc46-f92a9f6e359f,Sean Richards,sean.richards@acme.com,Product Manager,team-13,2025-05-26 17:33:28.178037
eac589b1-5158-4e76-b1ad-a9bd079e9aa2,Victoria Koch,victoria.koch@acme.com,Product Manager,team-10,2022-01-16 17:33:28.178037
b8ce3e7e-2dc9-478d-b635-0bd963515c02,Lori Davis,lori.davis1@acme.com,Engineer,team-4,2015-09-03 17:33:28.178037
1b5092ce-b493-426a-81ce-4674fd379326,Patricia Burton,patricia.burton@acme.com,Product Manager,team-13,2018-10-20 17:33:28.178037
d1d1fe4e-3ecb-4960-a887-c0dc29da3918,Vincent Henson,vincent.henson@acme.com,Product Manager,team-14,2017-08-15 17:33:28.178037
832bb634-4bcb-4988-924e-6c5db73c10b4,Darlene Ferrell,darlene.ferrell@acme.com,Designer,team-13,2024-09-23 17:33:28.178037
0946b207-14c4-45b7-bde3-136587d09f93,Terrence Snyder,terrence.snyder@acme.com,Designer,team-1,2023-07-17 17:33:28.178037
c686a61e-d549-455d-8eb5-4719ac8b0553,Michael Carlson,michael.carlson@acme.com,Marketer,team-1,2022-07-14 17:33:28.178037
14378459-e255-43d2-9f17-e34b91f83b62,Andrea Morris,andrea.morris@acme.com,Designer,team-12,2022-08-29 17:33:28.178037
50a03dc2-8705-4794-b052-c56a6d30b853,Amanda Mcconnell,amanda.mcconnell@acme.com,Designer,team-11,2017-08-03 17:33:28.178037
2e2533df-0da2-4814-b841-973cbbbce7fd,Jonathan Strong,jonathan.strong@acme.com,Product Manager,team-14,2016-05-11 17:33:28.178037
7034983a-fc9c-4234-9d99-519b718de4fa,Toni Moran,toni.moran@acme.com,Designer,team-14,2019-09-21 17:33:28.178037
64744b05-6c4f-4637-89d7-f67db6e754ee,Victor Lopez,victor.lopez@acme.com,Marketer,team-4,2021-07-13 17:33:28.178037
e690796e-16c1-46d5-b514-7fc3a9c102ec,Aaron Monroe,aaron.monroe@acme.com,Ops,team-10,2017-05-22 17:33:28.178037
192f48f3-c19b-4fcb-b1c6-2f21cc6eb322,Samuel Deleon,samuel.deleon@acme.com,Engineer,team-18,2025-06-11 17:33:28.178037
e2b1a96c-0fb5-4679-8f10-2dd14bac2e50,Paige Strong,paige.strong@acme.com,Marketer,team-18,2015-12-29 17:33:28.180041
63886e3f-6e76-4c65-a6e9-5ec056165e93,Rebecca Owens,rebecca.owens@acme.com,Product Manager,team-1,2019-11-13 17:33:28.180041
79818def-c64a-4824-ad1d-e9421d62ad0d,Ronnie Freeman,ronnie.freeman@acme.com,Marketer,team-12,2024-11-20 17:33:28.180041
f5574fb6-5675-4670-ad86-0de39092248a,Robert Glover,robert.glover@acme.com,Marketer,team-17,2023-10-06 17:33:28.180041
bfb69246-77cc-473d-ae0f-28e15308cd99,Jonathan Blake,jonathan.blake@acme.com,Designer,team-9,2017-07-16 17:33:28.180041
87f438b5-85f6-401b-9b1a-8ec58a266d76,Levi Farmer,levi.farmer@acme.com,Engineer,team-5,2015-09-24 17:33:28.180041
1c3b1684-874f-4a7e-8452-ec8a01d5c76b,Chris Williams,chris.williams@acme.com,Designer,team-5,2023-03-28 17:33:28.180041
a97f7ca0-e418-46ab-a21e-d4c00e0dcae1,Hunter Donovan,hunter.donovan@acme.com,Marketer,team-0,2025-06-04 17:33:28.180041
c05689d7-ea5a-4378-8a5b-6384ae4d17b8,Alex Elliott,alex.elliott@acme.com,Product Manager,team-2,2019-09-02 17:33:28.180041
60b45b03-c6d0-4a71-90b6-ee5de93c3ac1,Michelle Garcia,michelle.garcia@acme.com,Designer,team-4,2019-03-27 17:33:28.180041
c9f96059-e6d7-4216-a91e-c0db7e808e2b,Lauren Riddle,lauren.riddle@acme.com,Marketer,team-1,2020-11-23 17:33:28.180041
22e911a1-b429-4a66-9d96-449cc8477d71,Charles Walker,charles.walker@acme.com,Designer,team-15,2018-11-07 17:33:28.180041
47d67040-fbac-4712-a41d-193c9e1de33e,Nicole Stevens,nicole.stevens@acme.com,Designer,team-1,2016-04-24 17:33:28.180041
17938f8e-3744-4daf-be82-9f08e76efb49,Lisa Schroeder,lisa.schroeder@acme.com,Marketer,team-7,2016-09-23 17:33:28.180041
39ac911c-f83e-4e33-8c16-b5dcc6e8daaf,Michele Watson,michele.watson@acme.com,Engineer,team-17,2025-11-04 17:33:28.180041
5b32cacf-78c4-4e07-b367-a2495291de0d,Phyllis Miller,phyllis.miller@acme.com,Marketer,team-13,2019-07-28 17:33:28.180041
c88d6b76-3e60-416f-b091-1b8a426762e5,Yvette Melton,yvette.melton@acme.com,Engineer,team-7,2023-11-10 17:33:28.180041
1848aade-103b-4685-af89-e2e850e85515,Dawn Bailey,dawn.bailey@acme.com,Marketer,team-5,2024-09-10 17:33:28.180041
a87a1a79-2e93-4a04-bcef-6ab1d46e4585,Brian Burns,brian.burns@acme.com,Ops,team-8,2016-11-25 17:33:28.180041
1003c001-a57a-41cc-b043-df5c14a31a2b,Debbie Jones,debbie.jones@acme.com,Marketer,team-3,2016-05-27 17:33:28.180041
7df8adc9-c96a-4e52-b750-df4af97cf06b,Andrea Meyer,andrea.meyer@acme.com,Engineer,team-9,2022-07-03 17:33:28.180041
cd6f2825-5397-4ac6-a246-f34b7559d4da,Mrs. Elizabeth Arroyo,mrs..elizabeth.arroyo@acme.com,Ops,team-7,2022-07-22 17:33:28.180041
c0b68879-8d7d-4cd7-914c-b0b0a1a1cd47,Elizabeth Clark,elizabeth.clark@acme.com,Marketer,team-7,2022-12-09 17:33:28.180041
65c02b06-fae9-472e-8869-8c540ee6e6d8,Paige Daniel,paige.daniel@acme.com,Product Manager,team-18,2016-12-22 17:33:28.181785
d84780f8-b963-43e1-a571-68a15b7536c6,Ryan Adams,ryan.adams@acme.com,Ops,team-4,2016-12-17 17:33:28.181785
0b9bb85a-2399-40d9-add6-038249354688,Nicholas Lang,nicholas.lang1@acme.com,Ops,team-10,2022-12-08 17:33:28.181785
edfd40cf-2765-45c3-898b-ab864edeceac,Jacob Alvarez,jacob.alvarez@acme.com,Designer,team-16,2020-02-19 17:33:28.181785
e62bccd3-6faf-4c91-92be-52e71aaa3aa7,Samantha Peterson,samantha.peterson@acme.com,Engineer,team-2,2017-03-20 17:33:28.181785
c8b32546-ef6e-4a4e-bc34-4591a61f2dba,Jenna Brown,jenna.brown@acme.com,Designer,team-18,2024-05-31 17:33:28.181785
99bc7171-a2e2-46a2-b315-933e60c9e6f0,Anne Hodges,anne.hodges@acme.com,Engineer,team-2,2021-01-16 17:33:28.182486
41674d50-4253-46c7-b6aa-4d260163b091,Donna Martinez,donna.martinez@acme.com,Product Manager,team-5,2025-07-12 17:33:28.182486
b0a58cf4-9f1b-4a64-b975-b0dbea4b99a4,Jennifer Moore,jennifer.moore@acme.com,Marketer,team-7,2016-09-18 17:33:28.182486
6ea26606-147c-490c-9c19-5f4e01863ba1,Carol Davis,carol.davis@acme.com,Designer,team-19,2016-10-24 17:33:28.182486
23840b69-7928-4c58-8cf2-ad0f169bf6a5,Mark Francis,mark.francis@acme.com,Product Manager,team-10,2016-05-02 17:33:28.182486
3b02f267-ab49-4068-a60e-38f266173823,Gabriella Wright,gabriella.wright@acme.com,Marketer,team-8,2016-10-17 17:33:28.182486
63e2fa30-effe-4e7d-838a-3c2aee62d04d,Rachel Munoz,rachel.munoz@acme.com,Engineer,team-7,2024-04-04 17:33:28.182486
ac9afc22-7272-472a-8991-b8e3ec076896,Michael Ball,michael.ball@acme.com,Marketer,team-14,2016-09-06 17:33:28.182486
f8e180ee-0c71-4a9c-8316-4b2cddd0f8b3,James Robinson,james.robinson@acme.com,Ops,team-15,2024-07-24 17:33:28.182486
b63e154b-548f-413e-a21b-7419e1d07964,Crystal Mcdaniel,crystal.mcdaniel@acme.com,Engineer,team-7,2016-06-24 17:33:28.182486
32167ee9-15ec-43f3-b2ff-4e3d82639ecc,Mark Wolfe,mark.wolfe@acme.com,Designer,team-14,2018-09-20 17:33:28.182486
f904508c-4793-464a-a894-336f226edca0,Aaron Terry,aaron.terry@acme.com,Ops,team-5,2024-03-09 17:33:28.182486
c978fda7-4902-4efd-97a9-1b7e32a92c2b,Peter Henderson,peter.henderson@acme.com,Engineer,team-18,2025-09-06 17:33:28.182486
5f539bba-8470-4da5-95c4-38eca3d85e0a,William Ibarra,william.ibarra@acme.com,Ops,team-19,2018-04-07 17:33:28.182486
ffdcb366-d649-47dc-b85a-3373731e0932,Kathleen Jones,kathleen.jones@acme.com,Designer,team-10,2024-06-12 17:33:28.182486
a5a30c33-bba2-4cc0-be05-5a54b8909b6b,Susan Wright,susan.wright@acme.com,Product Manager,team-14,2020-06-20 17:33:28.182486
c57574c0-a5df-4f2d-a536-cc0930621ab9,Lisa Williams,lisa.williams4@acme.com,Engineer,team-17,2025-11-14 17:33:28.182486
eb16f1a0-d206-4a8c-b4f2-374bd2d5fdcd,Lauren Arellano,lauren.arellano@acme.com,Marketer,team-2,2021-01-17 17:33:28.182486
7c60d044-2529-4510-8fa2-babfb96bfcf2,Richard Perry,richard.perry@acme.com,Product Manager,team-4,2020-12-01 17:33:28.182486
9ab3f553-c979-4f76-b948-195d1ed17e80,Anthony Nunez,anthony.nunez@acme.com,Designer,team-5,2023-06-19 17:33:28.182486
d0eedcb8-1c17-441e-9e27-e77cb22cccc9,Christina Thomas,christina.thomas@acme.com,Ops,team-8,2019-04-08 17:33:28.182486
57fcf7f7-4365-43b5-be7c-4547a5aae976,Julie Summers,julie.summers@acme.com,Marketer,team-7,2019-11-07 17:33:28.182486
7914f7af-3a3b-4bdb-8007-dfa8877cafb2,Randall Hartman,randall.hartman@acme.com,Designer,team-5,2022-10-17 17:33:28.182486
4a1d40a7-3a35-4fa4-b612-ef743d608cd6,Terry Hawkins,terry.hawkins@acme.com,Marketer,team-3,2018-02-12 17:33:28.182486
22e0bd45-7f5a-4e7b-a8cc-325f1ecd5767,Jessica Bailey,jessica.bailey@acme.com,Marketer,team-5,2021-07-04 17:33:28.182486
0ef5daa8-8752-4917-b34b-2d7708dbbc89,Caitlyn Lopez,caitlyn.lopez@acme.com,Engineer,team-1,2023-06-22 17:33:28.182486
ce2e429c-0f5a-410a-8f58-e460d233f858,Patrick Martinez,patrick.martinez@acme.com,Ops,team-0,2016-08-20 17:33:28.182486
bbbbf3fd-66bc-4328-a66c-235bbacf49c3,Robert Evans MD,robert.evans.md@acme.com,Designer,team-1,2025-05-04 17:33:28.182486
475b92eb-08d8-437d-aa7b-73806d1424b3,Michelle Brewer,michelle.brewer@acme.com,Ops,team-19,2017-10-08 17:33:28.182486
9d3ae849-f7f4-4043-a8a2-c8295951c0c3,Christina James,christina.james@acme.com,Marketer,team-13,2024-10-25 17:33:28.182486
4b276885-49a3-403f-8cd4-4c8ef2fd246f,Sharon Johnson,sharon.johnson@acme.com,Engineer,team-6,2024-11-22 17:33:28.182486
0303a3c9-7931-40ea-978d-2418a3945e00,Matthew Poole,matthew.poole@acme.com,Product Manager,team-13,2023-11-23 17:33:28.182486
a6536978-8d79-437c-a242-b29251b2273e,Ellen Romero,ellen.romero@acme.com,Designer,team-12,2018-03-14 17:33:28.182486
e91ffdef-eefd-42d4-b178-9bcde37aa709,Melanie Williams,melanie.williams@acme.com,Marketer,team-11,2025-09-17 17:33:28.182486
0921fe1c-661f-4571-9591-d2af65dbaf70,Vincent Mitchell,vincent.mitchell@acme.com,Ops,team-1,2016-03-20 17:33:28.182486
4fdfc460-913e-44c8-9b9b-01cea28404c8,Scott Andrews,scott.andrews1@acme.com,Product Manager,team-13,2023-04-29 17:33:28.182486
3cbdbca4-d2e8-4171-8296-3ade03ee0ee1,Mark Smith,mark.smith2@acme.com,Engineer,team-7,2018-11-17 17:33:28.182486
9527736e-39cc-46ef-a20a-d18c11f063e3,Mrs. Jennifer Hatfield,mrs..jennifer.hatfield@acme.com,Ops,team-16,2020-08-14 17:33:28.182486
2bf7a88b-7797-43eb-bab1-52c7143d5758,Samantha Estrada,samantha.estrada@acme.com,Marketer,team-13,2018-07-17 17:33:28.182486
338b7077-3eb6-41d7-ad94-a7abd3c24466,Ricky Logan,ricky.logan@acme.com,Product Manager,team-1,2018-05-06 17:33:28.182486
03a3dcf6-1168-4773-8517-a552a6cc53e3,Brandon Barnes,brandon.barnes@acme.com,Engineer,team-19,2017-10-13 17:33:28.182486
82b449bd-7cc8-456f-9117-e3de42ad1fd0,Yvette King,yvette.king@acme.com,Product Manager,team-5,2024-09-01 17:33:28.182486
68117761-d018-4d64-ac95-981a371dae90,Keith Padilla,keith.padilla@acme.com,Product Manager,team-14,2017-12-19 17:33:28.182486
83f452d8-df79-4da6-9da3-1ae92204d523,Vanessa Mullins,vanessa.mullins@acme.com,Designer,team-12,2019-03-01 17:33:28.182486
a135334f-292d-4de6-8a6c-71c1fb7864a8,Mitchell Schultz,mitchell.schultz@acme.com,Designer,team-6,2022-11-30 17:33:28.182486
4c305a8b-7058-46c6-a760-e984254f626d,Janice Vaughan DDS,janice.vaughan.dds@acme.com,Product Manager,team-1,2023-12-20 17:33:28.182486
b9b43782-dae7-4cd0-b19e-02b65074764f,Jonathan Hernandez,jonathan.hernandez@acme.com,Product Manager,team-2,2019-01-22 17:33:28.182486
9fbaa580-5470-4350-9477-8eb5b0acb970,Anthony Washington,anthony.washington@acme.com,Ops,team-4,2025-12-23 17:33:28.182486
b18cb572-61a8-4c72-886a-0095181872d9,Jenna Williams,jenna.williams@acme.com,Marketer,team-16,2021-07-15 17:33:28.182486
50eddad2-95f4-4c8f-9403-ff0fe91c02f6,Sarah Woods,sarah.woods@acme.com,Engineer,team-8,2023-12-28 17:33:28.182486
a8f07300-37da-4e4f-8e41-1c7f16e1517d,Frederick Hernandez,frederick.hernandez@acme.com,Engineer,team-8,2021-03-09 17:33:28.182486
c8dcef0a-beea-4b29-b85c-408014807046,Daniel Ellis,daniel.ellis@acme.com,Engineer,team-5,2022-07-17 17:33:28.182486
3f21a74c-83a4-45bc-8cec-5a7f23327e38,Karen Williams,karen.williams@acme.com,Marketer,team-7,2018-11-09 17:33:28.182486
4b145133-7269-4745-b310-31714dd25491,John Brennan,john.brennan@acme.com,Marketer,team-6,2023-10-27 17:33:28.182486
52e30140-8f8c-480c-95ed-b16f912ade88,Neil Harvey,neil.harvey@acme.com,Product Manager,team-12,2023-08-14 17:33:28.182486
5636bc18-f5b7-4041-9bd2-5f711a55119c,Brian Freeman,brian.freeman@acme.com,Designer,team-4,2019-09-05 17:33:28.182486
85a3319f-f2a2-4b1b-82c1-17325bdc4565,Dustin Ferguson DDS,dustin.ferguson.dds@acme.com,Designer,team-9,2021-04-13 17:33:28.182486
5def68d3-8aec-44e4-a6c9-5628f11b5d37,Amy Carroll,amy.carroll@acme.com,Designer,team-12,2022-01-09 17:33:28.182486
84d7757a-68e4-401c-aa96-24d931dfa3c8,Kaitlyn Jordan,kaitlyn.jordan@acme.com,Engineer,team-12,2016-11-25 17:33:28.182486
1ae1e54b-5828-4e9c-8f2d-b24fb3b46c3e,Keith Gonzalez,keith.gonzalez@acme.com,Marketer,team-2,2022-05-02 17:33:28.182486
8815062b-b468-48c6-9a5e-353cd1d6b65b,Molly Jones,molly.jones@acme.com,Ops,team-5,2024-01-02 17:33:28.182486
035c553a-6a0e-46d9-b526-7ac3a52edc6a,Eric Brock,eric.brock@acme.com,Product Manager,team-13,2024-09-17 17:33:28.182486
5dbb4d31-4d22-4adf-9adb-aa16f8bcca0a,Randall Thomas,randall.thomas@acme.com,Engineer,team-9,2024-03-27 17:33:28.182486
8fb59ba3-9da4-487d-b61e-b448537208f9,Kimberly Rivera,kimberly.rivera@acme.com,Product Manager,team-2,2017-01-02 17:33:28.182486
98d0dc59-d3e8-4f56-869d-b08034a436d1,Marcia Johnson,marcia.johnson@acme.com,Designer,team-17,2017-09-18 17:33:28.182486
61f820a0-e127-40fd-8324-ad1872b6bbaf,Samantha Newman,samantha.newman@acme.com,Engineer,team-5,2023-11-19 17:33:28.182486
f3937073-8d3e-41f8-9097-68529be57332,Jack Kelly,jack.kelly@acme.com,Engineer,team-7,2015-09-24 17:33:28.182486
591ae42d-cac3-42ac-901b-bc614463916e,Raymond Smith,raymond.smith@acme.com,Designer,team-9,2016-04-16 17:33:28.182486
4c90d049-a141-438b-a59a-32ce30f474e1,Jeffrey Simpson,jeffrey.simpson@acme.com,Marketer,team-5,2023-03-08 17:33:28.182486
f7a0289b-2884-4f7e-9404-485fbea1e4e7,Sandra Randall,sandra.randall@acme.com,Ops,team-13,2024-07-07 17:33:28.182486
0bc802b0-2c14-4e95-8173-c5fe312284c2,Joshua Williams,joshua.williams@acme.com,Ops,team-12,2018-12-08 17:33:28.182486
785f75ec-6630-4078-bb40-b2493d21b6d4,Jordan White,jordan.white@acme.com,Designer,team-5,2016-12-31 17:33:28.182486
63928fe6-2d2d-4a29-9235-97e5fd28080c,Ryan Pace,ryan.pace@acme.com,Ops,team-17,2025-02-10 17:33:28.182486
74ba288d-0b0d-4319-b7cf-f663170ae065,Victoria Baker,victoria.baker@acme.com,Product Manager,team-15,2017-07-18 17:33:28.182486
76be0115-d3e7-4788-80d6-2d1ad3d24234,Francisco King,francisco.king@acme.com,Ops,team-18,2021-11-13 17:33:28.182486
e3831f53-1887-4893-a749-15b0f003bf9e,Richard Jones,richard.jones@acme.com,Designer,team-0,2021-10-14 17:33:28.182486
ad6bb9a0-71ae-4a8a-b8da-42f4bdb69638,Mr. Antonio Gordon Jr.,mr..antonio.gordon.jr.@acme.com,Ops,team-2,2017-05-14 17:33:28.182486
79ee1b00-a701-479a-9b4c-051db5bd6390,Melissa Moore,melissa.moore@acme.com,Marketer,team-13,2024-08-25 17:33:28.182486
a54e933b-1507-4e0f-bac3-4d6ca654a3a3,Cindy Young,cindy.young@acme.com,Ops,team-12,2020-02-12 17:33:28.182486
525966e4-2fbc-4447-bcc2-ee48b7fc218c,David Reyes,david.reyes@acme.com,Ops,team-0,2017-01-07 17:33:28.182486
19e92b4a-1652-4683-bf9e-540065cffd4e,Stacy Salas,stacy.salas@acme.com,Designer,team-10,2024-07-07 17:33:28.182486
bc268815-83c0-4fac-b982-5cd2c53f7bcb,Aaron Mcintosh,aaron.mcintosh@acme.com,Designer,team-5,2020-01-27 17:33:28.182486
c2c0082f-ff27-40d5-98b1-0b50a4118356,Michelle Reid,michelle.reid@acme.com,Designer,team-8,2018-07-31 17:33:28.182486
da069ac5-19c7-45a5-a494-57ca453a0deb,Michael Perez,michael.perez1@acme.com,Product Manager,team-11,2023-02-08 17:33:28.182486
5d685a2f-a4ae-4a09-a3c0-ba2d127be730,Yesenia Yates,yesenia.yates@acme.com,Product Manager,team-16,2021-03-20 17:33:28.182486
a9ee691f-8747-4293-81c3-73bceeeeb586,Annette Mueller,annette.mueller@acme.com,Designer,team-12,2024-01-24 17:33:28.182486
3c4f6e42-e357-4085-8e3e-989596b4ba7f,Robert Johnson,robert.johnson@acme.com,Marketer,team-0,2019-04-30 17:33:28.182486
4cde8d3d-bf11-4b48-9c2e-01191e236bf7,Scott Terry,scott.terry@acme.com,Marketer,team-0,2016-11-23 17:33:28.182486
4af965b8-cea4-4540-a179-4a9e7ca548a6,Randy Burke,randy.burke@acme.com,Product Manager,team-4,2023-05-23 17:33:28.182486
383a01c7-9ba3-4904-bb7c-40a7d91ec438,Charles Wolf,charles.wolf@acme.com,Product Manager,team-8,2015-09-12 17:33:28.182486
3a2f406e-8bbe-4c28-9f05-95a94f001507,Jerry Campbell,jerry.campbell@acme.com,Ops,team-8,2022-01-16 17:33:28.182486
de8b35b7-19f0-4c75-9f0e-889f79cf44e7,Kimberly Hernandez,kimberly.hernandez1@acme.com,Product Manager,team-1,2016-11-20 17:33:28.182486
07d5f9bb-8917-4834-8379-afeb62adf650,Chad Andrews,chad.andrews@acme.com,Product Manager,team-16,2022-05-18 17:33:28.182486
e42258b3-368a-4d63-b758-81fce3081bb4,Gina Lutz,gina.lutz@acme.com,Marketer,team-14,2016-08-24 17:33:28.182486
235bcc24-ceba-446b-aa75-8d0f25a959fb,Robert Diaz,robert.diaz@acme.com,Ops,team-2,2023-04-22 17:33:28.182486
ad177a26-5672-4d2d-9b6b-2a496cb677b9,Dylan Clark,dylan.clark@acme.com,Designer,team-12,2020-07-15 17:33:28.182486
2451577c-5082-4fb9-9e5a-de6b484c58e0,Derek Gibbs,derek.gibbs@acme.com,Ops,team-19,2022-10-02 17:33:28.182486
d689f88c-0d94-406b-bd50-95293d8d0c35,Jonathan Cole,jonathan.cole@acme.com,Engineer,team-19,2022-10-07 17:33:28.182486
c958991b-1d58-4a71-afa7-e8ae2468ae41,Thomas Allison,thomas.allison@acme.com,Ops,team-4,2016-01-03 17:33:28.182486
ce2da930-00c1-4a60-9c5b-a69279f0eea5,Mr. Charles Davis Jr.,mr..charles.davis.jr.@acme.com,Marketer,team-14,2017-04-10 17:33:28.182486
ff0bd96d-2167-4ef5-ae3d-fb6e21da1e21,Perry Flynn,perry.flynn@acme.com,Marketer,team-17,2020-06-02 17:33:28.182486
fe35c1c3-8223-4c08-b57d-1ff1f50a316b,Crystal Thompson,crystal.thompson@acme.com,Designer,team-15,2016-04-26 17:33:28.182486
d22de546-108a-42fe-81af-288a8117c116,Richard Hardin,richard.hardin@acme.com,Marketer,team-14,2017-09-10 17:33:28.182486
8f66dd72-c8bf-4f0f-be3e-60183b9a2b5f,Jessica Jones,jessica.jones@acme.com,Marketer,team-12,2021-10-13 17:33:28.182486
ec73ccec-ae3e-41fe-b9df-3865d1b5bce7,Elizabeth Mora,elizabeth.mora@acme.com,Engineer,team-10,2020-12-20 17:33:28.182486
3197a48c-0fea-4359-8daf-90db0733d6e6,Terri Beasley,terri.beasley@acme.com,Product Manager,team-11,2024-05-19 17:33:28.182486
40f41326-c371-4d64-b00a-0eb26ded6d2e,Andrew Williams,andrew.williams@acme.com,Product Manager,team-19,2025-07-08 17:33:28.182486
0550e9aa-e782-41c4-b0f4-4b9e0917ab0d,Dawn Walsh,dawn.walsh@acme.com,Designer,team-16,2016-11-11 17:33:28.182486
20f181df-cb10-4681-9841-2c97015ff3b0,Ethan Barrett,ethan.barrett@acme.com,Ops,team-14,2022-04-15 17:33:28.182486
feff3fcb-2d8f-418b-93a9-fb469a992546,Colleen Mcpherson,colleen.mcpherson@acme.com,Marketer,team-4,2016-12-08 17:33:28.182486
11c7bb9a-870b-4524-80ec-08fd53bceeef,Juan Franco,juan.franco@acme.com,Engineer,team-1,2017-10-07 17:33:28.182486
1227399d-6269-4f91-a989-716964663b73,Jesus Avila,jesus.avila@acme.com,Ops,team-18,2016-06-26 17:33:28.182486
7cf9ebe5-d881-4d9d-abc1-659f5f0a16f8,Shannon Rodriguez,shannon.rodriguez@acme.com,Ops,team-16,2016-01-08 17:33:28.182486
885004b9-a3bf-4108-ab8d-115ebc4e34be,Bridget Cooper,bridget.cooper@acme.com,Engineer,team-5,2023-11-07 17:33:28.182486
5ab6bac1-aeea-486d-83d1-f5a90f0b7ee9,Marcus James,marcus.james@acme.com,Marketer,team-4,2022-12-23 17:33:28.182486
45d76bc1-51f3-434a-a32b-0b19cfc2bfcb,Rhonda Coleman,rhonda.coleman@acme.com,Ops,team-13,2023-11-21 17:33:28.182486
7c429d1f-6b39-4cf9-aee0-4f66ca79cd96,Allen Pierce,allen.pierce@acme.com,Ops,team-7,2019-09-03 17:33:28.182486
5c00ffa4-226a-429a-ab7d-a3b238b6d493,Brian Potts,brian.potts@acme.com,Marketer,team-15,2019-07-08 17:33:28.182486
d74c96ad-7f28-4b94-9a40-859c0aaae6e5,Michael Walters,michael.walters@acme.com,Marketer,team-1,2019-01-11 17:33:28.197803
19e7f09c-5a2b-45ee-8789-c6c7cb160d50,Lori Austin,lori.austin@acme.com,Product Manager,team-7,2025-10-14 17:33:28.197803
38fbf3e5-aba3-4984-8f3a-83f31b0299d8,Richard Espinoza,richard.espinoza@acme.com,Engineer,team-19,2024-03-13 17:33:28.197803
717d76ab-64d9-4600-89e9-f08c3df272f3,Natasha Rhodes,natasha.rhodes@acme.com,Designer,team-14,2023-01-31 17:33:28.197803
cdad782c-8e71-4476-ade9-ec561dd0ad15,Douglas Zimmerman III,douglas.zimmerman.iii@acme.com,Designer,team-14,2019-02-06 17:33:28.197803
9d64b8d9-0246-4452-8345-1c38b9f3b791,Tonya Diaz,tonya.diaz@acme.com,Ops,team-10,2023-01-17 17:33:28.197803
ca6146eb-94d2-46bd-b815-28c637d7e193,Danielle Cameron,danielle.cameron@acme.com,Engineer,team-15,2017-03-16 17:33:28.197803
687c5ec5-2b93-419c-b257-d31808b29589,Kimberly Castillo,kimberly.castillo@acme.com,Product Manager,team-5,2016-01-26 17:33:28.197803
82aebbdf-4ba9-47d9-aa92-d43336f4eb72,David Mendoza,david.mendoza1@acme.com,Engineer,team-13,2016-07-31 17:33:28.197803
53d72206-58a2-4ea7-889a-06a7576095cf,Michael Leonard,michael.leonard@acme.com,Product Manager,team-3,2024-03-16 17:33:28.197803
df6b561a-a90f-4cd0-aabd-524574c5c09a,Kristina Diaz,kristina.diaz@acme.com,Marketer,team-2,2023-02-28 17:33:28.197803
9e1b318f-9af4-4573-84f4-f6797f49a2c6,Mr. Todd Gray,mr..todd.gray@acme.com,Marketer,team-9,2025-09-20 17:33:28.197803
20e66c90-05b2-4455-b812-dc74198dd607,Peter Nelson,peter.nelson@acme.com,Marketer,team-2,2016-09-25 17:33:28.197803
d02ff260-57f4-4bae-a45e-87d5b5eb96a8,Karen Medina,karen.medina@acme.com,Ops,team-16,2018-07-20 17:33:28.197803
b495bf54-5d3e-4819-baea-f6e45cde238a,Jesus Singh,jesus.singh@acme.com,Ops,team-18,2022-09-24 17:33:28.199809
7766ea8e-536e-4cb9-804e-1fbde63d5753,Andre Campbell,andre.campbell@acme.com,Designer,team-7,2017-05-08 17:33:28.199809
9caf395b-738e-4c33-83f7-396488ffcafd,Mrs. Vicki Jones,mrs..vicki.jones@acme.com,Ops,team-1,2022-05-27 17:33:28.199809
ec6916a0-3e8f-4ad7-b85e-562c798eaa43,Robin Bishop,robin.bishop@acme.com,Engineer,team-11,2024-02-22 17:33:28.200545
3d7463b2-6c38-48df-89d1-08212c69e869,Nathaniel Patel,nathaniel.patel@acme.com,Engineer,team-18,2017-08-03 17:33:28.200545
36cc1fdf-91c8-44bf-a8f3-b5887587a8a4,Jessica Ross,jessica.ross@acme.com,Marketer,team-7,2016-01-31 17:33:28.200545
346e69c3-571b-4036-bdd6-284e483ef354,Diana Martinez,diana.martinez@acme.com,Ops,team-12,2025-07-05 17:33:28.200545
6cc714f0-f81d-4fbc-bedd-ddd91f3c2966,Sara Moore,sara.moore@acme.com,Marketer,team-6,2018-10-29 17:33:28.200545
3a528085-73cc-469e-ad4c-57c779b2664f,Keith Schmidt,keith.schmidt@acme.com,Product Manager,team-19,2021-12-13 17:33:28.200545
85cf2444-7205-468e-9b42-514b8206ca7b,David Brown,david.brown3@acme.com,Product Manager,team-15,2021-05-27 17:33:28.201372
81e320a9-6e44-42fd-887b-5ab115c47a77,Shelia Brown,shelia.brown@acme.com,Engineer,team-3,2021-04-15 17:33:28.201372
6fc75bcd-5490-4539-aeea-10a570e830c1,Elizabeth Camacho,elizabeth.camacho@acme.com,Marketer,team-2,2021-12-24 17:33:28.201372
374691ca-35d2-46a7-b783-cb6a6cbf5d0f,Kelli Miller,kelli.miller@acme.com,Product Manager,team-10,2019-01-01 17:33:28.201372
20033ee4-6595-4f3d-af20-eb796ec9ef83,Carl Bennett,carl.bennett@acme.com,Marketer,team-10,2019-03-06 17:33:28.201372
beaf6f7e-3144-4f22-a425-1728534a9782,Mark Chan,mark.chan@acme.com,Designer,team-6,2020-01-04 17:33:28.201372
f16b7e9b-390d-4a95-91c6-db74d566ed50,Shannon Reeves,shannon.reeves@acme.com,Marketer,team-12,2025-06-26 17:33:28.201372
9db67824-f816-4f40-96ac-b6805f262ceb,Nicholas Dean,nicholas.dean@acme.com,Designer,team-1,2022-10-08 17:33:28.201372
d2558bc4-72d1-4f3c-acb0-c284a2ccf4e7,Cynthia Taylor,cynthia.taylor@acme.com,Engineer,team-12,2023-07-24 17:33:28.201372
7f30ccb0-709b-4cc4-b0c4-34cd8316441e,Elizabeth Stephenson,elizabeth.stephenson@acme.com,Ops,team-18,2019-04-06 17:33:28.201372
b0f3ec27-3099-4ab2-90db-a33801b66eaf,Amber Humphrey,amber.humphrey@acme.com,Product Manager,team-8,2025-02-15 17:33:28.203435
a2013413-2e35-4c65-85f1-848377678ef9,Manuel Nelson,manuel.nelson@acme.com,Engineer,team-19,2018-03-27 17:33:28.203435
25762c6e-47d1-44d3-8e4a-a1e76f7a127b,Jordan Lyons,jordan.lyons@acme.com,Product Manager,team-5,2016-08-10 17:33:28.203435
55540026-1e10-43da-be3c-f49a90ba4d40,Ashley Weeks,ashley.weeks@acme.com,Product Manager,team-11,2023-06-19 17:33:28.203435
9d1a10a2-5cc6-42e7-9f53-ea8ff6b0c73d,Mary Lloyd,mary.lloyd@acme.com,Ops,team-12,2023-10-24 17:33:28.203435
a1aa88ea-bfd4-4384-98a7-334196ef0de1,Judy Lopez,judy.lopez@acme.com,Designer,team-7,2022-06-23 17:33:28.203435
315d555a-d0f2-470c-a783-89cd1fa81eea,Michael Thompson,michael.thompson1@acme.com,Designer,team-5,2021-10-06 17:33:28.203435
905acf00-0210-46ce-af39-b493b3aa7b1d,Rebecca Lewis,rebecca.lewis1@acme.com,Product Manager,team-12,2019-08-20 17:33:28.203435
092815aa-74e7-4ffc-9ffd-9b3cf15d117f,Tara Anderson,tara.anderson@acme.com,Ops,team-19,2022-12-12 17:33:28.203435
d6477aee-31a6-4aaf-900a-61f4b6ea9077,Jordan Vazquez,jordan.vazquez@acme.com,Product Manager,team-5,2019-04-22 17:33:28.203435
2a333167-4628-431f-b1d8-5f04d98ba2df,Monique Williams,monique.williams@acme.com,Product Manager,team-11,2017-02-02 17:33:28.203435
38bf24d4-7dbd-4d6f-a210-91929448d170,Karen Pham,karen.pham@acme.com,Product Manager,team-4,2016-07-04 17:33:28.203435
c1da2579-c194-45b8-af9e-1ab5127fda23,Helen Burch,helen.burch@acme.com,Ops,team-16,2018-12-27 17:33:28.203435
8e56c2de-16a5-41a6-a9c8-1e38a0b0effd,Mark Williams,mark.williams@acme.com,Product Manager,team-18,2020-02-09 17:33:28.203435
7dae0871-616e-4d21-9b7a-34a9c195fda6,Kenneth Ortiz,kenneth.ortiz@acme.com,Marketer,team-4,2018-01-08 17:33:28.203435
db6ae4c4-9555-4064-bc3d-4d38472d1875,Kimberly Buchanan,kimberly.buchanan@acme.com,Engineer,team-7,2019-05-22 17:33:28.203435
fd063339-90f8-4751-b2ed-17da0227ac22,Brittany Sherman,brittany.sherman@acme.com,Marketer,team-19,2020-10-19 17:33:28.203435
156a3e2d-0c11-4f3e-b06e-0973b6608584,Seth Walker,seth.walker@acme.com,Designer,team-4,2015-09-01 17:33:28.203435
8a3cd876-cb8a-4cf7-8cfc-58032e563271,Lisa Torres DDS,lisa.torres.dds@acme.com,Marketer,team-1,2020-08-16 17:33:28.206229
cb0a4ba4-3fae-4c69-a803-513849b9163d,Joshua Diaz,joshua.diaz@acme.com,Engineer,team-0,2023-02-19 17:33:28.206229
a682e483-d043-4778-b6e7-2a80e26b53d5,Matthew Baker,matthew.baker@acme.com,Engineer,team-7,2023-12-24 17:33:28.206229
9d2cb274-64b0-4205-81e5-d5b8bc22ad0f,Jeffrey Rodriguez,jeffrey.rodriguez1@acme.com,Product Manager,team-1,2018-06-24 17:33:28.206229
3700b407-c35b-46a0-81ac-7c839d98f46c,Angela Moore,angela.moore@acme.com,Marketer,team-13,2019-01-02 17:33:28.208236
4c18187c-6655-43c7-9b78-35b921cf6c56,Teresa Hayes,teresa.hayes@acme.com,Engineer,team-1,2020-12-12 17:33:28.208236
32b43bc0-bfc6-4812-90ef-a506f85fc3e8,Nicole Rodriguez,nicole.rodriguez@acme.com,Marketer,team-4,2022-02-22 17:33:28.208236
880557e3-d79c-4db4-ae66-fc13218ba6e2,Larry Mason,larry.mason@acme.com,Ops,team-10,2019-01-03 17:33:28.208236
a942ffdb-fd3d-4ff1-a3e4-81f76880bf65,Steven Deleon,steven.deleon@acme.com,Engineer,team-17,2023-09-25 17:33:28.208236
aa373299-5743-4491-b9d3-942074c78f6f,Amanda Daugherty,amanda.daugherty@acme.com,Product Manager,team-17,2022-07-13 17:33:28.208236
df3440dd-1f0a-4551-a5b9-f3d12db08a69,Tiffany Andrews,tiffany.andrews@acme.com,Ops,team-19,2021-08-06 17:33:28.208236
425e0168-8224-4fea-8f53-9cdf73878c40,Terry Murphy,terry.murphy@acme.com,Designer,team-0,2023-08-25 17:33:28.208236
019ee36f-b125-478b-8d04-7fc4baae9f4a,Tracie Stevens,tracie.stevens@acme.com,Product Manager,team-11,2019-12-18 17:33:28.208236
d25cb8cb-35fa-46d8-af31-ea5784735162,Emily Hopkins,emily.hopkins@acme.com,Ops,team-6,2020-01-23 17:33:28.208236
2590ca7d-08a2-4ff5-93dc-1ab0283226a2,Jessica Thomas,jessica.thomas@acme.com,Marketer,team-7,2025-08-28 17:33:28.208236
e7f46510-4f74-464c-b4aa-00cd15518530,Patrick Juarez,patrick.juarez@acme.com,Ops,team-0,2017-03-22 17:33:28.208236
b6a93627-6ff6-439b-beac-585d56923db3,James Powell,james.powell@acme.com,Product Manager,team-14,2024-06-21 17:33:28.210243
b571b997-16fa-4030-abae-18c08610781f,James Escobar,james.escobar@acme.com,Ops,team-12,2024-11-21 17:33:28.210243
5488621d-67ee-4793-9dc3-d67c2513c2d1,Dorothy Shaffer,dorothy.shaffer@acme.com,Designer,team-14,2024-03-06 17:33:28.210243
48b2238c-75bd-42fb-9710-6db89a957e21,Michael Carter,michael.carter@acme.com,Marketer,team-11,2021-07-10 17:33:28.210243
2491d4b3-6e46-45e2-90dc-f4bf43f7ec29,Luis Molina,luis.molina@acme.com,Product Manager,team-11,2017-02-23 17:33:28.210243
7bd32b44-5020-4245-856f-9d086e11ab67,Joseph Jones DVM,joseph.jones.dvm@acme.com,Product Manager,team-1,2023-12-18 17:33:28.210243
513f5522-9142-440b-9d70-f89473bae059,James Watkins,james.watkins@acme.com,Marketer,team-13,2016-01-04 17:33:28.210243
2b83f797-88cc-44c3-8bc9-35dbdd52f68b,Rhonda Barnes,rhonda.barnes@acme.com,Engineer,team-15,2016-03-18 17:33:28.210243
7bd6f83c-902e-4ad6-a60b-be33f430f094,Sally Brown,sally.brown@acme.com,Ops,team-11,2024-04-27 17:33:28.210243
bdde0a8c-b40d-4ebb-a87f-8d848fb83e09,Eric Farmer,eric.farmer@acme.com,Product Manager,team-15,2023-12-07 17:33:28.210243
48b603fb-39c2-4110-977a-641f8886b9d2,Sonya Wilkinson,sonya.wilkinson@acme.com,Product Manager,team-7,2016-02-09 17:33:28.210243
96286dc9-cfb7-4545-af8c-c881dc89a8c8,Linda Jones,linda.jones@acme.com,Product Manager,team-7,2018-05-02 17:33:28.210243
ed4227a9-eaa1-4813-83aa-5f5e1b8e946c,James Brooks,james.brooks@acme.com,Engineer,team-12,2025-01-21 17:33:28.210243
1fb8c54c-65f8-4361-8640-8f032da411bb,Zachary Elliott,zachary.elliott@acme.com,Designer,team-5,2023-06-22 17:33:28.210243
0e717350-f32d-4394-89e3-b509244a9872,Robin Herman,robin.herman@acme.com,Ops,team-8,2019-06-20 17:33:28.210243
52798811-665d-4e27-95af-599d01f93643,Christine Mccall,christine.mccall@acme.com,Engineer,team-19,2020-05-09 17:33:28.210243
ba6620fa-e393-4f9f-8156-058c9b6dd076,Jon Gentry,jon.gentry@acme.com,Engineer,team-3,2025-11-12 17:33:28.210243
a0809f69-386c-4aac-89a2-97ea8f13089a,Zachary Brown,zachary.brown@acme.com,Product Manager,team-8,2020-04-14 17:33:28.212658
52236edb-85c1-44db-bc10-3843b60f4acf,Alyssa Hartman,alyssa.hartman@acme.com,Product Manager,team-3,2022-01-13 17:33:28.212658
5f255c7a-404f-4ed3-9be9-c1ff003166ee,Jennifer Flores,jennifer.flores@acme.com,Ops,team-8,2016-09-29 17:33:28.212658
e67271b6-7516-41c9-a951-842f8dcdb7b8,George Smith,george.smith@acme.com,Designer,team-18,2018-06-21 17:33:28.212658
d5f83e9b-5c87-4cbc-8c6a-501ce3e28ce0,Sean Coleman,sean.coleman@acme.com,Marketer,team-9,2018-11-30 17:33:28.212658
83505e25-19fd-4c34-bfe7-e45067832424,Mark Peters,mark.peters@acme.com,Engineer,team-18,2025-03-30 17:33:28.212658
b66620f5-11a9-46e5-b951-58698472bcb1,Christopher Kerr,christopher.kerr@acme.com,Ops,team-14,2017-09-06 17:33:28.212658
83aff69c-852e-45bd-b3e9-143837f301c8,Patrick Pratt,patrick.pratt@acme.com,Engineer,team-9,2024-11-11 17:33:28.212658
7f6c4501-d28a-4350-bc29-30e0ec0f6411,Jonathan Hunter,jonathan.hunter@acme.com,Ops,team-9,2018-10-19 17:33:28.212658
a67b9f5f-3637-4381-9283-02ad374ec9a3,Antonio Winters,antonio.winters@acme.com,Engineer,team-16,2022-12-21 17:33:28.212658
93089139-2d8f-41a9-8690-cb393aa0a611,Christopher Bailey,christopher.bailey1@acme.com,Ops,team-0,2020-05-11 17:33:28.212658
73b4022d-167f-4493-b372-98baf3c4e30d,Samantha Anderson,samantha.anderson@acme.com,Marketer,team-5,2019-08-18 17:33:28.212658
d01eaa7a-4920-4e78-9543-9cd622c5121f,Christopher Wilson,christopher.wilson@acme.com,Marketer,team-0,2022-04-17 17:33:28.212658
f3003d2d-1a3c-41bd-ad05-3a1f78fcaa22,Erica Barr,erica.barr@acme.com,Engineer,team-11,2023-07-05 17:33:28.212658
875252f0-24b0-46a2-9f3a-769be2c1b4b3,Rachel Hernandez,rachel.hernandez@acme.com,Designer,team-7,2020-10-02 17:33:28.212658
98da97d9-311a-443f-b1ae-7ad3ab309fcb,Tiffany Jennings,tiffany.jennings@acme.com,Designer,team-19,2023-01-11 17:33:28.212658
f21662d9-f8ec-46e8-85c2-cc17c7a967af,Judith Hall,judith.hall@acme.com,Product Manager,team-8,2016-01-21 17:33:28.212658
c5cea44d-b930-433a-ac55-5ad1e3cc0158,Sarah Martinez,sarah.martinez1@acme.com,Engineer,team-14,2025-09-09 17:33:28.212658
98a9e2e9-1ce7-4475-b323-d07779650f2d,Mary Colon,mary.colon@acme.com,Product Manager,team-1,2023-05-12 17:33:28.212658
425cf84d-6258-440d-8ccd-106a19e75f80,James Davis,james.davis@acme.com,Product Manager,team-6,2020-09-09 17:33:28.212658
8e7208c5-1de7-4bcf-849e-6a10d440d40c,Audrey Brooks,audrey.brooks@acme.com,Designer,team-15,2024-10-07 17:33:28.212658
d55f5d07-ccdf-4557-9588-85f12e58a325,Anna Pugh,anna.pugh@acme.com,Product Manager,team-19,2017-12-03 17:33:28.214473
8d6d7e13-32fc-4be7-9e41-4f75a9451b44,David Escobar,david.escobar@acme.com,Ops,team-0,2018-06-23 17:33:28.214473
9f098ea5-7140-4850-a168-a3f336ed6c41,Thomas Burns,thomas.burns1@acme.com,Designer,team-0,2025-04-05 17:33:28.214473
7844d624-4226-4d8f-94dd-41432cba18be,Alexandra Copeland,alexandra.copeland@acme.com,Ops,team-3,2025-08-10 17:33:28.214473
b0c5b0a7-ef9f-4374-9855-73a2e7621aae,Adam Brooks,adam.brooks@acme.com,Designer,team-19,2018-09-06 17:33:28.214473
6eb10a9d-12dc-4e0f-8f5c-2f6531730f04,Laura White,laura.white@acme.com,Marketer,team-14,2015-12-15 17:33:28.214473
86d59905-a9c9-49bc-a56c-56588ddcf556,Julie Marks,julie.marks@acme.com,Ops,team-14,2023-09-05 17:33:28.214473
1a6de2e1-34ff-4a54-95b2-ac0f9fc0d66e,Andrew Beasley,andrew.beasley@acme.com,Product Manager,team-10,2024-04-04 17:33:28.214473
cfd0f454-f285-45cd-83e6-a17120315cb1,Daniel Sanchez,daniel.sanchez3@acme.com,Designer,team-12,2024-06-19 17:33:28.214473
631aa950-c985-4c36-9d4b-4a11c95da21a,Anthony Herrera,anthony.herrera@acme.com,Engineer,team-17,2017-03-07 17:33:28.214473
d9dcb1ac-7caa-4590-9a48-954cf1a03a99,Morgan King,morgan.king@acme.com,Designer,team-6,2016-01-29 17:33:28.214473
fd8df204-639d-4138-90e4-c71d33c9bbed,Charles Mahoney,charles.mahoney@acme.com,Ops,team-8,2019-07-04 17:33:28.214473
6e35985b-18de-4ede-a673-ac98dc178fc0,Richard Smith,richard.smith@acme.com,Engineer,team-15,2015-09-11 17:33:28.214473
b24bbcaa-8bca-45d6-98d6-ff7f4470a4d7,Jennifer Thompson,jennifer.thompson@acme.com,Engineer,team-17,2024-09-12 17:33:28.214473
66659c9c-d124-4e01-aacc-db64c34e8068,Jordan Ross,jordan.ross@acme.com,Product Manager,team-9,2022-08-25 17:33:28.214473
4c670b3e-146b-4c29-96a3-56f706be617c,Douglas Martin,douglas.martin@acme.com,Ops,team-0,2016-01-12 17:33:28.240502
a9927c79-d98d-4527-8beb-aaa299adc30a,Michael Fields,michael.fields@acme.com,Engineer,team-13,2022-11-29 17:33:28.240502
7826dbab-13b3-44bb-8c3c-2e58f00656e1,Amber Foster,amber.foster@acme.com,Marketer,team-13,2020-12-07 17:33:28.240502
c3d0b4d1-4c28-4144-b93d-6c861d5c2692,Michelle Rodgers,michelle.rodgers@acme.com,Product Manager,team-6,2018-12-04 17:33:28.240502
c42a899e-d999-491c-824a-0081db41e9a0,Kim Peterson,kim.peterson@acme.com,Marketer,team-14,2015-08-24 17:33:28.240502
e8710820-5450-49bd-ba28-cc4aa0a43476,Andrew Perry,andrew.perry@acme.com,Product Manager,team-15,2023-10-10 17:33:28.240502
6877a0dd-6693-470f-858e-0f3d85059686,Ashley Huynh,ashley.huynh@acme.com,Ops,team-12,2016-11-27 17:33:28.240502
c191fef6-1113-42e1-8f7e-5fc8b05f67b3,Laura Williams,laura.williams@acme.com,Ops,team-6,2025-12-26 17:33:28.240502
3d37f5d1-0483-46f6-8982-3c0349bf55cb,Eugene Burch,eugene.burch@acme.com,Product Manager,team-0,2019-10-10 17:33:28.242514
8bf68b14-e5ea-4fb9-a2e3-1c849c429975,Nathan Washington,nathan.washington@acme.com,Designer,team-5,2025-10-09 17:33:28.242514
2941ed1b-f696-4cc5-9df6-9c0cea668ac1,Erin Marquez DDS,erin.marquez.dds@acme.com,Marketer,team-13,2025-07-04 17:33:28.242514
f80f3151-69fa-43bf-af94-96e262d2c6c4,Monica Clarke,monica.clarke@acme.com,Ops,team-4,2017-08-31 17:33:28.242514
2d5d127a-2c41-4411-8b62-c44ee404c210,David Bowman,david.bowman@acme.com,Designer,team-6,2022-12-03 17:33:28.242514
beca5481-2178-424e-84c9-f55e889cb7c7,Amber Jordan,amber.jordan@acme.com,Marketer,team-16,2017-06-29 17:33:28.242514
a775434d-6705-401b-939a-f9bb5f08ef9e,Hannah Wilson,hannah.wilson@acme.com,Marketer,team-6,2019-08-02 17:33:28.242514
8549136c-4b4b-42aa-ac1f-a61142e22c05,Lisa Robinson,lisa.robinson@acme.com,Product Manager,team-9,2019-10-15 17:33:28.242514
2d806f06-f162-4221-b6bc-57023c82800f,Jonathan Thomas,jonathan.thomas@acme.com,Engineer,team-10,2024-09-04 17:33:28.242514
6f3c0ec5-6c04-45b5-ad13-0c85d3208ddd,Adrian Parks,adrian.parks@acme.com,Engineer,team-1,2017-05-18 17:33:28.242514
53993dbe-b54f-4dcf-8da6-627c54417fc0,Donald Lane,donald.lane@acme.com,Ops,team-12,2020-05-02 17:33:28.242514
549fb9fa-b830-43dd-9807-15d6b9b12ff6,Christopher Simpson,christopher.simpson@acme.com,Designer,team-2,2024-06-19 17:33:28.242514
98534c7e-e9ba-489d-8657-03290fd4a8f7,Nicholas Alvarado,nicholas.alvarado@acme.com,Ops,team-15,2016-04-04 17:33:28.242514
06580ebc-921f-4b0a-92f4-19d61895c026,Megan Tanner,megan.tanner@acme.com,Designer,team-6,2022-01-31 17:33:28.242514
0a177ba8-1508-40c2-87b2-7d186eee8c53,Susan Johnson,susan.johnson2@acme.com,Product Manager,team-10,2018-10-08 17:33:28.242514
0e28e84d-a72c-4fb8-881a-7742a53365ec,Douglas Wall,douglas.wall@acme.com,Product Manager,team-5,2017-03-14 17:33:28.242514
c5b80b60-6a06-44a4-8f61-178db63632bf,Stephanie Walls,stephanie.walls@acme.com,Engineer,team-12,2019-06-15 17:33:28.242514
85bbb0e0-836e-486c-8460-9be15f532e40,Daniel Murphy,daniel.murphy1@acme.com,Marketer,team-0,2025-08-04 17:33:28.244522
d3332552-5c92-4be4-a61b-3253f0feb4d5,Connor Montgomery,connor.montgomery@acme.com,Designer,team-10,2024-03-16 17:33:28.244522
34d4ec9e-855b-45b2-93c0-da88a02444b8,Logan Miller,logan.miller@acme.com,Product Manager,team-14,2018-06-09 17:33:28.244522
a1d12a32-5a83-4287-bf93-ed549429246c,James Ashley,james.ashley@acme.com,Ops,team-15,2019-04-18 17:33:28.244522
b6b3050d-562c-4690-81b3-6a072ea6a355,Lori Benton,lori.benton@acme.com,Engineer,team-7,2022-10-22 17:33:28.244522
9639460c-1d9b-4f14-81ef-6dd57a9fce89,Ryan Alexander,ryan.alexander@acme.com,Marketer,team-13,2023-12-07 17:33:28.244522
b579834d-48cd-45c0-88c9-a0b23d2a61eb,Jessica Newton,jessica.newton@acme.com,Designer,team-12,2025-11-10 17:33:28.244522
4b55055b-88b8-420d-9b82-7d99bdf7eeb8,Andrea Garcia,andrea.garcia@acme.com,Product Manager,team-10,2023-09-01 17:33:28.244522
e81ef13c-dcd6-4709-b748-cfd323797f66,Jennifer Wyatt,jennifer.wyatt@acme.com,Marketer,team-1,2020-10-13 17:33:28.245517
e7167c92-420f-4b36-96d1-00bd11462a2d,Michael Miller,michael.miller@acme.com,Engineer,team-2,2017-11-07 17:33:28.245517
3d9e5711-0575-4f76-a86b-6c659fae5c0d,Blake Walker,blake.walker@acme.com,Engineer,team-9,2024-11-19 17:33:28.245517
be5d264f-cf2b-48c4-b8b7-aa49803203ba,Ryan Henderson,ryan.henderson@acme.com,Engineer,team-19,2024-03-29 17:33:28.245517
9ea82660-839f-4ea8-bc84-a15345c22ae6,Christina Baldwin,christina.baldwin@acme.com,Engineer,team-10,2025-03-04 17:33:28.246582
24195f61-a840-4eed-a1e5-e03224418db0,Jamie Ramirez,jamie.ramirez@acme.com,Marketer,team-3,2024-08-24 17:33:28.246582
ff5be416-3b25-4f4d-bfe9-7c05c92c795c,Dr. Richard Dean,dr..richard.dean@acme.com,Engineer,team-18,2018-03-25 17:33:28.247435
365757aa-b2d9-442d-891a-78d455237d03,Alex Leonard,alex.leonard@acme.com,Engineer,team-11,2023-01-07 17:33:28.247435
ba4a6f1d-f81b-48e4-aecf-3f1a872b5099,Nicholas Mendoza,nicholas.mendoza@acme.com,Engineer,team-14,2024-09-21 17:33:28.247435
bf83c57f-72f1-41b2-97b0-ee33563d3941,Charles Gomez,charles.gomez@acme.com,Designer,team-9,2022-01-20 17:33:28.247435
a7c7346a-8915-4501-bb97-9ee82616635b,Angela Harris,angela.harris1@acme.com,Designer,team-2,2016-12-05 17:33:28.247435
7f5273d5-688b-4f97-87e1-07a79fc3931b,Jeremy Copeland,jeremy.copeland@acme.com,Designer,team-16,2022-12-16 17:33:28.247435
4b353477-ae13-443d-9929-4604c3a3c224,Allison Copeland,allison.copeland@acme.com,Product Manager,team-0,2018-01-07 17:33:28.247435
288e0bb0-03a7-4497-b5c7-4255de964506,Mary Mitchell,mary.mitchell@acme.com,Designer,team-0,2024-01-13 17:33:28.247435
46085636-ac97-40fb-aa94-1adfb413267c,Joseph Rodriguez,joseph.rodriguez@acme.com,Marketer,team-16,2016-01-29 17:33:28.247435
c4341cc3-33bb-4308-adfd-eb770c3af7c6,Chad Stark,chad.stark@acme.com,Engineer,team-15,2019-02-14 17:33:28.247435
2d7ad1ce-3934-4a3e-a028-abadedd18ac5,Michael Young,michael.young@acme.com,Marketer,team-9,2018-04-03 17:33:28.247435
b6e627c6-73fe-4664-9b48-33f2f5dfcee7,Carla Bridges,carla.bridges@acme.com,Product Manager,team-16,2017-03-28 17:33:28.247435
6096d164-3d33-4917-9236-3d386092bd8b,Joseph Obrien,joseph.obrien@acme.com,Product Manager,team-16,2022-09-29 17:33:28.247435
5e2ba2fd-4985-4db7-9723-38aba7daa117,James Johnson,james.johnson@acme.com,Marketer,team-10,2025-07-03 17:33:28.247435
95053b11-058c-443e-9683-c6e865646cdc,Sandra Rice,sandra.rice@acme.com,Engineer,team-6,2024-03-21 17:33:28.247435
1372c8ec-9e58-4af4-adc3-6272642a5c52,Nicholas Moore,nicholas.moore1@acme.com,Marketer,team-10,2025-10-17 17:33:28.247435
e36664bf-b686-45d7-b079-f5f4a2c7783e,Gregory Burgess,gregory.burgess@acme.com,Engineer,team-1,2015-11-07 17:33:28.249441
004f5a9f-32a5-4766-8e61-3b9ab955e5b3,Amanda Long,amanda.long@acme.com,Ops,team-4,2025-10-09 17:33:28.249441
f675cb08-3f7a-4da3-99e2-496603eaf1d2,Gina Estes,gina.estes@acme.com,Marketer,team-7,2021-04-09 17:33:28.249441
654b06b6-b519-4857-95c1-81bc243f0d2f,Bryan Huffman,bryan.huffman@acme.com,Engineer,team-2,2016-02-10 17:33:28.249441
cc1ef1a0-eb47-4bea-a1e2-c4228c4f7b4d,Jessica Wells,jessica.wells@acme.com,Product Manager,team-4,2023-10-09 17:33:28.249441
4147f04e-4aa0-41d1-bf0f-72218a7638d4,Michael Williams,michael.williams1@acme.com,Engineer,team-13,2022-04-04 17:33:28.249441
bd35d1e2-ea2d-4f7f-af00-f29a66cf012f,Tammy Morris,tammy.morris@acme.com,Designer,team-16,2020-04-24 17:33:28.249441
0f192d3e-d737-4a5f-b107-63ffc36f6831,Jessica Robertson,jessica.robertson@acme.com,Marketer,team-7,2023-09-12 17:33:28.249441
2ea7e04d-48c5-4db2-b58b-7173c836d7ef,Michelle Hopkins,michelle.hopkins@acme.com,Marketer,team-18,2025-08-14 17:33:28.249441
ef7f7935-8653-483d-adf1-9a2feb4e52c7,Jeffrey Gonzalez,jeffrey.gonzalez@acme.com,Product Manager,team-19,2019-10-13 17:33:28.249441
0e3fde2b-fa91-4d78-9f5e-b3191452fc5c,Patricia Escobar,patricia.escobar@acme.com,Ops,team-19,2021-03-12 17:33:28.249441
3614fdd9-3af0-4927-9103-b50fcd0d7f0e,Christopher Lee,christopher.lee@acme.com,Marketer,team-16,2021-03-18 17:33:28.249441
784afc51-e4a6-4626-8459-1e89cbb4effe,Michelle Clay,michelle.clay@acme.com,Designer,team-8,2024-01-06 17:33:28.249441
6679cb73-29e9-4880-b2f1-05ac61299720,Carly Crawford,carly.crawford@acme.com,Ops,team-8,2021-04-03 17:33:28.249441
c5e7d5b3-671b-435c-86d0-3dba3005e0d6,Mr. Dillon Hebert Jr.,mr..dillon.hebert.jr.@acme.com,Ops,team-5,2021-12-18 17:33:28.249441
cd4f2da6-53b6-4dbd-859e-dda3fe6f4d07,Carol Brown,carol.brown@acme.com,Marketer,team-18,2024-04-13 17:33:28.249441
8e528f1c-22d2-46d9-83f1-682afbb3a31f,Bryan Underwood,bryan.underwood@acme.com,Engineer,team-3,2022-07-28 17:33:28.249441
e34059c3-6609-470a-807a-a8a2d03cac40,Dustin Howard,dustin.howard@acme.com,Product Manager,team-9,2022-09-17 17:33:28.249441
8812616f-6893-4341-a27b-8cc4f4cd7f28,Nicholas Rivas,nicholas.rivas@acme.com,Product Manager,team-5,2021-11-21 17:33:28.249441
0aeefd2c-a0d2-4a74-9393-8757ecefcbee,Patrick Cochran,patrick.cochran@acme.com,Designer,team-10,2019-11-06 17:33:28.249441
591e521e-6432-4832-a333-2617e051f649,Stephanie Meyer,stephanie.meyer@acme.com,Marketer,team-6,2022-04-30 17:33:28.251446
5d130a10-a69b-4012-ac9a-f3e7a856a85c,Dawn Moreno,dawn.moreno@acme.com,Engineer,team-18,2017-02-02 17:33:28.251446
eb7b8b58-9d4b-4719-9e5b-ac9c2c76633c,Debra Young,debra.young@acme.com,Product Manager,team-15,2023-09-22 17:33:28.251446
f609c834-e512-4cf5-ac1c-ccf779bf48e7,Carlos Cruz,carlos.cruz@acme.com,Engineer,team-11,2016-09-05 17:33:28.251446
8d770871-6ec5-4304-89bf-62dd1f647aaf,Craig Bowers,craig.bowers@acme.com,Engineer,team-12,2019-11-19 17:33:28.251446
5ccf5d94-844e-497d-b66e-270be0f0c8e4,Doris Howe,doris.howe@acme.com,Product Manager,team-0,2019-12-04 17:33:28.251446
c567fb1d-022d-4d93-9929-2540ae4395e2,Donald Rodriguez,donald.rodriguez@acme.com,Marketer,team-9,2022-12-09 17:33:28.251446
56ab2638-1a7d-45fa-a7ee-ab141c657ac7,Samuel Coleman,samuel.coleman@acme.com,Marketer,team-14,2024-01-09 17:33:28.251446
40a71f7d-6f99-4996-8687-332ea2bc7cf6,Jillian Benson,jillian.benson@acme.com,Product Manager,team-17,2022-11-09 17:33:28.251446
b9f45682-6c7f-41e9-bb4d-66cf12020e40,Donald Thomas,donald.thomas@acme.com,Marketer,team-1,2024-01-02 17:33:28.251446
c0111656-d90c-40b0-9a7c-4c7a1c82616c,Kenneth Jones,kenneth.jones@acme.com,Engineer,team-9,2016-11-08 17:33:28.251446
1e52b71c-8b65-4a0c-a7ed-483c8320c79f,Melissa Lynch,melissa.lynch@acme.com,Engineer,team-15,2017-11-27 17:33:28.251446
ba4c0140-e1c6-40f7-9625-6dd017780749,Shannon Griffith,shannon.griffith@acme.com,Product Manager,team-6,2019-07-30 17:33:28.251446
67662a72-ee8f-4f07-8b0a-64b23e470692,Tyler Luna,tyler.luna@acme.com,Product Manager,team-6,2025-08-03 17:33:28.251446
66d4c6f8-048d-4ec3-abb9-2a0b02cd55cf,Michael Hall MD,michael.hall.md@acme.com,Designer,team-14,2025-11-09 17:33:28.251446
32a4eb80-7fef-4087-a046-ea58476b11dc,Mr. James Copeland,mr..james.copeland@acme.com,Product Manager,team-14,2018-09-15 17:33:28.251446
1b784b29-8264-4164-9802-94adeb63a203,Joseph Holt,joseph.holt@acme.com,Designer,team-10,2020-10-10 17:33:28.251446
608a7362-3ae6-40f9-af80-958e7832423b,William Craig,william.craig@acme.com,Marketer,team-14,2018-08-12 17:33:28.251446
c6c88c4e-078d-4b03-9ecd-d275a434a41b,Kenneth Cantu,kenneth.cantu@acme.com,Marketer,team-6,2015-08-26 17:33:28.251446
0567c9b5-06b0-48a8-9b37-738767fc893b,Bianca Martinez,bianca.martinez@acme.com,Marketer,team-15,2023-09-21 17:33:28.251446
2a5bda2a-5f82-4393-8852-3db97ef7658c,Matthew Alvarado,matthew.alvarado@acme.com,Product Manager,team-9,2023-11-29 17:33:28.251446
d2a27d94-a584-428d-8d70-3971ab807bfa,William Butler,william.butler@acme.com,Marketer,team-2,2024-01-16 17:33:28.253450
5f0546e9-8764-43ce-862b-3104f77ebc0a,Alejandra Miles,alejandra.miles@acme.com,Product Manager,team-16,2021-12-16 17:33:28.253450
5e6ca4f9-abfe-4cd1-850d-a163c108d444,Charles Cross,charles.cross@acme.com,Marketer,team-1,2016-11-12 17:33:28.253450
699de8f5-d086-48ea-ba9e-dd14fb59a1c9,Danielle Patterson,danielle.patterson@acme.com,Designer,team-8,2015-10-16 17:33:28.253450
