durasi_rencana_hari,panjang_deskripsi_kata,jumlah_tag,prioritas_tinggi,adalah_bug,sedang_blocked,jumlah_komentar,beban_kerja_assignee,bulan_dibuat,tim,peran_assignee,status_proyek,terlambat,prediksi_probabilitas
63.0,12,4,1,0,1,3,0,5,Team 8,Ops,active,0,0.06195774314180678
6.0,28,1,0,0,0,0,0,2,Team 8,Engineer,completed,0,0.09264105201108583
28.0,0,3,0,0,0,2,3,1,Team 0,Product Manager,on_hold,0,0.04360884282595604
28.0,0,3,0,1,0,0,1,8,Team 8,Marketer,completed,0,0.06069827111172203
62.0,0,1,0,0,0,0,0,11,Team 8,Spesialis Lainnya,active,0,0.045975494887333275
27.0,25,3,0,1,0,0,1,9,Team 3,Engineer,active,0,0.05628537024108314
30.0,28,2,0,0,0,0,0,5,Team 16,Product Manager,completed,0,0.054839419506665786
9.0,11,0,0,0,0,0,0,11,Team 10,Marketer,active,0,0.050522832019165444
7.0,6,2,0,0,1,0,1,12,Team 6,Product Manager,completed,0,0.06028093369406866
6.0,0,1,1,0,0,3,0,9,Team 8,Spesialis Lainnya,active,0,0.08482498648814336
16.0,28,1,0,0,0,2,2,11,Team 5,Engineer,on_hold,0,0.05032147482760844
13.0,26,1,0,0,0,1,0,10,Team 5,Designer,completed,0,0.05275660515423783
12.0,8,0,0,0,0,2,0,1,Team 14,Designer,completed,0,0.057350035190748216
39.0,26,2,0,0,0,3,1,3,Team 7,Marketer,active,0,0.058439802020349936
-7.500520833333334,24,2,0,1,0,0,0,12,Team 19,Engineer,active,1,0.68838439004018
23.0,30,1,0,0,0,2,0,8,Team 6,Spesialis Lainnya,active,0,0.04726970397657823
89.0,11,0,0,0,0,0,1,10,Team 17,Ops,active,0,0.053831797269853245
5.0,28,1,0,1,0,0,0,3,Team 1,Engineer,active,1,0.10882692608261858
4.0,21,0,0,0,0,0,0,8,Team 12,Ops,active,0,0.15088996261268167
22.0,11,0,0,0,0,4,0,4,Team 13,Designer,active,0,0.061466859320955934
5.0,27,1,0,0,0,0,0,7,Team 10,Designer,active,1,0.1250158031441898
26.0,27,1,0,0,0,0,1,9,Team 2,Marketer,active,0,0.05859770763779965
34.0,24,4,1,0,1,1,0,3,Team 16,Product Manager,completed,0,0.04827886659842531
10.0,25,2,0,0,0,0,0,7,Team 2,Designer,on_hold,0,0.04966406445482085
45.0,0,0,0,0,0,4,0,2,Team 9,Product Manager,active,0,0.056352075279005924
50.0,3,2,0,0,0,1,0,3,Team 13,Spesialis Lainnya,active,0,0.04982603677290745
87.0,25,1,0,0,0,1,1,3,Team 15,Ops,completed,0,0.05293331446069116
78.0,4,0,0,0,0,1,0,2,Team 6,Marketer,on_hold,0,0.044442058997473936
36.0,14,2,0,0,0,1,0,11,Team 4,Ops,completed,0,0.05706588284242496
65.0,14,4,0,0,0,0,0,6,Team 19,Product Manager,active,0,0.05478189797481594
45.0,4,1,0,0,0,3,0,4,Team 16,Engineer,active,0,0.045957788427702276
38.0,6,2,0,0,0,4,0,5,Team 18,Designer,active,0,0.06378868112636775
80.0,25,1,0,0,0,1,2,5,Team 6,Engineer,active,0,0.0533025048528233
10.0,0,1,0,0,0,2,0,4,Team 17,Product Manager,active,0,0.051693204370519365
-2.270648148148148,12,1,0,0,0,4,0,5,Team 0,Spesialis Lainnya,completed,1,0.667355714268112
3.0,12,0,0,0,0,0,0,6,Team 0,Engineer,active,0,0.17050305709511188
-0.4572569444444444,3,0,0,0,0,4,0,3,Team 13,Engineer,active,1,0.6682776132378693
41.0,15,2,0,0,0,0,1,9,Team 18,Marketer,active,0,0.06147291124785811
23.0,30,2,0,0,0,2,0,4,Team 6,Engineer,completed,0,0.05068036052910807
2.0,8,1,0,0,0,3,3,12,Team 5,Marketer,active,1,0.5686786773097193
14.0,27,1,1,0,0,1,0,2,Team 1,Designer,completed,0,0.04909792950169253
28.0,5,1,0,0,0,1,1,10,Team 4,Marketer,completed,0,0.05194013293708497
36.0,26,1,0,0,0,3,0,10,Team 8,Product Manager,completed,0,0.0558887555015822
3.0,15,2,0,0,0,4,0,12,Team 10,Engineer,active,0,0.21559879416970748
57.0,4,2,0,1,0,1,0,3,Team 5,Ops,active,0,0.050150319867236955
18.0,6,0,0,0,0,2,2,11,Team 1,Ops,active,0,0.05692747268521459
49.0,4,3,0,0,0,3,1,12,Team 12,Designer,on_hold,0,0.047343308296748675
4.0,7,0,0,0,0,0,0,7,Team 18,Marketer,completed,0,0.17603618525794595
7.0,0,1,0,0,0,2,0,5,Team 11,Engineer,active,0,0.0564708440239399
12.0,24,1,0,0,0,3,1,8,Team 19,Product Manager,active,0,0.057566664689456294
5.0,7,0,0,0,0,0,2,5,Team 2,Marketer,completed,1,0.1405694170886572
23.0,24,2,0,0,0,2,0,12,Team 5,Product Manager,active,0,0.05535890121736767
2.0,8,2,0,0,0,0,0,2,Team 5,Engineer,active,1,0.49562500382961
47.0,12,1,0,0,0,4,2,11,Team 19,Ops,completed,0,0.06466424319335883
12.0,7,0,0,0,0,3,3,9,Team 4,Ops,active,0,0.05716642009266408
36.0,26,0,0,0,0,3,1,12,Team 13,Ops,active,0,0.06282208780146306
48.0,0,2,0,0,0,0,1,12,Team 19,Marketer,active,0,0.05686041436479466
39.0,20,2,0,0,0,0,0,7,Team 15,Engineer,completed,0,0.058681291663883146
21.0,27,3,0,0,0,3,6,2,Team 6,Ops,active,0,0.1939140023955919
13.0,11,0,0,0,0,0,0,4,Team 0,Designer,completed,0,0.05833833642979112
21.0,0,0,0,0,0,0,1,10,Team 8,Engineer,completed,0,0.052928411199572145
3.0,7,0,0,0,0,0,0,2,Team 2,Designer,completed,0,0.19683738831189912
10.0,5,2,0,0,0,0,1,8,Team 11,Product Manager,on_hold,0,0.048085324516390096
9.0,0,2,1,0,0,3,0,4,Team 15,Ops,completed,0,0.06207914907377681
62.0,4,2,0,0,0,3,0,7,Team 4,Product Manager,completed,0,0.05415313107189151
88.0,30,0,0,0,0,3,5,1,Team 18,Product Manager,active,0,0.09271875584675472
3.0,23,1,0,0,0,0,0,3,Team 7,Designer,active,1,0.1696527378880866
3.0,0,1,0,0,0,0,0,7,Team 16,Spesialis Lainnya,active,0,0.16241967127592757
52.0,22,1,0,1,0,0,0,11,Team 12,Product Manager,active,0,0.04794730417866198
4.0,31,2,0,0,1,1,0,10,Team 4,Engineer,active,0,0.1793387232466404
10.0,0,0,0,0,0,2,1,12,Team 10,Designer,active,0,0.04578572315582318
22.0,22,1,0,1,0,0,0,1,Team 11,Spesialis Lainnya,active,0,0.04618295597510824
20.0,9,2,1,0,0,2,0,2,Team 8,Spesialis Lainnya,active,0,0.054844663094179416
2.0,6,0,0,0,0,0,0,7,Team 8,Engineer,active,0,0.5143833932048971
24.0,3,1,0,0,0,2,0,12,Team 15,Engineer,completed,0,0.05175085632014115
36.0,14,2,0,0,0,0,0,7,Team 13,Spesialis Lainnya,active,0,0.05119681594025082
69.0,4,0,0,0,0,0,2,7,Team 5,Engineer,completed,0,0.05840167725143589
35.0,33,1,0,0,0,2,3,7,Team 15,Designer,active,0,0.050997793498121086
11.0,27,1,0,0,0,1,0,5,Team 19,Ops,active,0,0.06091900098276275
5.0,6,1,0,0,0,0,1,6,Team 8,Marketer,active,0,0.13281852644968603
30.0,6,1,0,0,0,4,0,2,Team 6,Designer,completed,0,0.050302101448592776
29.0,23,2,0,0,0,0,1,1,Team 7,Ops,completed,0,0.05158774525595276
18.0,23,1,0,0,0,3,2,9,Team 13,Marketer,completed,0,0.07081541091610467
53.0,25,2,0,1,0,1,2,12,Team 4,Marketer,completed,0,0.057115222430618375
66.0,0,2,0,0,0,4,2,11,Team 6,Ops,active,0,0.05833339094695944
36.0,5,1,0,0,0,0,1,4,Team 18,Engineer,completed,0,0.0536571593893827
15.0,17,1,0,0,0,4,0,1,Team 16,Product Manager,active,0,0.0564871133779813
3.0,23,3,0,0,0,3,1,11,Team 2,Marketer,completed,1,0.21909166863695048
79.0,25,0,0,0,0,3,0,7,Team 1,Designer,active,0,0.05501654042773678
16.0,22,0,0,0,0,2,0,4,Team 17,Marketer,completed,0,0.05256570445237166
44.0,0,1,0,1,0,0,0,1,Team 17,Ops,active,0,0.05056044737323228
9.0,9,2,1,0,0,0,2,11,Team 7,Ops,active,0,0.06150690820312051
71.0,0,3,0,0,0,1,0,4,Team 1,Spesialis Lainnya,active,0,0.05106473286940062
22.0,4,0,0,0,0,0,0,9,Team 5,Product Manager,active,0,0.04863386816727262
4.0,27,1,0,0,0,4,0,4,Team 10,Product Manager,completed,0,0.16068488241813492
1.0,0,0,0,0,0,0,0,3,Team 7,Engineer,completed,1,0.6324794170940825
1.0,32,2,1,0,0,0,0,1,Team 1,Spesialis Lainnya,on_hold,0,0.5730784579009957
58.0,6,2,0,1,0,0,1,7,Team 1,Designer,active,0,0.05414723299855396
11.0,0,2,0,0,0,3,1,10,Team 4,Product Manager,active,0,0.052252445933713434
6.0,0,1,0,0,0,0,0,7,Team 17,Marketer,active,0,0.0638828886200681
2.0,0,0,0,0,0,0,1,5,Team 0,Marketer,on_hold,1,0.523215839610199
10.0,5,2,1,0,0,2,0,5,Team 17,Designer,on_hold,0,0.048482529225326
10.0,11,2,0,0,0,0,0,10,Team 7,Engineer,on_hold,0,0.05442542912390459
4.0,12,2,0,1,0,0,0,10,Team 6,Engineer,completed,0,0.1736924383094525
65.0,22,0,0,0,0,1,3,10,Team 15,Product Manager,active,0,0.051773198142526344
16.0,5,2,0,0,0,0,2,1,Team 16,Ops,completed,0,0.054812508544436804
11.0,21,2,0,0,0,3,4,3,Team 7,Marketer,completed,0,0.0618327993132852
10.0,6,2,0,0,1,2,1,10,Team 4,Product Manager,completed,0,0.05392933324748949
55.0,6,0,0,0,0,0,1,2,Team 11,Designer,active,0,0.05280437327043744
51.0,20,1,0,0,1,0,0,11,Team 0,Marketer,completed,0,0.055718451135044686
5.0,3,1,1,0,0,0,0,8,Team 18,Marketer,completed,0,0.12656234058967056
8.0,24,2,0,0,0,0,0,7,Team 14,Designer,active,0,0.05942900264234102
1.0,0,1,0,0,0,0,0,9,Team 7,Spesialis Lainnya,on_hold,1,0.6234192964300747
89.0,9,0,0,0,0,0,0,10,Team 1,Spesialis Lainnya,active,0,0.05330917984690918
76.0,0,0,0,0,0,4,1,8,Team 1,Product Manager,active,0,0.05204263804675359
10.0,5,1,0,0,0,4,1,1,Team 3,Product Manager,on_hold,0,0.05237074361711947
10.0,6,3,0,0,0,4,0,4,Team 19,Engineer,on_hold,0,0.055894522439805444
64.0,24,1,0,0,0,0,0,9,Team 6,Spesialis Lainnya,completed,0,0.05010115494817656
24.0,25,0,0,0,0,2,1,12,Team 6,Engineer,active,0,0.05780518957456844
5.0,7,0,0,0,0,4,3,1,Team 6,Designer,completed,1,0.1196875732656495
16.0,0,1,0,0,0,0,1,5,Team 6,Ops,completed,0,0.0476557035390715
6.0,12,0,0,0,0,2,1,6,Team 9,Product Manager,completed,0,0.07402570176796335
31.0,17,1,0,0,0,0,0,6,Team 8,Spesialis Lainnya,on_hold,0,0.051842147608028896
3.0,26,2,0,1,0,1,0,5,Team 18,Marketer,completed,0,0.22400568132409177
1.0,0,3,0,0,0,0,1,11,Team 11,Marketer,active,1,0.6504841061223529
82.0,0,1,0,0,0,0,0,5,Team 3,Spesialis Lainnya,active,0,0.051321384340099474
1.0,8,4,0,1,0,2,0,12,Team 8,Product Manager,active,1,0.6264559139511212
32.0,0,2,0,0,0,3,1,7,Team 0,Ops,active,0,0.0546080801323069
17.0,13,2,0,0,0,1,1,11,Team 0,Engineer,active,0,0.055953967123578155
70.0,3,1,0,0,0,0,2,10,Team 9,Ops,active,0,0.05571707532405923
29.0,7,2,1,0,0,2,1,7,Team 10,Ops,active,0,0.05332740491511455
5.0,10,0,0,0,0,0,2,1,Team 6,Ops,active,0,0.11084451158499337
59.0,10,1,0,0,0,0,0,2,Team 4,Ops,completed,0,0.05496047099927176
25.0,5,2,1,0,0,0,1,12,Team 14,Ops,on_hold,0,0.052858194842409736
50.0,14,0,0,0,0,0,2,10,Team 2,Ops,active,0,0.061617221526110516
27.0,10,0,0,0,0,4,0,4,Team 11,Spesialis Lainnya,active,0,0.05147443098406583
53.0,0,0,0,0,0,1,1,4,Team 15,Engineer,active,0,0.04959485900085233
13.0,26,1,1,0,0,0,2,10,Team 7,Marketer,active,0,0.0477673270795518
7.0,13,3,0,0,0,3,2,10,Team 13,Engineer,active,0,0.06662794427829041
61.0,11,1,0,0,0,4,0,4,Team 14,Designer,completed,0,0.060899385662497314
85.0,29,1,0,0,0,1,0,11,Team 1,Engineer,active,0,0.05729445009013747
26.0,11,0,0,0,0,3,0,12,Team 16,Spesialis Lainnya,completed,0,0.063598563520726
29.0,0,0,0,0,0,2,2,5,Team 19,Engineer,completed,0,0.055655412391550384
72.0,4,0,0,0,0,0,0,6,Team 13,Product Manager,active,0,0.05251009301154473
-0.1260879629629629,14,1,0,0,0,2,1,10,Team 2,Designer,active,1,0.6933714423282468
18.0,27,4,0,0,1,1,2,6,Team 16,Designer,active,0,0.05361636611355048
14.0,7,1,1,0,0,1,0,4,Team 6,Marketer,active,0,0.04732794295822324
2.0,0,2,0,0,0,2,0,9,Team 4,Designer,active,1,0.5581422480013076
5.0,0,3,0,0,0,0,0,8,Team 15,Designer,active,0,0.1148933208441822
4.0,22,0,0,0,0,2,0,10,Team 11,Engineer,completed,0,0.16240379519861836
-20.002002314814813,23,1,0,0,0,3,1,12,Team 0,Marketer,active,1,0.6739578087232194
13.0,24,4,0,0,0,0,0,9,Team 7,Designer,active,0,0.05196972494377102
30.0,0,3,0,0,0,2,0,10,Team 13,Ops,completed,0,0.05463054911171236
5.0,12,0,0,0,0,0,1,9,Team 10,Marketer,active,0,0.1180936808838185
24.0,0,0,0,0,0,2,4,12,Team 5,Product Manager,active,0,0.04586027313299261
46.0,0,0,0,0,0,3,4,10,Team 9,Marketer,active,0,0.053039440467738085
43.0,7,1,0,1,0,0,2,9,Team 18,Product Manager,active,0,0.05110457511034421
26.0,7,0,0,0,0,1,0,10,Team 13,Designer,completed,0,0.05766244396540953
17.0,26,2,0,0,0,0,0,8,Team 0,Ops,active,0,0.06010123739782968
-4.406053240740741,6,2,0,1,0,3,1,9,Team 16,Designer,active,1,0.7040330116225536
-2.3980092592592595,5,3,0,1,0,4,0,3,Team 0,Spesialis Lainnya,active,1,0.6407329483323264
12.0,22,0,0,0,0,0,1,4,Team 7,Designer,active,0,0.05943131306168207
21.0,10,0,0,0,0,1,1,6,Team 3,Marketer,completed,0,0.060456573986473125
7.0,26,2,0,1,0,4,0,5,Team 12,Engineer,on_hold,0,0.06954103625760907
53.0,0,0,0,0,0,1,0,7,Team 8,Product Manager,active,0,0.052833077123471364
3.0,0,4,0,0,0,0,0,10,Team 11,Designer,completed,0,0.16730330108019104
4.0,7,1,0,0,0,0,0,5,Team 11,Designer,completed,0,0.14496231557981726
8.0,15,1,0,0,0,0,2,4,Team 4,Designer,active,0,0.06842839889348386
74.0,9,1,0,0,0,2,1,1,Team 3,Engineer,active,0,0.06206075834446561
22.0,25,1,0,0,0,1,0,2,Team 4,Engineer,completed,0,0.05583138178339104
19.0,13,1,0,0,0,0,2,4,Team 18,Marketer,active,0,0.06229749536963542
33.0,8,2,0,1,0,0,0,12,Team 1,Designer,active,0,0.052924477404996555
16.0,30,2,0,0,0,0,0,3,Team 13,Marketer,active,0,0.059394766265335984
-1.7853125,24,1,0,0,0,1,1,2,Team 8,Ops,completed,1,0.6644231809416846
16.0,28,2,0,0,0,3,1,12,Team 16,Product Manager,active,0,0.06526748666222919
89.0,7,4,0,0,0,1,2,9,Team 1,Marketer,active,0,0.05943388222574497
1.0,0,2,1,0,0,1,2,12,Team 2,Marketer,active,1,0.6395984315446828
30.0,26,3,0,0,0,2,0,5,Team 5,Spesialis Lainnya,active,0,0.04951751182377031
80.0,31,1,0,0,0,0,1,1,Team 7,Engineer,active,0,0.06035454761621918
56.0,12,3,0,0,0,3,0,6,Team 7,Spesialis Lainnya,active,0,0.05290363469532253
9.0,8,3,0,0,0,2,3,3,Team 10,Marketer,active,0,0.049313889403020526
30.0,27,1,0,0,0,0,0,6,Team 11,Marketer,completed,0,0.05587118028416748
34.0,31,2,0,0,0,0,3,11,Team 8,Product Manager,completed,0,0.06115099536506566
66.0,25,0,0,0,0,3,1,10,Team 5,Engineer,completed,0,0.06207427006299968
1.0,0,1,0,0,0,0,3,5,Team 13,Ops,active,0,0.6381795112920337
18.0,19,0,0,0,0,2,2,9,Team 13,Ops,active,0,0.06100497950166686
9.0,6,3,0,0,0,2,1,9,Team 10,Ops,active,0,0.05184758854252863
28.0,29,0,0,0,0,2,0,11,Team 14,Spesialis Lainnya,completed,0,0.05831392546230794
5.0,6,1,0,0,0,4,1,6,Team 19,Designer,completed,0,0.15912012344792395
7.0,3,0,0,0,0,0,0,10,Team 9,Spesialis Lainnya,completed,0,0.05720271017290066
46.0,10,0,0,0,0,2,0,6,Team 10,Engineer,completed,0,0.05862829630641632
6.0,26,3,0,0,0,1,1,3,Team 15,Ops,on_hold,0,0.06913791119442933
52.0,7,0,0,0,0,4,0,11,Team 19,Spesialis Lainnya,completed,0,0.06454550038528904
9.0,0,0,0,0,0,4,0,7,Team 6,Ops,active,0,0.05261674249540979
50.0,0,2,0,0,0,4,1,6,Team 6,Ops,active,0,0.05503535663629775
16.0,6,1,0,0,0,3,0,12,Team 9,Engineer,completed,0,0.04925759177092943
38.0,7,1,0,0,0,0,5,11,Team 5,Designer,active,0,0.07322370218882437
28.0,26,0,0,0,0,4,0,8,Team 11,Engineer,active,0,0.05174922230638469
54.0,25,0,0,0,0,4,0,4,Team 15,Spesialis Lainnya,active,0,0.05659299546953819
20.0,11,2,0,0,0,3,2,4,Team 0,Engineer,active,0,0.05626429064662358
1.0,29,4,0,1,0,3,0,6,Team 5,Designer,active,1,0.6192880663574085
7.0,10,1,0,1,0,4,3,11,Team 17,Product Manager,completed,0,0.059355168142469786
11.0,0,2,1,0,0,4,0,5,Team 6,Spesialis Lainnya,on_hold,0,0.05431575326368245
51.0,22,3,0,0,0,0,0,6,Team 17,Designer,active,0,0.05247019631105819
68.0,0,3,0,0,0,0,0,4,Team 2,Marketer,active,0,0.057795582670282224
6.0,27,2,0,0,0,2,1,9,Team 3,Product Manager,active,0,0.0776989404719905
25.0,6,4,0,0,0,3,0,7,Team 11,Spesialis Lainnya,completed,0,0.04908883963336293
56.0,4,1,0,0,0,4,2,6,Team 13,Product Manager,active,0,0.05466510438466832
19.0,0,0,0,0,0,3,0,11,Team 0,Product Manager,active,0,0.051239050822943576
10.0,4,0,0,0,0,4,1,12,Team 16,Engineer,active,0,0.05052175671350523
5.0,12,0,0,0,0,0,0,4,Team 18,Spesialis Lainnya,completed,0,0.1183241685088164
6.0,22,0,0,0,0,0,0,10,Team 9,Marketer,completed,0,0.07873633049834507
7.0,0,2,0,0,0,2,1,8,Team 7,Product Manager,active,0,0.06401311395882903
6.0,23,1,0,0,0,0,1,11,Team 3,Engineer,active,0,0.07394052798132443
9.0,30,3,0,0,1,0,1,5,Team 12,Engineer,on_hold,0,0.05949449063205133
34.0,7,1,0,0,0,1,0,5,Team 0,Designer,completed,0,0.05140767436087906
21.0,15,2,0,0,0,3,0,8,Team 7,Spesialis Lainnya,completed,0,0.06569423823949742
56.0,0,1,0,0,0,3,1,8,Team 3,Marketer,completed,0,0.053484903752037405
29.0,17,0,0,0,0,2,0,9,Team 18,Marketer,active,0,0.0559087742629592
31.0,27,0,0,0,0,0,0,10,Team 5,Product Manager,active,0,0.0525771547099926
47.0,13,2,0,0,0,2,0,11,Team 3,Designer,active,0,0.05320390608924398
30.0,24,4,0,1,0,4,2,12,Team 3,Marketer,completed,0,0.059623637116393687
72.0,25,1,0,0,0,1,0,2,Team 7,Spesialis Lainnya,completed,0,0.049121775174585804
64.0,11,0,0,0,0,0,1,11,Team 12,Marketer,active,0,0.05622136567134939
7.0,0,1,0,0,0,1,1,7,Team 16,Designer,active,1,0.05780916871160924
70.0,0,4,1,0,0,3,3,4,Team 13,Ops,completed,0,0.05292539822451292
47.0,0,4,0,0,0,1,1,12,Team 12,Ops,completed,0,0.05649733246549219
23.0,0,2,1,0,0,1,0,6,Team 19,Ops,completed,0,0.0667959534365756
19.0,0,1,0,0,0,1,1,5,Team 13,Designer,completed,0,0.051686351911362116
61.0,11,1,0,0,0,0,0,2,Team 15,Ops,completed,0,0.0534942302767649
26.0,25,1,1,0,0,0,0,2,Team 11,Marketer,active,0,0.05368470827310615
54.0,7,2,0,0,0,0,0,3,Team 9,Designer,completed,0,0.0509760585461015
35.0,0,3,1,0,0,3,2,9,Team 14,Marketer,active,0,0.05413113722232506
-14.363391203703705,31,2,0,0,0,3,1,9,Team 19,Product Manager,completed,1,0.6534664347698396
72.0,32,0,0,0,0,1,2,9,Team 11,Engineer,active,0,0.05481778366626134
10.0,8,1,0,0,1,2,1,8,Team 10,Designer,active,0,0.053544550075517235
19.0,0,0,0,0,0,1,0,7,Team 15,Engineer,active,0,0.048630319861499495
-6.970810185185186,6,0,0,0,0,0,1,11,Team 4,Product Manager,on_hold,1,0.6699579335466413
29.0,26,1,0,0,0,4,3,7,Team 8,Ops,active,0,0.06326267060695692
77.0,27,1,0,0,0,4,0,5,Team 7,Engineer,active,0,0.06029154513360228
25.0,6,0,0,0,0,3,0,1,Team 14,Engineer,active,0,0.04893456939359787
81.0,28,4,1,0,1,0,1,10,Team 14,Ops,active,0,0.051166422674776856
43.0,6,1,0,0,0,3,0,3,Team 10,Spesialis Lainnya,completed,0,0.05066396986604667
8.0,0,2,0,0,0,1,0,7,Team 11,Product Manager,active,0,0.04982909823004644
8.0,29,1,0,0,0,0,1,10,Team 1,Ops,completed,0,0.06104190427663017
78.0,27,2,0,0,0,3,1,9,Team 3,Engineer,completed,0,0.06055422864381562
9.0,16,2,0,0,0,0,0,6,Team 11,Designer,active,0,0.055321186602082184
11.0,4,0,0,0,0,4,0,5,Team 7,Ops,active,0,0.06308962074927958
26.0,29,1,0,0,0,4,4,12,Team 19,Engineer,active,0,0.06019835392217162
31.0,5,2,0,0,0,4,2,9,Team 5,Ops,active,0,0.05809636231816165
9.0,0,3,0,0,0,4,0,3,Team 11,Marketer,active,0,0.051911304498835784
64.0,0,1,0,0,0,1,0,5,Team 7,Ops,completed,0,0.05680942304653742
27.0,0,4,0,0,1,4,0,11,Team 6,Ops,completed,0,0.06207855037440304
3.0,0,0,0,0,0,1,0,3,Team 6,Engineer,active,0,0.13805560508620085
3.0,7,2,0,0,0,0,0,8,Team 16,Ops,active,1,0.20104353957992446
75.0,27,1,0,0,0,3,1,7,Team 3,Product Manager,active,0,0.050313155998087965
37.0,24,0,0,0,0,0,0,3,Team 7,Spesialis Lainnya,active,0,0.05266829305227463
8.0,0,1,0,0,0,3,1,3,Team 2,Engineer,active,0,0.0527726038854965
33.0,27,0,0,0,0,1,1,1,Team 18,Designer,active,0,0.05951891876151858
20.0,13,0,0,0,0,4,1,1,Team 12,Product Manager,on_hold,0,0.04912074798604909
8.0,28,0,0,0,0,3,2,12,Team 10,Designer,on_hold,0,0.06379246932773684
10.0,6,0,0,0,0,2,3,12,Team 1,Product Manager,active,0,0.047934621985332854
30.0,0,2,1,0,0,3,0,3,Team 9,Product Manager,active,0,0.04863778056868633
22.0,28,2,1,0,0,3,0,9,Team 19,Spesialis Lainnya,on_hold,0,0.066197976911246
79.0,13,3,0,0,0,0,0,4,Team 18,Engineer,active,0,0.05615274938960585
5.0,23,3,0,1,0,2,0,12,Team 5,Designer,active,0,0.11581565279938376
8.0,22,3,0,0,0,2,1,11,Team 6,Marketer,on_hold,0,0.0543912025393659
15.0,11,0,0,0,0,0,1,6,Team 4,Product Manager,active,0,0.05715679460249599
83.0,3,2,0,1,0,4,2,3,Team 2,Engineer,active,0,0.05441071303905227
5.0,0,1,0,0,0,0,0,6,Team 18,Product Manager,active,0,0.12559186237315786
87.0,17,1,0,0,0,2,2,10,Team 19,Designer,on_hold,0,0.05282210305790094
11.0,7,1,0,0,0,3,0,10,Team 16,Marketer,completed,0,0.059713579190396944
8.0,5,0,0,0,0,4,1,11,Team 5,Engineer,active,0,0.052005613644193475
18.0,27,1,0,0,0,2,0,9,Team 3,Ops,active,0,0.05712311842905554
24.0,0,1,0,0,0,0,1,9,Team 13,Ops,active,0,0.055098346526912395
35.0,30,1,0,0,0,4,0,4,Team 15,Product Manager,active,0,0.05064194123390231
29.0,27,0,0,0,0,4,0,3,Team 11,Engineer,completed,0,0.0572877091404927
32.0,0,2,0,0,1,2,1,9,Team 15,Marketer,active,0,0.058053545374533555
29.0,26,1,0,1,0,1,2,4,Team 0,Designer,active,0,0.05789874367694153
11.0,0,1,0,0,0,3,0,7,Team 2,Ops,completed,0,0.058078852917509076
59.0,26,3,0,0,0,1,0,11,Team 1,Engineer,active,0,0.0529859028296108
73.0,7,1,0,0,0,4,1,9,Team 7,Marketer,active,0,0.05472666568948354
20.0,0,0,0,0,0,2,1,3,Team 10,Designer,active,0,0.04887515606821241
12.0,4,2,0,0,0,0,0,12,Team 16,Product Manager,completed,1,0.06494532056850161
70.0,0,1,0,0,0,0,0,12,Team 11,Spesialis Lainnya,active,0,0.049762618675827576
5.0,23,0,0,0,0,4,0,8,Team 18,Engineer,completed,0,0.14743837994427747
28.0,13,2,0,0,0,1,0,2,Team 9,Marketer,active,0,0.058917863312132904
60.0,12,0,0,0,0,0,1,8,Team 0,Engineer,active,0,0.057590693896602416
84.0,23,0,0,0,0,0,0,6,Team 10,Product Manager,on_hold,0,0.05954791134186083
19.0,7,1,0,0,0,0,2,4,Team 7,Product Manager,completed,0,0.05614504532685983
65.0,23,0,0,0,0,0,2,10,Team 1,Product Manager,active,0,0.050765984721516715
72.0,28,1,0,0,0,0,0,1,Team 14,Designer,active,0,0.057003186395747675
-16.19241898148148,4,0,0,0,0,4,1,11,Team 2,Marketer,on_hold,1,0.6921938934446902
74.0,28,1,0,0,0,3,1,9,Team 11,Product Manager,completed,0,0.06076513962083974
1.0,26,1,0,0,0,4,1,6,Team 0,Engineer,completed,1,0.6203024994333135
4.0,0,1,0,0,0,0,0,4,Team 6,Marketer,active,0,0.12236246903892109
72.0,0,3,0,1,0,1,1,1,Team 2,Marketer,on_hold,0,0.05284280828155953
6.0,12,1,0,0,1,0,0,11,Team 17,Engineer,on_hold,0,0.06541851728885145
13.0,28,1,0,0,0,0,0,12,Team 8,Marketer,active,0,0.059964639393736835
58.0,14,0,0,0,0,0,0,7,Team 5,Spesialis Lainnya,completed,0,0.05987043678097835
8.0,26,3,0,0,0,0,1,7,Team 14,Marketer,active,0,0.06339598397466291
1.0,15,0,0,0,0,3,0,5,Team 10,Engineer,active,1,0.6052155788115774
64.0,27,1,0,0,0,0,5,10,Team 7,Designer,active,0,0.07696243571801564
43.0,26,0,0,0,0,3,0,9,Team 3,Spesialis Lainnya,active,0,0.054510880767656124
28.0,4,4,0,0,0,4,0,7,Team 15,Product Manager,active,0,0.049569558452304464
16.0,0,0,0,0,0,0,0,10,Team 2,Designer,active,0,0.058268078979319696
23.0,0,4,1,0,0,0,0,2,Team 13,Designer,active,0,0.053920316592214246
25.0,0,1,0,0,0,4,0,8,Team 13,Ops,active,0,0.05861186125970383
55.0,21,1,0,0,1,0,0,5,Team 19,Designer,active,0,0.06192019625287706
7.0,6,0,0,0,0,0,0,5,Team 13,Product Manager,active,0,0.06091950885549088
46.0,4,1,0,0,0,4,0,3,Team 4,Engineer,completed,0,0.05426994166214244
21.0,6,0,0,0,0,1,0,9,Team 1,Marketer,active,0,0.051554914940295786
51.0,4,1,0,0,0,1,1,9,Team 18,Marketer,on_hold,0,0.049527551170692435
5.0,0,1,0,0,0,2,1,5,Team 19,Engineer,active,0,0.12477531631973865
15.0,7,3,0,0,0,1,0,5,Team 2,Engineer,completed,0,0.054770984046045544
7.0,25,0,0,0,0,0,0,10,Team 12,Spesialis Lainnya,active,0,0.05761212214955914
54.0,26,0,0,0,0,0,4,8,Team 12,Engineer,active,0,0.05324796617773516
43.0,4,0,0,0,0,0,0,8,Team 4,Product Manager,active,0,0.05614794103967527
5.0,25,0,0,0,0,1,0,3,Team 16,Spesialis Lainnya,active,0,0.10358373291698308
65.0,7,2,0,0,0,0,0,9,Team 18,Product Manager,active,0,0.057601227688739
18.0,5,0,0,0,0,1,2,12,Team 18,Engineer,active,0,0.05479418325681415
24.0,32,1,0,0,0,1,2,7,Team 1,Ops,active,0,0.05263946501134327
1.0,29,2,0,0,0,0,1,6,Team 15,Engineer,active,1,0.6410256996222409
4.0,19,3,0,0,0,4,2,11,Team 4,Marketer,active,0,0.1743634816309997
8.0,4,1,0,0,0,2,1,5,Team 7,Ops,active,0,0.06455261487487178
11.0,6,3,0,0,0,1,0,6,Team 16,Product Manager,active,0,0.054316049541489546
19.0,0,1,0,0,0,0,1,8,Team 2,Product Manager,active,0,0.05226308229736893
39.0,23,4,0,0,0,0,0,4,Team 17,Ops,active,0,0.05597614000722852
49.0,9,0,0,0,0,0,0,10,Team 6,Designer,on_hold,0,0.04712111443821235
7.0,26,1,0,0,0,4,0,4,Team 16,Engineer,active,0,0.06347765787968325
9.0,22,3,0,0,0,3,0,6,Team 15,Marketer,active,0,0.06106868635278259
25.0,4,0,0,0,0,0,0,4,Team 12,Product Manager,active,0,0.049870757484133395
17.0,5,4,1,0,0,2,1,12,Team 17,Ops,completed,0,0.057184032790482696
1.0,22,1,0,0,0,4,0,12,Team 9,Spesialis Lainnya,completed,1,0.6579581917235017
58.0,32,0,0,0,0,4,1,4,Team 6,Ops,on_hold,0,0.04850761745952813
2.0,0,0,0,0,0,2,0,3,Team 9,Spesialis Lainnya,active,0,0.5100177929592464
4.0,6,2,0,0,0,0,1,12,Team 3,Ops,active,0,0.15620238887344715
27.0,8,0,0,0,0,0,0,12,Team 13,Spesialis Lainnya,completed,0,0.053382180673254155
51.0,30,2,0,0,0,0,0,12,Team 14,Designer,active,0,0.05202769591975573
28.0,0,2,0,0,0,1,0,7,Team 7,Marketer,active,0,0.05684649254474182
53.0,11,1,0,0,0,2,4,10,Team 2,Designer,completed,0,0.04797485356258194
3.0,28,1,0,0,0,0,0,10,Team 15,Product Manager,active,0,0.1729480845967588
59.0,28,0,0,0,0,2,0,5,Team 9,Spesialis Lainnya,active,0,0.05189184862130574
20.0,33,1,0,0,0,0,1,5,Team 13,Product Manager,active,0,0.053030537946903135
39.0,4,2,0,1,0,1,0,2,Team 4,Product Manager,completed,0,0.04775736831315115
89.0,10,3,0,0,0,3,0,8,Team 18,Spesialis Lainnya,completed,0,0.058252751587630186
1.0,11,1,0,0,0,3,0,5,Team 17,Ops,active,1,0.6459370792318525
30.0,27,2,0,1,0,1,0,9,Team 0,Designer,active,0,0.0549103882252024
26.0,0,1,0,0,0,0,0,8,Team 10,Spesialis Lainnya,active,0,0.04775832854674843
30.0,8,3,0,0,0,0,0,4,Team 15,Engineer,active,0,0.05689165589643375
6.0,22,1,1,0,0,1,0,12,Team 16,Designer,completed,0,0.07200148747895935
4.0,0,1,0,0,0,0,0,7,Team 7,Ops,active,0,0.15346131726613635
3.0,0,1,1,0,0,3,1,12,Team 0,Designer,active,0,0.20200871543622753
1.0,11,2,0,0,0,0,0,3,Team 14,Ops,completed,1,0.6370966429710385
19.0,24,1,1,0,0,4,0,12,Team 0,Product Manager,active,0,0.0569949723005758
22.0,26,2,0,0,0,0,1,11,Team 3,Ops,active,0,0.05953862929511652
28.0,8,0,0,0,0,0,2,7,Team 3,Engineer,active,0,0.05475167395156699
1.0,4,1,0,0,0,4,0,12,Team 3,Spesialis Lainnya,active,1,0.6232828411755033
54.0,5,1,0,0,0,4,0,1,Team 6,Ops,active,0,0.053373391839216036
15.0,10,2,0,0,1,3,1,10,Team 7,Marketer,active,0,0.058848794089436114
3.0,31,0,0,0,0,0,2,12,Team 4,Designer,active,1,0.18817719998513374
35.0,4,0,0,0,0,0,0,5,Team 8,Engineer,completed,0,0.0558963603171779
60.0,9,1,0,0,0,4,2,7,Team 16,Marketer,active,0,0.057188998026214875
56.0,6,2,1,0,0,3,0,6,Team 17,Spesialis Lainnya,active,0,0.049631092192773986
-14.975416666666666,0,2,0,0,0,0,0,1,Team 11,Marketer,active,1,0.6931433106191852
16.0,5,1,0,0,0,3,1,12,Team 7,Engineer,completed,0,0.051379054541399016
34.0,13,1,0,0,0,3,2,8,Team 0,Product Manager,completed,0,0.0601233505474393
-1.002974537037037,11,1,0,0,0,0,1,7,Team 7,Product Manager,active,1,0.6990443387270634
59.0,0,3,0,0,0,0,0,4,Team 2,Ops,on_hold,0,0.05410962692090848
16.0,10,0,0,0,0,0,0,6,Team 1,Spesialis Lainnya,on_hold,0,0.04985010116883933
65.0,25,3,0,1,1,0,0,5,Team 8,Engineer,active,0,0.06030869200916213
11.0,4,2,0,0,0,3,0,1,Team 13,Spesialis Lainnya,completed,0,0.05201959165249534
44.0,26,0,0,0,0,1,0,3,Team 7,Designer,active,0,0.058114031319033886
61.0,12,1,0,0,0,0,2,1,Team 10,Engineer,completed,0,0.05222430417915012
4.0,25,2,0,0,0,4,1,12,Team 1,Ops,active,0,0.15769266982217164
85.0,4,1,0,0,0,1,1,7,Team 5,Ops,completed,0,0.05538600650976522
9.0,23,2,1,0,0,3,0,5,Team 16,Designer,active,0,0.053093417847840295
13.0,9,0,0,0,0,2,0,11,Team 14,Spesialis Lainnya,completed,0,0.054790894639754555
21.0,7,2,0,0,0,3,0,9,Team 18,Spesialis Lainnya,completed,0,0.06269358018499344
24.0,0,3,0,0,0,4,0,10,Team 17,Spesialis Lainnya,completed,0,0.05357398777179431
9.0,8,0,0,0,0,0,3,12,Team 6,Product Manager,on_hold,0,0.059940632912781455
2.0,25,1,0,0,0,3,2,6,Team 3,Engineer,completed,1,0.5787156081978213
10.0,28,0,0,0,0,3,0,10,Team 9,Product Manager,active,0,0.05610844434049719
16.0,17,1,0,0,0,1,0,4,Team 19,Spesialis Lainnya,on_hold,0,0.047429760636148524
7.0,0,2,0,0,0,1,0,8,Team 4,Marketer,active,0,0.061040804522997476
5.0,32,0,0,0,0,4,0,7,Team 9,Engineer,active,0,0.14836623763621595
29.0,0,0,0,0,0,4,6,2,Team 5,Ops,active,0,0.20418320848468408
8.0,6,0,0,0,0,0,1,4,Team 17,Designer,active,1,0.056565155986301574
57.0,0,1,0,0,0,3,2,12,Team 4,Ops,completed,0,0.054389460530571226
2.0,0,2,0,0,0,4,0,2,Team 19,Product Manager,completed,0,0.5068175590186691
26.0,27,1,0,0,0,3,1,3,Team 13,Product Manager,active,0,0.05471223989248997
35.0,14,1,0,0,0,0,0,1,Team 16,Ops,completed,0,0.058671717264011616
16.0,0,1,0,0,0,2,1,1,Team 4,Product Manager,completed,0,0.053009315390467174
83.0,27,1,0,0,0,4,0,5,Team 11,Designer,active,0,0.057881415109978275
1.0,0,0,0,0,0,2,1,10,Team 16,Designer,active,0,0.6834138070910367
2.0,0,2,0,0,0,0,2,1,Team 14,Ops,completed,1,0.5114371158177563
11.0,10,1,0,0,0,3,1,11,Team 19,Ops,active,0,0.062012734527065114
88.0,6,1,0,0,0,0,3,12,Team 8,Ops,active,0,0.05393878344638258
17.0,0,0,0,0,0,1,0,5,Team 16,Product Manager,active,0,0.056979939238665525
24.0,9,0,0,0,0,0,1,5,Team 18,Designer,completed,0,0.06271478609388606
3.0,30,0,0,0,0,2,0,9,Team 13,Product Manager,completed,0,0.1882766056642129
6.0,0,3,0,0,0,1,1,12,Team 1,Ops,completed,0,0.07176520667331565
54.0,4,1,0,0,0,0,1,7,Team 15,Designer,active,0,0.05350801560086898
26.0,7,0,0,0,0,1,3,12,Team 15,Designer,active,0,0.05185258577230045
9.0,30,2,0,0,0,0,0,6,Team 6,Spesialis Lainnya,active,0,0.04827924635869068
1.0,0,2,0,1,0,2,1,1,Team 6,Product Manager,active,1,0.632976927259151
3.0,29,3,0,1,0,3,1,4,Team 4,Product Manager,completed,0,0.18331579822753663
23.0,29,2,0,0,0,2,0,9,Team 12,Spesialis Lainnya,on_hold,0,0.046418567069294286
7.0,4,0,0,0,0,2,2,12,Team 10,Ops,on_hold,0,0.06738248792462881
48.0,28,1,0,0,0,3,0,4,Team 5,Ops,completed,0,0.06125755855266162
41.0,7,1,0,0,0,0,1,1,Team 16,Ops,completed,0,0.05648558740061978
6.0,27,2,0,0,0,4,1,7,Team 8,Ops,active,0,0.1046490577585793
-35.797025462962964,13,0,0,0,0,0,1,7,Team 7,Designer,active,1,0.7036169957901687
38.0,0,0,0,0,0,1,2,12,Team 4,Marketer,active,0,0.05843912834897158
5.0,11,0,0,0,0,4,3,11,Team 1,Marketer,completed,0,0.1458176216256819
20.0,7,1,0,1,0,0,2,10,Team 8,Ops,active,0,0.05949099018434694
81.0,0,0,0,0,0,1,0,7,Team 2,Ops,active,0,0.05804445116713312
11.0,25,1,0,0,1,0,0,7,Team 16,Ops,active,0,0.0707131509023018
33.0,27,2,0,0,0,0,0,12,Team 19,Marketer,on_hold,0,0.06196903178884205
28.0,0,1,0,0,0,2,0,3,Team 13,Product Manager,active,0,0.05103710136678218
4.0,3,0,0,0,0,2,0,10,Team 17,Marketer,active,0,0.14531942639734355
15.0,0,0,0,0,0,1,0,10,Team 17,Spesialis Lainnya,active,0,0.047295801142593547
4.0,0,3,1,0,0,3,0,3,Team 11,Ops,completed,0,0.15908345056691942
5.0,0,1,0,0,0,4,3,12,Team 3,Product Manager,active,1,0.12461853578766996
27.0,5,2,0,0,0,0,2,1,Team 7,Designer,completed,0,0.047401798187452514
-9.410162037037036,13,0,0,0,0,0,0,11,Team 12,Ops,on_hold,1,0.6655573347472384
10.0,26,0,0,0,0,2,2,7,Team 11,Engineer,completed,0,0.054358997503231477
43.0,27,1,0,0,0,3,1,6,Team 2,Ops,active,0,0.05580267186224957
29.0,24,1,0,0,0,1,0,1,Team 10,Ops,active,0,0.0513927353606913
7.0,24,2,0,1,0,3,0,8,Team 19,Spesialis Lainnya,active,0,0.0715822905907051
32.0,28,2,0,1,1,4,1,9,Team 10,Ops,active,0,0.056151465524659126
62.0,0,1,0,0,0,0,2,6,Team 6,Ops,active,0,0.05259372446929999
3.0,0,2,1,0,0,0,0,12,Team 1,Marketer,active,0,0.1874957523115001
19.0,8,1,0,0,0,4,2,5,Team 9,Marketer,completed,0,0.06207310454351488
32.0,5,1,0,0,0,3,1,11,Team 19,Product Manager,active,0,0.050899520757664185
-41.48373842592593,14,0,0,0,0,2,1,1,Team 1,Product Manager,active,1,0.6514764367534802
72.0,25,2,0,0,0,0,4,9,Team 12,Ops,on_hold,0,0.05444701277648832
12.0,4,1,0,0,0,0,0,11,Team 1,Spesialis Lainnya,active,0,0.05294075336486093
1.0,7,0,0,0,0,3,0,2,Team 1,Spesialis Lainnya,completed,1,0.6087271404707267
-4.788136574074074,26,1,0,0,0,4,2,10,Team 17,Product Manager,active,1,0.6917384634807072
17.0,25,2,0,0,0,0,2,12,Team 19,Engineer,active,0,0.05854356451153484
2.0,0,1,0,0,0,0,0,3,Team 5,Marketer,completed,1,0.5394110736803117
87.0,13,0,0,0,0,2,1,7,Team 15,Marketer,on_hold,0,0.054975002845985596
28.0,0,1,0,0,0,0,0,10,Team 18,Engineer,active,0,0.0547814250694006
-26.01679398148148,26,4,0,0,0,0,1,6,Team 7,Designer,on_hold,1,0.6597376261975583
12.0,21,0,0,0,0,1,3,4,Team 12,Designer,active,0,0.060132868319468076
40.0,12,0,0,0,0,4,0,4,Team 9,Designer,completed,0,0.06102898420240359
9.0,13,0,0,0,0,4,1,7,Team 9,Designer,active,0,0.06073099567719278
12.0,28,0,0,0,0,0,0,5,Team 8,Product Manager,active,0,0.06576474737296838
18.0,0,2,0,0,0,0,2,9,Team 13,Ops,active,0,0.057292021883446426
7.0,5,0,0,0,0,0,0,3,Team 14,Marketer,active,0,0.06320297166072535
29.0,7,2,0,0,0,0,0,1,Team 17,Marketer,completed,0,0.052593495359823855
81.0,5,2,0,0,0,0,1,7,Team 18,Product Manager,on_hold,0,0.046434040635328265
31.0,31,0,0,0,0,1,1,9,Team 1,Engineer,active,0,0.05856374263704073
41.0,14,0,0,0,0,0,0,12,Team 5,Spesialis Lainnya,active,0,0.04778312147446756
60.0,25,2,0,0,0,0,1,11,Team 1,Marketer,active,0,0.05899915368316891
89.0,25,2,0,1,0,2,0,4,Team 13,Spesialis Lainnya,active,0,0.0516584643702426
-8.986759259259259,29,3,1,0,0,0,1,10,Team 8,Product Manager,completed,1,0.6400068355441285
-17.255717592592593,0,2,0,0,0,0,0,4,Team 0,Spesialis Lainnya,active,1,0.6503996708457391
5.0,16,0,0,0,0,4,0,6,Team 5,Engineer,active,0,0.13553383392987114
46.0,28,1,0,0,0,4,0,3,Team 9,Spesialis Lainnya,active,0,0.05830988670817337
17.0,26,0,0,0,0,2,3,1,Team 3,Marketer,active,0,0.05898390062447806
29.0,21,1,0,1,0,4,0,10,Team 8,Spesialis Lainnya,active,0,0.05725506722010782
12.0,5,0,0,0,0,0,0,5,Team 10,Engineer,on_hold,0,0.053440883635717175
77.0,4,2,0,0,0,0,0,7,Team 16,Ops,active,0,0.061623738944788814
53.0,25,3,0,0,0,3,1,7,Team 1,Product Manager,completed,0,0.05492094495965071
23.0,11,0,0,0,0,0,0,5,Team 17,Spesialis Lainnya,completed,0,0.05056656317197666
7.0,11,0,0,0,0,1,3,8,Team 7,Product Manager,active,0,0.07242292580472443
29.0,22,3,0,0,0,3,1,6,Team 14,Product Manager,active,0,0.05022312674771232
2.0,30,0,0,0,0,1,1,11,Team 3,Product Manager,active,0,0.4858468497026002
7.0,14,1,0,0,0,4,0,5,Team 4,Spesialis Lainnya,active,0,0.07015637310421058
-4.241921296296296,25,4,0,0,1,0,0,8,Team 0,Ops,active,1,0.6557221189151605
2.0,24,4,0,0,0,0,1,4,Team 19,Designer,on_hold,0,0.439268936415211
1.0,8,1,1,0,0,1,0,12,Team 16,Marketer,active,1,0.6326342170997106
65.0,0,1,0,0,0,4,1,4,Team 4,Ops,active,0,0.05630886916105303
3.0,4,3,0,1,0,0,0,5,Team 17,Marketer,completed,0,0.1881319135022891
90.0,7,1,0,0,0,2,1,8,Team 5,Engineer,completed,0,0.05986726983423164
10.0,13,0,0,0,0,1,1,9,Team 18,Marketer,on_hold,0,0.05466976736379946
40.0,29,0,0,0,0,0,0,11,Team 5,Spesialis Lainnya,on_hold,0,0.047305229129973106
67.0,26,2,0,0,0,4,0,10,Team 0,Product Manager,active,0,0.06441257629288016
27.0,0,3,0,1,0,2,0,1,Team 13,Product Manager,active,0,0.048699934442342885
18.0,6,1,0,0,0,4,0,1,Team 19,Spesialis Lainnya,completed,0,0.05162521016836355
22.0,6,0,0,0,0,3,2,7,Team 16,Designer,active,0,0.048335459059504884
36.0,3,3,0,0,0,1,0,7,Team 2,Designer,completed,0,0.054368033592624924
35.0,0,0,0,0,0,0,1,7,Team 10,Ops,active,0,0.049613547124682696
19.0,26,1,1,0,0,2,0,12,Team 5,Spesialis Lainnya,active,0,0.05445071229003327
22.0,15,2,0,0,0,3,1,1,Team 16,Product Manager,completed,0,0.05887182269425825
4.0,5,1,0,0,0,4,0,2,Team 0,Engineer,completed,1,0.15950368933503103
78.0,0,2,0,1,0,0,0,5,Team 14,Designer,completed,0,0.051438059012984684
25.0,10,2,0,1,0,4,0,4,Team 7,Designer,active,0,0.058603588122048196
45.0,26,2,1,0,0,3,1,1,Team 1,Ops,on_hold,0,0.057681098967497055
66.0,15,0,0,0,0,0,0,9,Team 0,Marketer,on_hold,0,0.05334728344090757
68.0,22,2,0,0,0,1,0,7,Team 16,Product Manager,completed,0,0.05425506547870378
33.0,8,0,0,0,0,4,0,6,Team 1,Product Manager,active,0,0.05321588674702392
67.0,0,0,0,0,0,4,0,11,Team 7,Designer,active,0,0.05334268134025892
2.0,9,2,0,0,0,0,1,5,Team 7,Designer,active,0,0.5279658641623702
37.0,7,4,0,1,1,1,1,1,Team 5,Engineer,active,0,0.05056054518833392
29.0,16,4,1,0,0,1,0,12,Team 11,Product Manager,active,0,0.060663619665827055
21.0,0,1,0,0,1,2,1,10,Team 13,Marketer,active,0,0.05438963233658086
35.0,0,1,0,0,0,0,2,6,Team 13,Marketer,active,0,0.054333977068875966
59.0,27,1,0,0,0,3,0,6,Team 4,Product Manager,active,0,0.05499838528982843
2.0,26,0,0,0,0,2,0,2,Team 9,Engineer,active,1,0.5248552177565972
34.0,0,0,0,0,0,2,0,3,Team 10,Designer,active,0,0.04897866465757741
22.0,28,0,0,0,0,2,0,2,Team 16,Designer,active,0,0.05477978229094738
14.0,23,4,0,0,0,1,0,4,Team 7,Designer,active,0,0.05540159174363695
7.0,0,0,0,0,0,2,0,3,Team 16,Product Manager,completed,0,0.0627396003873108
72.0,4,4,0,0,0,0,1,10,Team 14,Designer,completed,0,0.05127671365936035
77.0,25,0,0,0,0,0,0,4,Team 10,Engineer,active,0,0.05798039213531374
28.0,4,1,0,0,0,1,1,12,Team 7,Marketer,completed,0,0.05772362237515474
3.0,12,2,1,0,0,3,0,1,Team 1,Spesialis Lainnya,completed,0,0.19197176080138778
41.0,7,0,0,0,0,0,0,11,Team 3,Spesialis Lainnya,completed,0,0.05478959794533303
17.0,0,1,0,0,0,0,0,6,Team 2,Product Manager,active,0,0.05064524381247013
32.0,30,0,0,0,0,3,0,3,Team 17,Designer,completed,0,0.052216835173955554
1.0,7,3,0,0,0,0,1,5,Team 12,Designer,on_hold,1,0.6130288332858833
55.0,8,1,0,0,0,1,0,9,Team 11,Product Manager,active,0,0.053637985420711444
7.0,20,0,0,0,0,0,2,9,Team 0,Marketer,active,0,0.06397403279161754
6.0,6,4,1,0,0,4,0,9,Team 14,Designer,active,0,0.08245360453571166
73.0,0,3,0,0,0,1,0,7,Team 17,Spesialis Lainnya,on_hold,0,0.04042013941641693
51.0,10,2,0,1,0,4,0,9,Team 16,Product Manager,active,0,0.05428987749919526
7.0,26,0,0,0,0,0,0,5,Team 18,Spesialis Lainnya,active,1,0.06814901567821553
38.0,28,4,0,0,0,2,4,1,Team 14,Marketer,on_hold,0,0.0612131951558633
2.0,0,0,0,0,0,4,1,8,Team 4,Designer,active,1,0.5793132594473464
9.0,5,1,0,0,0,1,1,8,Team 19,Product Manager,on_hold,0,0.04989370288771283
1.0,0,2,0,0,1,4,0,2,Team 12,Engineer,completed,1,0.6185509898259073
26.0,24,2,0,0,0,1,0,7,Team 1,Engineer,active,0,0.05814807736865317
6.0,4,2,1,0,0,2,2,12,Team 11,Marketer,active,0,0.07472743227926734
1.0,21,0,0,0,0,3,1,9,Team 2,Marketer,active,1,0.6555196870051373
-25.745266203703704,13,1,0,0,0,4,0,6,Team 5,Marketer,active,1,0.7219034468881381
90.0,27,4,1,0,1,4,1,11,Team 14,Engineer,on_hold,0,0.04763259852419781
77.0,11,0,0,0,0,3,0,1,Team 16,Ops,completed,0,0.059073928659932176
9.0,23,0,0,0,0,0,1,3,Team 3,Marketer,completed,1,0.062056381007801135
12.0,3,1,0,0,0,0,1,11,Team 14,Marketer,active,0,0.052963541088632785
16.0,3,1,0,0,1,2,1,3,Team 13,Marketer,on_hold,0,0.05464108473293759
27.0,30,1,0,0,0,2,0,8,Team 3,Ops,completed,0,0.05910067645984669
5.0,13,2,0,0,0,1,1,12,Team 5,Ops,completed,0,0.14363083834010523
12.0,0,2,0,0,0,0,1,11,Team 1,Ops,completed,0,0.06018908823527001
50.0,0,1,0,0,0,0,4,12,Team 0,Ops,active,0,0.0497688459694696
58.0,27,4,0,0,0,0,0,3,Team 4,Designer,active,0,0.05949041764528926
52.0,10,0,0,0,0,0,1,9,Team 13,Marketer,completed,0,0.06189282543579451
19.0,0,0,0,0,0,2,0,4,Team 0,Spesialis Lainnya,active,0,0.048920103670210956
4.0,30,2,0,0,0,0,1,3,Team 13,Designer,active,0,0.14073664127227328
23.0,24,1,0,0,0,1,2,11,Team 3,Engineer,completed,0,0.0573457095234775
12.0,24,0,0,0,0,0,3,11,Team 15,Marketer,active,0,0.056450769632097886
56.0,27,3,0,1,0,0,1,12,Team 9,Marketer,active,0,0.05747765386632275
5.0,15,1,0,0,0,2,0,1,Team 16,Spesialis Lainnya,active,1,0.11101642682311623
25.0,0,3,0,0,0,4,1,6,Team 15,Ops,active,0,0.05710786596624801
1.0,22,1,0,0,0,0,2,6,Team 16,Engineer,active,1,0.6241080958944185
11.0,28,1,0,0,0,4,2,12,Team 1,Ops,active,0,0.06617458575268534
48.0,12,0,0,0,0,3,0,5,Team 16,Spesialis Lainnya,active,0,0.05791821664508381
24.0,23,3,1,0,0,3,3,11,Team 16,Marketer,active,0,0.05193338134549137
18.0,14,0,0,0,0,0,2,9,Team 6,Marketer,completed,0,0.05417064340817667
3.0,30,1,0,0,0,2,1,6,Team 16,Product Manager,active,1,0.20106640804375603
10.0,24,1,0,0,0,0,0,2,Team 16,Spesialis Lainnya,active,0,0.05630566250303063
5.0,27,4,0,0,1,2,2,12,Team 13,Product Manager,active,0,0.11547507321908858
9.0,6,1,0,0,0,3,0,1,Team 17,Spesialis Lainnya,completed,0,0.04963328284738008
27.0,0,1,0,0,0,3,2,7,Team 17,Designer,active,0,0.049941456191374564
13.0,24,4,0,0,0,0,0,4,Team 7,Marketer,active,0,0.05438374086996346
65.0,23,1,0,0,0,3,1,12,Team 10,Designer,active,0,0.04915195782047142
13.0,10,1,0,0,0,3,1,10,Team 2,Designer,completed,0,0.053425045906682865
79.0,9,2,0,0,0,2,0,12,Team 19,Spesialis Lainnya,active,0,0.057513395610612965
16.0,3,2,0,0,1,2,0,8,Team 19,Designer,active,0,0.05628776573063637
25.0,0,2,0,0,0,0,0,11,Team 14,Spesialis Lainnya,completed,0,0.05303210524036192
12.0,0,0,0,0,0,0,2,12,Team 18,Product Manager,active,0,0.05824746124658533
3.0,4,1,0,0,0,2,2,12,Team 19,Product Manager,completed,0,0.22250484941105267
43.0,7,0,0,0,0,0,1,9,Team 18,Product Manager,completed,0,0.05887840678251717
90.0,5,0,0,0,0,0,0,5,Team 14,Product Manager,active,0,0.05526319533124521
9.0,4,3,0,0,0,2,1,6,Team 8,Marketer,active,0,0.06039668053104945
26.0,0,2,1,0,0,0,0,8,Team 18,Engineer,completed,0,0.05302572294612601
54.0,15,0,0,0,0,3,0,8,Team 9,Engineer,active,0,0.056299562734612736
47.0,0,2,0,0,0,3,2,11,Team 7,Ops,completed,0,0.06011771688154588
20.0,18,0,0,0,0,1,0,6,Team 5,Marketer,active,0,0.054581591810463126
4.0,29,1,0,0,0,1,0,4,Team 17,Designer,on_hold,1,0.11892925984822966
24.0,32,3,0,0,0,2,0,4,Team 4,Designer,completed,0,0.05709953011080073
66.0,6,1,0,0,0,1,0,6,Team 10,Designer,on_hold,0,0.047800860506740275
15.0,0,0,0,0,0,0,0,1,Team 16,Engineer,active,0,0.053988847091680475
7.0,5,2,0,0,0,0,0,11,Team 16,Engineer,active,0,0.06462327083123567
-8.274270833333333,0,0,0,0,0,3,1,1,Team 3,Product Manager,active,1,0.6640716211761546
22.0,7,2,0,0,0,2,0,8,Team 14,Ops,active,0,0.056307492219081275
26.0,0,0,0,0,0,4,0,5,Team 19,Ops,completed,0,0.06248522271346142
27.0,17,1,1,0,0,0,0,3,Team 13,Designer,active,0,0.058558490366925516
17.0,13,1,0,0,0,3,2,1,Team 4,Engineer,completed,0,0.05510011189692207
33.0,22,1,0,0,0,0,0,4,Team 1,Spesialis Lainnya,completed,0,0.05218862670243587
17.0,4,0,0,0,0,0,1,7,Team 2,Marketer,completed,0,0.05371870842328753
11.0,10,0,0,0,0,4,0,2,Team 17,Product Manager,active,0,0.061648288240319774
6.0,5,0,0,0,0,1,1,5,Team 11,Engineer,completed,0,0.0667459766891918
53.0,26,3,1,0,0,3,0,5,Team 11,Ops,active,0,0.055199105881025015
8.0,25,2,0,0,0,0,0,12,Team 12,Engineer,on_hold,0,0.058259838607420185
-41.00079861111111,0,3,0,0,0,0,1,9,Team 0,Ops,active,1,0.662248704489476
3.0,18,4,0,0,1,2,0,4,Team 1,Engineer,active,1,0.16392713690523575
55.0,26,1,0,0,0,0,1,7,Team 7,Engineer,active,0,0.0592172945635003
1.0,15,2,0,0,0,2,1,7,Team 14,Ops,active,1,0.6496667551201452
81.0,14,1,0,0,0,1,0,8,Team 4,Ops,active,0,0.05921438971153633
18.0,0,0,0,0,0,0,0,7,Team 7,Spesialis Lainnya,active,0,0.04931069649074915
60.0,20,2,0,0,0,4,0,10,Team 8,Spesialis Lainnya,active,0,0.05587831853274787
16.0,15,0,0,0,0,4,1,1,Team 6,Marketer,completed,0,0.057405629016372674
5.0,25,1,0,0,0,1,1,1,Team 6,Product Manager,active,0,0.10777379677262187
6.0,5,0,0,0,0,0,0,1,Team 4,Product Manager,active,0,0.06891202005567713
58.0,18,3,0,0,0,1,1,5,Team 7,Ops,on_hold,0,0.05592145732559938
-9.257002314814814,7,1,0,0,0,1,1,1,Team 17,Designer,active,1,0.6660829058798389
49.0,17,3,0,1,0,1,0,3,Team 14,Designer,completed,0,0.05113190432599378
76.0,6,1,0,0,0,0,0,9,Team 1,Spesialis Lainnya,completed,0,0.05322230956607769
85.0,11,0,0,0,0,0,1,7,Team 10,Ops,active,0,0.053110088165169184
2.0,0,1,0,1,0,3,3,12,Team 9,Designer,active,1,0.5552847185500316
47.0,7,0,0,0,0,0,0,6,Team 19,Engineer,active,0,0.05352180575195182
4.0,0,1,0,0,0,2,1,1,Team 16,Product Manager,active,0,0.1600347129417441
3.0,5,1,0,0,0,0,0,4,Team 11,Engineer,active,0,0.13672610322574727
76.0,5,0,0,0,0,1,0,6,Team 1,Spesialis Lainnya,active,0,0.05156440788156083
26.0,11,0,0,0,0,2,0,5,Team 17,Marketer,completed,0,0.05545173655410768
58.0,10,2,0,0,0,1,0,10,Team 13,Engineer,active,0,0.05669222245749088
1.0,4,0,0,0,0,0,1,2,Team 16,Engineer,active,1,0.6152421664665553
24.0,21,1,0,0,0,3,4,6,Team 11,Product Manager,active,0,0.06311199606116319
45.0,11,0,0,0,0,2,1,11,Team 19,Designer,active,0,0.05716925270553806
2.0,5,0,0,0,0,2,2,5,Team 6,Marketer,on_hold,1,0.5100190372073686
8.0,10,4,0,0,0,0,2,12,Team 9,Marketer,active,0,0.05925868543023481
16.0,7,1,0,0,0,1,1,11,Team 14,Marketer,completed,0,0.056306495816201035
37.0,0,0,0,0,0,0,1,6,Team 15,Ops,completed,0,0.05795992179039581
28.0,3,1,0,0,0,0,0,5,Team 4,Product Manager,completed,0,0.05225937915028
30.0,5,0,0,0,0,4,1,6,Team 16,Engineer,completed,0,0.05216959001895276
24.0,28,0,0,0,0,4,0,10,Team 7,Spesialis Lainnya,active,0,0.06099041402114202
4.0,0,0,0,0,0,3,1,4,Team 9,Product Manager,completed,0,0.15128689799965006
2.0,6,1,0,0,0,0,1,10,Team 9,Ops,completed,1,0.5386028079843215
6.0,0,1,0,0,0,1,1,1,Team 3,Designer,on_hold,0,0.06299382388342704
41.0,22,0,0,0,0,0,2,6,Team 17,Ops,active,0,0.055339435427864236
31.0,8,2,0,0,0,1,3,1,Team 19,Ops,completed,0,0.05647775168274534
65.0,17,2,0,0,0,0,1,9,Team 0,Marketer,completed,0,0.0594213979159284
4.0,12,0,0,0,0,3,2,12,Team 15,Designer,active,0,0.18344951188775244
22.0,6,0,0,0,0,3,1,7,Team 17,Marketer,completed,0,0.05452649115930342
16.0,0,0,0,0,0,3,0,11,Team 6,Spesialis Lainnya,completed,0,0.059011846369902386
40.0,0,0,0,0,0,4,0,6,Team 5,Engineer,completed,0,0.050170230840577916
43.0,21,3,1,1,0,0,0,11,Team 15,Designer,active,0,0.0496290504587915
-11.341284722222222,8,1,0,0,0,3,1,7,Team 8,Engineer,active,1,0.688330407752508
22.0,4,1,0,0,0,4,1,11,Team 6,Designer,completed,0,0.05146260259060474
50.0,23,0,0,0,0,0,0,9,Team 8,Product Manager,active,0,0.05779580335941265
71.0,19,1,0,0,0,3,3,1,Team 6,Product Manager,completed,0,0.045246943942526
2.0,25,0,0,0,0,1,0,3,Team 0,Spesialis Lainnya,active,1,0.5043056430726752
4.0,0,2,0,0,0,1,0,3,Team 16,Designer,active,0,0.1433145140591697
29.0,8,0,0,0,0,4,0,7,Team 15,Engineer,completed,0,0.054835714437038635
15.0,8,2,0,0,0,0,1,6,Team 2,Designer,completed,0,0.05757042171667916
2.0,26,3,0,0,1,0,0,8,Team 0,Spesialis Lainnya,on_hold,0,0.4888091069901615
21.0,8,0,0,0,0,4,0,8,Team 5,Product Manager,completed,0,0.05711375224173847
3.0,26,1,0,0,0,3,0,2,Team 11,Engineer,completed,1,0.18595985785708027
87.0,0,0,0,0,0,2,0,12,Team 17,Spesialis Lainnya,completed,0,0.04903978243132287
4.0,10,1,0,0,0,0,2,12,Team 19,Ops,completed,0,0.18084137527086105
73.0,0,0,0,0,0,0,1,6,Team 0,Designer,active,0,0.05085181372222743
6.0,6,2,0,0,0,2,0,2,Team 5,Spesialis Lainnya,completed,1,0.07164480652214633
80.0,28,0,0,0,0,2,3,12,Team 14,Ops,completed,0,0.060233912485733586
13.0,0,0,0,0,0,3,1,10,Team 8,Designer,active,0,0.05252396845990758
19.0,0,2,0,0,0,0,0,4,Team 8,Engineer,completed,0,0.054314991863592885
7.0,0,3,0,0,0,0,0,2,Team 17,Ops,completed,1,0.061808046212564124
60.0,6,1,0,0,0,3,0,6,Team 5,Marketer,active,0,0.051565925311282866
24.0,0,1,0,0,0,2,0,9,Team 2,Spesialis Lainnya,active,0,0.04942925377620007
27.0,23,2,0,0,0,3,0,3,Team 14,Designer,completed,0,0.05349469251200336
7.0,26,1,0,0,0,4,1,4,Team 1,Designer,active,0,0.06950326803119361
73.0,6,0,0,0,0,1,0,3,Team 13,Product Manager,completed,0,0.05313971402346885
20.0,30,2,0,0,0,4,2,7,Team 0,Engineer,on_hold,0,0.0531852971771103
51.0,0,2,0,0,0,2,0,5,Team 13,Ops,active,0,0.05387300214591539
32.0,8,1,0,0,0,4,2,10,Team 0,Product Manager,completed,0,0.05896863323858715
17.0,0,1,0,0,0,2,0,1,Team 13,Designer,active,0,0.05129736234321804
18.0,7,2,0,1,0,2,3,10,Team 13,Marketer,active,0,0.06329146672515971
11.0,24,0,0,0,0,4,0,8,Team 18,Spesialis Lainnya,on_hold,0,0.057489796245895154
70.0,25,0,0,0,0,4,1,11,Team 13,Engineer,active,0,0.06056871665621689
11.0,11,0,0,0,0,1,3,1,Team 3,Marketer,active,0,0.059358495287005854
67.0,7,1,0,0,0,2,0,3,Team 12,Marketer,on_hold,0,0.057151624083565715
80.0,18,4,1,0,1,0,0,4,Team 16,Marketer,active,0,0.05801285019371555
22.0,0,4,1,0,0,0,1,11,Team 16,Engineer,active,0,0.0489427453790283
5.0,0,2,0,1,0,0,3,10,Team 10,Designer,active,0,0.10691315359298253
7.0,8,0,0,0,0,0,0,4,Team 14,Ops,active,0,0.06551064768294831
15.0,22,1,0,0,0,4,2,6,Team 15,Product Manager,active,0,0.05210870038719317
18.0,25,0,0,0,0,4,1,4,Team 2,Designer,completed,0,0.059448458249399025
17.0,13,1,0,0,0,3,1,8,Team 6,Designer,completed,0,0.052292786983521404
2.0,6,2,0,0,0,0,2,8,Team 12,Designer,completed,0,0.5621940630275453
6.0,6,0,0,0,0,0,0,1,Team 3,Designer,on_hold,0,0.05966629129799128
7.0,11,1,0,0,0,0,0,2,Team 14,Ops,completed,0,0.06183656101652262
2.0,8,0,0,0,0,0,0,2,Team 0,Spesialis Lainnya,active,1,0.4679840966079543
59.0,25,0,0,0,0,0,1,6,Team 0,Product Manager,active,0,0.05301674051260496
83.0,23,0,0,0,0,3,0,4,Team 4,Ops,completed,0,0.05801813447485654
12.0,29,3,0,1,0,0,0,5,Team 7,Spesialis Lainnya,active,0,0.05166272586218235
50.0,10,1,0,0,0,3,2,5,Team 2,Designer,active,0,0.056480331760288466
16.0,7,2,0,0,0,1,0,3,Team 15,Designer,on_hold,0,0.04801227249949077
3.0,4,1,0,1,0,4,1,9,Team 16,Ops,completed,0,0.23908441850632622
26.0,17,0,0,0,0,4,0,8,Team 19,Spesialis Lainnya,active,0,0.07213522597416652
7.0,0,3,0,0,0,0,0,4,Team 13,Marketer,active,0,0.06139785685960366
67.0,6,3,1,0,0,1,0,4,Team 12,Engineer,active,0,0.0468853441021903
64.0,26,0,0,0,0,0,0,4,Team 9,Product Manager,active,0,0.059077335027098526
8.0,9,1,0,0,0,3,1,9,Team 5,Designer,active,0,0.05294077748842465
10.0,4,1,0,0,0,2,1,3,Team 18,Product Manager,active,0,0.05632786435011766
2.0,28,1,0,0,0,3,1,9,Team 4,Engineer,active,0,0.557762919573402
1.0,10,0,0,0,0,0,1,12,Team 16,Designer,on_hold,1,0.6656338478278102
3.0,0,2,0,0,0,3,0,2,Team 5,Ops,active,0,0.17112530407187718
7.0,0,2,0,1,0,3,0,4,Team 8,Product Manager,completed,0,0.08407729798585
28.0,7,3,1,0,1,3,0,11,Team 4,Marketer,completed,0,0.05370445543348752
5.0,7,0,0,0,0,4,0,3,Team 7,Designer,completed,0,0.1399823029431386
44.0,7,1,0,0,0,0,0,1,Team 6,Ops,active,0,0.05251686321344069
2.0,5,2,0,0,0,1,0,3,Team 6,Marketer,active,1,0.47438484156562927
35.0,6,2,0,0,0,2,0,3,Team 19,Engineer,active,0,0.052965811843730615
11.0,17,1,0,0,0,0,0,7,Team 10,Product Manager,active,0,0.054001475938335236
21.0,0,3,1,0,0,4,0,3,Team 2,Designer,active,0,0.06808216082990531
-22.791469907407407,0,1,0,0,0,2,1,1,Team 19,Marketer,active,1,0.6700600360084098
40.0,14,0,0,0,0,0,1,1,Team 19,Engineer,active,0,0.056735825327091025
3.0,0,0,0,0,0,1,0,12,Team 13,Spesialis Lainnya,active,0,0.15303504951501595
3.0,24,0,0,0,0,1,0,4,Team 17,Spesialis Lainnya,active,1,0.13869314104164562
4.0,22,1,0,0,0,0,0,7,Team 5,Marketer,active,0,0.15079416098464288
41.0,3,2,1,0,0,0,0,9,Team 13,Designer,completed,0,0.04928197501226036
-0.0730671296296296,12,2,0,0,1,4,0,5,Team 12,Spesialis Lainnya,active,1,0.6494099290078562
5.0,11,0,0,0,0,0,1,10,Team 11,Engineer,active,0,0.12314929191035119
-0.2867361111111111,0,2,1,0,0,2,0,6,Team 14,Spesialis Lainnya,active,1,0.6668794352336229
-3.751550925925926,0,3,0,1,0,1,0,3,Team 12,Designer,on_hold,1,0.6736764365693807
10.0,0,0,0,0,0,3,2,12,Team 3,Marketer,active,0,0.05378053407122131
-18.304525462962964,0,1,1,0,0,3,2,8,Team 11,Product Manager,completed,1,0.6916891562889269
32.0,25,1,0,0,0,2,0,5,Team 19,Designer,active,0,0.05773297057362213
87.0,5,1,0,0,1,3,1,1,Team 2,Designer,active,0,0.05689277710072991
85.0,15,0,0,0,0,0,3,12,Team 4,Product Manager,completed,0,0.06438970489385941
75.0,0,0,0,0,0,0,0,2,Team 2,Product Manager,completed,0,0.05615562419851392
42.0,0,3,0,0,0,3,0,1,Team 18,Designer,completed,0,0.05161992377188222
1.0,7,0,0,0,0,0,1,4,Team 17,Engineer,active,1,0.6362843835014329
28.0,0,0,0,0,0,3,0,9,Team 14,Marketer,active,0,0.056108960123142995
58.0,7,0,0,0,0,4,4,12,Team 10,Designer,completed,0,0.054567796003919436
5.0,0,0,0,0,0,4,0,4,Team 8,Ops,on_hold,0,0.13111110457743883
4.0,27,2,0,0,0,1,0,3,Team 15,Spesialis Lainnya,active,1,0.11933235598665498
4.0,13,1,0,0,1,0,0,6,Team 3,Designer,active,0,0.16396411021865534
6.0,21,4,0,0,0,0,0,8,Team 9,Marketer,active,0,0.08863981409513706
56.0,15,2,0,0,0,2,2,10,Team 0,Designer,active,0,0.0522744599934656
41.0,0,1,0,0,0,2,0,9,Team 13,Engineer,completed,0,0.052147078973058515
20.0,12,0,0,0,0,0,1,1,Team 6,Designer,completed,0,0.04788345178269319
20.0,0,0,0,0,0,3,2,2,Team 16,Marketer,active,0,0.04949666278884282
85.0,11,0,0,0,0,1,2,9,Team 2,Designer,active,0,0.05702301665334969
2.0,6,0,0,0,0,3,0,2,Team 5,Spesialis Lainnya,active,0,0.4886270470615436
6.0,26,2,0,0,1,1,0,3,Team 1,Engineer,completed,0,0.0710557163904914
19.0,28,0,0,0,0,3,0,6,Team 1,Engineer,active,0,0.05621479246808359
43.0,15,1,0,0,0,0,1,10,Team 17,Product Manager,completed,0,0.05414447598134303
10.0,15,0,0,0,0,0,0,5,Team 19,Marketer,completed,0,0.05832837264331328
25.0,3,0,0,0,0,4,1,7,Team 4,Marketer,on_hold,0,0.05196459166607666
35.0,4,3,0,0,0,0,0,2,Team 7,Ops,completed,0,0.05171013485598737
14.0,19,0,0,0,0,0,0,12,Team 9,Spesialis Lainnya,completed,0,0.04790460068048087
33.0,0,0,0,0,0,1,1,7,Team 6,Product Manager,completed,0,0.05051159515026611
32.0,7,0,0,0,0,2,0,8,Team 2,Spesialis Lainnya,active,0,0.05211063747637999
2.0,27,1,0,0,0,4,0,2,Team 0,Spesialis Lainnya,completed,1,0.5173729739242426
20.0,24,0,0,0,0,4,0,7,Team 5,Spesialis Lainnya,completed,0,0.06541581082027839
15.0,26,3,1,0,0,0,0,8,Team 17,Product Manager,active,0,0.04952443186507902
82.0,30,1,0,0,0,3,0,2,Team 17,Product Manager,active,0,0.05057458615847089
11.0,16,0,0,0,0,4,2,11,Team 5,Designer,completed,0,0.06391532795165189
10.0,6,1,0,0,0,0,0,3,Team 16,Marketer,active,0,0.054067971352398644
31.0,0,2,0,1,0,4,1,7,Team 14,Engineer,active,0,0.04740577342521485
24.0,8,1,0,0,0,0,0,5,Team 7,Product Manager,on_hold,0,0.05277192619202842
3.0,8,2,0,0,1,0,0,4,Team 17,Engineer,active,0,0.15577388950939478
7.0,25,1,0,0,0,4,2,10,Team 17,Marketer,completed,0,0.0743278341144766
88.0,26,0,0,0,0,4,0,5,Team 4,Spesialis Lainnya,active,0,0.05815597945725755
18.0,0,0,0,0,0,3,1,1,Team 18,Engineer,active,0,0.05933765150793633
7.0,17,0,0,0,0,3,0,3,Team 12,Product Manager,completed,0,0.05743898689268948
6.0,6,2,0,0,0,2,1,7,Team 16,Engineer,active,0,0.06607417012152779
11.0,5,0,0,0,0,2,0,10,Team 10,Spesialis Lainnya,active,0,0.047296483257853794
45.0,28,1,0,0,0,0,0,5,Team 6,Engineer,active,0,0.0601703675633812
4.0,11,3,0,1,0,0,0,3,Team 0,Designer,active,1,0.15759210331604184
-0.0425694444444444,11,1,0,0,0,3,2,10,Team 5,Product Manager,completed,1,0.7021113662461215
26.0,12,1,0,0,0,0,1,3,Team 10,Ops,active,0,0.0556671131329701
2.0,12,0,0,0,0,1,0,3,Team 18,Ops,active,0,0.49452100154005335
6.0,3,3,0,0,0,0,2,7,Team 4,Product Manager,on_hold,1,0.06482184685027483
2.0,27,1,0,0,0,0,1,6,Team 16,Designer,active,1,0.4863392745330166
23.0,8,0,0,0,0,0,0,6,Team 3,Spesialis Lainnya,on_hold,0,0.04624627004838146
4.0,0,2,0,0,0,3,0,5,Team 1,Engineer,active,0,0.14587006561993018
36.0,0,2,0,0,0,4,0,9,Team 18,Engineer,active,0,0.05506567408476279
18.0,24,1,0,0,0,2,0,2,Team 16,Product Manager,completed,0,0.05046637015242278
5.0,7,0,0,0,0,0,2,12,Team 7,Designer,active,0,0.13675981245801208
17.0,25,3,0,0,0,1,0,10,Team 11,Spesialis Lainnya,active,0,0.04837198905749638
17.0,27,0,0,0,0,3,2,8,Team 10,Product Manager,active,0,0.051742381342649184
59.0,0,0,0,0,0,4,1,5,Team 3,Ops,active,0,0.056825910076924085
22.0,24,1,0,0,0,1,1,11,Team 0,Product Manager,on_hold,0,0.04590887787921671
12.0,8,4,0,0,0,0,1,9,Team 8,Designer,active,0,0.05817294663512882
21.0,19,3,0,1,0,0,3,3,Team 12,Marketer,active,0,0.05614055520148401
15.0,6,1,0,0,1,4,0,7,Team 17,Marketer,completed,0,0.05517184702770649
66.0,19,2,0,1,0,1,1,7,Team 2,Marketer,completed,0,0.0583274043126717
22.0,10,0,0,0,0,0,2,6,Team 19,Designer,active,0,0.05568087723808812
82.0,28,0,0,0,0,0,3,12,Team 11,Ops,active,0,0.06099548947199435
6.0,4,2,0,0,0,1,4,10,Team 4,Designer,active,0,0.06724080158243807
12.0,6,2,0,0,0,0,1,2,Team 16,Engineer,active,0,0.053679248920375844
3.0,26,0,0,0,0,0,0,4,Team 6,Engineer,on_hold,0,0.14250015113377484
10.0,24,0,0,0,0,4,0,12,Team 10,Product Manager,active,0,0.05378053079683176
39.0,10,3,1,1,0,4,0,8,Team 11,Engineer,on_hold,0,0.05137419451902176
17.0,16,0,0,0,0,2,0,10,Team 5,Product Manager,active,0,0.05324479432217841
13.0,24,0,0,0,0,0,1,8,Team 14,Ops,active,0,0.05995944545585174
-2.7927662037037035,0,2,0,0,0,0,0,6,Team 14,Product Manager,active,1,0.6952478717195295
51.0,5,2,0,0,0,0,4,12,Team 16,Designer,active,0,0.05222051575643209
6.0,28,1,0,0,0,1,0,3,Team 14,Spesialis Lainnya,completed,0,0.07714773640719934
46.0,11,2,0,0,0,1,0,9,Team 12,Designer,completed,0,0.04994051888612386
2.0,23,3,1,0,0,2,0,9,Team 11,Spesialis Lainnya,active,0,0.5091533971872367
75.0,16,0,0,0,0,2,0,10,Team 14,Ops,completed,0,0.05719999679187458
46.0,18,3,0,1,0,2,1,10,Team 19,Marketer,completed,0,0.06566592060267269
7.0,8,2,0,0,0,0,1,1,Team 11,Engineer,active,0,0.06273738049701115
7.0,7,3,1,0,0,0,0,6,Team 7,Designer,active,0,0.058848568815246964
4.0,11,4,1,0,0,1,0,10,Team 13,Designer,completed,0,0.16283420550428018
51.0,18,1,0,0,0,0,0,8,Team 12,Engineer,on_hold,0,0.058035732595208306
6.0,23,2,0,0,0,0,1,4,Team 8,Engineer,completed,0,0.0826734598418802
8.0,0,1,0,0,0,2,2,11,Team 2,Marketer,on_hold,0,0.053148169075901065
2.0,12,1,0,0,0,2,0,1,Team 13,Marketer,completed,0,0.5350836759438835
5.0,30,2,0,0,0,2,2,12,Team 10,Ops,completed,1,0.13182480824341516
19.0,23,0,0,0,0,0,0,4,Team 5,Spesialis Lainnya,active,0,0.05215444316739306
68.0,6,1,0,0,0,0,2,1,Team 15,Ops,active,0,0.05517743991404442
12.0,16,0,0,0,0,2,0,4,Team 18,Engineer,active,0,0.05998582798144142
35.0,0,1,1,0,0,0,0,6,Team 12,Designer,on_hold,0,0.05534803795355805
86.0,4,3,0,1,0,3,0,8,Team 9,Product Manager,completed,0,0.05263617048059021
5.0,6,3,0,1,0,2,1,6,Team 4,Marketer,on_hold,0,0.12299482606404195
11.0,21,0,0,0,0,4,0,6,Team 13,Spesialis Lainnya,active,0,0.05996037394552563
15.0,17,1,0,0,0,4,0,2,Team 16,Engineer,active,0,0.05178511782904816
24.0,11,0,0,0,0,2,0,10,Team 13,Engineer,active,0,0.057134933850633826
-2.324074074074074,11,0,0,0,0,4,1,5,Team 2,Engineer,completed,1,0.665777763773284
-0.4635185185185185,29,0,0,0,0,0,0,6,Team 14,Marketer,completed,1,0.6950260091602596
14.0,4,0,0,0,0,2,0,2,Team 18,Marketer,active,0,0.05174283641774056
15.0,6,1,0,0,0,0,0,5,Team 10,Spesialis Lainnya,active,0,0.04564345533357264
40.0,15,3,0,1,0,1,0,6,Team 7,Ops,on_hold,0,0.05782429186683635
61.0,7,1,0,0,0,4,0,10,Team 7,Designer,active,0,0.0528777262330365
85.0,28,0,0,0,0,0,1,7,Team 5,Engineer,completed,0,0.0676442511470634
85.0,30,0,0,0,0,0,3,12,Team 7,Marketer,active,0,0.06128537561029976
5.0,34,4,1,0,0,0,0,5,Team 19,Marketer,active,0,0.14935035878181452
52.0,25,1,0,0,0,0,1,9,Team 2,Designer,active,0,0.0564009776714933
69.0,6,0,0,0,0,0,2,8,Team 2,Designer,active,0,0.05612340998846908
45.0,0,1,0,0,0,0,0,5,Team 14,Designer,active,0,0.05344989904713318
90.0,0,0,0,0,0,0,2,9,Team 4,Ops,active,0,0.05989860244951515
27.0,18,1,0,0,0,1,1,4,Team 5,Ops,active,0,0.0579765250504706
90.0,23,1,0,0,0,0,0,5,Team 2,Engineer,completed,0,0.05598932784821652
50.0,7,1,0,0,0,3,0,10,Team 16,Spesialis Lainnya,active,0,0.05414404365953955
-8.918414351851851,28,0,0,0,0,4,0,8,Team 12,Spesialis Lainnya,on_hold,1,0.6516139384831
54.0,12,2,0,0,0,3,2,12,Team 16,Engineer,completed,0,0.057524808393293984
63.0,9,1,0,0,0,0,1,9,Team 18,Designer,active,0,0.05639637924146098
25.0,0,1,0,0,0,0,1,9,Team 3,Product Manager,active,0,0.049860957310472735
34.0,28,4,0,0,0,2,0,4,Team 16,Designer,active,0,0.05051580641858884
18.0,32,0,0,0,0,0,1,10,Team 11,Designer,completed,0,0.059244953896836317
3.0,28,2,0,0,0,4,0,12,Team 13,Ops,active,0,0.20948143499138758
6.0,7,0,0,0,0,0,0,11,Team 1,Product Manager,active,0,0.06087946460277775
45.0,14,0,0,0,0,0,1,12,Team 5,Engineer,active,0,0.05918533764041439
49.0,12,3,0,0,0,2,0,7,Team 1,Ops,active,0,0.05755707535437838
14.0,26,2,0,1,0,0,0,12,Team 9,Ops,active,0,0.051672424883472984
-15.421631944444444,10,0,0,0,0,4,1,12,Team 12,Engineer,completed,1,0.6961883737785084
17.0,6,1,0,0,0,2,1,12,Team 2,Product Manager,completed,0,0.050830113931655485
22.0,30,0,0,0,0,4,1,7,Team 15,Ops,on_hold,0,0.054737468763606356
85.0,6,0,0,0,0,0,2,10,Team 18,Product Manager,active,0,0.051237734255406515
5.0,0,1,0,0,0,3,0,8,Team 13,Ops,active,0,0.13051028518223823
16.0,14,2,0,0,0,1,1,11,Team 14,Product Manager,completed,0,0.05996181789465608
42.0,0,2,0,0,0,3,0,3,Team 10,Product Manager,completed,0,0.051638779370638904
78.0,31,1,0,0,0,0,1,9,Team 13,Ops,active,0,0.059213377724171415
27.0,27,2,0,0,1,4,2,11,Team 18,Product Manager,active,0,0.05506905148254873
28.0,34,4,0,0,0,0,0,3,Team 18,Engineer,active,0,0.05875461499017002
43.0,0,1,1,0,0,0,0,5,Team 13,Spesialis Lainnya,active,0,0.051274881945655576
8.0,21,0,0,0,0,1,4,1,Team 3,Engineer,active,0,0.06103586020536979
67.0,25,0,0,0,0,4,1,8,Team 7,Designer,active,0,0.06070813904642032
45.0,26,4,0,0,1,1,0,2,Team 17,Designer,completed,0,0.04938201399920448
61.0,0,4,0,1,0,2,1,7,Team 1,Product Manager,active,0,0.047473393170312794
8.0,12,1,0,0,0,2,1,1,Team 7,Ops,active,0,0.06352897793808783
-14.824340277777775,0,0,0,0,0,0,0,10,Team 11,Product Manager,completed,1,0.6881332407085472
-0.363761574074074,5,2,1,1,0,4,0,7,Team 9,Designer,on_hold,1,0.6973994014431042
2.0,6,0,0,0,0,1,2,12,Team 19,Ops,active,0,0.5763096671479045
40.0,29,2,0,1,1,0,0,1,Team 16,Engineer,completed,0,0.05435184688523152
4.0,28,1,0,0,0,0,1,4,Team 7,Marketer,active,0,0.14427832949405014
75.0,7,0,0,0,0,0,0,4,Team 15,Spesialis Lainnya,active,0,0.04684663826088011
26.0,10,2,0,0,1,4,0,7,Team 2,Spesialis Lainnya,completed,0,0.06385570399130881
57.0,21,4,0,0,0,3,0,4,Team 11,Designer,active,0,0.060477149571059055
37.0,0,1,0,1,0,0,0,9,Team 6,Product Manager,active,0,0.047405119567069096
88.0,0,0,0,0,0,0,0,5,Team 4,Marketer,completed,0,0.051140219754277835
56.0,11,0,0,0,0,2,1,7,Team 8,Designer,active,0,0.05702045491615744
24.0,4,4,0,0,0,3,0,3,Team 17,Ops,completed,0,0.05408083050400644
14.0,5,2,0,0,0,0,1,10,Team 4,Designer,completed,0,0.05684675707096415
89.0,4,1,0,0,0,2,0,3,Team 7,Spesialis Lainnya,active,0,0.05170348238616367
16.0,18,3,1,0,0,2,0,3,Team 9,Ops,active,0,0.05703929009060955
43.0,31,2,0,0,0,2,0,9,Team 6,Spesialis Lainnya,completed,0,0.06345107904210556
6.0,29,3,0,0,0,0,0,3,Team 2,Spesialis Lainnya,completed,0,0.07405381709527567
-9.19011574074074,4,3,0,0,0,3,1,10,Team 8,Engineer,completed,1,0.6774958277002977
29.0,0,3,0,0,1,1,1,5,Team 16,Product Manager,active,0,0.059760634990329166
15.0,3,2,0,0,0,3,3,12,Team 12,Designer,active,0,0.05614941313871517
2.0,6,2,0,1,0,3,1,5,Team 18,Marketer,completed,1,0.5333454989504008
30.0,5,1,0,0,0,0,0,4,Team 2,Ops,active,0,0.05688450030249423
28.0,0,0,0,0,0,2,0,1,Team 15,Marketer,active,0,0.04872008056267201
19.0,6,1,0,0,0,4,0,6,Team 7,Product Manager,completed,0,0.05596541582648418
25.0,10,1,0,0,0,1,1,11,Team 0,Ops,on_hold,0,0.04849476025575534
62.0,4,2,0,0,1,0,0,7,Team 15,Spesialis Lainnya,active,0,0.05774753932489367
21.0,11,2,0,0,1,4,0,1,Team 9,Engineer,active,0,0.06241124195133884
9.0,26,1,0,0,0,0,0,1,Team 12,Designer,completed,0,0.04931155910424291
20.0,4,1,0,1,0,0,0,1,Team 14,Marketer,active,0,0.056390688262781194
2.0,23,0,0,0,0,0,0,7,Team 3,Product Manager,completed,1,0.5367836101847633
3.0,22,1,0,0,0,4,0,2,Team 1,Spesialis Lainnya,on_hold,1,0.15972713708197714
17.0,22,1,0,0,0,0,0,6,Team 9,Ops,completed,0,0.0524052468370049
42.0,15,3,0,0,0,0,0,10,Team 8,Spesialis Lainnya,completed,0,0.053975566585344005
14.0,0,2,0,0,0,3,0,2,Team 18,Engineer,active,0,0.05759477065604797
41.0,6,0,0,0,0,4,1,1,Team 3,Engineer,on_hold,0,0.05306867553126557
17.0,0,3,1,0,0,3,0,7,Team 9,Product Manager,active,0,0.04663488392120213
26.0,31,1,0,0,0,0,1,7,Team 3,Marketer,active,0,0.07056031856977407
50.0,26,0,0,0,0,0,0,6,Team 8,Product Manager,active,0,0.061678170062816215
4.0,8,0,0,0,0,0,0,5,Team 14,Engineer,active,0,0.13837085778395633
23.0,30,1,0,0,0,1,0,4,Team 9,Product Manager,active,0,0.05077556048801365
75.0,0,2,0,0,0,1,1,4,Team 19,Engineer,on_hold,0,0.04913170877426747
-1.7936342592592591,6,0,0,0,0,2,1,12,Team 16,Ops,completed,1,0.6940991572490133
20.0,5,1,0,0,1,3,1,7,Team 14,Designer,active,0,0.0488935709497256
50.0,28,0,0,0,0,1,0,12,Team 2,Spesialis Lainnya,active,0,0.056532114258604625
-4.401400462962963,5,1,0,0,0,0,1,10,Team 13,Ops,completed,1,0.6776648096385949
18.0,23,2,0,0,0,1,0,9,Team 1,Ops,active,0,0.06056556185404537
22.0,24,2,0,0,0,3,2,1,Team 1,Marketer,active,0,0.05763099987444442
29.0,13,2,0,0,1,0,1,10,Team 17,Designer,active,0,0.052236526884776195
2.0,7,0,0,0,0,0,0,5,Team 7,Ops,completed,1,0.5099626321719629
62.0,26,1,0,0,0,0,0,7,Team 4,Marketer,completed,0,0.053958976031561696
-1.1512037037037035,18,1,0,0,0,1,0,7,Team 4,Marketer,completed,1,0.683091945790754
6.0,25,1,0,0,0,0,2,11,Team 16,Ops,active,0,0.0783523079996789
10.0,0,1,0,0,0,4,0,9,Team 8,Ops,active,0,0.061079230529317054
43.0,4,2,0,0,0,4,0,4,Team 15,Product Manager,on_hold,0,0.04899788125743619
10.0,25,1,0,0,0,0,1,3,Team 16,Marketer,active,1,0.06027993342711676
48.0,18,4,0,0,1,4,3,8,Team 15,Marketer,active,0,0.05080236753114839
-2.193865740740741,23,3,0,0,1,0,0,4,Team 13,Ops,active,1,0.6495501036536773
14.0,20,0,0,0,0,4,0,10,Team 16,Marketer,active,0,0.05582630849524932
5.0,29,0,0,0,0,4,1,11,Team 16,Product Manager,active,0,0.13894421739325336
1.0,31,1,0,0,0,2,1,11,Team 2,Marketer,active,1,0.6355929707918472
21.0,23,0,0,0,0,1,1,1,Team 6,Engineer,active,0,0.054534664515712886
44.0,0,1,0,0,0,4,0,8,Team 2,Ops,completed,0,0.058826652741033124
9.0,0,1,0,1,0,0,0,5,Team 19,Spesialis Lainnya,on_hold,0,0.04422919594538662
21.0,21,0,0,0,0,0,0,10,Team 1,Marketer,completed,0,0.05551828154408438
4.0,0,0,0,0,0,2,3,11,Team 9,Ops,completed,0,0.15622848210524753
6.0,6,1,0,0,0,0,0,4,Team 2,Spesialis Lainnya,active,0,0.0716127608496877
10.0,0,0,0,0,0,1,0,12,Team 5,Ops,completed,0,0.055633224295438474
44.0,20,2,0,0,1,0,0,3,Team 9,Product Manager,completed,0,0.05439265226254797
17.0,27,0,0,0,0,0,0,10,Team 18,Designer,active,0,0.0538804350867337
18.0,30,2,1,0,0,4,0,1,Team 17,Ops,completed,0,0.050351720294734933
30.0,0,1,0,0,0,3,0,8,Team 16,Designer,active,0,0.05028902430765399
50.0,0,3,0,0,1,1,0,6,Team 0,Engineer,active,0,0.050673125717189856
1.0,7,2,1,0,0,2,0,3,Team 0,Spesialis Lainnya,active,1,0.5856038264890667
88.0,30,0,0,0,0,2,1,12,Team 17,Ops,active,0,0.05649132535667069
13.0,12,1,0,0,1,4,1,9,Team 18,Engineer,active,0,0.058242472774398264
-0.4096180555555556,16,2,0,0,0,3,0,3,Team 0,Product Manager,active,1,0.6492941975848789
16.0,18,1,0,0,0,2,2,9,Team 4,Designer,active,0,0.0570886623983795
3.0,18,1,0,0,0,0,2,9,Team 3,Marketer,active,0,0.1938600796773651
14.0,10,4,0,1,0,2,1,10,Team 19,Marketer,completed,0,0.06595744035529606
19.0,0,2,0,0,0,4,0,8,Team 17,Ops,on_hold,0,0.059147185898264114
-9.676539351851853,11,1,0,0,0,2,0,3,Team 6,Spesialis Lainnya,active,1,0.6766849248129503
6.0,8,3,0,0,0,0,1,6,Team 5,Engineer,active,0,0.0728831805197244
89.0,25,4,0,0,0,2,0,9,Team 6,Product Manager,active,0,0.04752835638455454
29.0,26,1,0,0,0,0,0,12,Team 17,Designer,active,0,0.053507385284637166
61.0,0,2,0,0,1,4,0,5,Team 2,Engineer,active,0,0.057463777722448636
7.0,28,3,0,0,1,2,0,2,Team 16,Product Manager,completed,0,0.060581836967895236
4.0,28,3,0,0,0,1,0,7,Team 13,Marketer,completed,0,0.18810950408765864
29.0,0,0,0,0,0,1,0,8,Team 7,Marketer,active,0,0.05774103642726576
17.0,0,3,0,0,0,1,2,10,Team 2,Marketer,active,0,0.06095118186620225
53.0,3,0,0,0,0,0,0,1,Team 10,Engineer,active,0,0.05100774517918945
43.0,7,1,0,0,0,0,0,8,Team 11,Spesialis Lainnya,active,0,0.042495417364594355
38.0,29,1,0,0,1,1,0,11,Team 2,Spesialis Lainnya,active,0,0.04863175294606124
4.0,0,3,1,0,0,1,0,6,Team 16,Designer,active,1,0.16169693355932502
15.0,19,0,0,0,0,1,0,1,Team 16,Spesialis Lainnya,active,0,0.05885372025254386
27.0,4,4,0,0,0,0,1,11,Team 2,Marketer,completed,0,0.06094412381495471
38.0,31,1,0,0,1,0,1,11,Team 12,Product Manager,active,0,0.0571060214164865
74.0,9,4,0,0,0,0,0,7,Team 4,Marketer,completed,0,0.053004337176948906
29.0,4,1,0,0,0,4,1,5,Team 7,Engineer,active,0,0.05445025823010545
78.0,23,2,0,0,1,2,1,3,Team 12,Product Manager,active,0,0.05164479427215459
10.0,24,3,0,0,0,0,1,9,Team 16,Engineer,completed,0,0.057161154915203495
20.0,7,3,1,0,0,3,0,5,Team 12,Spesialis Lainnya,on_hold,0,0.04861400330123097
46.0,21,2,0,0,0,1,2,6,Team 16,Product Manager,active,0,0.05754158181786985
76.0,10,0,0,0,0,1,0,6,Team 18,Marketer,on_hold,0,0.04945237150902826
5.0,4,1,0,0,0,0,0,8,Team 4,Marketer,completed,0,0.1460210743397287
-8.139386574074074,0,1,0,0,1,0,0,12,Team 8,Marketer,active,1,0.7110330272728489
82.0,6,1,0,0,0,0,0,11,Team 11,Product Manager,completed,0,0.05112762510255364
78.0,5,3,1,0,0,2,0,2,Team 1,Ops,on_hold,0,0.05751617546824034
7.0,0,0,0,0,0,0,0,1,Team 8,Product Manager,active,0,0.09426501621874178
23.0,3,4,1,0,1,0,0,1,Team 5,Ops,active,0,0.061833434706528245
83.0,7,3,0,1,1,3,1,5,Team 10,Marketer,on_hold,0,0.04835318359671508
78.0,22,1,0,0,0,1,0,8,Team 9,Product Manager,active,0,0.05262942408471623
5.0,7,0,0,0,0,0,3,1,Team 11,Engineer,active,1,0.11684401081290019
15.0,27,1,1,0,0,2,0,4,Team 9,Product Manager,active,0,0.05130223234791732
19.0,6,1,1,0,0,0,0,3,Team 14,Spesialis Lainnya,active,0,0.047167156040136334
23.0,0,4,1,0,1,0,0,3,Team 0,Product Manager,active,0,0.050741594073382475
16.0,22,0,0,0,0,1,0,9,Team 6,Ops,active,0,0.05774651642860083
28.0,0,2,0,0,0,0,1,12,Team 6,Marketer,on_hold,0,0.05872466774119243
-7.164513888888889,0,3,0,0,0,2,1,10,Team 10,Engineer,active,1,0.6942261335687345
36.0,5,3,0,0,1,1,1,11,Team 7,Ops,completed,0,0.06287674320691021
78.0,3,1,0,0,0,4,1,9,Team 19,Engineer,completed,0,0.0544579408060646
6.0,5,3,0,1,0,2,3,6,Team 11,Ops,active,0,0.06716515672664064
60.0,6,1,0,0,0,0,0,12,Team 18,Spesialis Lainnya,completed,0,0.05000510232757694
11.0,4,0,0,0,0,3,0,12,Team 1,Marketer,completed,0,0.05067120074507507
25.0,30,1,0,0,0,0,0,1,Team 2,Spesialis Lainnya,completed,0,0.04941072034508339
47.0,6,0,0,0,0,0,1,9,Team 5,Engineer,active,0,0.04975274425039775
27.0,3,0,0,0,0,4,4,12,Team 10,Product Manager,completed,0,0.04957352180951835
4.0,26,0,0,0,0,4,0,3,Team 15,Ops,active,0,0.14380437514269848
12.0,0,1,0,0,0,0,2,9,Team 19,Designer,active,0,0.05210649153932545
83.0,26,0,0,0,0,2,0,3,Team 19,Engineer,active,0,0.05522765448398147
16.0,0,2,0,0,0,4,0,2,Team 10,Ops,completed,0,0.055508321173440296
7.0,25,3,0,0,1,2,0,11,Team 2,Spesialis Lainnya,on_hold,0,0.05115616376964827
4.0,0,1,0,0,0,3,0,5,Team 17,Spesialis Lainnya,completed,0,0.1420090464251104
23.0,27,1,0,0,0,1,0,2,Team 16,Product Manager,completed,0,0.05088504617203582
65.0,0,2,0,1,0,4,0,7,Team 14,Spesialis Lainnya,active,0,0.050723222279335525
65.0,0,0,0,0,0,4,0,5,Team 4,Product Manager,completed,0,0.05435504098385713
24.0,0,0,0,0,0,2,1,1,Team 5,Marketer,active,0,0.048450314586328334
10.0,28,0,0,0,0,0,1,7,Team 11,Product Manager,active,0,0.05976534849537797
45.0,16,0,0,0,0,3,1,11,Team 15,Ops,completed,0,0.0637857356623702
26.0,5,3,0,0,0,0,1,1,Team 6,Designer,active,0,0.04640030349278661
50.0,7,4,0,0,1,0,0,7,Team 9,Product Manager,active,0,0.051587792890717396
23.0,5,1,0,0,0,0,0,10,Team 8,Marketer,completed,0,0.053476198034284876
29.0,5,1,0,0,0,3,0,6,Team 3,Ops,completed,0,0.05409907531491547
2.0,3,3,1,0,0,2,0,12,Team 17,Product Manager,active,1,0.5032583994509294
77.0,11,0,0,0,0,2,0,12,Team 19,Spesialis Lainnya,active,0,0.058049799839100434
17.0,5,0,0,0,0,4,0,1,Team 8,Designer,active,0,0.07243634837869746
11.0,0,1,0,0,0,2,2,10,Team 13,Engineer,active,0,0.05055919087735127
28.0,11,1,0,0,0,0,1,11,Team 13,Engineer,completed,0,0.057103011442457545
-8.362164351851852,25,1,0,1,0,4,1,5,Team 19,Engineer,completed,1,0.7024588439787519
84.0,0,1,0,1,0,0,0,3,Team 16,Product Manager,completed,0,0.057484219597873136
5.0,21,0,0,0,0,4,0,4,Team 6,Spesialis Lainnya,completed,1,0.14702789339006
3.0,0,4,0,0,0,1,3,10,Team 5,Engineer,active,0,0.16155579672517714
30.0,4,1,0,0,0,2,0,9,Team 1,Engineer,active,0,0.05487981239737529
62.0,27,2,0,0,1,3,1,4,Team 7,Marketer,active,0,0.058734328691428354
10.0,6,1,0,0,0,0,0,8,Team 13,Marketer,on_hold,0,0.054343437597448405
10.0,26,1,0,0,0,0,0,8,Team 12,Spesialis Lainnya,on_hold,0,0.048218699498710965
42.0,11,2,0,0,0,0,0,4,Team 11,Engineer,completed,0,0.054333328418271556
-6.849803240740741,11,2,0,0,0,0,0,7,Team 9,Designer,active,1,0.6832957232640491
16.0,26,1,0,0,0,0,0,7,Team 4,Spesialis Lainnya,active,0,0.05611748565037922
23.0,0,1,1,0,0,0,1,3,Team 3,Marketer,completed,0,0.05193670115678032
9.0,31,2,1,1,0,2,3,10,Team 14,Product Manager,completed,0,0.05753724943654952
55.0,27,2,0,0,0,4,0,11,Team 16,Spesialis Lainnya,active,0,0.061927960384171546
10.0,27,1,0,0,0,1,0,7,Team 15,Ops,active,0,0.05658039350344841
21.0,6,1,0,0,0,0,0,3,Team 4,Engineer,active,0,0.056469503887051194
64.0,26,3,0,0,1,0,0,3,Team 9,Spesialis Lainnya,active,0,0.05007111183746754
26.0,25,3,0,1,0,0,1,10,Team 13,Marketer,active,0,0.06138362906440602
4.0,11,1,0,0,0,1,0,4,Team 11,Designer,active,1,0.1476324009639449
5.0,13,1,0,0,0,3,1,10,Team 18,Engineer,on_hold,0,0.12423371338794835
27.0,22,2,0,1,0,1,0,4,Team 2,Product Manager,active,0,0.05396465486511375
42.0,30,0,0,0,0,2,0,4,Team 16,Marketer,active,0,0.05950992084950803
21.0,25,2,0,0,0,3,0,11,Team 13,Spesialis Lainnya,active,0,0.05600000938293326
1.0,0,1,0,0,0,2,2,5,Team 9,Ops,completed,1,0.6403084705779404
7.0,10,3,0,0,0,0,0,6,Team 14,Marketer,active,0,0.06770818818455936
15.0,6,0,0,0,0,0,0,4,Team 0,Designer,active,0,0.056651306768656026
2.0,23,0,0,0,0,3,0,1,Team 17,Spesialis Lainnya,completed,1,0.4889396921351643
2.0,21,3,0,0,0,4,0,2,Team 1,Spesialis Lainnya,on_hold,0,0.47828152969511945
23.0,27,1,0,0,0,0,0,5,Team 6,Designer,active,0,0.05225265814316777
44.0,13,0,0,0,0,0,4,12,Team 18,Product Manager,active,0,0.05351561938923408
86.0,0,3,0,0,0,3,0,3,Team 3,Product Manager,completed,0,0.04760621961605796
24.0,26,1,0,0,0,0,0,5,Team 3,Designer,active,0,0.06253011062286008
-58.96649305555555,25,1,0,0,0,0,1,3,Team 15,Designer,completed,1,0.6855786868296093
81.0,7,1,0,1,0,0,1,11,Team 19,Marketer,on_hold,0,0.05874776414617821
46.0,11,3,1,0,0,0,0,8,Team 18,Spesialis Lainnya,completed,0,0.04795171206138201
86.0,26,2,0,0,0,3,1,6,Team 1,Product Manager,active,0,0.05766793966499995
16.0,4,1,1,0,0,0,0,11,Team 5,Spesialis Lainnya,on_hold,0,0.05323020398825038
17.0,0,0,0,0,0,0,2,10,Team 0,Ops,completed,0,0.05222832998949148
14.0,8,2,0,1,0,3,0,6,Team 5,Spesialis Lainnya,active,0,0.0495933111063075
3.0,19,0,0,0,0,0,0,5,Team 6,Designer,on_hold,1,0.14101016446197853
22.0,0,4,0,1,0,4,0,9,Team 11,Engineer,active,0,0.04737156681343462
22.0,0,1,0,0,0,3,0,3,Team 18,Marketer,active,0,0.05249397081255648
4.0,24,1,0,0,0,0,0,8,Team 12,Marketer,completed,1,0.18342613788719647
27.0,23,0,0,0,0,4,1,6,Team 14,Designer,completed,0,0.06459945048963826
5.0,8,0,0,0,0,0,2,11,Team 5,Designer,completed,1,0.12718409661834817
4.0,23,2,0,0,0,0,3,9,Team 10,Ops,on_hold,0,0.12847108373409405
1.0,31,1,0,0,0,4,1,1,Team 2,Ops,completed,1,0.6062130073528387
79.0,15,0,0,0,0,2,1,4,Team 7,Ops,active,0,0.06299082784370764
43.0,10,0,0,0,0,1,0,6,Team 15,Spesialis Lainnya,active,0,0.04857416186056541
11.0,6,0,0,0,0,0,0,1,Team 18,Product Manager,active,0,0.056984723743671556
53.0,0,2,0,0,0,4,0,4,Team 4,Spesialis Lainnya,active,0,0.051650614365968774
15.0,5,0,0,0,0,0,0,4,Team 12,Designer,active,0,0.054783691080614906
6.0,3,0,0,0,0,0,1,7,Team 7,Designer,active,1,0.074127115160384
55.0,27,1,0,0,0,1,3,1,Team 14,Marketer,active,0,0.061702726679200876
20.0,24,1,0,0,1,0,0,5,Team 4,Spesialis Lainnya,active,0,0.05759555164593125
62.0,10,1,1,0,0,3,2,2,Team 17,Designer,active,0,0.05194722504596659
18.0,7,2,1,0,0,4,0,2,Team 1,Spesialis Lainnya,completed,0,0.05816446683964352
25.0,4,0,0,0,0,4,0,5,Team 17,Product Manager,completed,0,0.06087073090603792
12.0,27,4,0,0,0,0,2,9,Team 11,Product Manager,active,0,0.059119993948071665
3.0,0,2,0,0,0,3,1,6,Team 8,Product Manager,active,0,0.2041315172963092
7.0,26,2,0,0,0,1,1,2,Team 13,Ops,active,0,0.06530688245289602
-14.414525462962963,6,1,0,0,0,0,0,4,Team 14,Marketer,active,1,0.7008814820730812
22.0,27,1,0,0,0,1,0,4,Team 12,Designer,active,0,0.05452413811479192
66.0,27,2,0,0,1,0,0,1,Team 15,Ops,active,0,0.059688360811335064
60.0,24,2,0,0,0,0,0,2,Team 16,Product Manager,completed,0,0.05265584579270054
7.0,8,0,0,0,0,4,0,12,Team 7,Ops,active,0,0.06998045927886111
2.0,14,2,0,1,0,4,0,5,Team 15,Spesialis Lainnya,completed,1,0.5444040565439963
11.0,7,3,1,0,0,2,1,5,Team 11,Marketer,active,0,0.05102280489261375
1.0,0,3,1,0,0,3,0,12,Team 19,Spesialis Lainnya,active,1,0.6314573047400035
6.0,0,1,0,1,0,0,3,12,Team 4,Designer,completed,0,0.06938049152129924
20.0,23,0,0,0,0,0,1,11,Team 17,Marketer,completed,0,0.05268198664693245
48.0,27,0,0,0,0,3,0,2,Team 6,Engineer,on_hold,0,0.046288805632921294
79.0,12,3,1,0,0,4,0,1,Team 11,Ops,active,0,0.06430877090056389
15.0,4,4,0,1,0,4,0,3,Team 7,Ops,active,0,0.05184882785263414
40.0,25,0,0,0,0,2,0,8,Team 11,Product Manager,completed,0,0.05974699297083629
-5.263715277777778,10,0,0,0,0,0,0,5,Team 4,Engineer,active,1,0.6728313639422396
7.0,3,0,0,0,0,0,0,5,Team 8,Product Manager,on_hold,0,0.07800248343858329
10.0,32,1,0,0,0,0,1,9,Team 4,Engineer,active,0,0.06088319674240854
30.0,0,2,1,0,0,0,0,4,Team 12,Ops,on_hold,0,0.06015538768813095
3.0,14,0,0,0,0,0,1,12,Team 17,Engineer,completed,0,0.19653401323438244
19.0,18,2,0,0,0,1,0,9,Team 19,Spesialis Lainnya,active,0,0.06376710706255358
77.0,27,3,0,0,0,3,0,9,Team 12,Spesialis Lainnya,on_hold,0,0.0485651085737947
3.0,0,3,0,0,0,3,0,1,Team 4,Designer,completed,1,0.19347937595155842
46.0,0,0,0,0,0,0,1,5,Team 1,Marketer,active,0,0.05355856081814996
5.0,22,1,0,0,0,0,0,3,Team 17,Engineer,completed,0,0.10927756712951271
21.0,20,1,0,0,0,3,2,11,Team 7,Designer,completed,0,0.05550927290313266
2.0,26,2,0,0,0,1,0,8,Team 16,Spesialis Lainnya,active,0,0.49166474848991243
27.0,5,0,0,0,0,3,0,3,Team 9,Designer,active,0,0.05304065183278635
67.0,23,2,0,0,0,4,2,4,Team 7,Engineer,active,0,0.060245786927913526
28.0,16,0,0,0,0,2,1,1,Team 16,Engineer,completed,0,0.05238160260666246
16.0,21,2,0,0,0,1,1,9,Team 3,Designer,active,0,0.05545843382955759
1.0,11,2,0,0,0,4,1,12,Team 1,Product Manager,active,0,0.616632851163558
44.0,22,1,0,0,0,4,0,2,Team 9,Spesialis Lainnya,active,0,0.05845308543991551
39.0,0,0,0,0,0,0,1,12,Team 4,Product Manager,completed,0,0.06153898046335635
65.0,6,0,0,0,0,2,1,9,Team 18,Ops,completed,0,0.05802712217683539
52.0,5,1,0,0,0,2,0,4,Team 15,Spesialis Lainnya,active,0,0.04508368347416928
6.0,7,3,0,0,0,1,0,12,Team 6,Spesialis Lainnya,active,0,0.06690029774498919
14.0,11,0,0,0,0,0,0,1,Team 16,Marketer,completed,0,0.05764454293356027
29.0,24,3,1,0,0,0,0,3,Team 18,Spesialis Lainnya,completed,0,0.050389590905170624
5.0,0,2,0,0,0,1,0,3,Team 5,Engineer,active,1,0.10139099613714747
46.0,24,3,0,0,0,2,0,5,Team 13,Product Manager,active,0,0.051973898931945615
2.0,22,2,0,1,0,3,3,10,Team 13,Ops,active,1,0.5400608914373896
12.0,7,1,0,0,0,3,0,11,Team 1,Spesialis Lainnya,active,0,0.05683068846530628
16.0,24,1,0,0,0,4,0,4,Team 0,Marketer,active,0,0.06293307554929742
3.0,26,3,1,1,0,2,0,7,Team 2,Product Manager,active,0,0.18220842507230475
28.0,17,0,0,0,0,4,0,1,Team 13,Product Manager,active,0,0.06162511767043629
13.0,0,1,0,0,0,0,0,1,Team 6,Spesialis Lainnya,active,0,0.05077158814016893
11.0,29,0,0,0,0,4,3,11,Team 17,Engineer,active,0,0.049297344887861326
6.0,3,0,0,0,0,0,2,7,Team 15,Designer,active,0,0.06760204962997746
4.0,12,4,1,0,0,3,3,11,Team 10,Product Manager,active,0,0.12448415138002514
9.0,6,0,0,0,0,0,0,12,Team 19,Spesialis Lainnya,completed,0,0.057372495523769385
5.0,3,2,0,0,0,3,0,9,Team 7,Designer,active,0,0.12259537556171451
89.0,0,3,0,0,0,0,0,4,Team 7,Ops,active,0,0.054988841382425935
7.0,17,0,0,0,0,4,0,3,Team 4,Marketer,active,0,0.06754796900025471
29.0,32,0,0,0,0,0,0,12,Team 13,Spesialis Lainnya,completed,0,0.0590634073838942
68.0,12,3,0,0,0,4,2,1,Team 16,Engineer,active,0,0.05821138446347315
1.0,16,1,0,1,0,3,0,5,Team 7,Ops,active,1,0.6642629513163486
53.0,0,1,0,0,0,2,3,9,Team 18,Engineer,completed,0,0.053209552338210786
68.0,25,0,0,0,0,2,0,11,Team 3,Ops,completed,0,0.05296207604669318
5.0,4,1,0,0,0,0,1,12,Team 19,Marketer,active,0,0.1327332894228661
48.0,12,4,1,1,0,0,1,4,Team 4,Product Manager,active,0,0.05233627669222148
7.0,11,0,0,0,0,1,1,11,Team 8,Marketer,active,0,0.07977455571420096
29.0,23,2,0,0,0,3,0,2,Team 15,Engineer,active,0,0.056264534261456965
36.0,7,1,0,0,0,4,1,1,Team 3,Product Manager,completed,0,0.0556570587317019
79.0,9,2,0,0,0,3,0,3,Team 14,Designer,completed,0,0.05457854642140725
69.0,7,2,1,0,0,4,2,10,Team 2,Marketer,active,0,0.05352582829819862
9.0,25,0,0,0,0,4,0,5,Team 3,Marketer,on_hold,0,0.05831035650458052
65.0,3,0,0,0,0,3,3,10,Team 4,Engineer,completed,0,0.05187577020692514
20.0,15,1,0,0,0,0,0,3,Team 5,Spesialis Lainnya,completed,0,0.05702174311520305
1.0,10,1,0,0,0,0,4,1,Team 3,Marketer,completed,1,0.6398338682169098
25.0,26,0,0,0,0,4,1,12,Team 2,Ops,active,0,0.05620210354319443
13.0,5,2,0,0,0,0,0,2,Team 7,Spesialis Lainnya,active,0,0.052125109752011005
37.0,4,3,0,0,0,2,1,10,Team 2,Ops,active,0,0.05855838917570357
82.0,20,0,0,0,0,2,0,3,Team 16,Spesialis Lainnya,active,0,0.05621716529891824
67.0,4,0,0,0,0,2,1,9,Team 19,Designer,completed,0,0.05749614361804767
12.0,8,0,0,0,0,4,0,4,Team 7,Ops,completed,0,0.05581328940582312
28.0,24,0,0,0,0,1,1,10,Team 17,Product Manager,active,0,0.05213784914057629
71.0,31,1,0,1,0,0,0,1,Team 0,Engineer,active,0,0.06740020292701089
77.0,6,3,0,0,0,1,1,6,Team 4,Marketer,on_hold,0,0.050724826779633046
39.0,15,1,0,0,0,3,0,1,Team 3,Engineer,completed,0,0.058719722073785355
12.0,0,1,0,0,0,0,0,3,Team 13,Spesialis Lainnya,active,0,0.05063727675454573
73.0,30,1,0,0,0,4,0,6,Team 14,Product Manager,completed,0,0.05712958053621467
25.0,0,1,0,0,0,1,1,8,Team 5,Engineer,active,0,0.04607231245173333
12.0,12,4,0,0,0,2,2,12,Team 14,Product Manager,on_hold,0,0.053844472379710524
88.0,0,2,1,0,0,1,2,1,Team 11,Product Manager,active,0,0.05005071978413248
9.0,6,3,0,0,0,1,0,3,Team 6,Engineer,active,0,0.04819966160186591
87.0,0,0,0,0,0,0,3,12,Team 16,Designer,completed,0,0.053643143934384185
-28.335763888888888,8,3,0,1,0,0,1,1,Team 2,Designer,active,1,0.6872013878692148
7.0,9,0,0,0,0,0,1,8,Team 3,Marketer,completed,0,0.07022148066752852
24.0,30,3,0,0,0,0,0,1,Team 1,Product Manager,completed,0,0.047841782226600585
9.0,27,3,1,0,0,4,2,5,Team 7,Marketer,completed,0,0.06586712303336555
9.0,13,2,1,0,0,0,0,2,Team 0,Ops,completed,0,0.05829721705827537
23.0,8,2,0,0,0,1,0,6,Team 1,Spesialis Lainnya,active,0,0.05356250426287754
-4.857916666666667,6,2,0,0,0,1,2,1,Team 16,Engineer,active,1,0.644668228824602
-0.6016782407407407,27,0,0,0,0,4,0,8,Team 4,Product Manager,active,1,0.6742751731480533
44.0,22,1,0,0,0,0,0,6,Team 14,Product Manager,completed,0,0.056156358082922415
24.0,27,3,0,0,1,4,1,4,Team 4,Marketer,completed,0,0.05268379842797022
11.0,32,2,0,0,1,1,0,4,Team 19,Spesialis Lainnya,active,0,0.05845988951194637
33.0,22,1,0,0,0,0,1,9,Team 13,Marketer,completed,0,0.059497779056161305
6.0,5,4,0,0,0,0,1,4,Team 4,Engineer,active,0,0.07604306675276824
75.0,7,0,0,0,0,4,1,12,Team 2,Product Manager,completed,0,0.05504578305464877
66.0,0,1,0,0,0,0,0,9,Team 19,Engineer,on_hold,0,0.05709254529245213
-35.13866898148148,17,1,0,0,0,3,0,3,Team 15,Marketer,active,1,0.7017088982028908
20.0,23,4,1,1,1,0,2,4,Team 11,Engineer,active,0,0.04824842055391256
66.0,29,0,0,0,0,4,1,11,Team 5,Product Manager,active,0,0.05402505104864353
17.0,3,3,0,0,0,2,0,5,Team 1,Designer,completed,0,0.05399390972425439
-7.368414351851852,4,3,0,1,0,0,1,12,Team 14,Product Manager,active,1,0.6920310888796909
24.0,4,3,1,0,0,0,2,6,Team 1,Product Manager,active,0,0.04915981002315947
-1.9627314814814816,29,1,1,0,0,1,0,4,Team 13,Ops,active,1,0.6499231377023708
-3.958587962962963,0,1,0,0,0,2,0,1,Team 16,Engineer,active,1,0.6628552393397036
80.0,0,1,0,0,0,0,0,11,Team 19,Spesialis Lainnya,completed,0,0.04851299722709537
-11.468668981481482,29,3,0,1,0,1,0,4,Team 2,Marketer,completed,1,0.6733627084182818
8.0,14,1,0,0,0,3,1,12,Team 0,Product Manager,on_hold,0,0.054691364291208334
44.0,25,1,0,0,0,1,2,6,Team 11,Marketer,active,0,0.05687148025479122
4.0,0,1,0,0,0,2,1,6,Team 17,Product Manager,completed,0,0.15056175001968677
25.0,11,1,1,0,0,0,2,3,Team 6,Marketer,completed,0,0.04089851038460248
-28.490659722222222,3,1,0,0,0,1,4,1,Team 13,Engineer,active,1,0.6298272693140013
50.0,23,0,0,0,0,1,1,11,Team 18,Engineer,active,0,0.05284348694922626
66.0,25,2,0,1,0,0,0,10,Team 6,Product Manager,active,0,0.05403463258009436
-1.015949074074074,27,3,1,0,1,1,2,11,Team 18,Ops,active,1,0.6570766505535962
16.0,24,1,0,0,0,0,0,3,Team 2,Spesialis Lainnya,active,0,0.05417339146943673
15.0,28,1,0,0,0,0,1,7,Team 17,Product Manager,on_hold,0,0.048529178513173156
9.0,28,1,0,0,0,1,2,8,Team 6,Marketer,active,0,0.05798023232437126
26.0,4,1,0,0,0,2,2,7,Team 4,Engineer,completed,0,0.05121249406664135
86.0,23,1,1,0,0,3,0,6,Team 16,Engineer,active,0,0.04719631229260458
13.0,0,1,0,0,0,0,1,10,Team 3,Product Manager,active,0,0.04836434301190817
-11.777337962962964,23,0,0,0,0,0,0,10,Team 8,Product Manager,active,1,0.6702331646255757
22.0,10,1,0,0,0,0,1,11,Team 11,Ops,completed,0,0.048922474592541475
19.0,0,1,0,0,0,3,0,6,Team 10,Designer,active,0,0.050157616561085125
29.0,7,0,0,0,0,0,0,5,Team 10,Marketer,on_hold,0,0.04967188589147474
89.0,23,1,0,0,0,0,0,12,Team 6,Engineer,completed,0,0.06269525934753416
27.0,13,0,0,0,0,4,0,3,Team 14,Engineer,completed,0,0.06195159921498989
14.0,21,0,0,0,0,4,1,6,Team 10,Ops,completed,0,0.06207605479140434
22.0,14,2,0,0,0,0,1,10,Team 17,Engineer,active,0,0.05481489079672464
17.0,28,0,0,0,0,0,3,5,Team 8,Product Manager,active,0,0.0647784891757599
21.0,6,1,0,0,0,0,0,6,Team 14,Marketer,completed,0,0.05228716063748828
20.0,30,0,0,0,0,0,2,8,Team 5,Engineer,active,0,0.06341003682538493
25.0,5,2,0,1,0,3,0,9,Team 12,Marketer,active,0,0.054117135399502365
2.0,12,4,0,1,0,3,0,8,Team 19,Spesialis Lainnya,active,0,0.5049384346968373
26.0,6,1,0,0,1,0,3,12,Team 4,Engineer,completed,0,0.053326790650751195
7.0,0,4,0,0,0,0,1,10,Team 11,Marketer,completed,0,0.062053646696793315
43.0,5,1,0,0,0,0,0,4,Team 9,Designer,completed,0,0.04930008194277131
15.0,28,1,0,1,0,0,2,6,Team 15,Marketer,active,0,0.06162258419766027
53.0,6,3,0,0,0,3,0,7,Team 7,Designer,completed,0,0.05232288836861447
30.0,22,4,0,1,1,1,1,9,Team 11,Engineer,active,0,0.047141784302779016
55.0,25,0,0,0,0,0,0,1,Team 14,Spesialis Lainnya,active,0,0.05400515924952933
2.0,18,1,0,0,0,3,2,4,Team 0,Ops,completed,1,0.5133894129007985
7.0,32,2,0,0,0,4,0,8,Team 12,Ops,active,0,0.06314483507335732
15.0,23,1,0,0,0,0,1,12,Team 16,Engineer,completed,0,0.05947031714152592
25.0,0,2,0,0,1,0,0,3,Team 1,Marketer,active,0,0.05129185601619841
3.0,5,0,0,0,0,0,0,6,Team 19,Designer,active,0,0.18505991974842612
11.0,7,2,0,0,0,1,0,5,Team 17,Ops,on_hold,0,0.0526089012277478
1.0,18,1,0,0,0,1,0,4,Team 14,Ops,active,1,0.6517249892206227
47.0,5,0,0,0,0,0,0,1,Team 5,Engineer,active,0,0.04934834654064231
8.0,20,1,0,0,0,0,0,4,Team 9,Designer,completed,0,0.05308761356298885
26.0,5,2,0,0,1,0,1,9,Team 19,Designer,active,0,0.05458631496318265
13.0,0,0,0,0,0,3,1,3,Team 16,Product Manager,active,0,0.05288849328229304
12.0,10,1,0,0,0,0,2,11,Team 6,Ops,active,0,0.055991015578077195
12.0,0,0,0,0,0,0,0,1,Team 3,Designer,active,0,0.05995076285132634
66.0,24,0,0,0,0,2,0,3,Team 5,Engineer,active,0,0.05337138447425605
1.0,0,0,0,0,0,0,1,5,Team 2,Ops,completed,1,0.6591484526550917
54.0,30,0,0,0,0,4,0,9,Team 8,Product Manager,completed,0,0.06305410603628873
70.0,23,3,0,0,0,2,0,1,Team 12,Marketer,active,0,0.05165783804227993
89.0,6,4,0,0,0,4,0,2,Team 7,Designer,completed,0,0.0505355925842982
81.0,0,2,0,0,1,3,0,5,Team 11,Marketer,active,0,0.04475046226502913
7.0,29,0,0,0,0,4,0,3,Team 17,Ops,completed,0,0.0656749751051931
48.0,9,0,0,0,0,4,0,1,Team 16,Spesialis Lainnya,completed,0,0.05744946927672316
64.0,0,3,0,0,0,0,3,11,Team 0,Marketer,active,0,0.05332542275500901
7.0,18,1,0,1,0,3,0,6,Team 18,Designer,active,0,0.0714567700442482
28.0,12,2,0,0,0,1,0,2,Team 5,Engineer,completed,0,0.05647057054101591
10.0,0,1,1,0,0,4,0,4,Team 17,Designer,active,0,0.06245193650477443
12.0,10,2,0,0,0,2,1,12,Team 19,Designer,active,0,0.057990626375322665
29.0,0,1,0,0,0,0,0,6,Team 9,Spesialis Lainnya,completed,0,0.04631644413703834
9.0,0,0,0,0,0,2,1,3,Team 13,Engineer,active,0,0.05580347294567038
62.0,24,2,0,0,0,1,3,2,Team 11,Marketer,active,0,0.06036240606125067
72.0,11,1,0,0,0,3,0,3,Team 13,Spesialis Lainnya,active,0,0.05494441453306108
19.0,0,0,0,0,0,3,0,3,Team 0,Engineer,completed,0,0.0551961965913668
60.0,27,1,0,0,0,4,2,5,Team 16,Marketer,active,0,0.06324779551108509
39.0,0,1,1,0,0,0,2,9,Team 0,Marketer,on_hold,0,0.040050297451786815
46.0,4,0,0,0,0,2,0,9,Team 4,Designer,active,0,0.05587560787394159
68.0,28,3,0,0,0,2,0,6,Team 5,Marketer,active,0,0.059336259713738015
16.0,14,3,0,1,0,0,1,11,Team 17,Product Manager,completed,0,0.05486428221276385
5.0,0,0,0,0,0,2,2,1,Team 15,Ops,active,0,0.11434220763175934
29.0,26,1,0,0,0,3,0,11,Team 4,Engineer,completed,0,0.056454382665573184
6.0,7,0,0,0,0,4,0,6,Team 13,Spesialis Lainnya,active,0,0.0764903566730046
51.0,5,1,0,0,0,1,0,6,Team 2,Ops,completed,0,0.055141814661010036
3.0,28,0,0,0,0,4,0,5,Team 12,Marketer,active,1,0.17098744810872635
34.0,16,0,0,0,0,2,2,1,Team 10,Ops,completed,0,0.06179569053450365
6.0,3,2,0,1,0,0,0,5,Team 1,Engineer,active,0,0.06657878255959418
9.0,27,1,0,0,0,3,0,10,Team 11,Ops,active,0,0.05919374868172496
56.0,0,1,0,0,0,0,0,9,Team 17,Ops,on_hold,0,0.05224868991300065
24.0,14,0,0,0,0,1,2,9,Team 16,Designer,active,0,0.05373382429345729
79.0,0,1,0,0,1,1,0,5,Team 7,Designer,active,0,0.0520046836090429
57.0,0,1,0,0,0,1,0,6,Team 4,Ops,active,0,0.054500852212494004
13.0,23,1,0,0,0,4,0,3,Team 7,Designer,active,0,0.059154314216327324
53.0,4,3,0,0,0,2,2,2,Team 4,Product Manager,completed,0,0.05379992485201517
2.0,7,2,0,0,0,0,5,9,Team 19,Ops,active,0,0.533814073145437
5.0,15,2,0,0,0,0,0,2,Team 2,Product Manager,active,1,0.13823802329707255
58.0,28,2,0,0,0,0,1,11,Team 4,Marketer,completed,0,0.05720300620365503
55.0,27,0,0,0,0,0,1,6,Team 0,Product Manager,on_hold,0,0.0486037481564423
9.0,5,1,0,0,0,3,0,9,Team 15,Designer,completed,0,0.055270819839093356
73.0,7,3,1,0,0,2,1,7,Team 19,Ops,active,0,0.07267739449340802
27.0,14,0,0,0,0,4,0,3,Team 16,Designer,active,0,0.055628157625680595
34.0,26,1,0,0,0,0,0,4,Team 19,Engineer,completed,0,0.05727814773030411
6.0,4,1,0,0,1,0,0,2,Team 9,Designer,active,0,0.06712933147662108
26.0,7,1,1,0,0,0,0,10,Team 6,Ops,active,0,0.05647883658224448
-46.99591435185185,17,3,0,0,0,4,1,1,Team 18,Product Manager,active,1,0.6253350759350014
4.0,22,0,0,0,0,3,2,12,Team 4,Product Manager,completed,1,0.18489871671649075
27.0,0,3,0,0,0,0,2,4,Team 7,Engineer,active,0,0.051910275008358264
1.0,25,0,0,0,0,0,2,3,Team 0,Ops,active,1,0.6241885815077102
19.0,27,3,1,0,0,2,0,3,Team 6,Designer,completed,0,0.04206674457683494
-11.785439814814817,26,4,0,0,1,0,1,9,Team 6,Engineer,completed,1,0.6514844691634193
71.0,7,0,0,0,0,4,1,11,Team 10,Marketer,completed,0,0.04976219259052226
9.0,12,1,0,0,0,2,0,3,Team 14,Ops,completed,0,0.058430391644916035
1.0,13,1,0,0,0,0,0,5,Team 19,Ops,completed,1,0.6459814603317704
-0.918587962962963,27,2,0,0,0,0,0,4,Team 2,Engineer,active,1,0.6682688175412776
70.0,7,0,0,0,0,1,0,10,Team 5,Spesialis Lainnya,completed,0,0.049945971945056705
-28.57033564814815,4,4,0,0,0,0,2,1,Team 13,Ops,completed,1,0.6816424965159625
4.0,26,0,0,0,0,0,0,1,Team 10,Engineer,completed,1,0.13850167683988204
7.0,24,2,0,0,0,1,0,1,Team 6,Spesialis Lainnya,completed,0,0.05296288226406733
28.0,27,1,0,0,0,3,4,8,Team 17,Marketer,active,0,0.05988267097253485
11.0,23,1,0,0,0,0,0,2,Team 15,Spesialis Lainnya,on_hold,0,0.050528716580989626
1.0,7,0,0,0,0,0,0,5,Team 3,Product Manager,active,1,0.6196232210677054
65.0,27,2,0,1,0,1,1,3,Team 15,Designer,on_hold,0,0.04944164190242064
83.0,24,1,0,0,0,0,0,10,Team 0,Spesialis Lainnya,active,0,0.050623090178531144
-12.762002314814817,14,3,0,1,1,4,0,2,Team 15,Spesialis Lainnya,on_hold,1,0.6760842952310688
1.0,15,0,0,0,0,1,0,12,Team 19,Engineer,completed,1,0.6499315557884884
25.0,7,2,0,0,0,0,0,8,Team 4,Engineer,active,0,0.05780923442527146
23.0,0,0,0,0,0,1,0,4,Team 18,Spesialis Lainnya,active,0,0.055084452652613164
44.0,24,0,0,0,0,0,2,6,Team 4,Marketer,active,0,0.06090268299258363
65.0,12,2,0,0,0,0,1,12,Team 16,Designer,on_hold,0,0.052215071055074586
25.0,5,1,0,0,0,4,0,3,Team 5,Ops,active,0,0.05324949164796649
19.0,9,0,0,0,0,0,0,7,Team 11,Spesialis Lainnya,completed,0,0.045766153031711415
20.0,0,1,0,0,0,3,4,10,Team 18,Designer,active,0,0.05573745466333733
4.0,0,1,0,0,0,1,3,10,Team 19,Ops,completed,0,0.19112904352596852
5.0,4,0,0,0,0,3,1,7,Team 18,Engineer,active,0,0.12947803518529977
19.0,0,3,0,0,0,2,0,6,Team 4,Spesialis Lainnya,active,0,0.050517954499748254
1.0,0,1,0,0,0,1,0,9,Team 2,Spesialis Lainnya,active,1,0.6560395245138354
11.0,0,1,0,0,0,0,1,9,Team 4,Ops,completed,0,0.057508060552534844
7.0,0,1,0,0,0,4,0,7,Team 15,Engineer,active,0,0.054589919649591534
71.0,33,1,0,0,0,0,0,9,Team 6,Product Manager,completed,0,0.05685844358860971
28.0,5,3,0,0,0,2,0,4,Team 12,Product Manager,completed,0,0.046762402211046446
22.0,26,3,0,0,0,2,2,7,Team 11,Designer,active,0,0.05174606841042517
5.0,5,4,0,0,0,0,0,8,Team 19,Spesialis Lainnya,on_hold,0,0.09650909985244682
17.0,0,0,0,0,0,1,2,12,Team 17,Product Manager,active,0,0.050527778464694306
10.0,7,3,1,0,0,4,0,5,Team 5,Ops,active,0,0.07002474781748076
77.0,6,0,0,0,0,1,1,8,Team 11,Ops,completed,0,0.05373409398794168
13.0,4,0,0,0,0,0,1,5,Team 17,Product Manager,completed,0,0.05325901888072164
51.0,7,0,0,0,0,0,1,4,Team 10,Designer,on_hold,0,0.052486470903541346
67.0,0,1,0,0,0,0,0,9,Team 5,Spesialis Lainnya,active,0,0.04408263641195717
1.0,0,1,0,0,0,0,1,2,Team 4,Product Manager,active,1,0.6379219850523438
6.0,6,0,0,0,0,4,0,8,Team 6,Spesialis Lainnya,active,0,0.07053114962631074
5.0,18,1,1,0,0,0,1,6,Team 0,Designer,active,0,0.12715148323080902
5.0,7,3,0,0,0,4,0,12,Team 16,Ops,active,0,0.12796492318749883
2.0,24,2,0,1,0,0,0,9,Team 6,Product Manager,completed,0,0.4985115704052786
4.0,27,0,0,0,0,4,1,5,Team 17,Designer,completed,0,0.17750277888710342
43.0,31,1,0,0,0,0,0,8,Team 15,Marketer,completed,0,0.059226174275980946
5.0,18,2,0,0,0,0,1,7,Team 10,Marketer,completed,0,0.1389257844660689
88.0,0,1,0,0,0,3,2,6,Team 7,Product Manager,active,0,0.0552310132180635
27.0,23,3,0,0,1,0,0,2,Team 18,Spesialis Lainnya,active,0,0.04981609145287454
33.0,4,2,0,0,0,1,0,4,Team 11,Engineer,active,0,0.050596917934058364
30.0,27,1,0,0,0,1,1,3,Team 19,Designer,active,0,0.05761632090817039
3.0,31,1,1,0,0,0,2,11,Team 6,Designer,completed,0,0.19299484464234465
29.0,16,0,0,0,0,3,0,6,Team 2,Marketer,active,0,0.05996079275931964
9.0,6,3,0,0,0,0,0,4,Team 13,Marketer,completed,0,0.05164189610013976
26.0,30,1,0,0,0,0,1,3,Team 18,Designer,active,0,0.05715937616534163
29.0,26,1,0,0,1,1,0,2,Team 0,Spesialis Lainnya,active,0,0.0622751021598571
79.0,27,3,0,0,0,0,3,11,Team 10,Ops,active,0,0.05479227077658497
18.0,23,1,0,0,0,2,0,9,Team 16,Engineer,completed,0,0.05729924246061837
2.0,26,1,0,0,0,4,2,12,Team 2,Engineer,active,1,0.5645618133467347
24.0,22,1,0,0,0,4,1,12,Team 16,Designer,active,0,0.0499225222376363
1.0,0,0,0,0,0,0,0,9,Team 16,Engineer,completed,1,0.6603937748653255
4.0,7,0,0,0,0,0,1,5,Team 16,Engineer,active,1,0.14470091372791083
76.0,24,2,0,0,0,0,0,8,Team 11,Product Manager,active,0,0.06087478718008941
83.0,4,0,0,0,0,0,0,9,Team 1,Engineer,active,0,0.05447310605029392
9.0,13,0,0,0,0,0,0,4,Team 7,Product Manager,active,0,0.060509556898898725
-42.35877314814815,8,1,0,1,0,1,0,5,Team 11,Spesialis Lainnya,active,1,0.6877758105971539
1.0,25,2,0,0,0,0,1,3,Team 14,Marketer,active,1,0.6506643519555045
54.0,26,1,0,0,1,3,0,6,Team 17,Spesialis Lainnya,active,0,0.0555794467337083
4.0,5,2,0,1,0,0,0,2,Team 16,Marketer,completed,0,0.19864077298208602
43.0,7,0,0,0,0,4,0,3,Team 4,Designer,active,0,0.06026037654763538
35.0,11,2,0,1,0,0,1,10,Team 15,Engineer,completed,0,0.06034123878708198
18.0,0,1,0,0,0,1,0,4,Team 11,Marketer,active,0,0.04415295490480187
1.0,12,4,0,0,0,4,0,8,Team 19,Spesialis Lainnya,active,1,0.6227448846561413
11.0,19,0,0,0,0,0,0,5,Team 10,Designer,active,0,0.0646513865683545
43.0,28,2,0,0,1,0,1,8,Team 7,Product Manager,completed,0,0.058891092526399465
50.0,0,0,0,0,0,3,0,7,Team 8,Product Manager,active,0,0.05302333418408745
22.0,25,0,0,0,0,0,0,12,Team 11,Designer,active,0,0.05649504823303169
53.0,12,2,0,0,0,0,0,10,Team 7,Spesialis Lainnya,active,0,0.05053257773959197
14.0,0,1,0,0,0,0,1,9,Team 6,Designer,active,0,0.050175754034268466
7.0,23,2,0,0,0,1,0,6,Team 6,Ops,active,0,0.0637991851154533
6.0,25,1,1,0,0,0,0,1,Team 12,Spesialis Lainnya,active,0,0.06640329327932608
3.0,18,0,0,0,0,1,3,12,Team 18,Designer,active,0,0.19667376046726232
19.0,0,2,0,0,0,2,0,3,Team 13,Marketer,active,0,0.055630646188753706
2.0,12,4,0,0,0,3,0,2,Team 9,Designer,completed,1,0.5077627206530476
48.0,0,3,0,0,1,2,2,6,Team 19,Designer,completed,0,0.052795045108057125
50.0,28,1,0,0,1,1,0,10,Team 9,Ops,active,0,0.05696351958455439
68.0,9,1,0,0,0,3,1,12,Team 12,Designer,active,0,0.050677828106467204
81.0,0,2,0,0,0,4,0,2,Team 14,Designer,active,0,0.05303724746970824
30.0,21,0,0,0,0,4,0,1,Team 5,Designer,active,0,0.0554313392644027
26.0,3,2,0,0,0,4,0,10,Team 2,Engineer,completed,0,0.054630839429146066
1.0,13,0,0,0,0,2,0,9,Team 17,Ops,active,1,0.6536487820780651
16.0,7,2,0,0,0,2,2,10,Team 3,Ops,active,0,0.057820453772175345
-2.7919675925925924,8,0,0,0,0,2,1,6,Team 14,Engineer,active,1,0.6780868315661462
1.0,25,2,0,0,1,4,0,2,Team 17,Engineer,completed,1,0.6458641572262528
41.0,24,2,0,1,0,0,2,12,Team 17,Ops,on_hold,0,0.0567506894125723
28.0,0,0,0,0,0,0,0,4,Team 6,Engineer,on_hold,0,0.046361135704832385
2.0,0,0,0,0,0,2,0,6,Team 3,Spesialis Lainnya,on_hold,1,0.5247471217178187
85.0,0,0,0,0,0,0,0,3,Team 2,Spesialis Lainnya,completed,0,0.06121993497611327
33.0,18,0,0,0,0,3,0,2,Team 17,Spesialis Lainnya,active,0,0.05265436651757767
26.0,13,0,0,0,0,0,1,3,Team 9,Marketer,active,0,0.0589883435567437
66.0,13,0,0,0,0,4,0,7,Team 17,Engineer,active,0,0.05719449858062219
75.0,0,0,0,0,0,3,0,3,Team 9,Designer,active,0,0.05019237944904706
5.0,5,1,0,0,0,0,2,1,Team 15,Designer,active,0,0.11469165721448173
1.0,7,3,0,1,0,1,0,9,Team 15,Designer,active,1,0.6528001859397675
12.0,21,2,0,0,0,4,0,6,Team 4,Designer,active,0,0.05721251253866196
21.0,32,1,0,0,0,4,2,9,Team 18,Marketer,completed,0,0.07622206991011565
64.0,7,2,0,0,0,0,0,3,Team 13,Ops,active,0,0.055708474035750265
14.0,31,1,1,0,0,0,0,10,Team 11,Designer,completed,0,0.05732458976626372
22.0,17,2,0,0,0,0,0,6,Team 4,Designer,active,0,0.05815703215865476
40.0,28,0,0,0,0,0,0,6,Team 8,Product Manager,completed,0,0.062168189617272336
42.0,5,2,0,0,0,2,0,6,Team 14,Engineer,completed,0,0.053341443500800924
38.0,5,0,0,0,0,0,1,10,Team 18,Ops,active,0,0.06288728211004664
33.0,0,2,0,0,0,1,0,3,Team 17,Product Manager,active,0,0.05390094016831387
5.0,14,0,0,0,0,0,2,10,Team 3,Marketer,active,0,0.1376468931721124
5.0,3,0,0,0,0,0,1,10,Team 13,Ops,completed,0,0.14006339527614178
2.0,5,1,0,0,0,4,2,8,Team 11,Ops,completed,1,0.5467766332889391
11.0,0,1,0,0,0,2,2,11,Team 5,Designer,on_hold,0,0.04328922630163121
26.0,19,1,0,0,0,1,0,2,Team 13,Ops,active,0,0.0556726351113817
3.0,15,0,0,0,0,1,0,2,Team 9,Designer,active,1,0.15659526626919312
1.0,9,1,0,0,0,4,0,1,Team 3,Engineer,on_hold,1,0.6084710204205155
7.0,24,1,0,0,0,0,0,5,Team 5,Designer,completed,0,0.0685231959681814
40.0,0,1,1,0,0,1,2,11,Team 11,Ops,active,0,0.05522153558029759
63.0,26,1,0,0,0,3,0,1,Team 16,Product Manager,active,0,0.05382380254113434
87.0,22,2,0,0,0,0,0,10,Team 8,Spesialis Lainnya,active,0,0.04893057121519081
14.0,28,4,0,0,0,2,0,1,Team 14,Designer,completed,0,0.04875899805748926
22.0,0,0,0,0,0,3,0,10,Team 15,Spesialis Lainnya,active,0,0.05066690108996196
90.0,18,2,0,0,0,4,0,9,Team 14,Product Manager,active,0,0.06159461016455898
4.0,21,1,0,0,0,0,0,3,Team 13,Engineer,active,0,0.12446248445906685
2.0,4,2,0,0,0,0,1,7,Team 1,Engineer,active,1,0.530336143514254
12.0,3,1,0,0,0,4,0,9,Team 13,Product Manager,active,0,0.05465631410100471
13.0,31,3,1,0,0,0,1,3,Team 0,Engineer,active,0,0.050713596455441455
20.0,0,0,0,0,0,0,0,7,Team 1,Marketer,active,0,0.04888854602271003
34.0,26,2,0,0,0,2,0,7,Team 10,Marketer,active,0,0.05038560885647998
1.0,20,2,0,0,1,0,0,7,Team 15,Spesialis Lainnya,active,1,0.633543930245536
15.0,14,3,1,0,0,0,1,2,Team 19,Product Manager,active,0,0.05235447086221604
3.0,5,4,0,0,0,3,0,1,Team 12,Designer,completed,1,0.19115436168040287
52.0,30,1,0,0,0,2,0,5,Team 19,Spesialis Lainnya,on_hold,0,0.0496450493964498
20.0,12,3,0,1,1,0,1,5,Team 0,Ops,completed,0,0.049645997393403134
3.0,8,3,0,0,0,0,0,3,Team 9,Product Manager,active,0,0.15607274963681886
52.0,26,1,0,0,1,2,0,4,Team 16,Engineer,completed,0,0.054066157272788296
32.0,4,2,0,0,0,0,3,10,Team 14,Designer,active,0,0.05002053592890638
9.0,0,3,0,1,0,0,0,7,Team 11,Designer,active,0,0.0459897276363142
21.0,4,1,0,0,0,1,0,8,Team 17,Engineer,active,0,0.050942199149794115
2.0,24,1,0,0,0,3,0,9,Team 17,Product Manager,completed,0,0.566845431352601
9.0,32,0,0,0,0,1,0,7,Team 10,Marketer,active,0,0.06374774731187437
14.0,26,1,1,0,0,0,0,3,Team 16,Spesialis Lainnya,active,0,0.051550868128390014
10.0,0,0,0,0,0,0,0,3,Team 14,Product Manager,completed,0,0.053990947321234016
7.0,28,0,0,0,0,4,0,11,Team 9,Engineer,active,0,0.07207080279370476
17.0,23,1,0,0,1,0,0,8,Team 11,Spesialis Lainnya,completed,0,0.047843074000612426
5.0,24,3,0,0,0,4,0,2,Team 16,Designer,completed,0,0.12130240852920697
20.0,0,2,0,0,0,0,1,6,Team 16,Marketer,active,0,0.05654454602476676
25.0,8,4,1,0,0,2,0,9,Team 8,Spesialis Lainnya,completed,0,0.05688975868647809
3.0,0,2,0,0,0,2,2,12,Team 5,Engineer,completed,1,0.20429795241875637
68.0,8,1,0,0,0,0,0,12,Team 0,Spesialis Lainnya,active,0,0.04961033487592976
78.0,29,3,0,0,1,2,2,11,Team 8,Designer,completed,0,0.049457683484136455
28.0,31,0,0,0,0,0,0,1,Team 6,Ops,active,0,0.05112728341046233
7.0,0,1,0,1,0,3,0,9,Team 3,Spesialis Lainnya,active,0,0.06057166634289217
5.0,4,3,0,0,0,3,0,6,Team 17,Spesialis Lainnya,on_hold,0,0.09600646923489978
22.0,30,1,0,0,1,0,0,11,Team 7,Marketer,completed,0,0.05649529038097365
70.0,9,2,1,0,0,4,0,4,Team 15,Marketer,active,0,0.05211745690804799
27.0,23,3,0,0,0,4,1,4,Team 19,Engineer,active,0,0.06242579513024603
29.0,12,2,0,0,0,3,0,4,Team 15,Engineer,completed,0,0.060314081115115326
6.0,5,0,0,0,0,3,1,8,Team 4,Marketer,active,0,0.07669198542611873
21.0,0,3,0,0,0,1,2,10,Team 17,Engineer,active,0,0.050875284375647284
16.0,24,0,0,0,0,0,1,11,Team 7,Ops,completed,0,0.06180188448467404
85.0,10,3,0,0,1,3,3,12,Team 15,Product Manager,completed,0,0.051897655214561
5.0,7,0,0,0,0,0,1,7,Team 14,Marketer,active,0,0.14449530072181418
21.0,4,1,0,0,0,4,4,12,Team 0,Marketer,active,0,0.062039705573093684
2.0,4,1,0,0,0,0,0,4,Team 10,Engineer,active,1,0.47928662337005096
14.0,20,2,0,0,0,4,0,9,Team 9,Ops,on_hold,0,0.06935385728789749
56.0,0,1,0,0,0,0,2,11,Team 5,Marketer,on_hold,0,0.0474272208778335
1.0,14,1,0,0,0,4,1,9,Team 13,Product Manager,completed,1,0.6414199206407162
19.0,11,1,0,0,0,0,1,11,Team 16,Product Manager,completed,0,0.05961943118641686
8.0,5,0,0,0,0,0,0,3,Team 13,Designer,active,0,0.057138735493452504
14.0,24,3,0,0,0,3,0,9,Team 16,Engineer,completed,0,0.05556668311881924
1.0,14,1,0,0,0,0,1,7,Team 18,Designer,completed,1,0.6628763411420828
14.0,11,2,0,0,0,0,0,10,Team 5,Spesialis Lainnya,active,0,0.04779542063491462
18.0,8,1,0,0,0,0,0,2,Team 17,Marketer,completed,0,0.05009737608998379
10.0,8,1,0,0,0,1,0,5,Team 13,Ops,active,0,0.059943176572731606
6.0,6,0,0,0,0,0,0,3,Team 8,Designer,active,0,0.09339798006079127
43.0,0,0,0,0,0,0,1,3,Team 16,Marketer,active,0,0.051223594846893254
28.0,29,1,0,0,0,3,0,3,Team 10,Product Manager,active,0,0.05104497919473024
12.0,0,1,0,0,0,0,1,12,Team 2,Designer,active,0,0.056203742460773365
21.0,0,4,0,0,0,0,1,5,Team 5,Designer,active,0,0.04883365527538349
1.0,30,0,0,0,0,1,0,7,Team 11,Designer,completed,0,0.6594023075070872
70.0,22,2,0,0,0,0,0,5,Team 17,Designer,completed,0,0.05495806830154246
70.0,0,1,0,0,0,0,3,9,Team 7,Marketer,active,0,0.05993538801391896
15.0,23,0,0,0,0,0,2,12,Team 9,Marketer,completed,0,0.05742361696522648
30.0,7,2,0,0,0,1,2,8,Team 5,Designer,active,0,0.0505766272461691
3.0,22,2,1,0,0,0,0,8,Team 15,Product Manager,active,1,0.16122109686687838
36.0,12,0,0,0,0,3,0,7,Team 14,Product Manager,active,0,0.055167252226071974
29.0,0,4,0,0,0,0,1,9,Team 12,Product Manager,completed,0,0.0509080460876389
-25.08037037037037,21,1,0,0,1,3,2,1,Team 1,Ops,active,1,0.6817268082982176
58.0,7,3,0,1,0,4,2,11,Team 4,Engineer,active,0,0.05477726269106613
6.0,26,1,0,0,0,4,1,11,Team 6,Designer,active,0,0.07576003682712713
55.0,8,1,1,0,0,4,1,6,Team 8,Marketer,active,0,0.06059745783842841
40.0,0,2,0,0,0,3,0,6,Team 15,Marketer,active,0,0.05549844476489892
48.0,28,1,0,0,0,0,0,8,Team 19,Spesialis Lainnya,active,0,0.05451875832587515
30.0,11,2,0,0,1,4,0,4,Team 12,Designer,active,0,0.054187926457324606
11.0,12,2,0,0,0,0,2,12,Team 15,Product Manager,completed,0,0.06372434313125307
-9.322592592592592,5,0,0,0,0,2,1,12,Team 14,Marketer,active,1,0.7063075597108395
44.0,23,3,0,0,0,1,1,3,Team 15,Designer,active,0,0.05246981658188488
35.0,6,1,0,0,0,0,0,11,Team 4,Product Manager,active,0,0.05575492705342162
50.0,7,1,0,0,0,0,1,6,Team 13,Engineer,active,0,0.05402048604009017
7.0,0,0,0,0,0,0,1,10,Team 19,Designer,active,0,0.06111827961481906
1.0,26,3,0,0,1,2,2,10,Team 13,Product Manager,active,1,0.6116824254791414
22.0,0,1,0,1,0,0,2,11,Team 14,Designer,completed,0,0.04812954929413685
25.0,0,0,0,0,0,3,3,12,Team 6,Product Manager,on_hold,0,0.053967226749272824
32.0,13,0,0,0,0,4,1,8,Team 8,Ops,completed,0,0.06297017574048851
52.0,16,2,0,1,0,3,1,11,Team 19,Designer,active,0,0.058719118446294113
6.0,6,0,0,0,0,1,1,7,Team 17,Marketer,completed,0,0.06451266972121272
22.0,7,0,0,0,0,0,1,4,Team 14,Designer,active,0,0.06009127892254833
86.0,25,0,0,0,0,3,2,9,Team 8,Designer,active,0,0.05876901293209117
76.0,26,1,0,0,0,1,0,6,Team 16,Marketer,active,0,0.05638504813525832
61.0,4,2,0,0,0,1,0,7,Team 10,Product Manager,active,0,0.05202501374747468
1.0,29,0,0,0,0,1,0,6,Team 16,Designer,active,1,0.6419674028728938
57.0,0,1,0,0,0,3,1,1,Team 16,Marketer,completed,0,0.053434157284102425
40.0,4,1,0,0,0,0,0,9,Team 16,Marketer,completed,0,0.057028544814126905
57.0,6,2,1,0,0,3,3,1,Team 19,Marketer,active,0,0.06268711536710177
5.0,0,4,1,1,0,0,0,6,Team 13,Product Manager,on_hold,0,0.09161505999535366
43.0,13,2,0,0,0,0,0,2,Team 1,Spesialis Lainnya,active,0,0.056035909280461205
5.0,0,2,0,0,0,2,0,6,Team 2,Spesialis Lainnya,completed,0,0.133152884459088
4.0,21,1,0,0,1,2,0,7,Team 2,Product Manager,active,0,0.17374649541215748
28.0,5,1,0,0,0,0,3,2,Team 7,Marketer,completed,0,0.049321107243931794
5.0,15,1,0,0,0,0,0,9,Team 12,Spesialis Lainnya,completed,1,0.1157208249009693
46.0,0,2,0,0,1,4,0,6,Team 11,Ops,active,0,0.046157261803354825
50.0,31,2,0,0,0,0,0,5,Team 17,Spesialis Lainnya,completed,0,0.05495763512728667
85.0,30,1,0,0,0,2,0,4,Team 1,Engineer,completed,0,0.0585036756601058
3.0,4,1,0,0,1,0,0,10,Team 0,Marketer,active,0,0.17559313119474165
2.0,0,0,0,0,0,2,1,2,Team 11,Product Manager,active,1,0.484082664425293
29.0,21,2,0,0,0,4,1,8,Team 0,Ops,on_hold,0,0.05673039657659881
37.0,27,1,0,0,0,3,1,11,Team 3,Engineer,active,0,0.053755439927935834
12.0,8,1,0,0,0,4,0,1,Team 1,Marketer,completed,0,0.055168628064793335
7.0,14,1,1,0,0,2,0,4,Team 12,Product Manager,active,0,0.057881796691403954
13.0,27,3,0,0,1,2,2,7,Team 4,Product Manager,completed,0,0.051875189553969886
10.0,19,1,0,0,0,4,1,7,Team 8,Marketer,on_hold,0,0.06359027427627179
24.0,14,0,0,0,0,4,0,7,Team 14,Engineer,active,0,0.057317186436362244
5.0,3,1,0,0,0,0,0,9,Team 18,Engineer,active,0,0.12258040294784843
16.0,0,2,1,0,0,4,0,9,Team 13,Spesialis Lainnya,active,0,0.06455837071327038
58.0,7,1,1,0,0,0,2,7,Team 14,Product Manager,active,0,0.049514548106978445
60.0,10,1,0,0,0,2,0,9,Team 8,Engineer,active,0,0.058145603188525345
2.0,8,0,0,0,0,4,0,2,Team 9,Product Manager,active,1,0.4987308559985158
23.0,6,3,0,0,0,0,1,12,Team 5,Engineer,on_hold,0,0.048525035015098
48.0,0,1,0,0,0,0,0,10,Team 4,Spesialis Lainnya,active,0,0.05174156642092899
26.0,7,0,0,0,0,2,0,9,Team 8,Engineer,active,0,0.05700740828663734
71.0,6,2,1,0,0,2,1,12,Team 16,Designer,completed,0,0.05637820524492618
6.0,7,0,0,0,0,0,0,7,Team 9,Marketer,active,0,0.07751295714945682
30.0,0,2,0,1,1,4,0,8,Team 9,Product Manager,active,0,0.05593358490705063
18.0,29,0,0,0,0,1,1,12,Team 1,Designer,active,0,0.055189460326274614
8.0,0,1,0,0,0,4,0,4,Team 3,Designer,active,0,0.056183342222892896
29.0,4,2,0,0,0,2,0,7,Team 17,Spesialis Lainnya,active,0,0.04763994395375153
15.0,5,2,0,0,0,4,1,9,Team 13,Engineer,completed,0,0.05807734350608945
8.0,11,1,0,0,0,1,0,6,Team 8,Designer,active,0,0.06037672757957612
65.0,12,1,0,0,0,1,2,5,Team 3,Designer,active,0,0.06271924850542021
23.0,5,0,0,0,0,1,1,12,Team 8,Designer,active,0,0.05469073787341774
5.0,13,0,0,0,0,2,2,10,Team 6,Product Manager,completed,0,0.14625026036301456
9.0,5,0,0,0,0,3,0,3,Team 18,Ops,active,0,0.0629580053468564
33.0,19,2,0,0,0,2,1,1,Team 15,Ops,completed,0,0.05714361768194311
-4.305590277777778,0,1,0,0,0,2,0,7,Team 14,Ops,active,1,0.706044397239366
-10.70324074074074,29,2,0,0,1,1,2,2,Team 2,Engineer,active,1,0.6457078898595376
3.0,28,3,0,1,0,0,0,10,Team 10,Ops,active,0,0.17428383374743775
23.0,15,1,0,0,0,0,1,12,Team 2,Designer,completed,0,0.05387983399776193
12.0,9,0,0,0,0,0,0,7,Team 19,Spesialis Lainnya,active,0,0.05201399235396782
67.0,30,2,0,0,0,0,0,5,Team 1,Designer,completed,0,0.0554266725342504
39.0,13,1,0,0,1,1,3,8,Team 7,Product Manager,active,0,0.061650652676035804
2.0,7,1,1,0,0,4,0,9,Team 11,Designer,completed,1,0.5632824975350846
53.0,4,0,0,0,0,0,0,3,Team 1,Designer,active,0,0.05548629038456885
-2.1248726851851854,11,2,0,1,0,3,0,3,Team 3,Marketer,completed,1,0.7061864795684089
8.0,0,1,0,0,0,1,0,2,Team 10,Engineer,active,0,0.05112160750305544
35.0,26,0,0,0,0,0,0,5,Team 9,Product Manager,active,0,0.06001417971252136
5.0,25,0,0,0,0,1,0,3,Team 18,Designer,active,0,0.12097487811926877
22.0,24,0,0,0,0,1,0,12,Team 15,Ops,completed,0,0.0575516288224733
81.0,0,2,0,0,0,1,1,7,Team 9,Product Manager,on_hold,0,0.045578516069091406
28.0,4,1,0,0,0,4,1,8,Team 10,Engineer,active,0,0.04793062237928801
-2.439074074074074,7,0,0,0,0,2,0,4,Team 13,Spesialis Lainnya,active,1,0.6757059619314465
13.0,0,2,0,0,0,0,1,11,Team 1,Engineer,on_hold,0,0.05177247433699152
68.0,5,3,0,1,0,4,0,3,Team 15,Ops,active,0,0.052415013004324135
6.0,14,0,0,0,0,0,0,12,Team 2,Spesialis Lainnya,active,0,0.06862880885623969
79.0,12,1,0,0,0,2,0,2,Team 19,Ops,on_hold,0,0.06041599796111418
-13.896331018518518,0,2,0,0,0,3,0,1,Team 17,Engineer,active,1,0.6649664593892969
5.0,24,1,0,0,0,0,0,11,Team 19,Marketer,on_hold,0,0.12483703924401406
85.0,26,1,0,0,0,1,1,7,Team 10,Engineer,completed,0,0.05844932327397538
6.0,27,2,0,0,0,2,1,6,Team 8,Ops,completed,0,0.09098778760980948
28.0,25,1,0,0,0,0,0,12,Team 19,Spesialis Lainnya,completed,0,0.05762519080453785
37.0,7,0,0,0,0,0,0,3,Team 10,Engineer,active,0,0.0519986801183967
34.0,28,1,0,0,0,0,0,6,Team 1,Spesialis Lainnya,active,0,0.05496765651031316
51.0,15,1,0,0,0,3,0,6,Team 6,Product Manager,active,0,0.0537440179362721
10.0,28,1,0,0,0,0,0,5,Team 10,Marketer,on_hold,0,0.060082110883391146
25.0,4,0,0,0,0,0,1,10,Team 8,Product Manager,active,0,0.05128419863207734
9.0,7,0,0,0,0,1,0,4,Team 6,Marketer,completed,0,0.048652583931979874
4.0,7,2,0,0,0,4,0,10,Team 9,Engineer,active,0,0.16740376064642098
10.0,5,2,0,1,1,0,0,10,Team 7,Engineer,active,0,0.05772701980704164
79.0,32,2,0,0,0,0,2,12,Team 19,Marketer,active,0,0.06950978243813302
9.0,0,3,0,0,0,1,0,6,Team 11,Engineer,completed,0,0.05175075209269677
5.0,15,1,0,1,0,0,3,9,Team 15,Ops,active,0,0.137115510632516
7.0,4,4,0,0,0,1,1,10,Team 8,Designer,completed,0,0.06631192665936513
9.0,25,1,0,0,0,0,0,9,Team 5,Marketer,completed,0,0.06155284238139115
-2.736539351851852,0,1,0,0,0,0,2,7,Team 15,Ops,active,1,0.7070649381584374
3.0,5,2,0,0,0,0,1,5,Team 19,Engineer,active,0,0.17788687185289984
5.0,23,1,0,0,0,1,0,5,Team 10,Marketer,on_hold,1,0.12134208336496295
85.0,26,0,0,0,0,3,0,7,Team 16,Spesialis Lainnya,active,0,0.05461065544149263
18.0,0,2,0,0,0,0,0,1,Team 2,Spesialis Lainnya,completed,0,0.06220035123979495
8.0,4,4,0,0,0,0,0,1,Team 14,Spesialis Lainnya,active,1,0.05822444996575982
15.0,11,3,0,0,0,0,0,5,Team 13,Spesialis Lainnya,active,0,0.04959799114588013
26.0,5,1,0,0,0,0,3,9,Team 4,Ops,active,0,0.06125240273308317
3.0,26,4,0,0,0,3,0,1,Team 1,Ops,completed,1,0.1830729881459787
73.0,10,3,0,0,0,1,0,6,Team 4,Engineer,completed,0,0.05494624616701879
5.0,0,0,0,0,0,3,0,2,Team 5,Marketer,active,0,0.10913751120736535
33.0,18,2,0,0,0,0,0,10,Team 7,Engineer,on_hold,0,0.056872128200481896
58.0,3,1,0,0,0,2,1,7,Team 10,Ops,completed,0,0.055775570478189526
27.0,5,1,0,0,0,1,0,2,Team 6,Ops,active,0,0.05073416654591984
3.0,27,1,0,0,0,1,0,6,Team 4,Product Manager,active,1,0.1777003973825169
2.0,0,3,0,0,0,3,1,7,Team 18,Marketer,completed,1,0.540806121133733
21.0,0,1,0,0,0,3,1,6,Team 4,Marketer,active,0,0.051325309653703896
-1.280462962962963,24,1,0,0,0,1,1,11,Team 8,Designer,active,1,0.6978885734422824
2.0,4,1,0,0,0,0,2,10,Team 2,Marketer,completed,1,0.5442553551325652
13.0,16,1,1,0,0,3,0,5,Team 12,Marketer,on_hold,0,0.052553951184172
25.0,4,1,0,1,0,0,0,9,Team 14,Engineer,active,0,0.05013366311636322
10.0,28,2,1,0,0,3,1,8,Team 12,Marketer,active,0,0.057433721951226105
13.0,20,1,0,0,1,0,0,7,Team 6,Ops,completed,0,0.05598566775108831
82.0,3,1,0,0,0,0,0,6,Team 15,Product Manager,active,0,0.04945905055687407
1.0,28,2,0,0,0,3,0,9,Team 17,Spesialis Lainnya,completed,1,0.6146859411448683
49.0,9,3,0,0,0,2,0,4,Team 8,Spesialis Lainnya,active,0,0.050638945154066646
27.0,0,0,0,0,0,0,2,2,Team 19,Marketer,active,0,0.049753609273978545
6.0,5,0,0,0,0,4,3,12,Team 10,Designer,active,0,0.0734921507268127
22.0,29,2,1,0,0,2,0,9,Team 4,Designer,active,0,0.053028571371223056
57.0,8,2,0,0,0,3,1,12,Team 10,Engineer,completed,0,0.05515060381477254
68.0,15,0,0,0,0,2,0,9,Team 11,Product Manager,completed,0,0.05899698069339121
22.0,7,1,0,0,0,0,1,10,Team 10,Product Manager,active,0,0.055379538714896044
73.0,12,2,1,0,0,0,1,8,Team 0,Marketer,on_hold,0,0.04799954547390127
-18.49333333333333,6,2,0,1,0,1,1,12,Team 6,Engineer,active,1,0.6855402262623289
34.0,11,0,0,0,0,3,1,1,Team 19,Ops,active,0,0.06287073167669509
1.0,20,0,0,0,0,0,1,8,Team 11,Designer,active,1,0.6662830649640679
83.0,5,1,0,0,0,0,0,4,Team 4,Spesialis Lainnya,completed,0,0.047936902041617775
9.0,22,1,0,0,0,3,1,6,Team 11,Ops,active,0,0.05681328274902138
75.0,11,0,0,0,0,0,0,2,Team 6,Spesialis Lainnya,completed,0,0.04679069535585527
58.0,0,1,0,0,0,3,2,1,Team 8,Marketer,completed,0,0.06325390003407656
47.0,0,0,0,0,0,2,0,10,Team 5,Ops,active,0,0.05002288571613951
51.0,32,1,0,0,0,1,1,10,Team 7,Ops,active,0,0.055818995421399745
23.0,5,0,0,0,0,4,0,7,Team 19,Designer,active,0,0.05949622893896583
10.0,28,0,0,0,0,4,0,6,Team 19,Spesialis Lainnya,active,0,0.07427614625661257
82.0,0,1,1,0,0,4,0,4,Team 17,Ops,on_hold,0,0.07375224645446975
20.0,15,4,0,0,0,1,0,3,Team 0,Product Manager,active,0,0.06225686337976766
24.0,4,2,0,0,0,0,0,7,Team 4,Spesialis Lainnya,active,0,0.05255309841648903
44.0,0,1,0,0,0,4,0,5,Team 5,Engineer,active,0,0.04934336509350607
37.0,24,0,0,0,0,1,0,2,Team 0,Designer,completed,0,0.05844608381460748
7.0,9,0,0,0,0,4,2,11,Team 8,Engineer,active,0,0.08249728793728593
7.0,8,1,0,0,0,0,2,11,Team 3,Ops,active,0,0.06610645832964673
18.0,26,4,0,1,0,0,1,7,Team 2,Designer,completed,0,0.048163538140179284
30.0,4,0,0,0,0,1,1,5,Team 4,Marketer,active,0,0.0547749174586835
3.0,0,0,0,0,0,0,0,3,Team 13,Marketer,active,0,0.14749918809679588
61.0,4,2,0,0,0,0,1,3,Team 13,Product Manager,active,0,0.053873583826148964
7.0,15,1,0,0,0,1,2,1,Team 15,Engineer,active,0,0.05997402089529877
86.0,4,3,0,0,0,0,1,9,Team 18,Marketer,active,0,0.056549761585433296
87.0,15,2,0,0,0,2,2,9,Team 12,Marketer,completed,0,0.058183292282163006
30.0,11,0,0,0,0,3,0,1,Team 0,Marketer,active,0,0.05913439055340519
13.0,6,3,0,0,0,0,0,4,Team 4,Product Manager,completed,0,0.05393732472598675
5.0,7,1,0,0,0,0,1,7,Team 5,Engineer,active,0,0.11790990111426439
83.0,6,2,0,0,1,0,2,12,Team 2,Ops,active,0,0.05924483180661046
84.0,0,1,0,0,0,3,2,8,Team 2,Designer,active,0,0.05352280423612404
10.0,0,4,0,0,1,0,1,5,Team 5,Ops,completed,0,0.053196247280600704
2.0,10,1,0,0,0,3,1,7,Team 11,Ops,completed,1,0.559971154597898
25.0,0,1,0,0,0,1,0,9,Team 13,Marketer,completed,0,0.05339079220049771
36.0,15,1,0,0,0,0,0,4,Team 1,Spesialis Lainnya,active,0,0.055221095184544794
44.0,24,0,0,0,0,1,0,4,Team 5,Spesialis Lainnya,active,0,0.049328304216131075
22.0,26,3,1,0,0,0,1,12,Team 3,Designer,active,0,0.05474647142760428
44.0,0,2,0,0,0,0,0,4,Team 4,Marketer,active,0,0.050620862484966035
5.0,3,0,0,0,0,3,0,10,Team 13,Engineer,completed,0,0.13286748649191574
25.0,9,0,0,0,0,0,0,7,Team 10,Spesialis Lainnya,active,0,0.046982628963120124
26.0,0,2,0,1,0,2,0,10,Team 3,Spesialis Lainnya,active,0,0.05216215299480705
37.0,28,1,0,0,0,3,0,1,Team 14,Product Manager,active,0,0.04921992198542279
53.0,23,0,0,0,0,0,3,9,Team 6,Engineer,active,0,0.05659192666991213
37.0,10,0,0,0,0,3,0,11,Team 6,Spesialis Lainnya,on_hold,0,0.049999435547037556
13.0,34,3,0,0,0,0,1,4,Team 8,Ops,active,0,0.06426804288446603
4.0,19,1,0,0,0,0,1,9,Team 18,Marketer,active,0,0.1535514798368695
28.0,30,1,0,0,0,2,2,6,Team 4,Ops,active,0,0.05675767094397325
23.0,10,1,0,0,0,0,0,6,Team 17,Spesialis Lainnya,active,0,0.04699259362775573
6.0,0,2,0,0,0,3,0,4,Team 15,Engineer,active,0,0.0656088026564793
24.0,21,1,0,0,0,1,0,12,Team 0,Spesialis Lainnya,completed,0,0.05387386812169714
2.0,0,3,0,0,0,0,0,5,Team 11,Marketer,active,1,0.4797909630199065
44.0,0,0,0,0,0,0,1,7,Team 18,Ops,completed,0,0.06375390880063697
74.0,29,2,0,0,0,3,1,10,Team 4,Product Manager,completed,0,0.05546141233822138
63.0,14,1,0,0,0,0,0,4,Team 15,Designer,active,0,0.056775648460051446
26.0,26,0,0,0,0,4,1,12,Team 0,Engineer,active,0,0.06008439847028383
12.0,4,1,0,0,1,0,0,2,Team 15,Spesialis Lainnya,active,0,0.05256969005674497
1.0,21,0,0,0,0,0,2,12,Team 10,Ops,active,1,0.6437053989950571
46.0,0,3,0,0,0,2,1,3,Team 11,Designer,completed,0,0.04142627577615926
55.0,0,2,0,0,0,0,0,10,Team 11,Spesialis Lainnya,active,0,0.0452348148268735
-47.49962962962963,16,0,0,0,0,0,0,6,Team 3,Product Manager,active,1,0.67082315272243
61.0,0,1,0,0,0,1,2,7,Team 8,Marketer,active,0,0.05524444278205453
13.0,5,2,0,0,0,0,0,9,Team 4,Designer,active,0,0.056850511020915824
6.0,9,2,0,1,0,4,1,4,Team 10,Ops,active,0,0.0737765967099632
18.0,6,1,0,0,0,4,0,10,Team 1,Spesialis Lainnya,active,0,0.05984126952819645
-47.80368055555556,24,1,0,0,0,2,0,9,Team 4,Spesialis Lainnya,active,1,0.6890794622170204
45.0,9,0,0,0,0,3,0,10,Team 1,Product Manager,active,0,0.052154086185618884
6.0,27,4,1,0,0,4,1,1,Team 18,Designer,active,0,0.09570980375853484
27.0,20,1,0,0,0,1,0,7,Team 16,Marketer,active,0,0.058235833458846205
30.0,7,1,0,0,0,0,0,10,Team 15,Designer,active,0,0.052410711546866065
71.0,17,0,0,0,0,1,0,9,Team 12,Marketer,on_hold,0,0.05641891708686142
5.0,0,1,0,0,0,0,1,8,Team 0,Product Manager,completed,0,0.12332400242901652
84.0,21,2,0,0,0,3,2,12,Team 0,Designer,on_hold,0,0.049565980706926416
5.0,4,2,0,0,0,0,1,5,Team 5,Designer,active,0,0.1174575380307861
71.0,22,0,0,0,0,0,1,6,Team 17,Marketer,active,0,0.05469880604560266
87.0,7,1,0,0,0,0,0,2,Team 10,Engineer,completed,0,0.05093057545437804
19.0,0,3,0,0,0,0,1,1,Team 14,Engineer,active,0,0.04936371049021266
15.0,23,1,0,0,0,2,1,6,Team 16,Ops,active,0,0.05551916319088864
84.0,3,0,0,0,0,0,0,7,Team 15,Product Manager,completed,0,0.05520137577382413
28.0,28,1,0,1,0,1,0,11,Team 5,Marketer,active,0,0.05616001940851175
18.0,0,2,0,0,0,2,0,3,Team 15,Ops,active,0,0.05427757462477647
35.0,11,1,0,0,0,1,0,7,Team 3,Product Manager,active,0,0.05122422726616854
49.0,5,4,0,0,0,4,2,7,Team 16,Designer,active,0,0.05135999426390237
29.0,7,0,0,0,0,4,1,6,Team 2,Marketer,completed,0,0.05877495995549788
20.0,20,2,0,0,0,4,0,6,Team 0,Designer,completed,0,0.06736216123505194
6.0,0,1,0,0,0,0,1,6,Team 0,Product Manager,completed,0,0.05753710255721334
28.0,27,1,0,0,0,0,0,9,Team 12,Marketer,active,0,0.051033978742377556
89.0,26,3,0,1,0,4,1,10,Team 6,Designer,completed,0,0.05627578897400697
2.0,26,0,0,0,0,0,1,4,Team 9,Ops,completed,1,0.5051609160844531
17.0,5,1,0,0,0,3,1,10,Team 17,Marketer,active,0,0.05393176345382101
84.0,6,1,0,0,0,0,2,9,Team 11,Designer,completed,0,0.05357710630057396
56.0,3,2,0,0,1,0,0,8,Team 4,Engineer,active,0,0.05719607478606581
66.0,21,0,0,0,0,4,1,7,Team 8,Designer,active,0,0.06292835763693241
4.0,12,4,1,0,1,2,0,9,Team 11,Product Manager,active,0,0.13398268324839427
4.0,0,1,0,0,0,0,0,2,Team 16,Product Manager,completed,1,0.17530612566419077
60.0,17,1,0,0,0,3,0,6,Team 4,Marketer,active,0,0.05556665538565092
-6.044803240740741,0,1,0,0,0,4,2,12,Team 19,Marketer,active,1,0.6836722549783691
1.0,9,0,0,0,0,2,3,12,Team 19,Marketer,active,1,0.6480500505587681
36.0,5,3,1,0,0,0,0,4,Team 11,Spesialis Lainnya,active,0,0.04262464966242004
21.0,4,1,0,0,0,1,1,10,Team 3,Engineer,active,0,0.0525699849348439
84.0,20,1,0,0,0,0,1,6,Team 4,Designer,on_hold,0,0.05599180772386567
5.0,21,1,0,0,0,0,1,10,Team 14,Ops,active,0,0.11997560096140203
-27.45334490740741,0,2,0,0,0,1,1,4,Team 15,Designer,active,1,0.6952517248287858
37.0,0,0,0,0,0,3,0,10,Team 10,Spesialis Lainnya,active,0,0.04868438865448523
27.0,0,3,0,1,0,4,1,10,Team 18,Ops,active,0,0.06036982393101771
43.0,5,1,0,1,0,2,0,10,Team 0,Product Manager,completed,0,0.05420549892887416
-67.83752314814815,3,1,0,0,0,1,0,10,Team 0,Ops,active,1,0.6570899807349677
3.0,27,2,0,1,0,3,1,11,Team 19,Product Manager,active,0,0.2335671869832928
23.0,7,1,0,0,0,1,0,4,Team 6,Engineer,on_hold,0,0.04723970393816568
18.0,6,2,0,0,0,3,1,12,Team 19,Designer,completed,0,0.05912250083621649
29.0,8,2,0,1,0,0,0,4,Team 9,Ops,completed,0,0.05207534405414609
3.0,0,1,0,1,0,4,0,3,Team 10,Product Manager,active,1,0.1511646421182639
15.0,26,0,0,0,0,1,1,9,Team 16,Ops,active,0,0.05946410276994918
32.0,7,0,0,0,0,4,1,9,Team 11,Marketer,active,0,0.05125085078759968
45.0,10,1,0,0,0,0,3,12,Team 16,Ops,completed,0,0.06727766661908985
60.0,28,0,0,0,0,0,2,1,Team 2,Product Manager,on_hold,0,0.05744613718397405
13.0,6,1,1,0,0,1,0,10,Team 8,Designer,active,0,0.06158444328876463
14.0,0,0,0,0,0,0,0,5,Team 10,Ops,active,0,0.0527590580994339
15.0,7,0,0,0,0,0,1,6,Team 16,Ops,active,0,0.0606120799492845
10.0,30,0,0,0,0,2,0,3,Team 17,Engineer,active,0,0.05225855448477727
10.0,6,1,0,0,0,0,0,2,Team 16,Designer,active,0,0.05277696401570098
25.0,0,0,0,0,0,2,1,11,Team 0,Marketer,active,0,0.05104691339256569
-10.736296296296295,0,2,0,0,0,4,0,5,Team 14,Ops,active,1,0.6738344519913171
7.0,7,2,1,0,0,0,0,11,Team 11,Designer,active,0,0.0572024462031938
9.0,7,1,0,0,0,4,2,10,Team 2,Designer,active,0,0.05329073663768701
7.0,0,3,0,0,0,4,0,10,Team 0,Spesialis Lainnya,active,0,0.06389952822208517
8.0,28,0,0,0,0,2,1,11,Team 6,Engineer,active,0,0.058131252422040564
42.0,31,1,0,0,0,0,3,9,Team 15,Ops,active,0,0.05925497078708824
35.0,13,1,0,0,0,0,1,5,Team 13,Engineer,active,0,0.05882767135157698
12.0,26,1,0,0,0,0,0,3,Team 2,Product Manager,completed,0,0.056032629309817554
-36.90773148148149,11,1,0,0,0,2,1,12,Team 12,Ops,active,1,0.6948833967732643
86.0,10,0,0,0,0,0,0,12,Team 12,Product Manager,completed,0,0.053067220445198494
65.0,9,1,0,0,0,0,0,11,Team 0,Marketer,on_hold,0,0.050078779026587354
7.0,0,1,0,0,0,1,2,1,Team 16,Product Manager,active,0,0.06377653467352784
19.0,0,3,0,0,0,0,0,6,Team 17,Designer,completed,0,0.05022246218063355
14.0,28,1,0,0,0,0,0,9,Team 13,Product Manager,completed,0,0.052703942659524064
1.0,11,1,0,0,0,1,2,11,Team 0,Ops,active,1,0.6303597993835548
29.0,0,1,0,0,0,0,6,10,Team 16,Engineer,active,0,0.21648361086730014
20.0,18,1,0,0,0,3,0,2,Team 5,Marketer,active,0,0.053777242921045576
25.0,23,2,0,0,0,0,0,1,Team 13,Spesialis Lainnya,completed,0,0.04889449363683114
3.0,22,1,0,0,0,2,0,3,Team 10,Designer,active,0,0.14137154334712013
7.0,17,1,0,0,0,3,0,10,Team 16,Designer,completed,0,0.06814812188661024
-8.59900462962963,22,4,0,0,0,4,3,8,Team 19,Marketer,active,1,0.6719212027936351
68.0,0,0,0,0,0,3,0,3,Team 3,Marketer,completed,0,0.05353121182428508
20.0,0,2,0,0,0,3,1,6,Team 9,Engineer,active,0,0.048217280926594136
20.0,9,4,0,0,0,2,1,9,Team 17,Engineer,active,0,0.053146588168673715
58.0,21,0,0,0,0,2,2,1,Team 14,Ops,active,0,0.055110869020522354
7.0,5,1,0,0,0,0,0,8,Team 11,Designer,active,0,0.05632156051728799
4.0,0,3,0,0,0,2,0,7,Team 16,Marketer,active,0,0.16185097678801122
26.0,28,1,0,0,0,0,0,3,Team 7,Marketer,completed,0,0.052495805452265565
22.0,0,0,0,0,0,0,0,2,Team 12,Ops,completed,0,0.048206472908592035
1.0,17,1,0,0,1,0,0,1,Team 5,Marketer,active,0,0.672684215485457
30.0,5,4,0,0,0,0,0,6,Team 8,Designer,active,0,0.05659434583815417
7.0,27,1,0,0,0,4,1,12,Team 4,Designer,completed,0,0.07194891434911539
8.0,30,2,0,0,0,1,1,10,Team 4,Engineer,active,0,0.06095543639556293
28.0,3,0,0,0,0,3,0,5,Team 3,Product Manager,active,0,0.05016650760009482
8.0,28,2,0,0,0,0,1,11,Team 6,Marketer,on_hold,0,0.05422393409319202
79.0,15,2,0,0,1,0,1,1,Team 10,Ops,active,0,0.058738563774981586
29.0,27,1,0,0,0,0,0,10,Team 2,Product Manager,active,0,0.05607425584148122
6.0,13,0,0,0,0,0,0,9,Team 19,Spesialis Lainnya,on_hold,0,0.06894095408768791
6.0,0,3,0,0,1,0,0,11,Team 17,Spesialis Lainnya,active,0,0.06069558412669379
2.0,25,1,0,0,0,0,0,8,Team 0,Engineer,completed,0,0.5177546361169388
20.0,0,1,0,0,0,1,0,7,Team 10,Marketer,completed,0,0.04674728034788702
14.0,0,1,0,0,0,1,0,6,Team 11,Designer,active,0,0.045580767216943596
9.0,7,4,0,0,1,1,0,5,Team 3,Spesialis Lainnya,active,0,0.05746390664367592
1.0,27,0,0,0,0,0,0,7,Team 19,Spesialis Lainnya,active,1,0.6320486984426757
3.0,7,0,0,0,0,0,0,3,Team 7,Marketer,completed,0,0.18859522949406535
37.0,4,0,0,0,0,0,2,7,Team 10,Marketer,active,0,0.044559619732480946
9.0,24,0,0,0,0,3,0,12,Team 5,Marketer,active,1,0.06653074918678127
79.0,0,2,1,0,0,3,1,11,Team 8,Ops,active,0,0.058821109805276064
26.0,0,2,0,0,0,4,0,2,Team 15,Marketer,active,0,0.04945943828854142
4.0,5,2,0,0,0,1,0,1,Team 1,Spesialis Lainnya,active,0,0.13199481208776984
15.0,4,0,0,0,0,3,0,8,Team 9,Marketer,on_hold,0,0.05790216302284976
51.0,7,0,0,0,0,3,2,11,Team 9,Designer,active,0,0.052044117840406606
3.0,31,1,0,0,0,0,0,10,Team 1,Designer,active,1,0.17514251998581196
2.0,29,1,0,0,0,0,5,10,Team 3,Marketer,active,0,0.5306515038222284
3.0,6,1,0,0,0,2,0,3,Team 7,Spesialis Lainnya,active,1,0.15678563373922982
58.0,7,1,0,0,0,3,3,8,Team 10,Marketer,active,0,0.047723426939870604
25.0,15,0,0,0,0,2,0,9,Team 11,Spesialis Lainnya,active,0,0.05011816279921505
40.0,7,0,0,0,0,0,1,6,Team 10,Marketer,completed,0,0.05227643286322245
79.0,27,1,0,0,1,4,2,12,Team 2,Product Manager,completed,0,0.0536984485364598
81.0,27,3,0,0,0,0,2,12,Team 6,Designer,active,0,0.04845860428678248
14.0,0,0,0,0,0,0,0,4,Team 5,Spesialis Lainnya,active,0,0.04466116726566199
29.0,7,3,0,0,1,4,0,6,Team 14,Designer,completed,0,0.05516078397610313
57.0,24,1,0,0,0,1,0,12,Team 16,Spesialis Lainnya,completed,0,0.05771293590984309
4.0,33,0,0,0,0,4,1,7,Team 11,Engineer,active,0,0.17449896642760826
73.0,23,2,0,0,0,0,3,11,Team 11,Marketer,active,0,0.05824904103016777
1.0,5,0,0,0,0,3,0,2,Team 0,Marketer,active,1,0.6338481323437726
70.0,24,1,0,0,0,4,0,5,Team 0,Ops,active,0,0.0603798234927559
23.0,4,0,0,0,0,0,3,1,Team 6,Designer,completed,0,0.04390021009774111
6.0,28,0,0,0,0,3,1,10,Team 4,Marketer,active,0,0.08922029803383753
45.0,0,0,0,0,0,0,1,2,Team 4,Engineer,completed,0,0.05872389818410722
66.0,27,1,0,0,0,3,0,4,Team 12,Product Manager,active,0,0.04935676092530773
14.0,21,3,0,1,0,0,1,6,Team 1,Engineer,active,0,0.05509307034170478
6.0,11,1,0,0,0,4,0,5,Team 14,Designer,active,0,0.07439579975639908
76.0,11,1,0,0,0,0,0,8,Team 2,Product Manager,completed,0,0.056137798275166566
10.0,0,2,0,0,0,4,0,5,Team 4,Ops,active,0,0.05624888239565736
-53.76108796296296,11,3,0,0,0,1,1,1,Team 18,Designer,active,1,0.6503421035849151
12.0,0,4,0,1,0,2,2,7,Team 6,Designer,active,0,0.050954422024957424
9.0,18,1,0,0,0,2,0,12,Team 16,Ops,active,0,0.06437477070447938
5.0,6,0,0,0,0,2,0,6,Team 2,Product Manager,active,1,0.13574649057245036
5.0,5,1,0,0,0,0,0,6,Team 9,Product Manager,completed,0,0.1323590768806108
64.0,20,1,0,0,0,0,1,5,Team 9,Marketer,active,0,0.05986957253847853
51.0,0,4,0,1,1,2,0,10,Team 11,Spesialis Lainnya,active,0,0.044857475361580884
80.0,14,2,0,0,0,3,2,8,Team 14,Designer,active,0,0.054560730251444506
51.0,15,1,0,0,0,2,0,1,Team 14,Marketer,active,0,0.05618684868751571
49.0,3,1,0,0,0,1,0,8,Team 17,Designer,active,0,0.05192897970873058
79.0,4,2,0,0,0,2,0,2,Team 1,Product Manager,completed,0,0.051704371169581605
1.0,8,2,0,0,0,0,1,6,Team 0,Ops,completed,1,0.6193228751578777
73.0,31,1,0,0,1,0,0,4,Team 19,Marketer,active,0,0.07014875639478878
1.0,0,2,0,1,0,0,2,5,Team 7,Product Manager,active,0,0.6369654761953071
60.0,27,3,0,1,0,3,0,4,Team 10,Product Manager,active,0,0.04562759748734768
14.0,16,3,0,0,0,3,1,5,Team 10,Ops,on_hold,0,0.05492274660904851
15.0,10,1,0,0,1,0,0,9,Team 13,Product Manager,active,0,0.053559661164030166
2.0,26,0,0,0,0,0,0,8,Team 6,Product Manager,active,1,0.4969734449591047
42.0,0,2,0,0,1,4,0,7,Team 2,Marketer,on_hold,0,0.05536268106585895
3.0,23,1,0,0,0,2,0,9,Team 9,Ops,active,0,0.1750692312442883
13.0,5,0,0,0,0,0,0,7,Team 16,Ops,active,0,0.06164889049630972
10.0,12,4,0,0,1,0,3,12,Team 18,Product Manager,active,1,0.05422318444032565
28.0,12,1,0,0,0,0,2,8,Team 12,Marketer,on_hold,0,0.06362378042323945
22.0,6,1,0,0,0,0,0,6,Team 16,Product Manager,active,0,0.05581348071221312
14.0,10,1,0,0,0,0,2,10,Team 11,Designer,active,0,0.05402713584541947
3.0,0,1,0,0,0,1,0,3,Team 11,Designer,active,0,0.14620259679375447
29.0,4,2,1,0,0,4,0,4,Team 4,Ops,active,0,0.06825067574495049
9.0,6,0,0,0,0,1,0,1,Team 4,Product Manager,active,0,0.05695174711517736
-50.17630787037037,7,1,0,0,0,1,0,1,Team 5,Engineer,active,1,0.6517529624993126
62.0,10,1,0,0,0,4,0,7,Team 19,Marketer,on_hold,0,0.062466301398624996
17.0,27,1,0,0,0,1,0,8,Team 5,Engineer,active,0,0.05503579451886775
12.0,11,3,0,0,0,0,1,6,Team 2,Marketer,completed,0,0.06063895827192308
4.0,6,0,0,0,0,0,0,1,Team 10,Engineer,completed,0,0.13306197761751887
-22.16943287037037,31,3,0,0,0,0,1,5,Team 8,Ops,active,1,0.6466992647840383
6.0,12,1,0,0,0,2,2,4,Team 3,Designer,active,0,0.07742449868212659
10.0,0,0,0,0,0,0,0,4,Team 16,Ops,completed,0,0.06264139311857503
61.0,11,0,0,0,0,0,3,10,Team 18,Designer,active,0,0.057417370949718945
25.0,0,4,1,0,0,1,3,1,Team 3,Ops,on_hold,0,0.0580283494963584
20.0,5,2,0,0,0,0,0,2,Team 17,Engineer,active,0,0.05134593940000996
14.0,26,1,0,0,0,2,0,6,Team 8,Spesialis Lainnya,active,0,0.0513047193548904
33.0,8,2,0,0,0,4,0,8,Team 4,Engineer,active,0,0.05873283502824084
29.0,27,0,0,0,0,0,0,10,Team 4,Ops,completed,0,0.06043780062173859
3.0,0,2,0,0,0,4,0,2,Team 8,Engineer,active,0,0.20502782412936674
16.0,6,0,0,0,0,4,1,8,Team 10,Product Manager,active,0,0.04949373998252668
3.0,28,2,0,0,0,0,0,1,Team 13,Designer,active,1,0.161016505116043
31.0,24,4,0,0,0,0,0,4,Team 17,Designer,active,0,0.05733867321325395
7.0,6,0,0,0,0,0,0,4,Team 7,Ops,active,0,0.06991841704967364
4.0,10,0,0,0,0,3,2,10,Team 3,Engineer,active,0,0.16016643967746955
23.0,12,1,0,0,0,0,0,3,Team 7,Designer,completed,0,0.055510376816261746
-0.0984953703703703,27,1,0,0,0,4,0,6,Team 7,Designer,active,1,0.7137058457932131
54.0,7,1,0,0,0,1,2,11,Team 17,Designer,on_hold,0,0.04838969694846276
25.0,27,2,0,1,0,0,1,10,Team 10,Ops,active,0,0.05248212120657783
7.0,27,1,1,0,0,1,0,7,Team 4,Marketer,active,0,0.060366598790414776
1.0,26,0,0,0,0,0,0,9,Team 6,Product Manager,completed,1,0.64843214039879
3.0,0,1,0,0,0,2,1,12,Team 19,Product Manager,completed,0,0.21309676403873573
5.0,11,2,0,0,0,0,0,2,Team 8,Product Manager,completed,0,0.15655444513442948
3.0,0,0,0,0,0,3,0,12,Team 3,Designer,active,0,0.1975304242413483
22.0,7,0,0,0,0,0,0,8,Team 12,Marketer,completed,0,0.05742220853222322
62.0,16,2,0,0,0,3,1,11,Team 9,Product Manager,completed,0,0.060137519447288595
22.0,0,1,0,0,0,0,1,4,Team 15,Marketer,active,0,0.049413366751367815
28.0,6,1,0,0,0,4,0,3,Team 9,Marketer,active,0,0.05012634869537153
8.0,0,0,0,0,0,0,1,6,Team 11,Designer,active,0,0.052139552684189606
11.0,0,1,0,0,0,2,0,6,Team 2,Designer,completed,0,0.051568100710235716
21.0,20,3,1,1,0,0,1,11,Team 19,Product Manager,completed,0,0.05467165409859744
4.0,0,1,0,1,0,2,1,9,Team 13,Product Manager,active,0,0.1492876991158608
7.0,26,3,1,0,0,4,0,1,Team 12,Spesialis Lainnya,active,0,0.06408484326729261
9.0,27,1,0,0,0,0,0,11,Team 4,Marketer,completed,0,0.05364825356305443
-18.79513888888889,29,1,0,0,0,3,3,10,Team 2,Marketer,active,1,0.6882784164133963
23.0,3,1,0,0,0,1,0,8,Team 3,Spesialis Lainnya,active,0,0.0535785540579669
1.0,7,2,0,0,1,0,1,8,Team 19,Designer,active,1,0.6582157021637901
12.0,8,0,0,0,0,3,1,4,Team 15,Ops,completed,0,0.06300407045744259
81.0,9,2,0,0,0,1,0,4,Team 19,Designer,on_hold,0,0.05062906035716223
81.0,28,3,0,1,0,0,1,12,Team 13,Ops,active,0,0.05733942362631711
24.0,4,2,1,0,0,0,0,12,Team 1,Marketer,active,0,0.05330713398246814
32.0,4,1,0,0,0,2,0,5,Team 16,Designer,active,0,0.05096227141064403
3.0,26,1,0,0,0,0,1,10,Team 0,Engineer,active,1,0.17191928480403296
84.0,26,1,0,0,0,1,0,3,Team 9,Engineer,active,0,0.05519287021372133
6.0,7,3,0,0,1,1,0,10,Team 3,Ops,active,0,0.07901235216532948
2.0,22,2,0,0,0,0,0,11,Team 0,Spesialis Lainnya,active,1,0.5025507243969485
6.0,3,2,0,0,0,4,2,12,Team 4,Ops,on_hold,0,0.07562984294165996
26.0,6,1,0,0,0,2,2,11,Team 13,Designer,active,0,0.050140274177299486
47.0,26,1,0,0,0,0,0,4,Team 12,Product Manager,completed,0,0.04990284225914946
19.0,5,1,0,0,0,1,0,11,Team 10,Spesialis Lainnya,active,0,0.04552830927708205
56.0,22,3,0,0,0,0,0,9,Team 17,Marketer,active,0,0.05708688563785511
15.0,16,1,0,0,0,0,0,1,Team 6,Product Manager,on_hold,0,0.04383337675003096
27.0,25,0,0,0,0,2,1,12,Team 3,Ops,completed,0,0.05585321231340863
15.0,28,3,0,0,0,3,0,1,Team 18,Spesialis Lainnya,active,0,0.056189102419940996
69.0,25,2,0,0,0,4,1,8,Team 17,Ops,active,0,0.05674141090324742
27.0,0,0,0,0,0,4,0,4,Team 1,Marketer,active,0,0.05247176644290907
89.0,0,0,0,0,0,4,1,5,Team 12,Engineer,active,0,0.05068868872356438
4.0,24,1,0,0,0,3,2,9,Team 7,Product Manager,active,1,0.17123074838652003
7.0,10,2,0,0,0,3,0,2,Team 17,Product Manager,active,0,0.06376908320745374
30.0,12,1,0,0,0,4,0,2,Team 2,Product Manager,active,0,0.058639619013296784
51.0,6,2,0,0,1,2,0,7,Team 5,Spesialis Lainnya,active,0,0.04764618805102319
13.0,6,1,0,0,0,1,0,6,Team 13,Product Manager,active,0,0.051428481041502175
5.0,28,0,0,0,0,0,0,11,Team 5,Spesialis Lainnya,active,1,0.10636650297263321
22.0,15,1,0,0,0,0,0,7,Team 1,Engineer,active,0,0.058018264740019004
24.0,25,2,0,0,0,4,0,1,Team 2,Ops,on_hold,0,0.05974516716643586
6.0,5,1,0,0,0,0,0,10,Team 13,Engineer,completed,0,0.0705713228683769
67.0,7,3,0,0,1,1,1,6,Team 11,Marketer,active,0,0.04894623089137715
24.0,0,0,0,0,0,2,0,2,Team 17,Ops,active,0,0.05526866116593882
13.0,0,0,0,0,0,0,0,11,Team 14,Ops,completed,0,0.052153862605227724
26.0,5,3,0,0,0,0,2,9,Team 12,Product Manager,on_hold,0,0.04953626999445575
7.0,28,1,0,0,0,0,0,4,Team 10,Marketer,active,0,0.06585944967847986
6.0,0,2,0,0,0,3,0,2,Team 8,Engineer,active,0,0.09599290714892435
23.0,14,0,0,0,0,0,2,8,Team 19,Marketer,active,0,0.06171202313076176
1.0,26,0,0,0,0,2,0,6,Team 19,Engineer,active,1,0.6563208245514859
20.0,23,1,0,0,1,3,0,9,Team 16,Engineer,active,0,0.058120693819808784
54.0,5,3,1,1,0,0,1,9,Team 13,Ops,active,0,0.054736300481948136
68.0,23,0,0,0,0,3,0,12,Team 16,Product Manager,completed,0,0.060878389013447665
12.0,21,1,1,0,0,2,3,1,Team 6,Ops,active,0,0.051753048950125294
64.0,8,2,0,0,0,1,1,12,Team 2,Product Manager,active,0,0.05961980457545663
19.0,5,2,0,0,1,0,3,12,Team 6,Product Manager,active,0,0.05237611698645827
44.0,4,1,0,0,0,0,0,5,Team 8,Product Manager,on_hold,0,0.05116763760181812
6.0,7,3,0,0,0,0,1,9,Team 14,Product Manager,active,0,0.07179779416824
63.0,29,1,0,0,0,2,2,10,Team 9,Ops,active,0,0.05274199553399992
89.0,24,1,0,0,0,3,0,10,Team 5,Spesialis Lainnya,active,0,0.05280154067767874
-2.1608449074074074,5,1,0,0,0,3,1,12,Team 16,Engineer,completed,1,0.6932140459554359
27.0,31,0,0,0,0,4,0,2,Team 16,Spesialis Lainnya,active,0,0.061503338658566095
17.0,22,4,0,1,0,0,1,10,Team 7,Product Manager,on_hold,0,0.04996303261715306
22.0,29,2,1,0,1,4,1,12,Team 19,Designer,on_hold,0,0.0621991488885447
-0.488912037037037,12,1,0,0,0,0,0,11,Team 1,Spesialis Lainnya,completed,1,0.6694733483278597
65.0,6,2,0,0,0,0,0,2,Team 15,Designer,on_hold,0,0.04610403069667994
2.0,8,2,0,0,1,3,0,3,Team 5,Marketer,active,1,0.5733624000158919
78.0,0,3,0,1,0,0,3,2,Team 7,Ops,completed,0,0.04490743736526374
41.0,24,1,0,0,0,0,0,4,Team 13,Engineer,completed,0,0.05568664352592838
8.0,11,3,1,0,0,4,1,9,Team 0,Marketer,on_hold,0,0.05925095131874217
-0.3432407407407407,8,2,0,0,0,0,1,7,Team 0,Designer,completed,1,0.6514129885405417
14.0,0,0,0,0,0,0,3,2,Team 11,Ops,active,0,0.05507923990288479
12.0,13,0,0,0,0,2,0,2,Team 10,Product Manager,active,0,0.057983170279651323
11.0,0,0,0,0,0,0,0,4,Team 10,Ops,completed,0,0.060493942339890645
4.0,5,0,0,0,0,0,0,12,Team 12,Spesialis Lainnya,completed,0,0.16076505242821054
82.0,16,2,1,0,0,4,2,11,Team 6,Product Manager,active,0,0.051700016066140886
3.0,25,0,0,0,0,1,1,10,Team 3,Engineer,active,0,0.17682194310927846
1.0,0,1,0,0,0,1,3,12,Team 16,Ops,completed,1,0.6811645280526641
52.0,7,1,0,0,0,1,0,3,Team 15,Designer,active,0,0.05439530861526642
63.0,30,0,0,0,0,1,0,10,Team 10,Spesialis Lainnya,active,0,0.045483961164191795
1.0,9,2,0,0,1,2,1,9,Team 7,Designer,active,0,0.6589610332341902
21.0,16,1,0,0,1,3,0,1,Team 14,Product Manager,active,0,0.054516288350501
17.0,14,0,0,0,0,0,1,12,Team 3,Marketer,completed,0,0.05752584007237844
43.0,27,3,1,0,0,4,3,12,Team 13,Ops,active,0,0.06283300942748989
1.0,25,3,0,0,0,2,0,3,Team 1,Engineer,active,1,0.6222181852113977
3.0,0,1,0,0,0,4,2,1,Team 2,Ops,active,0,0.18565189962189826
1.0,12,0,0,0,0,4,2,4,Team 14,Engineer,active,1,0.6151446074014199
3.0,28,2,1,0,0,3,0,4,Team 2,Spesialis Lainnya,active,0,0.189309683054549
43.0,29,1,0,0,0,0,3,2,Team 8,Ops,completed,0,0.056557877443017796
21.0,8,1,0,0,0,4,0,5,Team 10,Marketer,active,0,0.05145252856137303
5.0,6,1,0,0,0,0,0,4,Team 18,Spesialis Lainnya,completed,0,0.11591827782486294
-33.49050925925926,29,3,0,0,0,4,0,10,Team 18,Spesialis Lainnya,on_hold,1,0.6528995002722777
53.0,18,2,0,0,0,4,1,12,Team 19,Ops,completed,0,0.0680326630817376
20.0,30,1,0,0,0,1,0,3,Team 18,Spesialis Lainnya,active,0,0.04943395338834629
12.0,17,2,1,0,0,2,2,12,Team 12,Marketer,active,0,0.05547316148388776
13.0,22,1,0,0,0,3,1,9,Team 3,Engineer,active,0,0.05391946286800894
82.0,12,3,0,0,0,0,0,7,Team 16,Designer,active,0,0.05651291346130729
5.0,4,1,0,0,0,0,0,12,Team 12,Ops,active,0,0.1290375804893061
50.0,0,2,0,0,0,2,3,10,Team 4,Product Manager,active,0,0.05361020991692202
80.0,10,1,0,0,0,1,1,5,Team 16,Engineer,active,0,0.05753611455010063
70.0,10,0,0,0,0,4,2,4,Team 13,Engineer,active,0,0.06334459256432946
6.0,18,1,0,0,0,2,0,8,Team 5,Product Manager,completed,0,0.0821111533176929
14.0,3,1,0,0,0,0,2,1,Team 0,Engineer,active,0,0.054983466963062305
11.0,24,2,0,0,0,3,1,7,Team 7,Marketer,active,0,0.062432505851270685
20.0,7,2,0,0,0,1,1,12,Team 9,Ops,completed,0,0.054680105151906654
6.0,9,0,0,0,0,0,0,5,Team 2,Spesialis Lainnya,completed,0,0.07353019186372352
7.0,0,0,0,0,0,1,0,3,Team 7,Engineer,completed,0,0.0713461828113314
21.0,30,1,0,0,0,0,0,12,Team 18,Product Manager,active,0,0.05017638146654298
38.0,23,1,0,0,0,3,0,3,Team 2,Ops,active,0,0.05879412597193377
14.0,0,0,0,0,0,3,3,12,Team 2,Designer,active,0,0.05669833907658616
5.0,8,0,0,0,0,3,0,5,Team 14,Ops,active,0,0.13148232344156058
26.0,27,2,0,0,0,0,0,9,Team 16,Marketer,active,0,0.060140987121199745
12.0,7,1,0,0,0,3,2,5,Team 0,Designer,active,0,0.05475132844241393
74.0,5,0,0,0,0,0,3,9,Team 9,Designer,completed,0,0.05140362007310191
6.0,26,1,0,0,0,4,0,1,Team 6,Spesialis Lainnya,active,0,0.07264196067020215
22.0,0,1,1,0,0,4,0,9,Team 0,Spesialis Lainnya,active,0,0.06434132339818048
5.0,4,1,0,0,0,0,1,12,Team 9,Ops,completed,1,0.12710188242484916
19.0,0,1,0,0,0,3,0,1,Team 10,Spesialis Lainnya,on_hold,0,0.04777042770497588
5.0,23,3,1,0,0,1,0,9,Team 18,Engineer,completed,0,0.12032692207434285
23.0,0,0,0,0,0,2,0,4,Team 7,Ops,active,0,0.05715466042337816
84.0,7,1,0,0,0,0,0,10,Team 1,Ops,completed,0,0.05773997218833698
21.0,0,0,0,0,0,0,0,5,Team 13,Spesialis Lainnya,active,0,0.048179443521416475
7.0,0,0,0,0,0,1,3,11,Team 16,Ops,active,0,0.07600589392024486
89.0,0,4,1,0,0,1,0,12,Team 2,Marketer,completed,0,0.060617837466807614
43.0,27,0,0,0,0,2,1,4,Team 4,Engineer,active,0,0.061635667854398835
5.0,24,1,0,0,0,0,0,4,Team 16,Ops,active,0,0.12043274936237976
25.0,31,0,0,0,0,0,3,5,Team 12,Product Manager,active,0,0.059281427717083175
69.0,0,3,0,0,0,0,0,11,Team 12,Spesialis Lainnya,completed,0,0.05061719267969262
25.0,23,1,0,0,0,4,0,7,Team 2,Spesialis Lainnya,active,0,0.05742341879143861
11.0,5,1,0,0,0,4,0,10,Team 11,Marketer,completed,1,0.051710337321733246
11.0,13,2,0,0,0,0,0,6,Team 9,Spesialis Lainnya,active,0,0.05154357722201759
67.0,8,0,0,0,0,0,5,10,Team 1,Marketer,active,0,0.09424617406855365
16.0,25,3,0,0,0,0,3,11,Team 17,Product Manager,completed,0,0.04895899862901563
4.0,13,4,1,0,0,4,0,11,Team 4,Marketer,completed,0,0.18229892967561728
69.0,0,0,0,0,0,0,0,9,Team 9,Marketer,on_hold,0,0.051352989740076384
6.0,21,2,0,1,1,0,1,7,Team 17,Ops,completed,0,0.06944686263886579
19.0,12,0,0,0,0,2,1,5,Team 18,Ops,completed,0,0.06146387345396004
44.0,22,1,0,0,0,3,0,4,Team 17,Ops,active,0,0.0520206508092852
88.0,18,1,0,0,0,0,0,5,Team 3,Spesialis Lainnya,active,0,0.05348749659113238
38.0,31,1,0,1,0,0,0,8,Team 7,Spesialis Lainnya,active,0,0.0548604465399937
16.0,24,1,0,0,0,1,0,3,Team 11,Engineer,active,0,0.0548776420671486
28.0,13,1,0,0,0,4,0,6,Team 9,Ops,completed,0,0.06301418333949015
74.0,23,4,1,0,1,0,1,2,Team 16,Product Manager,active,0,0.055450820921672334
33.0,0,1,0,0,0,2,0,3,Team 12,Marketer,on_hold,0,0.050878938666479905
90.0,20,2,0,0,0,3,0,3,Team 9,Product Manager,active,0,0.057713314382393625
50.0,8,3,0,0,0,2,0,12,Team 7,Engineer,completed,0,0.05440587471619659
54.0,20,1,0,0,0,2,1,5,Team 18,Product Manager,active,0,0.0581283252975884
-1.774513888888889,0,0,0,0,0,2,0,11,Team 12,Spesialis Lainnya,on_hold,1,0.6490073389982212
14.0,17,1,0,0,0,0,0,9,Team 1,Spesialis Lainnya,active,0,0.0546398756716367
3.0,23,1,0,0,0,2,0,3,Team 16,Marketer,active,0,0.16581590647243336
7.0,5,0,0,0,0,4,0,9,Team 7,Designer,active,0,0.06314451229814656
17.0,11,2,0,1,0,1,0,9,Team 1,Product Manager,active,0,0.05327508910803384
1.0,7,1,0,0,0,3,0,4,Team 14,Product Manager,completed,0,0.6262835040532141
1.0,14,0,0,0,0,3,2,4,Team 6,Marketer,on_hold,0,0.6687856405322576
55.0,5,0,0,0,0,0,1,8,Team 7,Marketer,active,0,0.05833976217069714
66.0,0,0,0,0,0,3,3,1,Team 5,Engineer,completed,0,0.0550744838712887
23.0,30,1,0,0,0,4,0,7,Team 17,Engineer,completed,0,0.05432983950218972
10.0,0,0,0,0,0,0,1,12,Team 11,Product Manager,completed,0,0.056660341181503544
18.0,16,1,0,0,0,2,1,9,Team 8,Product Manager,completed,0,0.057777251272044444
77.0,5,2,0,0,0,0,0,10,Team 1,Spesialis Lainnya,active,0,0.05494395513747739
26.0,0,1,0,0,0,0,2,7,Team 2,Ops,active,0,0.05879667810206914
39.0,28,3,0,0,0,4,1,4,Team 7,Designer,active,0,0.0647889406741852
1.0,24,2,0,1,0,0,1,12,Team 2,Product Manager,active,1,0.6433088819989605
8.0,13,1,0,1,0,4,1,12,Team 6,Designer,completed,0,0.05469457201648539
29.0,25,1,0,0,0,0,0,2,Team 19,Designer,on_hold,0,0.043179757289751125
-28.144050925925924,0,1,0,0,0,4,2,12,Team 11,Product Manager,active,1,0.6963953153467484
12.0,9,1,0,0,0,0,2,1,Team 12,Ops,active,0,0.05982536246761987
82.0,24,0,0,0,0,2,0,6,Team 5,Designer,active,0,0.05371492879253192
88.0,14,1,1,0,0,0,0,12,Team 19,Spesialis Lainnya,active,0,0.06192595553566999
68.0,20,3,0,0,1,1,2,1,Team 1,Engineer,active,0,0.05759041966546806
55.0,8,1,0,1,0,0,0,2,Team 6,Designer,active,0,0.04735287749845518
30.0,13,2,0,0,0,1,1,10,Team 19,Product Manager,completed,0,0.06296210285203924
46.0,12,0,0,0,0,4,0,5,Team 4,Marketer,active,0,0.05944765851606481
14.0,0,1,0,0,0,3,0,7,Team 1,Spesialis Lainnya,active,0,0.05128327778194457
4.0,24,1,0,0,0,1,1,10,Team 13,Designer,completed,0,0.16591169884555426
29.0,26,0,0,0,0,0,0,10,Team 6,Engineer,completed,0,0.06363336361327858
29.0,0,1,0,0,0,0,0,3,Team 8,Marketer,active,0,0.055233391908411145
23.0,19,2,0,0,0,2,1,10,Team 6,Marketer,completed,0,0.06027857183073427
35.0,7,0,0,0,0,2,3,1,Team 15,Marketer,active,0,0.0526776453986258
57.0,0,2,0,0,0,0,0,4,Team 4,Ops,completed,0,0.051022321167624035
1.0,17,0,0,0,0,0,0,2,Team 6,Engineer,active,1,0.6378706763295906
72.0,3,1,0,0,0,3,0,12,Team 4,Spesialis Lainnya,completed,0,0.05205117861941123
17.0,16,1,0,0,0,0,0,11,Team 19,Spesialis Lainnya,completed,0,0.05446954853207905
2.0,7,0,0,0,0,0,0,6,Team 14,Designer,completed,0,0.5360007372871495
53.0,25,0,0,0,0,0,0,5,Team 2,Ops,completed,0,0.05898244859543594
6.0,6,3,1,0,0,2,0,7,Team 16,Designer,active,0,0.06698533464076589
6.0,0,1,0,0,0,0,0,8,Team 8,Product Manager,on_hold,0,0.08088455028876315
5.0,0,0,0,0,0,4,0,9,Team 4,Ops,active,0,0.14067090094191317
3.0,10,0,0,0,0,2,3,4,Team 16,Product Manager,active,1,0.19432355321273587
3.0,4,0,0,0,0,3,2,12,Team 6,Designer,active,0,0.20487003796936776
52.0,7,1,0,0,0,0,0,5,Team 5,Designer,active,0,0.054716580499541
1.0,3,1,0,0,0,0,0,1,Team 9,Ops,active,1,0.6374512427115258
6.0,6,2,0,0,0,3,2,9,Team 8,Marketer,active,0,0.09647094209926416
5.0,24,0,0,0,0,2,0,1,Team 12,Product Manager,active,0,0.10911667259954648
30.0,25,2,0,0,0,4,0,5,Team 6,Ops,on_hold,0,0.04627267865800841
11.0,14,3,0,0,0,2,2,9,Team 5,Ops,completed,0,0.06391742876220888
30.0,26,1,0,0,0,2,3,1,Team 2,Engineer,on_hold,0,0.05421522522998964
73.0,7,1,0,0,0,2,0,4,Team 4,Ops,active,0,0.05555372129533354
23.0,0,1,0,0,0,0,0,12,Team 0,Ops,active,0,0.061260597010815196
15.0,6,0,0,0,0,2,1,12,Team 19,Product Manager,completed,0,0.061056744117246625
11.0,23,0,0,0,0,0,0,9,Team 7,Designer,active,0,0.056537847126552625
15.0,4,0,0,0,0,3,0,4,Team 6,Designer,completed,0,0.05225633510846556
52.0,10,3,0,0,0,0,0,9,Team 1,Spesialis Lainnya,active,0,0.05516527908367381
21.0,27,0,0,0,0,0,2,11,Team 6,Ops,active,0,0.05949858217477691
-3.140254629629629,12,1,0,0,0,0,0,10,Team 11,Spesialis Lainnya,active,1,0.6994013196464376
8.0,20,1,0,0,0,4,0,3,Team 7,Product Manager,completed,0,0.05981840581302767
28.0,0,3,0,1,0,2,0,10,Team 8,Spesialis Lainnya,completed,0,0.05262194935756779
13.0,0,0,0,0,0,3,0,6,Team 4,Spesialis Lainnya,active,0,0.04894140369669717
7.0,0,1,0,0,0,3,0,6,Team 0,Ops,on_hold,0,0.0558294742719258
26.0,0,0,0,0,0,1,2,12,Team 2,Product Manager,active,0,0.05469096218539845
15.0,0,4,0,0,0,1,2,11,Team 4,Designer,completed,0,0.05406515371686673
70.0,0,4,0,0,0,4,0,12,Team 0,Product Manager,on_hold,0,0.043209459338778324
12.0,0,3,0,0,0,0,0,7,Team 12,Engineer,active,0,0.04880543914938553
5.0,24,1,0,0,0,3,0,1,Team 6,Ops,completed,0,0.11102803025366083
63.0,0,2,0,0,0,0,0,9,Team 3,Product Manager,completed,0,0.05860927834250887
21.0,4,0,0,0,0,1,0,6,Team 10,Ops,completed,0,0.052695662428979224
24.0,17,3,0,0,0,1,0,2,Team 17,Spesialis Lainnya,active,0,0.04775538348281601
7.0,28,2,0,0,0,4,0,12,Team 2,Designer,completed,0,0.06858603972217231
29.0,0,0,0,0,0,0,1,5,Team 16,Engineer,active,0,0.051037072576396496
20.0,18,4,0,0,1,0,0,4,Team 14,Marketer,active,0,0.05891696659199885
29.0,0,0,0,0,0,0,3,10,Team 3,Engineer,active,0,0.047919182934531894
9.0,0,3,0,0,1,2,1,10,Team 7,Engineer,active,0,0.052976818138978386
42.0,8,0,0,0,0,4,1,10,Team 5,Product Manager,completed,0,0.05488877081244679
2.0,15,2,0,0,0,3,2,1,Team 1,Marketer,active,1,0.5194375893745757
66.0,0,2,0,0,0,4,1,1,Team 19,Ops,completed,0,0.05786165474549087
14.0,27,2,0,0,0,3,2,6,Team 4,Marketer,active,0,0.06219783375889766
3.0,0,0,0,0,0,4,4,11,Team 3,Designer,completed,0,0.20219342938720417
24.0,12,2,0,0,0,1,3,12,Team 11,Marketer,active,0,0.056984722698299
4.0,3,0,0,0,0,0,0,3,Team 5,Product Manager,active,0,0.12459461803416322
35.0,30,0,0,0,0,0,4,1,Team 1,Ops,completed,0,0.05367462610205887
67.0,0,0,0,0,0,0,0,7,Team 16,Designer,active,0,0.052969284904254205
7.0,0,4,0,0,1,0,0,3,Team 1,Engineer,completed,0,0.06430108631790167
59.0,6,0,0,0,0,2,2,4,Team 19,Engineer,active,0,0.052182496727180526
77.0,22,1,0,0,0,0,3,8,Team 15,Product Manager,active,0,0.05282739746154235
54.0,21,0,0,0,0,0,0,3,Team 0,Engineer,active,0,0.05929955056525487
69.0,14,1,0,0,0,2,2,1,Team 2,Ops,active,0,0.06134022699501769
85.0,10,1,0,0,0,4,0,1,Team 4,Engineer,completed,0,0.054944005979376855
2.0,10,1,0,0,0,2,0,11,Team 2,Ops,active,1,0.5483198316300157
25.0,12,2,0,0,0,2,2,6,Team 9,Product Manager,active,0,0.055549021009627685
19.0,12,0,0,0,0,0,0,4,Team 0,Engineer,completed,0,0.05920121765789664
55.0,23,0,0,0,0,0,1,11,Team 7,Designer,active,0,0.055945980766464676
27.0,7,4,0,0,1,0,1,10,Team 18,Marketer,active,0,0.05565928210263548
4.0,0,3,0,0,0,3,2,1,Team 2,Designer,active,0,0.1569333887460247
6.0,29,1,0,0,0,1,0,5,Team 1,Spesialis Lainnya,completed,0,0.07474353411667282
43.0,6,0,0,0,0,4,0,1,Team 17,Spesialis Lainnya,completed,0,0.05049173282984049
-29.67247685185185,13,0,0,0,0,1,0,1,Team 15,Product Manager,completed,1,0.6420264201520437
1.0,5,2,0,0,0,1,1,2,Team 11,Marketer,active,1,0.6293305087746284
11.0,3,1,0,0,0,4,0,7,Team 10,Product Manager,completed,0,0.05352471382991876
84.0,0,1,0,0,0,4,0,5,Team 4,Ops,completed,0,0.05297913736767106
72.0,27,1,0,0,0,0,0,6,Team 16,Engineer,completed,0,0.0569422895630852
15.0,6,0,0,0,0,3,0,10,Team 9,Marketer,completed,0,0.05804080601429585
64.0,28,3,0,0,0,2,0,5,Team 4,Marketer,active,0,0.05762294129051734
18.0,5,2,0,0,0,0,0,2,Team 8,Marketer,active,0,0.06688901043403636
65.0,3,0,0,0,0,2,0,7,Team 1,Product Manager,completed,0,0.05140414653203911
26.0,8,0,0,0,0,0,1,10,Team 7,Engineer,active,0,0.056878173111154146
2.0,7,0,0,0,0,4,0,8,Team 17,Spesialis Lainnya,active,1,0.5299430929063582
21.0,13,3,0,0,0,2,3,2,Team 4,Designer,completed,0,0.05227721092377621
7.0,4,3,0,0,0,2,0,4,Team 1,Engineer,active,0,0.06457791406280028
6.0,24,2,0,0,0,2,4,12,Team 1,Engineer,completed,0,0.06690568906334894
55.0,24,2,0,0,0,4,0,11,Team 16,Spesialis Lainnya,completed,0,0.06749786547386369
1.0,27,0,0,0,0,1,0,5,Team 13,Spesialis Lainnya,active,0,0.6415871411011781
10.0,5,1,0,0,0,0,1,6,Team 11,Marketer,active,0,0.04861927629391472
14.0,0,4,0,0,1,4,0,5,Team 1,Spesialis Lainnya,active,0,0.057001210473874055
43.0,11,1,0,0,0,3,2,12,Team 4,Engineer,active,0,0.05464819594047042
5.0,31,0,0,0,0,0,1,9,Team 2,Ops,active,0,0.1325106738296476
9.0,14,1,0,0,0,0,1,8,Team 19,Designer,on_hold,0,0.04972984978570221
6.0,0,1,0,0,0,0,2,3,Team 7,Product Manager,completed,0,0.0726142965649724
90.0,0,3,0,0,0,3,0,6,Team 8,Spesialis Lainnya,active,0,0.050295237967167714
5.0,24,1,0,0,0,0,1,12,Team 18,Ops,active,0,0.1179673596618738
14.0,13,0,0,0,0,0,3,10,Team 7,Marketer,completed,0,0.05692264310711227
19.0,0,0,0,0,0,0,0,5,Team 1,Designer,active,0,0.05603255139757201
8.0,11,3,0,0,1,2,1,7,Team 1,Designer,completed,0,0.05657444446259781
1.0,11,2,0,0,0,3,1,5,Team 16,Engineer,active,0,0.6159008099032398
22.0,3,0,0,0,0,0,1,11,Team 12,Engineer,active,0,0.04906484777466314
63.0,12,0,0,0,0,1,2,9,Team 3,Product Manager,active,0,0.054168784808434296
20.0,0,1,0,0,0,4,1,10,Team 4,Engineer,active,0,0.05418241831077728
66.0,5,0,0,0,0,0,1,9,Team 5,Designer,completed,0,0.05056122366755766
7.0,21,4,0,0,1,0,0,10,Team 3,Designer,active,0,0.06382571829067665
26.0,0,0,0,0,0,4,1,8,Team 17,Engineer,active,0,0.05072675068201371
62.0,24,3,0,0,0,0,2,10,Team 14,Marketer,completed,0,0.060992767691410696
24.0,0,2,0,0,0,1,0,11,Team 18,Marketer,on_hold,0,0.05216899300351871
17.0,7,2,0,1,0,4,0,9,Team 10,Spesialis Lainnya,active,0,0.04724048154961435
5.0,28,0,0,0,0,1,1,8,Team 7,Engineer,active,0,0.13328447605325328
56.0,11,3,0,0,0,0,2,1,Team 6,Marketer,completed,0,0.054195898110191876
56.0,29,3,0,0,0,4,2,10,Team 16,Designer,active,0,0.050420489284376376
65.0,7,0,0,0,0,3,0,5,Team 10,Product Manager,active,0,0.05307701539325245
82.0,0,0,0,0,0,0,0,12,Team 11,Spesialis Lainnya,active,0,0.05050548780674173
1.0,0,1,0,0,0,0,1,12,Team 14,Product Manager,active,1,0.6705794787179278
15.0,20,1,0,0,0,0,0,4,Team 15,Engineer,active,0,0.054882914901041815
3.0,29,0,0,0,0,4,1,8,Team 11,Ops,completed,0,0.21271573855141257
36.0,6,2,0,0,1,0,0,3,Team 4,Engineer,active,0,0.056389358605981564
62.0,0,4,1,0,0,1,0,1,Team 19,Spesialis Lainnya,active,0,0.05707865944278694
4.0,26,0,0,0,0,0,0,10,Team 13,Product Manager,completed,1,0.16842178712125497
50.0,27,1,0,0,0,0,0,7,Team 13,Ops,active,0,0.05985781502426416
2.0,8,3,0,0,0,3,0,7,Team 9,Marketer,active,0,0.5270491075703349
2.0,9,0,0,0,0,1,1,5,Team 15,Ops,completed,1,0.5141311219026548
1.0,0,1,0,0,0,3,1,12,Team 6,Engineer,on_hold,0,0.6381044558057515
-23.743472222222223,6,2,0,0,0,3,0,6,Team 10,Spesialis Lainnya,completed,1,0.6759203341913469
56.0,6,0,0,0,0,1,0,8,Team 8,Designer,active,0,0.05510078415865705
-0.2317708333333333,19,0,0,0,0,4,0,12,Team 10,Spesialis Lainnya,active,1,0.6815674319618991
27.0,23,2,0,0,0,0,0,9,Team 18,Marketer,completed,0,0.05830888027262571
14.0,0,2,0,0,0,4,0,6,Team 2,Spesialis Lainnya,active,0,0.05718052539054759
10.0,27,0,0,0,0,2,0,12,Team 10,Product Manager,on_hold,0,0.057917710579342474
14.0,0,2,0,0,0,3,1,6,Team 8,Marketer,on_hold,0,0.05281324656235673
5.0,29,0,0,0,0,1,0,5,Team 5,Ops,active,0,0.1251999848219176
14.0,26,0,0,0,0,2,0,8,Team 16,Marketer,completed,0,0.06186159079068737
12.0,24,0,0,0,0,3,1,8,Team 11,Ops,completed,0,0.059498647375516155
40.0,0,0,0,0,0,0,1,4,Team 1,Product Manager,active,0,0.04884335500822057
77.0,13,1,1,0,0,0,2,8,Team 15,Ops,active,0,0.0612344379975814
28.0,0,1,0,0,0,0,0,5,Team 19,Spesialis Lainnya,active,0,0.04641049113225679
5.0,7,3,0,0,0,0,3,5,Team 3,Engineer,active,0,0.11853357335646417
12.0,12,4,0,1,0,1,0,5,Team 15,Engineer,active,0,0.052640785353962286
19.0,26,0,0,0,0,4,0,4,Team 13,Product Manager,active,0,0.058306102363554865
24.0,26,2,0,0,0,0,1,6,Team 3,Engineer,completed,0,0.0622879635916378
16.0,3,4,0,1,0,0,0,3,Team 1,Designer,completed,0,0.05077298266737536
10.0,7,1,0,0,0,2,0,8,Team 18,Designer,completed,0,0.05521705643976322
15.0,4,1,0,0,0,0,1,7,Team 14,Marketer,active,0,0.05334343182522973
-1.007835648148148,0,3,0,0,0,1,0,12,Team 17,Marketer,active,1,0.6900707721715575
15.0,17,0,0,0,0,4,3,7,Team 11,Product Manager,active,0,0.056300852026694666
23.0,0,0,0,0,0,0,0,10,Team 16,Marketer,completed,0,0.056373505331048894
90.0,27,4,1,0,1,3,0,4,Team 4,Product Manager,active,0,0.051561483874536386
4.0,28,1,0,0,0,4,0,8,Team 13,Spesialis Lainnya,completed,0,0.18590366791109664
19.0,7,2,0,0,0,0,0,2,Team 13,Designer,active,0,0.056266952509626995
4.0,30,0,0,0,0,1,1,9,Team 15,Marketer,on_hold,0,0.17387913513186534
75.0,0,1,0,0,0,0,0,6,Team 8,Ops,active,0,0.054891136951186185
18.0,5,0,0,0,0,0,3,6,Team 12,Marketer,active,0,0.051694872919412625
76.0,5,4,0,0,0,3,1,12,Team 2,Designer,completed,0,0.05019301939583219
56.0,27,0,0,0,0,0,0,6,Team 19,Ops,active,0,0.061524543571167
5.0,22,1,0,0,0,0,2,3,Team 6,Engineer,completed,0,0.10721458959494347
25.0,4,3,0,0,0,0,0,5,Team 0,Product Manager,active,0,0.051506865535059315
24.0,7,1,0,0,0,0,0,8,Team 7,Spesialis Lainnya,active,0,0.04996460713796098
16.0,4,2,0,0,0,4,1,1,Team 19,Product Manager,active,0,0.052783001157003365
33.0,5,0,0,0,0,0,0,2,Team 8,Spesialis Lainnya,completed,0,0.05280627438413369
52.0,8,1,0,0,0,2,0,5,Team 18,Product Manager,completed,0,0.05663135040095845
85.0,0,0,0,0,0,0,0,10,Team 19,Marketer,completed,0,0.05582257267243345
32.0,27,2,0,0,0,0,1,9,Team 0,Designer,on_hold,0,0.04627193018593701
72.0,0,2,0,0,0,4,1,10,Team 4,Engineer,active,0,0.05532300098335356
-0.7547916666666666,9,0,0,0,0,2,0,5,Team 15,Ops,active,1,0.6641306472399336
1.0,3,0,0,0,0,0,0,12,Team 17,Ops,active,1,0.6755667724032073
1.0,0,2,0,0,0,4,0,2,Team 5,Engineer,active,1,0.6162841827041428
4.0,0,0,0,0,0,1,0,9,Team 9,Spesialis Lainnya,completed,0,0.14519924265625567
59.0,4,4,1,0,0,4,0,12,Team 14,Marketer,completed,0,0.059629607267158956
10.0,0,0,0,0,0,3,2,7,Team 1,Marketer,active,0,0.05402422787135227
2.0,25,3,0,0,0,1,2,8,Team 14,Designer,active,1,0.5215513640030076
63.0,7,1,0,0,0,4,0,6,Team 7,Marketer,active,0,0.05493451894727101
29.0,20,0,0,0,0,0,0,6,Team 2,Marketer,active,0,0.05756037595688461
66.0,11,0,0,0,0,2,0,5,Team 9,Marketer,completed,0,0.05831342941621059
28.0,0,4,0,0,0,4,1,7,Team 19,Ops,active,0,0.06411973136957151
55.0,23,2,0,0,0,0,0,10,Team 2,Designer,active,0,0.05560791403401488
75.0,4,4,0,0,0,1,1,8,Team 14,Ops,active,0,0.05747462049144352
29.0,31,1,0,0,0,3,0,10,Team 13,Designer,completed,0,0.05888027641216314
7.0,14,1,0,0,0,0,2,12,Team 15,Engineer,on_hold,0,0.07292726672274176
4.0,0,1,0,0,0,0,1,12,Team 10,Ops,on_hold,0,0.1384113399164744
10.0,27,0,0,0,0,4,0,7,Team 4,Spesialis Lainnya,active,0,0.06322782390351628
5.0,26,2,0,0,0,1,0,10,Team 3,Spesialis Lainnya,completed,0,0.12307518856803067
1.0,7,0,0,0,0,2,2,12,Team 18,Ops,completed,1,0.6588731447793809
9.0,0,0,0,0,0,0,0,3,Team 18,Engineer,completed,0,0.060710315746614577
7.0,29,0,0,0,0,2,0,6,Team 8,Ops,active,1,0.08741405040600171
6.0,0,0,0,0,0,3,0,4,Team 1,Designer,active,0,0.06670738383289075
20.0,23,0,0,0,0,4,0,4,Team 14,Ops,active,0,0.05814276738795988
57.0,12,0,0,0,0,0,1,9,Team 13,Engineer,active,0,0.05763212479385098
49.0,0,0,0,0,0,4,1,12,Team 16,Engineer,active,0,0.050202842585744915
11.0,23,1,0,0,0,0,0,1,Team 14,Designer,completed,0,0.05831946660938334
-4.182048611111111,4,2,1,0,1,0,1,11,Team 9,Designer,completed,1,0.6963176350029656
30.0,8,0,0,0,0,1,0,8,Team 8,Spesialis Lainnya,active,0,0.04901005837719091
-2.1447337962962965,12,3,0,0,1,4,0,3,Team 4,Spesialis Lainnya,active,1,0.6705782445786697
16.0,8,0,0,0,0,3,0,1,Team 2,Marketer,completed,0,0.056363169870388155
64.0,0,1,0,0,1,4,1,12,Team 7,Marketer,active,0,0.05358669868595804
4.0,0,0,0,0,0,4,3,9,Team 2,Ops,completed,0,0.172980852011179
9.0,26,3,0,0,0,3,3,12,Team 5,Marketer,active,0,0.06847716240910783
83.0,6,1,0,0,0,4,2,9,Team 7,Designer,active,0,0.052258100113978086
33.0,0,2,0,0,0,0,0,4,Team 12,Ops,active,0,0.05281443218209681
3.0,27,0,0,0,0,0,2,7,Team 1,Designer,active,0,0.1735802810822477
8.0,17,2,1,0,0,2,4,1,Team 12,Ops,on_hold,0,0.054037483668164604
62.0,3,2,0,0,0,0,4,11,Team 7,Designer,active,0,0.049560900906937544
30.0,4,0,0,0,0,2,0,10,Team 17,Product Manager,completed,0,0.055148304593267646
89.0,14,1,0,0,0,2,0,2,Team 19,Marketer,active,0,0.05370241899589823
4.0,23,2,0,0,0,0,0,12,Team 16,Designer,completed,0,0.16960320251158326
77.0,19,0,0,0,0,0,0,5,Team 10,Ops,on_hold,0,0.0567716543587613
3.0,0,2,1,0,0,0,0,3,Team 13,Spesialis Lainnya,active,0,0.13249180072362654
4.0,22,2,0,0,0,1,0,5,Team 10,Spesialis Lainnya,active,1,0.126524365098761
1.0,29,0,0,0,0,3,0,3,Team 2,Engineer,completed,1,0.6285652873074857
29.0,7,0,0,0,0,1,0,5,Team 8,Spesialis Lainnya,completed,0,0.050943855692506805
50.0,4,1,0,0,0,4,0,6,Team 8,Spesialis Lainnya,active,0,0.05055896269094884
14.0,10,1,0,0,0,3,0,7,Team 5,Ops,completed,0,0.0608539514596887
21.0,4,1,0,0,0,2,0,4,Team 2,Marketer,completed,0,0.05265878442900053
13.0,16,0,0,0,0,0,4,10,Team 5,Engineer,on_hold,0,0.05952203793788932
2.0,5,1,0,0,0,0,3,9,Team 1,Designer,active,1,0.5561622329101481
-4.4790625,4,2,0,0,1,0,0,10,Team 9,Engineer,active,1,0.6897273099361315
30.0,0,0,0,0,0,0,0,6,Team 4,Spesialis Lainnya,active,0,0.049654285375023345
29.0,0,2,0,0,0,3,0,7,Team 11,Designer,active,0,0.045803372381887655
4.0,29,1,0,0,0,0,1,11,Team 10,Engineer,active,0,0.1416358155855106
29.0,12,3,0,0,1,1,0,5,Team 16,Marketer,active,0,0.06326509673403088
5.0,14,4,0,0,1,0,0,1,Team 9,Designer,active,0,0.13101541284851698
11.0,7,0,0,0,0,0,1,12,Team 7,Ops,active,0,0.06187291363180915
29.0,25,0,0,0,0,2,1,5,Team 19,Marketer,active,0,0.06487687736216761
72.0,27,0,0,0,0,0,0,5,Team 10,Ops,on_hold,0,0.05853502203050725
38.0,9,1,0,0,0,0,1,11,Team 12,Designer,active,0,0.051548361374889946
15.0,0,1,0,0,0,2,0,3,Team 0,Product Manager,active,0,0.053148748719417147
16.0,9,1,0,0,0,0,1,12,Team 14,Designer,on_hold,0,0.049619424213066095
13.0,29,1,0,0,1,3,0,6,Team 5,Ops,active,0,0.05650214015970081
76.0,11,0,0,0,0,2,0,2,Team 11,Designer,active,0,0.05471788122327863
90.0,6,2,1,0,0,4,1,7,Team 8,Engineer,active,0,0.06137962173475257
4.0,21,0,0,0,0,1,1,8,Team 19,Marketer,active,1,0.18427038021232833
66.0,0,0,0,0,0,1,1,10,Team 11,Marketer,completed,0,0.053394597584617426
1.0,21,1,0,1,0,0,0,8,Team 18,Designer,active,1,0.6692232174487914
16.0,16,4,0,0,0,0,0,4,Team 4,Ops,active,0,0.05682274710190888
26.0,26,0,0,0,0,3,1,11,Team 1,Ops,completed,0,0.0586539874713633
89.0,28,0,0,0,0,0,1,12,Team 0,Marketer,active,0,0.0537540391359065
83.0,26,0,0,0,0,0,2,10,Team 17,Designer,active,0,0.05057646443541351
1.0,24,0,0,0,0,3,0,3,Team 5,Engineer,completed,1,0.6409089294441054
29.0,9,3,0,0,0,0,0,3,Team 3,Designer,completed,0,0.0532425732527963
23.0,6,1,0,0,0,2,0,2,Team 18,Spesialis Lainnya,active,0,0.051947633628586495
-11.476284722222225,0,3,0,0,0,2,0,6,Team 5,Product Manager,completed,1,0.7033747612760188
-14.810162037037037,8,1,0,0,0,0,1,11,Team 3,Ops,active,1,0.6840083024831538
14.0,0,2,0,1,0,0,2,12,Team 13,Engineer,completed,0,0.05630684154345777
25.0,6,0,0,0,0,2,1,4,Team 7,Engineer,active,0,0.05496356430968825
53.0,21,1,0,0,0,0,0,9,Team 8,Designer,active,0,0.05642167122521437
11.0,29,1,0,0,0,0,2,12,Team 12,Engineer,active,0,0.056216626685942093
68.0,7,2,0,0,0,0,4,11,Team 18,Ops,on_hold,0,0.05206257467016783
1.0,4,0,0,0,0,2,0,8,Team 16,Product Manager,active,1,0.6725407340235651
13.0,24,0,0,0,0,1,0,2,Team 0,Spesialis Lainnya,active,0,0.05433290415420159
42.0,27,2,0,0,0,0,0,1,Team 5,Spesialis Lainnya,active,0,0.050867620739630325
60.0,19,0,0,0,0,0,2,7,Team 19,Ops,active,0,0.05954351862357258
2.0,26,0,0,0,0,0,1,11,Team 17,Product Manager,completed,1,0.5307158958613981
43.0,32,1,0,0,0,0,2,9,Team 6,Marketer,completed,0,0.06157404326069328
-41.1821412037037,12,3,0,0,0,0,2,6,Team 17,Designer,active,1,0.6835908002898099
73.0,4,0,0,0,0,4,0,10,Team 11,Spesialis Lainnya,completed,0,0.048698508022667585
1.0,23,3,0,1,0,3,1,8,Team 16,Ops,completed,1,0.657593970790275
1.0,11,1,0,0,0,2,2,9,Team 17,Marketer,on_hold,0,0.6759248751111141
21.0,8,2,0,0,0,0,4,8,Team 12,Designer,on_hold,0,0.05769059781319207
37.0,9,0,0,0,0,2,0,7,Team 13,Marketer,active,0,0.05840088637918702
-24.19590277777778,11,0,0,0,0,0,1,6,Team 13,Marketer,active,1,0.683249141938657
-0.4483101851851852,0,1,0,0,0,0,0,2,Team 5,Engineer,active,1,0.6646470361980565
12.0,0,1,0,0,0,1,1,7,Team 9,Engineer,active,0,0.047534621558213794
32.0,12,3,0,0,0,0,0,11,Team 7,Spesialis Lainnya,active,0,0.048368124513559006
-15.236458333333331,10,2,0,0,0,2,3,6,Team 4,Ops,active,1,0.6820284619032649
17.0,0,1,0,0,0,1,0,3,Team 16,Spesialis Lainnya,completed,0,0.05900305034766892
38.0,28,3,1,0,0,0,0,8,Team 7,Product Manager,active,0,0.04946946108568529
28.0,0,2,0,0,0,0,0,6,Team 17,Engineer,active,0,0.04897909393016241
12.0,11,2,0,0,0,0,1,8,Team 19,Ops,active,0,0.06725187328645879
17.0,0,2,0,0,0,3,0,10,Team 10,Ops,active,0,0.053085571198946614
78.0,0,4,1,0,1,2,0,12,Team 8,Spesialis Lainnya,active,0,0.05474010615089921
12.0,7,0,0,0,0,2,2,5,Team 5,Designer,completed,0,0.06005206266108247
88.0,16,0,0,0,0,0,1,10,Team 9,Product Manager,active,0,0.05273926590509866
4.0,0,0,0,0,0,0,0,7,Team 10,Product Manager,completed,1,0.16060826523134356
6.0,26,3,0,1,1,2,0,1,Team 16,Spesialis Lainnya,active,0,0.06595758255446436
28.0,29,1,0,1,0,3,2,10,Team 11,Product Manager,active,0,0.056139489150004745
40.0,0,0,0,0,0,0,0,3,Team 12,Spesialis Lainnya,active,0,0.04941288602258923
17.0,32,1,0,0,0,1,0,6,Team 16,Designer,active,0,0.056279888295013715
80.0,22,2,0,0,0,0,1,6,Team 16,Marketer,active,0,0.06402275701708508
8.0,26,0,0,0,0,0,0,9,Team 7,Spesialis Lainnya,active,0,0.05646701464091663
21.0,5,1,0,0,0,0,0,5,Team 4,Spesialis Lainnya,completed,0,0.04857001030682347
68.0,0,1,0,0,0,3,0,2,Team 16,Ops,active,0,0.05823350295434169
5.0,3,0,0,0,0,1,3,1,Team 6,Ops,on_hold,0,0.09594881732926948
12.0,27,1,0,1,0,0,0,8,Team 5,Designer,active,0,0.0546524847349748
14.0,5,1,1,0,0,0,0,10,Team 6,Spesialis Lainnya,active,0,0.048648603695477424
89.0,13,1,0,0,0,0,0,8,Team 3,Marketer,active,0,0.05910063882246563
22.0,16,4,0,1,0,1,3,1,Team 3,Designer,completed,0,0.05827365791074649
8.0,0,2,0,1,0,1,0,1,Team 15,Designer,on_hold,0,0.04590308755813325
19.0,27,2,0,0,0,0,0,6,Team 14,Designer,completed,0,0.05723628269727348
10.0,7,0,0,0,0,4,0,3,Team 5,Marketer,active,0,0.06154143015883028
30.0,25,2,0,0,0,4,1,6,Team 8,Designer,on_hold,0,0.06000533770583388
74.0,0,0,0,0,0,0,2,9,Team 2,Designer,active,0,0.058839711872449504
49.0,4,1,0,0,0,4,1,12,Team 16,Marketer,active,0,0.05270878807918907
35.0,0,1,0,0,0,0,0,6,Team 1,Marketer,active,0,0.049089203768364724
16.0,18,1,0,0,0,0,1,6,Team 7,Product Manager,active,0,0.05880290500447976
5.0,25,1,0,0,0,3,4,12,Team 7,Marketer,completed,0,0.15697272853294467
88.0,0,1,0,0,0,4,1,8,Team 0,Product Manager,active,0,0.05556587769554153
3.0,13,3,0,1,0,0,0,12,Team 10,Engineer,on_hold,0,0.19392997571615853
82.0,12,0,0,0,0,0,0,2,Team 10,Marketer,completed,0,0.05329138205919092
-4.716608796296296,21,2,0,0,1,2,0,10,Team 3,Spesialis Lainnya,completed,1,0.6617904906705051
21.0,5,1,1,0,0,4,1,4,Team 13,Marketer,active,0,0.05722642092827494
31.0,0,4,0,0,0,2,0,10,Team 8,Ops,completed,0,0.06042843342919961
7.0,19,2,0,1,0,1,1,12,Team 17,Product Manager,active,0,0.06500830710441954
15.0,9,3,0,0,0,2,1,9,Team 11,Designer,active,0,0.048916947820898185
36.0,0,1,0,0,0,2,1,12,Team 11,Ops,completed,0,0.05086461867587583
3.0,28,2,0,0,0,2,0,11,Team 10,Spesialis Lainnya,active,0,0.16197554045006968
56.0,32,1,0,0,0,0,0,9,Team 19,Spesialis Lainnya,completed,0,0.06253874520296755
30.0,13,2,0,0,1,0,2,9,Team 7,Ops,active,0,0.06048504450050914
1.0,0,2,0,0,0,2,1,1,Team 16,Designer,active,1,0.6280000324240272
16.0,29,3,0,0,0,1,1,1,Team 18,Product Manager,active,0,0.049919202520608885
1.0,22,1,0,0,0,0,0,5,Team 18,Marketer,on_hold,1,0.6713004971695087
15.0,0,3,0,0,0,2,1,9,Team 18,Marketer,active,0,0.05673373146842756
23.0,28,2,0,0,0,0,0,9,Team 14,Spesialis Lainnya,active,0,0.05264779930518279
12.0,13,1,0,0,0,4,0,12,Team 5,Designer,completed,0,0.05441174643762486
46.0,7,1,0,0,0,4,1,7,Team 2,Designer,on_hold,0,0.04997634202738508
6.0,0,1,0,0,0,1,0,2,Team 16,Marketer,active,0,0.06872455003296306
19.0,0,1,0,0,0,0,1,9,Team 13,Product Manager,active,0,0.04975869445773578
13.0,9,1,0,0,0,4,0,1,Team 4,Spesialis Lainnya,completed,0,0.052013823475960265
8.0,27,0,0,0,0,1,0,6,Team 16,Ops,active,0,0.060626828956921223
5.0,25,0,0,0,0,3,1,5,Team 2,Ops,completed,0,0.14696477262105734
6.0,20,1,0,0,0,3,0,9,Team 5,Designer,completed,0,0.08221962848748415
86.0,24,0,0,0,0,4,2,1,Team 19,Product Manager,active,0,0.05546841153347119
5.0,7,2,0,0,0,3,0,7,Team 7,Product Manager,completed,0,0.13956843935599708
41.0,25,1,0,0,0,1,0,10,Team 18,Ops,active,0,0.056907068043681286
45.0,11,2,1,0,0,2,0,4,Team 12,Marketer,active,0,0.0553939654661562
77.0,9,1,0,0,0,0,1,12,Team 17,Marketer,active,0,0.05531820832935645
3.0,5,1,0,0,0,4,1,1,Team 18,Designer,active,1,0.2163820009461935
9.0,33,0,0,0,0,0,2,6,Team 4,Product Manager,completed,0,0.07347034709513842
5.0,8,1,0,0,0,3,0,10,Team 13,Spesialis Lainnya,completed,0,0.13572753245147465
51.0,0,0,0,0,0,0,1,9,Team 16,Ops,active,0,0.0634535493312995
22.0,0,1,0,0,0,4,0,10,Team 7,Marketer,active,0,0.05510500358002917
25.0,7,1,0,0,0,3,0,4,Team 6,Ops,completed,0,0.05132909510668053
7.0,4,2,0,0,0,1,0,1,Team 18,Spesialis Lainnya,active,0,0.061417476528727435
6.0,0,0,0,0,0,0,0,1,Team 15,Spesialis Lainnya,active,0,0.05880630483831398
7.0,26,1,0,0,1,0,0,4,Team 6,Ops,completed,0,0.06021150593119146
58.0,26,2,1,0,0,1,0,5,Team 18,Designer,on_hold,0,0.04658574671976074
10.0,9,1,0,0,0,4,0,4,Team 5,Spesialis Lainnya,completed,0,0.05763137504017505
89.0,26,1,0,1,0,3,0,3,Team 15,Spesialis Lainnya,active,0,0.05062232636913889
-13.391215277777778,28,0,0,0,0,0,0,4,Team 13,Engineer,completed,1,0.6679802790860727
36.0,10,1,0,0,0,3,2,12,Team 15,Product Manager,completed,0,0.05729801213696319
49.0,20,3,0,0,1,0,2,12,Team 8,Marketer,active,0,0.055996741415626515
14.0,0,3,0,0,0,3,0,2,Team 5,Spesialis Lainnya,completed,0,0.04953538365773885
13.0,26,2,0,0,0,3,1,6,Team 16,Marketer,active,0,0.06125153298351229
48.0,0,0,0,0,0,4,0,3,Team 4,Ops,active,0,0.05716135296778455
5.0,12,2,0,0,0,2,1,9,Team 7,Engineer,active,0,0.1309320099982305
-20.857256944444444,4,3,0,0,0,4,0,11,Team 19,Designer,completed,1,0.6830622857806126
53.0,11,2,0,0,0,0,1,10,Team 18,Ops,active,0,0.06061881407478724
15.0,0,1,0,0,0,2,0,7,Team 5,Product Manager,completed,0,0.05075587041671899
11.0,0,0,0,0,0,0,2,11,Team 17,Engineer,completed,0,0.048416988311195175
90.0,5,1,0,0,0,3,0,6,Team 18,Spesialis Lainnya,on_hold,0,0.04837638060029895
1.0,6,1,0,0,1,2,0,3,Team 12,Designer,on_hold,0,0.6273600384628598
43.0,28,1,0,0,1,1,0,2,Team 1,Product Manager,completed,0,0.04734602943614921
6.0,6,0,0,0,0,3,0,5,Team 16,Spesialis Lainnya,active,0,0.06727837512802139
11.0,9,1,0,0,0,2,2,11,Team 3,Marketer,active,0,0.05728201795834884
90.0,6,1,1,0,0,3,2,10,Team 13,Ops,completed,0,0.05719486743548804
16.0,11,3,0,0,0,2,1,10,Team 19,Engineer,active,0,0.05880720086756808
32.0,30,1,0,0,0,1,0,5,Team 14,Marketer,active,0,0.05930128593115936
6.0,28,1,0,0,0,4,0,6,Team 10,Designer,on_hold,0,0.09728891917312174
25.0,12,0,0,0,0,4,3,10,Team 5,Designer,completed,0,0.057321743682922595
21.0,8,2,0,1,0,3,3,12,Team 0,Ops,active,0,0.056300250377084436
18.0,23,0,0,0,0,2,0,10,Team 6,Ops,completed,0,0.06457372090392512
5.0,28,0,0,0,0,0,2,6,Team 10,Product Manager,on_hold,1,0.12031397139314891
80.0,4,0,0,0,0,0,0,10,Team 4,Engineer,active,0,0.059513271466681644
4.0,21,1,0,0,0,1,0,11,Team 3,Marketer,active,0,0.1532265133019925
73.0,0,1,0,0,0,2,1,12,Team 3,Engineer,active,0,0.05063932326096413
4.0,27,3,0,0,1,0,1,7,Team 2,Marketer,active,0,0.16940059102070576
54.0,25,1,0,0,0,2,0,11,Team 4,Ops,completed,0,0.05293256765389202
9.0,22,3,0,0,0,0,0,1,Team 13,Product Manager,completed,0,0.05030267564445897
26.0,24,0,0,0,0,0,4,1,Team 18,Ops,active,0,0.06487361253941486
46.0,26,2,0,0,0,0,0,10,Team 5,Product Manager,active,0,0.05605515776202524
84.0,27,1,0,0,0,0,2,8,Team 6,Ops,active,0,0.05786260687484615
76.0,27,1,0,0,0,0,1,5,Team 4,Marketer,active,0,0.06142493252594222
-8.233842592592593,13,0,0,0,0,2,0,12,Team 12,Spesialis Lainnya,completed,1,0.6788918408820711
3.0,23,1,0,0,0,3,0,11,Team 12,Spesialis Lainnya,active,1,0.1632798137316669
37.0,33,0,0,0,0,4,0,6,Team 19,Product Manager,active,0,0.07439857909882082
50.0,18,4,0,1,0,0,0,5,Team 9,Product Manager,completed,0,0.05147864354571009
34.0,30,1,0,0,0,0,1,7,Team 7,Product Manager,completed,0,0.055715345635085865
7.0,3,1,0,0,0,0,0,2,Team 12,Ops,active,0,0.06189765897572329
37.0,13,2,0,1,0,0,1,3,Team 9,Marketer,active,0,0.0607304591887191
25.0,27,4,0,0,0,4,0,2,Team 0,Product Manager,active,0,0.06476601504414155
2.0,0,1,0,0,0,0,0,8,Team 3,Engineer,active,1,0.5658149037619923
5.0,9,3,0,1,0,0,0,3,Team 7,Designer,active,0,0.11461790249195945
1.0,9,1,0,0,0,0,1,5,Team 11,Engineer,completed,1,0.6388237110763707
7.0,0,0,0,0,0,0,0,1,Team 2,Spesialis Lainnya,on_hold,0,0.06107937581563006
20.0,3,1,0,0,0,0,1,8,Team 6,Engineer,completed,0,0.04683180791022523
2.0,29,1,0,0,0,0,0,6,Team 11,Designer,completed,0,0.5229701512531257
6.0,0,1,0,0,0,1,0,2,Team 10,Spesialis Lainnya,active,1,0.06700731733678512
3.0,19,0,0,0,0,4,1,12,Team 5,Designer,active,0,0.20572049541345638
8.0,17,1,0,0,0,0,0,6,Team 16,Spesialis Lainnya,active,0,0.056118157527787295
2.0,11,1,0,0,0,0,3,12,Team 10,Product Manager,active,0,0.4745734091392771
41.0,13,1,0,0,0,1,0,3,Team 10,Spesialis Lainnya,active,0,0.04882670580136154
2.0,27,1,0,0,0,4,1,10,Team 15,Marketer,completed,0,0.5658624548526172
87.0,0,2,0,0,0,2,0,4,Team 5,Designer,on_hold,0,0.04239011490805929
29.0,28,1,0,0,0,0,2,5,Team 14,Product Manager,active,0,0.05552321433886386
19.0,0,1,0,0,0,4,0,3,Team 4,Spesialis Lainnya,completed,0,0.04736309460531211
61.0,0,2,0,0,0,4,0,6,Team 3,Designer,completed,0,0.05134996855936065
72.0,26,2,0,0,0,2,0,1,Team 5,Marketer,active,0,0.05867124566099145
66.0,0,2,0,0,0,1,1,6,Team 13,Ops,active,0,0.054836345694062094
-3.356550925925926,4,0,0,0,0,0,0,7,Team 3,Engineer,active,1,0.6801068750048277
34.0,15,0,0,0,0,0,0,11,Team 5,Designer,active,0,0.05252501775727587
65.0,16,0,0,0,0,3,2,6,Team 4,Product Manager,active,0,0.05854167738421495
4.0,7,2,0,0,0,4,1,6,Team 19,Ops,completed,1,0.18152637690035925
7.0,10,1,0,0,0,1,0,1,Team 11,Spesialis Lainnya,active,0,0.05856269648703873
66.0,0,2,1,0,0,0,1,12,Team 15,Engineer,active,0,0.05029284334418082
8.0,12,1,1,0,0,0,1,8,Team 14,Designer,active,0,0.05620350452208592
63.0,26,2,0,1,0,1,0,2,Team 12,Ops,on_hold,0,0.04963038489467428
40.0,0,1,0,0,0,2,5,7,Team 2,Ops,active,0,0.08408039286414888
16.0,6,1,0,0,0,0,1,2,Team 5,Marketer,completed,0,0.04966674059464466
82.0,6,4,0,0,1,0,0,11,Team 17,Designer,completed,0,0.050596235181407774
7.0,0,1,0,0,0,0,0,2,Team 0,Marketer,active,0,0.05900662976255874
9.0,0,1,0,0,1,0,0,5,Team 3,Product Manager,completed,0,0.05278537081172284
4.0,0,1,0,1,0,4,1,8,Team 11,Engineer,active,0,0.14131084929780904
2.0,29,1,0,0,0,0,0,2,Team 9,Designer,active,0,0.4967373710153127
67.0,24,2,0,0,1,4,1,6,Team 5,Marketer,active,0,0.05981944468003431
22.0,24,0,0,0,0,1,2,10,Team 9,Designer,completed,0,0.05370989105749549
83.0,29,2,0,0,0,0,1,4,Team 17,Marketer,completed,0,0.05842216762058426
-10.49378472222222,14,1,0,0,0,0,1,8,Team 13,Designer,active,1,0.6897948808595628
9.0,0,0,0,0,0,4,0,9,Team 18,Spesialis Lainnya,on_hold,0,0.056202067776005296
-32.67394675925926,4,1,0,0,0,0,0,7,Team 6,Engineer,completed,1,0.6945622522313296
1.0,6,1,0,0,0,4,0,3,Team 19,Ops,active,1,0.6272008902642976
60.0,18,0,0,0,0,0,0,5,Team 1,Product Manager,completed,0,0.05336237916641552
68.0,26,1,0,1,0,0,0,1,Team 2,Ops,completed,0,0.046507930788638574
29.0,9,0,0,0,0,0,0,3,Team 13,Marketer,active,0,0.05691234272059158
24.0,23,2,0,0,0,0,1,7,Team 7,Engineer,active,0,0.05745268731337693
30.0,25,4,0,0,0,0,0,1,Team 10,Designer,completed,0,0.05082325958791639
2.0,14,3,0,0,0,3,0,6,Team 17,Designer,active,1,0.5137579702687654
30.0,21,0,0,0,0,0,1,3,Team 8,Engineer,active,0,0.06378938436152028
50.0,20,2,0,0,0,2,1,12,Team 19,Marketer,completed,0,0.06832172139267341
4.0,5,2,0,0,0,2,1,7,Team 1,Engineer,completed,0,0.15562163460045217
85.0,0,1,0,0,0,0,0,3,Team 18,Engineer,active,0,0.05861821714575407
2.0,5,4,0,0,0,0,3,11,Team 9,Designer,active,1,0.5141618627542087
35.0,21,2,1,0,0,0,1,11,Team 8,Engineer,completed,0,0.05627242354443716
28.0,15,3,0,0,0,0,0,1,Team 8,Spesialis Lainnya,active,0,0.054101682038252
15.0,0,3,0,0,0,4,0,3,Team 9,Marketer,active,0,0.05300518555954902
3.0,0,2,0,0,0,1,1,7,Team 11,Product Manager,on_hold,0,0.138881276988302
21.0,22,0,0,0,0,2,2,2,Team 6,Designer,completed,0,0.048260940553464554
31.0,4,0,0,0,0,1,1,7,Team 9,Marketer,active,0,0.05347952356665675
7.0,27,1,0,0,0,0,2,4,Team 10,Ops,active,0,0.07299393462091225
5.0,20,2,0,0,0,3,2,11,Team 7,Designer,completed,0,0.13248654163469112
85.0,0,0,0,0,0,0,2,9,Team 5,Engineer,active,0,0.047097851852015954
-0.8278240740740741,8,1,0,0,0,0,0,5,Team 10,Spesialis Lainnya,on_hold,1,0.6698704218327242
2.0,0,2,0,0,0,0,0,6,Team 9,Marketer,completed,0,0.5475290911900182
2.0,0,1,0,1,0,1,2,10,Team 19,Product Manager,active,0,0.558060438238071
74.0,29,0,0,0,0,0,1,12,Team 19,Designer,active,0,0.05404565304627895
4.0,0,1,0,0,0,4,1,9,Team 19,Ops,active,0,0.17207143784099596
27.0,6,0,0,0,0,0,0,2,Team 18,Ops,active,0,0.0605046927519912
4.0,25,2,0,0,0,3,2,12,Team 1,Engineer,completed,0,0.1796376786395038
-5.765150462962963,26,0,0,0,0,2,3,4,Team 9,Ops,active,1,0.6856681316014673
2.0,7,0,0,0,0,4,1,9,Team 18,Product Manager,active,0,0.5303481123059792
5.0,0,3,0,1,0,4,2,9,Team 4,Ops,active,0,0.13637281857934913
2.0,0,0,0,0,0,1,1,8,Team 12,Product Manager,completed,0,0.5482942106327905
9.0,5,1,0,0,0,2,2,12,Team 0,Marketer,active,0,0.05727587032518702
48.0,29,1,0,1,0,1,3,10,Team 9,Product Manager,active,0,0.047524712016983515
19.0,19,1,1,0,0,4,0,8,Team 17,Designer,on_hold,0,0.05505712199471864
2.0,14,1,0,0,0,0,0,5,Team 7,Spesialis Lainnya,active,1,0.5289334504928676
22.0,7,1,0,0,0,4,1,9,Team 18,Engineer,active,0,0.058509134147855316
35.0,7,0,0,0,0,0,1,11,Team 3,Designer,completed,0,0.05735851557785331
17.0,25,1,0,0,0,3,1,12,Team 6,Designer,on_hold,0,0.04743695093910674
1.0,0,0,0,0,0,0,2,11,Team 5,Ops,on_hold,1,0.6481263598980675
4.0,0,3,0,0,0,0,3,10,Team 0,Marketer,active,0,0.1535027602268596
20.0,0,2,0,0,1,2,1,10,Team 17,Product Manager,completed,0,0.05243258276355057
3.0,0,0,0,0,0,1,0,1,Team 1,Ops,completed,0,0.16040495432773103
72.0,29,0,0,0,0,2,2,12,Team 0,Designer,on_hold,0,0.048616669560287235
7.0,8,0,0,0,0,2,0,9,Team 15,Spesialis Lainnya,active,0,0.05907043827131113
11.0,18,1,0,0,0,0,1,7,Team 1,Engineer,active,0,0.058131543398662826
44.0,0,0,0,0,0,3,1,12,Team 12,Marketer,active,0,0.05561338533666445
19.0,18,4,0,0,0,2,0,10,Team 18,Engineer,active,0,0.053913720397725795
11.0,25,1,0,0,0,0,1,4,Team 2,Marketer,on_hold,0,0.05598793054345529
27.0,0,3,0,0,1,0,1,10,Team 12,Marketer,active,0,0.05201502259167308
18.0,12,1,0,0,0,4,1,11,Team 13,Engineer,active,0,0.05707352910949254
21.0,24,2,0,1,0,0,0,5,Team 16,Ops,active,0,0.05376983502061509
35.0,7,0,0,0,0,2,0,5,Team 16,Designer,completed,0,0.05986223591371511
5.0,18,0,0,0,0,3,0,11,Team 5,Spesialis Lainnya,on_hold,1,0.11250703441716259
20.0,26,0,0,0,0,0,0,9,Team 5,Ops,active,0,0.05863425358765011
17.0,26,2,0,0,0,4,1,4,Team 9,Ops,completed,0,0.06501643887435432
-5.933912037037037,25,1,0,0,0,1,0,12,Team 0,Product Manager,active,1,0.6467336180118074
11.0,7,2,0,0,0,0,1,10,Team 16,Designer,completed,0,0.05555987104399431
7.0,26,1,0,0,0,0,1,5,Team 0,Ops,active,0,0.07078356939582613
48.0,27,1,0,0,0,0,0,6,Team 2,Designer,active,0,0.05679753920830597
19.0,14,0,0,0,0,1,0,8,Team 12,Marketer,on_hold,0,0.06091364646373596
33.0,8,2,0,0,0,2,0,6,Team 12,Ops,completed,0,0.05395193543880899
5.0,30,2,0,0,0,3,1,12,Team 19,Marketer,active,0,0.15570319253245987
28.0,6,3,0,0,0,0,0,3,Team 13,Product Manager,active,0,0.050202150749429984
26.0,10,0,0,0,0,1,1,8,Team 11,Product Manager,completed,0,0.05729588880166525
12.0,28,3,0,0,0,2,0,6,Team 4,Product Manager,active,0,0.052262227212616474
-6.255821759259259,0,2,0,0,0,2,0,7,Team 10,Product Manager,active,1,0.6847945695075527
3.0,27,0,0,0,0,0,0,11,Team 0,Product Manager,active,0,0.1750617757609366
20.0,0,2,0,0,0,4,0,5,Team 19,Ops,active,0,0.06551309836233694
1.0,0,2,0,1,0,1,1,7,Team 8,Marketer,active,0,0.6513793018580096
-22.19931712962963,11,1,0,0,0,1,1,9,Team 11,Marketer,on_hold,1,0.7108914113260892
44.0,0,4,0,0,0,0,1,12,Team 14,Ops,on_hold,0,0.052927090037179166
25.0,15,1,0,1,0,0,0,6,Team 14,Spesialis Lainnya,completed,0,0.04889626246558221
71.0,26,1,0,0,0,2,0,2,Team 9,Product Manager,active,0,0.05487654642835494
27.0,30,2,0,0,0,0,0,4,Team 2,Spesialis Lainnya,completed,0,0.052211653586377256
63.0,7,1,0,0,1,2,0,7,Team 10,Product Manager,completed,0,0.05601337295443982
3.0,11,0,0,0,0,0,0,12,Team 14,Spesialis Lainnya,completed,0,0.179151806589421
37.0,5,2,0,0,0,1,0,4,Team 12,Product Manager,active,0,0.046664123638013505
26.0,26,2,1,0,0,2,0,4,Team 5,Ops,completed,0,0.058317782691495665
88.0,8,0,0,0,0,3,0,12,Team 3,Designer,completed,0,0.05634158931238586
68.0,8,1,0,0,1,0,2,12,Team 7,Engineer,active,0,0.05621406177385777
43.0,0,1,0,0,0,0,0,11,Team 7,Marketer,completed,0,0.05419030303285267
16.0,13,0,0,0,0,0,1,10,Team 5,Ops,completed,0,0.058897098628766735
34.0,26,2,0,0,0,4,1,12,Team 16,Designer,active,0,0.05001620331479582
25.0,23,0,0,0,0,0,1,8,Team 11,Ops,active,0,0.05608160504524687
1.0,0,1,0,0,0,1,0,4,Team 16,Product Manager,active,1,0.6786407903235988
72.0,24,0,0,0,0,2,0,4,Team 16,Designer,active,0,0.0542366571833789
28.0,25,4,1,0,0,3,0,3,Team 15,Engineer,on_hold,0,0.04738076950920159
38.0,15,3,0,0,0,1,2,7,Team 4,Product Manager,active,0,0.05768712570755
79.0,0,3,1,0,0,0,0,4,Team 7,Designer,completed,0,0.048931806835158596
-27.871550925925927,7,1,0,0,0,0,3,2,Team 4,Marketer,completed,1,0.674827134930135
3.0,0,1,0,0,0,0,0,6,Team 14,Spesialis Lainnya,active,1,0.14985185183075034
47.0,32,0,0,0,0,3,0,6,Team 16,Spesialis Lainnya,active,0,0.06302457905188523
28.0,6,1,0,0,0,1,2,12,Team 8,Ops,active,0,0.05599017918002436
36.0,6,2,0,0,1,4,0,10,Team 6,Spesialis Lainnya,completed,0,0.06687498734268486
13.0,0,1,0,0,0,0,0,2,Team 16,Ops,completed,0,0.05931538869355699
8.0,8,1,0,0,0,0,3,12,Team 17,Marketer,on_hold,0,0.06251474607202213
12.0,29,1,0,0,0,0,0,1,Team 3,Spesialis Lainnya,active,0,0.056354306422973545
85.0,23,1,0,0,0,2,2,7,Team 10,Marketer,active,0,0.05005056052137387
20.0,5,1,0,0,0,4,1,3,Team 5,Engineer,completed,0,0.05316318648674967
4.0,9,1,0,0,0,0,0,11,Team 11,Spesialis Lainnya,active,0,0.12256519234632468
10.0,22,1,0,0,1,1,0,1,Team 16,Marketer,active,0,0.06323181459620268
83.0,7,0,0,0,0,2,2,1,Team 0,Engineer,active,0,0.05767258459995223
31.0,0,0,0,0,0,2,0,9,Team 15,Spesialis Lainnya,completed,0,0.052037720767475364
24.0,5,1,0,0,0,0,3,9,Team 7,Designer,on_hold,0,0.046070228545676335
9.0,6,0,0,0,0,3,0,4,Team 3,Designer,active,0,0.05207682847899751
28.0,7,3,1,0,0,2,0,1,Team 18,Spesialis Lainnya,active,0,0.051344514466610106
74.0,7,3,1,1,0,2,0,5,Team 7,Marketer,active,0,0.04984279586176556
29.0,4,2,0,0,0,0,0,12,Team 1,Marketer,on_hold,0,0.052934822229516454
32.0,25,0,0,0,0,0,0,9,Team 13,Engineer,completed,0,0.05884154605396779
30.0,5,0,0,0,0,1,0,11,Team 6,Spesialis Lainnya,active,0,0.048446476077153904
19.0,5,0,0,0,0,0,0,1,Team 17,Spesialis Lainnya,active,0,0.05031272641375589
5.0,16,0,0,0,0,2,1,1,Team 18,Engineer,active,0,0.12231663448256541
3.0,11,1,0,0,0,0,0,4,Team 7,Spesialis Lainnya,active,0,0.15096910612209433
80.0,12,2,1,0,0,3,2,4,Team 2,Product Manager,active,0,0.053715409468607984
27.0,6,0,0,0,0,0,1,9,Team 19,Product Manager,completed,0,0.05785969303399141
12.0,7,2,0,1,0,3,1,7,Team 1,Engineer,active,0,0.05302538313275422
16.0,6,3,0,0,1,0,0,5,Team 7,Designer,on_hold,0,0.04679036332378323
85.0,0,3,0,0,0,4,1,2,Team 3,Designer,completed,0,0.055275395962924787
20.0,4,0,0,0,0,0,0,4,Team 2,Product Manager,completed,0,0.05715960877358391
24.0,13,4,1,0,0,2,0,1,Team 8,Product Manager,active,0,0.06654926062664111
68.0,30,0,0,0,0,0,0,4,Team 6,Marketer,active,0,0.053154248459827205
25.0,5,1,0,0,0,1,0,5,Team 1,Product Manager,active,0,0.04885903718123793
45.0,28,1,0,0,0,0,1,12,Team 3,Marketer,on_hold,0,0.0536903174887105
29.0,0,0,0,0,0,4,0,7,Team 10,Designer,completed,0,0.053438630117084336
16.0,29,1,0,0,0,4,0,4,Team 10,Engineer,active,0,0.053878539233151425
20.0,11,2,0,0,0,0,3,11,Team 13,Designer,active,0,0.04919465163579893
50.0,27,2,0,0,0,4,1,8,Team 6,Product Manager,active,0,0.05365830883262177
48.0,8,4,0,0,1,2,0,4,Team 8,Spesialis Lainnya,active,0,0.05498179450283988
22.0,20,1,0,0,0,0,0,5,Team 19,Spesialis Lainnya,on_hold,0,0.04633178476192972
5.0,3,0,0,0,0,2,0,10,Team 11,Marketer,completed,1,0.1245767751387642
21.0,9,1,0,0,0,4,0,3,Team 4,Marketer,active,0,0.05652040314610485
75.0,5,1,0,0,0,0,0,7,Team 1,Product Manager,completed,0,0.04919976524124053
17.0,26,1,0,0,0,3,0,6,Team 13,Marketer,active,0,0.0572717119151932
49.0,12,2,1,0,0,3,0,3,Team 8,Spesialis Lainnya,active,0,0.056059550374221216
60.0,0,1,0,0,1,0,0,5,Team 7,Engineer,active,0,0.05354066124192484
20.0,4,2,0,0,1,0,0,4,Team 2,Product Manager,on_hold,0,0.050253168226529525
14.0,11,2,0,0,1,2,0,9,Team 4,Designer,active,0,0.05328834894732918
30.0,12,0,0,0,0,1,2,10,Team 18,Marketer,active,0,0.05864881894836902
71.0,0,0,0,0,0,0,0,3,Team 5,Spesialis Lainnya,active,0,0.044759424025217875
7.0,24,2,0,0,0,1,2,11,Team 5,Designer,on_hold,0,0.05194037061427497
2.0,24,2,0,0,0,1,0,4,Team 8,Designer,active,0,0.4798968306716704
6.0,0,2,0,0,0,4,1,7,Team 0,Marketer,active,0,0.08601536772988538
30.0,11,1,0,0,0,0,0,2,Team 16,Ops,active,0,0.06564762652524125
63.0,5,2,0,0,0,0,2,12,Team 1,Marketer,completed,0,0.055106843689698835
69.0,5,2,0,0,0,2,0,9,Team 13,Spesialis Lainnya,active,0,0.05292799980438352
44.0,30,1,0,1,0,0,0,3,Team 15,Ops,on_hold,0,0.05611457941388628
9.0,27,2,0,0,0,3,0,6,Team 3,Ops,on_hold,0,0.05352338701589506
25.0,12,3,1,0,0,4,0,1,Team 8,Marketer,active,0,0.06571881567394344
11.0,18,1,0,0,0,0,1,6,Team 9,Product Manager,completed,0,0.05353022939949378
30.0,31,1,0,0,1,2,0,4,Team 13,Spesialis Lainnya,active,0,0.0549543591290968
3.0,20,1,0,1,0,0,0,10,Team 19,Designer,on_hold,1,0.18014099236209088
5.0,4,2,0,0,0,0,1,4,Team 12,Designer,active,0,0.12875525543067845
3.0,27,0,0,0,0,0,1,5,Team 13,Ops,active,0,0.18545611539735937
22.0,4,1,0,0,0,0,0,10,Team 11,Marketer,completed,0,0.046989310331524814
90.0,5,0,0,0,0,0,1,10,Team 6,Designer,completed,0,0.052007010571185494
70.0,8,0,0,0,0,0,0,11,Team 19,Marketer,active,0,0.053745994427509866
2.0,0,1,0,0,0,0,0,1,Team 2,Ops,completed,0,0.5268225975601999
12.0,24,2,0,0,0,3,1,2,Team 5,Marketer,active,0,0.060071563106328704
61.0,0,1,0,0,0,2,2,11,Team 3,Marketer,active,0,0.05300873474603621
7.0,23,2,0,0,0,2,1,9,Team 12,Engineer,completed,0,0.06012701674901011
50.0,33,1,1,0,0,3,0,12,Team 16,Product Manager,completed,0,0.08108371094945217
12.0,32,0,0,0,0,3,2,10,Team 15,Designer,active,0,0.054014472733876794
84.0,29,1,0,0,0,3,0,4,Team 16,Engineer,completed,0,0.05529834517814309
47.0,0,0,0,0,0,0,0,11,Team 12,Spesialis Lainnya,completed,0,0.046002287961943236
86.0,0,1,0,0,0,0,0,2,Team 6,Spesialis Lainnya,active,0,0.048617148945123416
1.0,28,1,0,0,0,0,0,3,Team 7,Marketer,active,0,0.6664877814050745
21.0,15,0,0,0,0,3,0,12,Team 19,Engineer,completed,0,0.06148507244152501
5.0,8,0,0,0,0,1,0,7,Team 15,Engineer,active,0,0.1237725956902171
5.0,28,1,0,0,0,0,1,1,Team 1,Product Manager,active,0,0.11494593541463148
8.0,6,1,0,0,0,0,1,10,Team 13,Ops,completed,0,0.057972802302532524
11.0,6,1,0,0,0,4,0,6,Team 3,Ops,on_hold,0,0.05133393726138718
48.0,11,0,0,0,0,1,0,5,Team 4,Ops,active,0,0.06187509884375357
6.0,26,0,0,0,0,3,0,3,Team 16,Spesialis Lainnya,active,0,0.07181476211821783
16.0,7,1,0,0,0,2,0,6,Team 16,Designer,completed,0,0.05908586048953406
66.0,23,3,0,0,0,0,0,3,Team 8,Designer,active,0,0.05755758672196245
7.0,0,0,0,0,0,0,0,4,Team 9,Designer,active,0,0.06021437599905766
4.0,6,2,0,0,0,0,0,1,Team 7,Ops,active,0,0.13714290815699634
11.0,19,1,0,0,0,2,0,5,Team 5,Designer,active,0,0.05657111595892435
75.0,8,3,0,1,0,3,0,2,Team 11,Marketer,completed,0,0.05241709736926943
8.0,5,3,0,0,0,4,1,1,Team 0,Marketer,completed,0,0.07388272241962103
47.0,0,4,1,1,1,0,1,8,Team 5,Product Manager,active,0,0.042530758837150365
36.0,4,1,0,0,0,3,0,2,Team 17,Marketer,completed,0,0.05066301412229352
10.0,5,0,0,0,0,4,0,7,Team 1,Engineer,active,0,0.054989903754276724
75.0,7,0,0,0,0,2,0,11,Team 9,Ops,completed,0,0.05588060276353807
72.0,25,1,0,0,0,3,2,1,Team 14,Designer,completed,0,0.05631893186945743
14.0,22,1,0,0,0,2,2,12,Team 10,Marketer,active,0,0.0476516185620074
3.0,7,0,0,0,0,2,4,12,Team 16,Marketer,active,1,0.20234709673818538
37.0,21,0,0,0,0,0,0,5,Team 9,Spesialis Lainnya,active,0,0.04999083279136189
46.0,8,1,0,0,0,1,1,11,Team 4,Engineer,active,0,0.05626203835136487
1.0,12,2,0,0,0,3,1,3,Team 15,Designer,active,0,0.6365186059717852
12.0,33,3,0,1,0,0,0,2,Team 4,Spesialis Lainnya,active,0,0.05986721223673717
14.0,0,0,0,0,0,1,1,7,Team 9,Marketer,on_hold,0,0.04874117301355623
30.0,21,1,0,0,0,2,0,6,Team 8,Spesialis Lainnya,completed,0,0.05118681059181925
17.0,26,0,0,0,0,0,0,3,Team 5,Spesialis Lainnya,completed,0,0.06028349488927145
6.0,9,0,0,0,0,3,0,5,Team 13,Ops,completed,0,0.08050244590919998
4.0,15,2,0,1,0,0,0,10,Team 16,Engineer,completed,0,0.19309888941709816
78.0,26,2,0,0,0,0,0,6,Team 12,Designer,completed,0,0.051504853438147376
22.0,10,1,0,0,0,0,1,7,Team 1,Engineer,active,0,0.05675171066519162
20.0,28,1,0,0,0,4,1,8,Team 11,Engineer,active,0,0.05371359875563024
47.0,26,1,0,0,0,2,0,6,Team 8,Spesialis Lainnya,completed,0,0.05336505356679633
47.0,23,1,0,0,0,2,1,8,Team 11,Designer,active,0,0.05556156528147562
7.0,20,1,0,0,0,0,0,7,Team 6,Spesialis Lainnya,completed,0,0.06583649476772017
-34.56041666666667,6,0,0,0,0,1,0,1,Team 11,Spesialis Lainnya,active,1,0.6723709627831418
6.0,4,0,0,0,0,2,0,11,Team 1,Engineer,completed,0,0.06623946707614756
10.0,17,2,0,0,0,4,0,8,Team 9,Spesialis Lainnya,active,0,0.06436184797689139
64.0,27,0,0,0,0,1,0,1,Team 15,Spesialis Lainnya,completed,0,0.05074439549292789
33.0,3,2,0,0,0,4,0,7,Team 14,Ops,active,0,0.054820323456179154
6.0,25,2,0,0,0,0,3,11,Team 0,Marketer,active,1,0.08039986488139222
5.0,0,4,1,0,0,0,4,10,Team 0,Designer,completed,0,0.11916008550941025
30.0,5,3,0,0,0,1,0,6,Team 8,Spesialis Lainnya,active,0,0.049023271799998026
7.0,0,2,0,0,0,1,2,7,Team 5,Designer,active,0,0.05336554192538545
65.0,9,1,0,0,0,0,0,2,Team 16,Marketer,active,0,0.05940610435146212
89.0,25,0,0,0,0,4,0,8,Team 16,Spesialis Lainnya,active,0,0.05870285577631025
4.0,0,0,0,0,0,0,0,11,Team 6,Spesialis Lainnya,active,0,0.14277326271694424
15.0,23,2,1,0,1,0,0,3,Team 1,Engineer,completed,0,0.05389069998158355
53.0,0,3,0,1,0,3,1,11,Team 11,Product Manager,active,0,0.05014423661634627
86.0,24,1,0,0,0,0,0,12,Team 12,Marketer,completed,0,0.05379418633918489
20.0,22,0,0,0,0,4,0,2,Team 2,Designer,completed,0,0.05676954625638678
5.0,20,3,0,0,0,4,0,9,Team 15,Designer,active,1,0.13426206129189647
4.0,4,0,0,0,0,1,0,7,Team 0,Product Manager,active,0,0.14286951084098337
6.0,24,1,0,0,0,4,4,10,Team 9,Designer,active,0,0.07649164195766987
35.0,16,1,0,0,0,0,0,3,Team 5,Product Manager,on_hold,0,0.05011959353026446
6.0,5,1,0,0,0,3,3,11,Team 1,Product Manager,completed,0,0.06628735234496796
4.0,27,0,0,0,0,1,0,6,Team 14,Spesialis Lainnya,active,1,0.13583747915975336
2.0,5,2,0,0,0,4,0,6,Team 11,Product Manager,active,0,0.5150793438939504
23.0,28,0,0,0,0,2,0,5,Team 16,Engineer,active,0,0.06012837856426098
20.0,7,1,0,0,0,3,1,10,Team 5,Designer,active,0,0.047982652077622055
56.0,0,1,0,0,1,0,0,4,Team 13,Marketer,active,0,0.05057104590950716
52.0,16,2,0,0,0,3,0,6,Team 3,Engineer,active,0,0.05576700836733623
37.0,5,0,0,0,0,1,0,8,Team 11,Product Manager,active,0,0.05051297396695063
32.0,0,3,0,0,1,3,0,3,Team 2,Spesialis Lainnya,completed,0,0.05781883209411709
24.0,4,3,0,0,1,0,0,6,Team 9,Engineer,completed,0,0.05405512933555387
46.0,4,4,0,0,0,0,2,11,Team 4,Marketer,active,0,0.05853835209156012
78.0,13,1,0,0,0,2,1,1,Team 0,Engineer,active,0,0.06301172345745773
76.0,0,0,0,0,0,4,1,7,Team 13,Ops,active,0,0.0631103662163154
47.0,5,1,0,0,0,2,1,10,Team 4,Engineer,completed,0,0.05217330502336372
5.0,25,0,0,0,0,4,1,11,Team 17,Engineer,completed,0,0.14741628052112554
27.0,12,1,0,0,0,0,0,9,Team 15,Product Manager,active,0,0.05809109374293948
15.0,7,4,0,0,0,3,0,6,Team 17,Designer,active,0,0.05605213688728656
1.0,11,3,0,0,0,0,1,9,Team 8,Product Manager,completed,1,0.6421078992363745
52.0,25,1,0,0,0,3,1,8,Team 7,Engineer,active,0,0.05724118531987805
-3.1697800925925925,7,0,0,0,0,4,0,4,Team 2,Ops,active,1,0.6800187470327234
84.0,4,1,0,0,0,0,0,8,Team 18,Spesialis Lainnya,completed,0,0.05284436794072748
68.0,6,1,0,0,0,0,0,10,Team 9,Product Manager,active,0,0.05105817483372105
81.0,12,0,0,0,0,3,2,9,Team 4,Engineer,active,0,0.058998483617461045
17.0,12,2,0,0,0,3,1,4,Team 4,Designer,active,0,0.05884637266840444
4.0,31,1,0,0,0,0,0,10,Team 5,Marketer,completed,0,0.2033369978908135
3.0,3,1,0,0,0,1,1,10,Team 11,Designer,active,0,0.15953866126828273
3.0,0,1,0,0,0,0,1,9,Team 3,Ops,active,0,0.18482854094302825
8.0,31,3,0,0,0,0,0,10,Team 13,Spesialis Lainnya,completed,0,0.05532802668714371
18.0,0,0,0,0,0,1,3,5,Team 12,Ops,on_hold,0,0.052558281057158776
21.0,0,1,0,0,0,0,0,4,Team 10,Ops,active,0,0.0498181193798471
1.0,4,3,0,0,0,0,0,10,Team 7,Ops,active,1,0.6460806858864094
83.0,13,1,0,0,0,0,0,6,Team 4,Spesialis Lainnya,active,0,0.050911591757934936
64.0,0,2,0,0,1,0,0,9,Team 19,Product Manager,active,0,0.05997759260579188
1.0,13,0,0,0,0,3,0,1,Team 16,Marketer,completed,0,0.6401885445289157
6.0,4,0,0,0,0,3,0,11,Team 12,Designer,completed,0,0.061786112727602475
26.0,28,2,0,0,0,3,0,7,Team 6,Designer,active,0,0.054021762981946705
2.0,24,0,0,0,0,3,1,11,Team 9,Engineer,completed,1,0.5579050329414191
19.0,29,0,0,0,0,0,0,3,Team 7,Designer,completed,0,0.05541330621539303
27.0,6,3,0,0,1,0,1,7,Team 7,Designer,active,0,0.05501264328017526
4.0,24,2,0,0,0,4,0,8,Team 6,Designer,active,0,0.16999966433304906
3.0,30,0,0,0,0,2,0,4,Team 19,Engineer,active,1,0.18410960979893967
14.0,28,3,0,0,0,4,1,3,Team 3,Engineer,active,0,0.05913626289394982
28.0,16,2,0,0,0,0,1,8,Team 4,Designer,active,0,0.058190388091789086
33.0,0,3,0,0,0,0,0,2,Team 5,Engineer,active,0,0.04745104397342441
37.0,0,2,0,0,0,3,0,10,Team 10,Marketer,active,0,0.04858531780326916
-1.2638078703703703,9,2,0,0,0,0,1,4,Team 7,Designer,active,1,0.679421767454274
-2.6191898148148147,0,4,0,0,0,3,0,12,Team 16,Designer,completed,1,0.7035082130033004
26.0,7,0,0,0,0,2,0,4,Team 19,Marketer,on_hold,0,0.05439586466229249
2.0,4,3,0,0,0,1,0,7,Team 10,Engineer,completed,1,0.4876335680195117
14.0,0,2,0,0,0,2,0,5,Team 8,Product Manager,completed,0,0.05668489353552269
48.0,6,3,0,0,1,1,2,9,Team 14,Marketer,active,0,0.05368719437555458
53.0,10,2,0,0,0,0,3,11,Team 14,Marketer,completed,0,0.05917305099085322
6.0,27,1,0,0,0,0,1,1,Team 2,Engineer,on_hold,0,0.07083856515837483
5.0,27,0,0,0,0,1,0,11,Team 15,Product Manager,on_hold,0,0.12426528469289093
2.0,13,3,1,0,0,4,1,1,Team 12,Designer,on_hold,1,0.4852326235832435
22.0,29,1,0,0,0,3,0,10,Team 7,Product Manager,completed,0,0.057971924373879075
36.0,27,2,0,0,1,4,1,1,Team 4,Designer,active,0,0.05748281525219738
8.0,17,1,0,0,0,0,1,3,Team 6,Ops,completed,0,0.0507077192407024
78.0,0,1,0,0,0,2,0,6,Team 10,Marketer,completed,0,0.04703704818988244
5.0,26,1,0,0,0,0,0,1,Team 3,Spesialis Lainnya,active,1,0.10229934033210754
35.0,0,3,0,0,0,0,5,10,Team 12,Product Manager,active,0,0.08248449352522852
17.0,6,2,0,1,0,0,1,7,Team 10,Marketer,completed,0,0.0553954442189489
-44.391539351851854,7,0,0,0,0,2,1,9,Team 17,Engineer,active,1,0.6824226222228265
54.0,0,2,0,0,0,0,0,5,Team 4,Spesialis Lainnya,active,0,0.051196019685553595
14.0,30,2,0,0,0,2,0,5,Team 14,Marketer,active,0,0.05905257797822794
41.0,4,4,1,0,0,4,1,4,Team 15,Engineer,active,0,0.052712750085028
7.0,5,0,0,0,0,2,2,5,Team 0,Marketer,active,0,0.06397493020094465
17.0,6,0,0,0,0,4,0,10,Team 8,Ops,completed,0,0.058472334615204506
5.0,28,3,1,1,0,3,0,4,Team 7,Marketer,active,0,0.1258078805929407
26.0,28,0,0,0,0,1,0,7,Team 4,Product Manager,completed,0,0.05702765638544138
26.0,23,1,0,0,0,4,0,6,Team 12,Designer,active,0,0.0546373622251243
2.0,7,1,0,0,0,2,0,4,Team 15,Marketer,active,0,0.5401844846665783
50.0,10,0,0,0,0,4,0,4,Team 3,Designer,on_hold,0,0.0501157475894619
8.0,7,1,1,0,0,0,0,4,Team 5,Product Manager,active,0,0.056784084656107264
6.0,24,4,0,0,0,0,2,3,Team 19,Designer,completed,0,0.06826993518415228
20.0,7,3,0,1,0,0,2,1,Team 18,Engineer,active,0,0.049801072413272314
3.0,0,0,0,0,0,0,2,12,Team 1,Product Manager,active,1,0.16363894734600049
16.0,0,4,0,0,0,3,3,12,Team 19,Product Manager,completed,0,0.05880715741027879
21.0,26,1,0,0,0,0,0,11,Team 5,Designer,on_hold,0,0.04546925600481852
5.0,4,0,0,0,0,0,1,9,Team 13,Product Manager,completed,0,0.14506527640778094
18.0,6,1,0,0,0,4,0,5,Team 8,Marketer,active,0,0.05662468734950667
5.0,10,1,0,0,0,0,0,7,Team 4,Product Manager,active,0,0.13955988065007455
2.0,23,2,1,0,1,2,0,1,Team 4,Spesialis Lainnya,completed,1,0.4817091258662263
23.0,23,0,0,0,0,0,1,7,Team 12,Engineer,active,0,0.058323798283409084
38.0,25,0,0,0,0,0,2,9,Team 0,Ops,on_hold,0,0.051689202001216246
5.0,0,1,0,0,0,1,0,2,Team 16,Spesialis Lainnya,active,0,0.10866669034171934
7.0,0,4,0,1,0,2,1,6,Team 10,Marketer,active,0,0.05513531275100532
-16.083773148148147,4,2,0,0,0,0,0,5,Team 5,Marketer,active,1,0.6948698822896311
85.0,21,3,0,0,0,0,0,1,Team 1,Designer,completed,0,0.04929611128669233
12.0,23,1,0,0,0,3,1,11,Team 14,Product Manager,completed,0,0.05648847555871676
3.0,17,2,0,0,1,0,0,10,Team 1,Product Manager,active,0,0.16987371734050127
27.0,24,0,0,0,0,0,1,10,Team 3,Marketer,completed,0,0.05788587239388227
21.0,4,0,0,0,0,0,0,5,Team 3,Ops,active,0,0.05767060717080126
48.0,6,1,0,0,0,1,0,4,Team 7,Ops,active,0,0.05798172904983431
3.0,4,1,0,0,0,0,2,5,Team 5,Marketer,active,0,0.15738267389791352
23.0,21,2,0,0,0,2,2,12,Team 17,Product Manager,active,0,0.056952252898752345
9.0,27,2,0,0,0,0,0,8,Team 13,Spesialis Lainnya,active,0,0.0539553087435103
76.0,0,0,0,0,0,2,0,2,Team 10,Ops,active,0,0.04908466061472428
27.0,27,1,0,0,0,2,0,1,Team 17,Spesialis Lainnya,completed,0,0.04787025523465725
25.0,7,2,0,0,0,4,2,11,Team 13,Ops,active,0,0.06409710323638154
-0.5758912037037037,8,3,0,0,0,1,0,1,Team 3,Marketer,active,1,0.6773210617661087
5.0,5,2,0,1,1,3,0,4,Team 7,Engineer,active,0,0.1195080799424918
18.0,7,1,0,0,0,0,1,11,Team 2,Engineer,completed,0,0.05294489723235128
9.0,29,3,0,0,0,3,0,6,Team 8,Spesialis Lainnya,completed,0,0.05778401414633154
21.0,3,2,0,0,0,3,0,9,Team 2,Ops,active,0,0.061037146629707745
30.0,10,2,0,0,0,3,0,10,Team 10,Ops,active,0,0.0526418710504405
1.0,6,0,0,0,0,2,0,7,Team 11,Engineer,active,1,0.6401014440122463
60.0,7,2,0,0,0,1,3,1,Team 11,Product Manager,completed,0,0.051164441655105225
6.0,19,0,0,0,0,2,1,7,Team 15,Engineer,completed,0,0.07652642184025044
29.0,0,0,0,0,0,0,0,7,Team 3,Marketer,active,0,0.05002995426477276
38.0,22,1,0,0,0,0,0,4,Team 11,Product Manager,active,0,0.06109572246120859
21.0,20,1,0,0,0,0,0,4,Team 13,Ops,active,0,0.05706209809635524
90.0,18,0,0,0,0,3,3,7,Team 10,Designer,active,0,0.05512666745168963
7.0,0,1,0,0,0,0,3,3,Team 2,Engineer,on_hold,0,0.06278457665551462
4.0,0,1,0,0,0,0,0,7,Team 14,Product Manager,active,0,0.1411016583427086
6.0,13,2,1,0,0,3,0,4,Team 13,Engineer,active,0,0.06796037546514871
30.0,24,3,0,0,0,0,1,6,Team 0,Engineer,active,0,0.05216042546823903
3.0,31,2,0,1,0,0,0,6,Team 4,Engineer,completed,1,0.2192727447373408
41.0,25,1,0,0,1,4,1,9,Team 5,Product Manager,active,0,0.05497551508220347
30.0,5,2,0,0,0,4,0,3,Team 14,Engineer,completed,0,0.05196291883730867
13.0,24,0,0,0,0,3,0,4,Team 7,Ops,active,0,0.06268802585109942
2.0,7,0,0,0,0,1,1,6,Team 4,Marketer,active,1,0.5348680308882555
65.0,0,0,0,0,0,0,0,7,Team 9,Spesialis Lainnya,active,0,0.048299908800636886
71.0,0,4,1,0,0,0,0,8,Team 14,Product Manager,active,0,0.048096813576657
-0.1768055555555555,16,1,0,0,0,2,0,9,Team 11,Designer,completed,1,0.7017694371102692
28.0,0,0,0,0,0,0,1,6,Team 4,Marketer,completed,0,0.05449587578989714
-2.341354166666666,7,2,0,0,0,2,1,5,Team 12,Product Manager,on_hold,1,0.648636396790819
75.0,30,1,0,0,0,3,0,3,Team 12,Marketer,active,0,0.05172933547489884
25.0,0,0,0,0,0,0,0,8,Team 0,Designer,on_hold,0,0.04452428175507188
1.0,11,4,0,0,0,1,3,5,Team 4,Ops,active,1,0.6240323756634133
90.0,20,0,0,0,0,4,1,12,Team 6,Engineer,active,0,0.06112788977790117
17.0,6,0,0,0,0,4,1,5,Team 11,Engineer,on_hold,0,0.04720714270126895
11.0,19,3,0,0,0,0,1,12,Team 3,Engineer,completed,0,0.06131913521561404
9.0,26,0,0,0,0,0,2,9,Team 7,Designer,on_hold,0,0.06144375657498821
41.0,0,2,0,0,0,0,1,10,Team 19,Marketer,on_hold,0,0.054560591444435064
20.0,8,0,0,0,0,1,0,7,Team 2,Product Manager,completed,0,0.056030343008402046
11.0,0,1,0,0,0,1,1,11,Team 17,Designer,active,1,0.049710861444722414
4.0,19,1,0,0,0,0,1,9,Team 11,Engineer,completed,0,0.1610383873971183
24.0,26,1,0,0,0,1,2,6,Team 3,Engineer,on_hold,0,0.05256008864054092
11.0,6,0,0,0,0,2,0,5,Team 2,Designer,active,0,0.05654107002829004
1.0,25,2,0,0,0,3,0,1,Team 2,Engineer,active,1,0.6095234624622952
20.0,0,1,0,0,0,0,1,12,Team 16,Designer,active,0,0.05392954084928537
2.0,8,1,0,0,0,0,0,6,Team 19,Product Manager,completed,0,0.5314931921452761
4.0,0,0,0,0,0,4,0,7,Team 8,Spesialis Lainnya,active,0,0.14890346392836332
8.0,24,0,0,0,0,0,0,5,Team 10,Product Manager,completed,0,0.07082071103900911
26.0,11,0,0,0,0,1,2,11,Team 9,Designer,completed,0,0.05220021038097016
21.0,7,1,0,0,0,3,0,12,Team 14,Ops,completed,0,0.055841966616320245
29.0,13,0,0,0,0,0,0,7,Team 13,Marketer,active,0,0.05490269157996784
3.0,31,1,0,0,0,3,0,5,Team 2,Engineer,active,0,0.18294617532546276
52.0,6,0,0,0,0,0,0,5,Team 8,Designer,active,0,0.06031503457079123
59.0,30,1,0,0,0,0,0,9,Team 12,Spesialis Lainnya,on_hold,0,0.04474910485950767
4.0,0,0,0,0,0,0,1,7,Team 5,Ops,active,0,0.13694345197384813
5.0,19,1,0,0,0,0,0,3,Team 5,Spesialis Lainnya,active,1,0.09552237560360205
8.0,5,3,0,0,0,0,1,8,Team 2,Engineer,active,0,0.055701353547900026
22.0,27,4,0,0,1,0,1,9,Team 9,Marketer,active,0,0.05442844487730389
34.0,25,0,0,0,0,0,2,10,Team 18,Product Manager,active,0,0.051620833125917344
33.0,4,3,0,0,0,2,0,5,Team 13,Spesialis Lainnya,active,0,0.05183170596810573
44.0,0,3,0,1,0,0,0,12,Team 5,Spesialis Lainnya,active,0,0.04539620056220365
17.0,28,3,0,0,0,4,3,10,Team 10,Designer,active,0,0.05392062127727698
21.0,27,2,1,0,0,4,0,2,Team 5,Spesialis Lainnya,completed,0,0.0603904837212218
79.0,0,2,0,1,0,2,2,10,Team 13,Designer,completed,0,0.04761125364887184
14.0,0,3,0,0,0,3,2,8,Team 16,Product Manager,completed,0,0.061654928752937675
31.0,30,2,0,0,0,4,0,8,Team 19,Spesialis Lainnya,active,0,0.06570538432404098
73.0,15,2,0,0,0,0,1,9,Team 14,Product Manager,active,0,0.05610014772877104
20.0,4,1,0,0,0,3,1,7,Team 14,Engineer,active,0,0.04774364288794065
25.0,0,0,0,0,0,4,0,3,Team 18,Spesialis Lainnya,active,0,0.05488156738355209
68.0,27,2,0,0,0,3,0,7,Team 7,Engineer,active,0,0.057221618361096
29.0,18,1,0,0,0,0,0,12,Team 12,Engineer,on_hold,0,0.05959458422697412
6.0,8,0,0,0,0,3,1,6,Team 1,Ops,active,0,0.07464449702207991
85.0,26,1,0,0,0,4,2,1,Team 5,Ops,completed,0,0.05902111122838938
18.0,0,0,0,0,0,0,0,1,Team 14,Spesialis Lainnya,completed,0,0.050596550696932294
83.0,17,2,0,1,1,0,0,8,Team 17,Engineer,completed,0,0.060176437968246954
25.0,0,0,0,0,0,3,1,3,Team 5,Product Manager,completed,0,0.04935645515798866
27.0,31,2,1,0,0,1,0,2,Team 14,Ops,active,0,0.046278093544080696
15.0,17,4,0,0,0,2,2,6,Team 11,Ops,active,0,0.05184203301671764
63.0,3,1,1,0,0,3,0,1,Team 15,Designer,active,0,0.05295933167626641
8.0,0,0,0,0,0,1,2,9,Team 3,Marketer,active,0,0.057641648189417534
7.0,7,2,0,0,0,2,2,12,Team 18,Marketer,completed,0,0.0647889427318092
3.0,7,2,0,0,0,0,0,12,Team 1,Marketer,active,0,0.18649843995857046
3.0,32,3,0,1,0,2,1,1,Team 5,Ops,active,1,0.16493861875126398
78.0,29,2,0,0,0,0,0,8,Team 8,Designer,active,0,0.05852144067102459
6.0,12,0,0,0,0,2,0,4,Team 8,Designer,active,0,0.09411937561009184
88.0,4,1,0,0,0,2,0,5,Team 13,Marketer,completed,0,0.057966104618739585
51.0,15,1,0,0,0,1,2,6,Team 12,Designer,active,0,0.055620016820443256
23.0,0,2,0,0,0,3,0,4,Team 7,Engineer,active,0,0.05234877255620981
4.0,10,1,0,0,1,0,0,4,Team 12,Product Manager,active,0,0.13686217251258959
60.0,12,1,0,0,0,3,1,10,Team 16,Designer,active,0,0.05336840903366839
26.0,0,1,0,0,0,2,1,3,Team 2,Product Manager,completed,0,0.04957026008957729
28.0,13,2,0,0,0,1,1,5,Team 3,Engineer,on_hold,0,0.054281679039652427
74.0,17,1,0,0,1,0,0,7,Team 6,Marketer,active,0,0.059280487722207995
6.0,31,0,0,0,0,4,0,6,Team 8,Spesialis Lainnya,active,0,0.09733382302518812
1.0,25,3,0,1,0,0,0,3,Team 4,Spesialis Lainnya,completed,1,0.6283800440882253
12.0,25,0,0,0,0,1,0,3,Team 5,Product Manager,active,0,0.05263656176394135
-6.571516203703704,7,2,0,0,0,3,0,1,Team 7,Designer,active,1,0.6671919633463056
24.0,0,1,0,1,0,2,0,1,Team 16,Ops,active,0,0.055454835790202175
76.0,23,0,0,0,0,2,3,12,Team 0,Product Manager,on_hold,0,0.050329074093864695
3.0,26,2,0,0,1,0,2,1,Team 19,Marketer,active,1,0.20057064991714854
25.0,13,0,0,0,0,0,2,6,Team 13,Engineer,active,0,0.05965909055450125
90.0,0,2,1,0,0,0,0,4,Team 18,Product Manager,completed,0,0.05342381928583842
68.0,5,2,0,0,0,3,4,1,Team 1,Ops,completed,0,0.05580021723139396
37.0,12,2,0,0,0,2,3,4,Team 10,Designer,active,0,0.053790574578666296
23.0,27,1,0,0,0,2,0,2,Team 9,Engineer,active,0,0.05485427255934935
31.0,0,2,0,0,0,0,1,10,Team 9,Ops,active,0,0.05511725623857385
50.0,24,0,0,0,0,2,1,6,Team 3,Engineer,on_hold,0,0.053524349436071976
13.0,13,1,1,0,0,0,1,6,Team 8,Product Manager,active,0,0.056728078524134556
27.0,5,1,0,0,0,1,0,6,Team 16,Product Manager,active,0,0.05418051736225639
67.0,27,0,0,0,0,2,0,4,Team 10,Ops,completed,0,0.05966776375024442
53.0,24,3,0,0,0,0,0,2,Team 16,Ops,completed,0,0.049785004469021024
39.0,20,1,0,0,0,2,1,9,Team 11,Engineer,active,0,0.05650277948730898
81.0,6,2,0,0,0,0,1,11,Team 19,Ops,completed,0,0.06130125772353637
-3.017789351851852,27,1,0,0,0,0,0,9,Team 4,Spesialis Lainnya,active,1,0.6881611458703681
75.0,29,1,0,0,0,0,0,12,Team 19,Spesialis Lainnya,active,0,0.0544942899643265
42.0,13,1,0,0,0,1,0,5,Team 5,Spesialis Lainnya,active,0,0.049804466261188673
27.0,3,0,0,0,0,0,3,11,Team 2,Engineer,completed,0,0.05024959569562122
2.0,6,0,0,0,0,1,1,10,Team 2,Ops,active,1,0.5485730864932468
13.0,0,0,0,0,0,0,3,8,Team 7,Marketer,active,0,0.06193679736800077
79.0,0,0,0,0,0,0,0,6,Team 11,Product Manager,active,0,0.04895461548381037
71.0,7,2,0,1,1,4,0,7,Team 10,Designer,completed,0,0.06009425498266792
23.0,0,1,0,0,0,3,1,10,Team 7,Marketer,active,0,0.05401936015062977
19.0,9,1,0,0,0,0,0,9,Team 2,Ops,completed,0,0.06262897319304538
75.0,23,1,0,0,1,0,0,9,Team 13,Marketer,active,0,0.05483101745118766
-1.2117592592592592,5,1,0,0,0,3,0,7,Team 19,Marketer,active,1,0.7118115241824237
2.0,7,2,0,0,0,0,1,6,Team 16,Marketer,active,1,0.5229932866908598
43.0,7,1,0,0,0,0,3,10,Team 13,Designer,active,0,0.05106427763830109
-2.9862847222222224,8,0,0,0,0,0,1,7,Team 2,Designer,completed,1,0.6773826328953857
-16.234201388888888,7,0,0,0,0,3,3,1,Team 7,Designer,completed,1,0.6712362198616776
49.0,0,2,0,1,0,0,1,7,Team 1,Marketer,active,0,0.06188284043015223
82.0,0,2,0,0,0,0,4,12,Team 2,Product Manager,active,0,0.05095473369975501
76.0,26,0,0,0,0,4,2,10,Team 8,Marketer,active,0,0.06469939566560931
86.0,17,2,0,0,0,4,0,8,Team 4,Ops,completed,0,0.062323680955818785
2.0,4,0,0,0,0,0,3,11,Team 8,Marketer,completed,1,0.5454832287422635
20.0,6,2,0,0,0,0,1,11,Team 19,Designer,active,0,0.053899672585708096
13.0,26,3,0,0,0,2,1,8,Team 19,Product Manager,active,0,0.054787414778082126
32.0,4,3,0,0,0,0,1,4,Team 7,Marketer,active,0,0.056223930361934626
64.0,24,1,0,0,0,1,0,12,Team 6,Product Manager,completed,0,0.058517299470571514
64.0,27,0,0,0,0,3,1,8,Team 18,Engineer,completed,0,0.06193184596910607
79.0,6,0,0,0,0,3,0,3,Team 19,Ops,active,0,0.05676003020231859
45.0,31,1,0,0,0,2,0,8,Team 5,Marketer,active,0,0.058646659022435134
-22.06107638888889,0,2,0,0,0,1,0,11,Team 3,Marketer,active,1,0.679818720905883
23.0,7,0,0,0,0,1,1,5,Team 0,Product Manager,active,0,0.05414144980725239
18.0,0,2,0,1,0,3,1,11,Team 6,Marketer,completed,0,0.056902419339312546
3.0,0,0,0,0,0,0,0,11,Team 15,Designer,active,0,0.15901269097023354
55.0,4,2,0,0,0,0,0,4,Team 8,Ops,on_hold,0,0.05705913446210865
7.0,12,0,0,0,0,0,0,6,Team 18,Ops,active,0,0.06908183487185826
22.0,29,1,0,0,0,0,0,2,Team 16,Ops,completed,0,0.056093079308046065
85.0,5,1,0,0,0,0,1,11,Team 7,Designer,active,0,0.05160817414849845
51.0,20,1,1,0,0,1,1,5,Team 12,Marketer,active,0,0.05302978732260832
72.0,6,0,0,0,0,0,0,6,Team 8,Designer,on_hold,0,0.05580667672837646
26.0,25,4,1,1,0,0,1,11,Team 19,Product Manager,completed,0,0.05039406404426692
-5.525393518518518,32,2,0,1,0,1,0,7,Team 15,Spesialis Lainnya,active,1,0.6208768804004356
2.0,16,0,0,0,0,0,0,8,Team 18,Ops,completed,0,0.5335069000239977
14.0,5,0,0,0,0,3,0,5,Team 11,Ops,active,0,0.050964286317177
1.0,6,1,0,0,0,4,0,10,Team 4,Marketer,active,1,0.663304522720573
60.0,23,2,0,0,0,1,2,11,Team 7,Ops,active,0,0.05913430931192002
27.0,27,0,0,0,0,4,0,6,Team 4,Marketer,active,0,0.06400327937853142
20.0,27,1,0,0,0,0,3,1,Team 7,Designer,active,0,0.057633575706559415
37.0,3,1,0,0,0,1,1,2,Team 16,Product Manager,active,0,0.05206756825131354
16.0,9,4,0,1,1,4,2,3,Team 10,Product Manager,completed,0,0.050043880624405644
49.0,5,2,0,0,0,3,0,3,Team 9,Ops,active,0,0.05218060027939328
16.0,21,1,0,0,0,2,0,1,Team 1,Product Manager,active,0,0.050612234851837946
70.0,27,0,0,0,0,3,1,6,Team 9,Engineer,completed,0,0.06054778184120842
52.0,0,1,1,0,0,1,0,11,Team 6,Engineer,active,0,0.05131436350792505
14.0,17,1,0,0,0,3,1,1,Team 2,Ops,active,0,0.06150656987500548
5.0,27,2,0,0,0,0,1,4,Team 16,Engineer,active,0,0.11918844650294273
6.0,11,2,0,0,0,1,1,9,Team 8,Ops,active,0,0.09101169359827183
30.0,25,2,0,0,0,3,0,2,Team 18,Ops,active,0,0.06091684272021671
17.0,27,1,0,0,0,0,1,9,Team 6,Marketer,active,0,0.056790743105072775
7.0,0,2,0,0,0,3,0,2,Team 8,Designer,active,0,0.08259344602623746
4.0,14,1,0,0,0,3,2,7,Team 18,Ops,active,0,0.16799860849710763
-2.2296875,30,0,0,0,0,3,2,10,Team 13,Designer,completed,1,0.6674528922243894
53.0,5,0,0,0,0,4,0,10,Team 7,Product Manager,active,0,0.054826228087364384
30.0,23,1,0,0,0,4,1,7,Team 1,Designer,active,0,0.05999580691663136
24.0,30,0,0,0,0,0,1,9,Team 15,Marketer,active,0,0.0609019688443349
56.0,22,0,0,0,0,0,0,8,Team 0,Product Manager,on_hold,0,0.049794253553603424
22.0,9,1,0,0,0,0,2,11,Team 5,Ops,completed,0,0.05543344738369047
4.0,5,0,0,0,0,2,0,8,Team 9,Engineer,completed,1,0.16498193068990533
18.0,10,1,0,0,0,3,1,11,Team 12,Marketer,completed,0,0.05973352605607611
6.0,9,0,0,0,0,2,3,1,Team 4,Ops,active,0,0.07839025692847969
15.0,7,3,0,0,0,2,0,6,Team 14,Designer,completed,0,0.053830459128351923
40.0,8,1,0,0,0,0,2,9,Team 4,Product Manager,active,0,0.05882698952971533
54.0,12,3,0,0,0,4,0,2,Team 18,Product Manager,active,0,0.05778502320547884
72.0,19,2,0,0,0,0,0,11,Team 8,Designer,active,0,0.0569808428542326
12.0,0,0,0,0,0,4,1,4,Team 7,Ops,completed,0,0.058958530579020244
15.0,8,3,1,0,0,4,0,8,Team 9,Designer,active,0,0.05673264336024331
20.0,0,1,0,0,0,4,0,11,Team 12,Spesialis Lainnya,active,0,0.05005673776482073
21.0,7,1,0,0,0,2,2,10,Team 3,Ops,active,0,0.05662877356716288
1.0,8,1,0,0,0,0,0,11,Team 9,Product Manager,completed,1,0.6360863880309098
45.0,18,0,0,0,0,1,1,5,Team 13,Ops,active,0,0.06363010819214478
4.0,12,4,0,1,0,3,0,6,Team 16,Ops,active,0,0.16274625122651407
23.0,5,1,0,0,0,2,3,8,Team 4,Ops,completed,0,0.05497816976740071
6.0,19,1,0,0,0,3,0,10,Team 2,Product Manager,active,1,0.07184770325130511
23.0,0,0,0,0,0,0,3,10,Team 17,Designer,completed,0,0.047057451211179824
59.0,24,1,0,0,0,1,1,7,Team 10,Marketer,active,0,0.04977755497707567
6.0,28,3,0,0,0,0,0,5,Team 14,Engineer,active,0,0.08175291022993003
4.0,26,2,0,0,0,3,0,3,Team 17,Spesialis Lainnya,completed,0,0.1521210512957377
27.0,3,0,0,0,0,0,0,4,Team 5,Ops,completed,0,0.05328725654748436
25.0,17,0,0,0,0,0,0,8,Team 2,Marketer,active,0,0.05844508698676817
2.0,4,3,0,1,0,2,1,9,Team 3,Marketer,completed,1,0.5203298422233064
2.0,0,1,0,0,0,4,0,5,Team 7,Designer,active,1,0.5601162607362736
4.0,0,1,0,0,0,1,0,11,Team 9,Engineer,completed,0,0.14353273716018047
2.0,14,3,0,0,0,2,2,9,Team 6,Marketer,on_hold,1,0.5009137032989972
9.0,11,2,0,0,1,1,0,5,Team 5,Engineer,completed,0,0.06233551953073191
3.0,30,0,0,0,0,0,2,12,Team 3,Marketer,completed,0,0.2371544724851881
7.0,30,0,0,0,0,3,1,11,Team 5,Engineer,on_hold,0,0.06462240874553266
80.0,28,3,0,0,0,0,0,5,Team 12,Engineer,active,0,0.056550870914867664
43.0,13,0,0,0,0,3,0,9,Team 17,Marketer,active,0,0.05886935459756226
20.0,0,2,0,0,0,1,0,7,Team 15,Designer,active,0,0.052323092612189315
89.0,0,2,0,0,0,0,0,10,Team 8,Spesialis Lainnya,active,0,0.04918727693036926
42.0,20,0,0,0,0,4,0,7,Team 15,Product Manager,active,0,0.052762162225927875
28.0,7,2,0,0,0,3,2,7,Team 1,Marketer,active,0,0.05819528537215644
82.0,24,1,0,0,0,0,0,5,Team 5,Ops,active,0,0.0599187100957077
51.0,14,1,0,0,0,2,1,12,Team 3,Product Manager,active,0,0.053503133998564406
73.0,25,1,0,0,0,3,2,9,Team 16,Designer,completed,0,0.05490665677583388
75.0,5,1,0,0,0,1,1,4,Team 11,Designer,active,0,0.04958454389059207
35.0,0,1,0,0,0,0,2,9,Team 11,Product Manager,completed,0,0.0508825044504564
4.0,8,1,0,0,0,0,0,3,Team 2,Marketer,completed,1,0.16277554081248818
25.0,0,1,0,0,0,4,2,12,Team 6,Designer,on_hold,0,0.04530635538459215
3.0,9,3,0,0,0,0,0,8,Team 3,Spesialis Lainnya,completed,0,0.1782469373506826
27.0,0,1,0,0,0,0,1,10,Team 17,Marketer,active,0,0.05201395960976251
69.0,0,0,0,0,0,0,0,5,Team 10,Engineer,on_hold,0,0.05338195371585095
9.0,4,3,0,0,1,2,1,11,Team 2,Ops,active,0,0.05948406473936462
23.0,26,2,0,0,0,0,0,8,Team 16,Designer,active,0,0.05468501814123586
-14.493252314814814,6,1,0,0,0,1,4,12,Team 13,Engineer,active,1,0.63812617386537
89.0,8,0,0,0,0,0,0,5,Team 16,Product Manager,active,0,0.06195010009507412
1.0,0,2,0,0,0,1,0,1,Team 13,Marketer,active,1,0.6327158633263594
27.0,0,3,0,0,0,0,0,4,Team 6,Ops,completed,0,0.04818811552162824
47.0,5,2,0,1,0,4,0,12,Team 13,Ops,active,0,0.058033865534797315
4.0,30,0,0,0,0,3,2,11,Team 19,Marketer,active,0,0.20854801443881466
23.0,27,2,1,0,0,1,0,5,Team 11,Spesialis Lainnya,active,0,0.04667345375353575
84.0,22,0,0,0,0,0,2,10,Team 18,Ops,active,0,0.06157456047247328
28.0,7,3,0,0,0,4,2,1,Team 4,Marketer,active,0,0.05637925504755054
55.0,4,0,0,0,0,0,0,2,Team 8,Spesialis Lainnya,active,0,0.054263000512805595
11.0,25,1,0,0,0,0,0,3,Team 5,Product Manager,completed,0,0.0546026216723417
48.0,18,4,0,0,0,3,0,5,Team 13,Marketer,active,0,0.060596554232663136
19.0,5,0,0,0,0,1,1,8,Team 2,Marketer,completed,0,0.055279528683389915
15.0,30,1,0,0,0,2,0,5,Team 13,Designer,active,0,0.05420364041109957
85.0,23,0,0,0,0,3,0,3,Team 11,Ops,completed,0,0.05748542160454345
-1.9926851851851848,0,4,0,0,0,1,0,12,Team 0,Spesialis Lainnya,active,1,0.6719494955443815
7.0,24,4,0,0,0,0,1,6,Team 18,Product Manager,active,1,0.057097565133336206
73.0,9,0,0,0,0,0,0,1,Team 8,Spesialis Lainnya,active,0,0.058154426070212845
12.0,6,2,0,0,1,0,2,12,Team 4,Ops,active,0,0.05756945265522501
34.0,25,2,0,0,0,3,0,5,Team 16,Product Manager,active,0,0.05676424837758345
4.0,8,1,0,0,0,4,0,12,Team 2,Marketer,active,0,0.16494236007300084
77.0,21,2,0,0,0,1,0,12,Team 6,Spesialis Lainnya,completed,0,0.061168578778894596
2.0,12,1,0,0,0,0,1,7,Team 1,Product Manager,completed,1,0.5244888118085104
9.0,6,0,0,0,0,0,0,3,Team 10,Spesialis Lainnya,active,0,0.05003094801453461
29.0,25,1,0,0,0,0,5,1,Team 6,Marketer,active,0,0.10658993607243179
4.0,6,3,0,0,0,0,2,7,Team 17,Designer,active,0,0.14274068373759538
5.0,8,1,0,0,0,0,0,10,Team 18,Spesialis Lainnya,active,0,0.10478555328702177
13.0,0,2,1,0,0,0,0,6,Team 16,Ops,active,0,0.061326804517106016
4.0,9,1,0,0,0,0,0,3,Team 18,Spesialis Lainnya,active,0,0.11388605553262653
5.0,14,2,0,0,0,0,1,8,Team 17,Designer,active,0,0.13194976967184194
1.0,17,1,0,0,0,3,0,4,Team 0,Spesialis Lainnya,active,0,0.6333769678022176
24.0,10,3,1,0,0,3,2,2,Team 10,Marketer,completed,0,0.04629592477231208
23.0,7,0,0,0,0,4,0,8,Team 17,Designer,active,0,0.05500167421192492
6.0,29,3,0,0,0,3,1,9,Team 7,Engineer,active,0,0.08501009669966114
14.0,6,0,0,0,0,2,0,11,Team 5,Spesialis Lainnya,active,0,0.044865150260539784
26.0,24,2,0,0,0,2,0,7,Team 17,Marketer,completed,0,0.060997380944897706
38.0,0,1,0,0,0,4,0,2,Team 15,Product Manager,on_hold,0,0.04671346000351947
28.0,4,3,1,0,0,0,0,3,Team 11,Engineer,active,0,0.0482674239141018
17.0,11,1,0,0,0,3,0,6,Team 1,Marketer,active,0,0.055193014882221725
2.0,25,0,0,0,0,0,0,12,Team 19,Spesialis Lainnya,completed,0,0.536288728665043
90.0,23,1,0,0,0,2,0,3,Team 18,Spesialis Lainnya,active,0,0.055804463498727135
21.0,10,1,0,0,0,4,2,5,Team 10,Product Manager,active,0,0.05538533799887964
87.0,5,0,0,0,0,2,0,5,Team 1,Product Manager,completed,0,0.05269169154068818
11.0,5,1,0,0,0,0,0,9,Team 14,Ops,active,0,0.055077418021936955
6.0,0,0,0,0,0,2,1,5,Team 10,Ops,on_hold,0,0.06777165589161406
5.0,29,0,0,0,0,3,0,10,Team 7,Product Manager,active,0,0.13459481288271677
13.0,13,0,0,0,0,0,0,1,Team 12,Spesialis Lainnya,completed,0,0.04688443742007625
39.0,8,1,0,0,0,1,3,9,Team 15,Product Manager,active,0,0.054637211731762086
24.0,4,0,0,0,0,0,1,3,Team 9,Ops,on_hold,0,0.05108763085052849
3.0,7,1,0,0,0,3,1,10,Team 10,Engineer,active,0,0.16654456284989017
8.0,27,1,0,0,0,2,0,4,Team 8,Spesialis Lainnya,active,0,0.054622023562244486
55.0,11,3,0,0,0,1,1,8,Team 5,Engineer,active,0,0.05409394749913215
57.0,27,2,0,1,0,0,0,5,Team 7,Ops,active,0,0.06090225942821957
55.0,4,2,0,0,0,0,0,11,Team 8,Spesialis Lainnya,active,0,0.04991746714078343
52.0,25,2,0,0,0,1,2,10,Team 0,Ops,active,0,0.053681306507404734
24.0,24,2,0,0,0,3,0,8,Team 2,Marketer,active,0,0.06087919694037409
16.0,26,0,0,0,0,0,0,5,Team 11,Designer,active,0,0.0598330823156858
7.0,0,1,0,0,0,0,1,10,Team 7,Marketer,active,0,0.06422206205368126
25.0,13,1,0,0,1,2,1,9,Team 3,Ops,active,0,0.06000730736045566
37.0,29,1,0,0,0,2,2,12,Team 0,Product Manager,completed,0,0.051869557038601424
12.0,12,0,0,0,0,0,0,9,Team 0,Marketer,completed,0,0.05922941242759108
34.0,9,2,0,0,0,3,0,4,Team 1,Engineer,active,0,0.05758441152876146
12.0,21,1,0,0,0,4,0,5,Team 12,Spesialis Lainnya,on_hold,0,0.05258415198686124
-17.856643518518517,5,1,0,0,0,0,2,12,Team 11,Product Manager,active,1,0.6936393362292832
23.0,16,0,0,0,0,3,0,9,Team 8,Designer,active,0,0.058455505702242616
51.0,0,0,0,0,0,0,0,3,Team 7,Spesialis Lainnya,active,0,0.05364543932088488
9.0,12,1,0,0,1,0,0,2,Team 19,Spesialis Lainnya,active,0,0.057461018471010164
23.0,0,0,0,0,0,0,1,12,Team 14,Engineer,completed,0,0.053255316873335304
58.0,5,0,0,0,0,3,0,1,Team 13,Engineer,active,0,0.053436723422494586
4.0,0,2,0,0,0,4,0,9,Team 7,Engineer,active,0,0.14802833176402583
2.0,26,0,0,0,0,0,0,6,Team 0,Spesialis Lainnya,active,1,0.5234094211015234
-21.20277777777778,7,2,0,0,0,2,2,7,Team 4,Ops,active,1,0.6728171268772928
1.0,20,1,0,0,0,1,1,4,Team 0,Marketer,active,1,0.6406479569587515
27.0,11,3,0,0,1,0,0,5,Team 16,Spesialis Lainnya,active,0,0.05738319079527368
7.0,7,0,0,0,0,1,0,4,Team 10,Engineer,active,1,0.06293860202502151
59.0,12,0,0,0,0,3,0,3,Team 14,Product Manager,completed,0,0.061250612229201855
2.0,27,2,0,0,0,1,3,9,Team 7,Designer,active,1,0.5579122375011809
9.0,6,0,0,0,0,2,1,4,Team 3,Product Manager,active,0,0.05083680090484392
5.0,0,0,0,0,0,3,0,3,Team 9,Marketer,completed,0,0.11401398611107488
28.0,13,0,0,0,0,0,0,9,Team 7,Product Manager,on_hold,0,0.05645359353484158
8.0,24,0,0,0,0,0,0,2,Team 10,Ops,active,0,0.05969018302212646
6.0,24,0,0,0,0,0,2,12,Team 4,Designer,completed,0,0.07365533769839035
66.0,0,1,0,0,0,0,0,10,Team 8,Marketer,active,0,0.05424780949663463
6.0,26,4,1,0,0,4,0,5,Team 19,Engineer,on_hold,0,0.08137119710992481
6.0,0,0,0,0,0,1,0,5,Team 7,Ops,active,1,0.07883805490614113
7.0,6,4,0,0,0,0,1,3,Team 1,Ops,active,0,0.06361645085630324
-13.155671296296296,8,2,0,0,1,2,1,9,Team 4,Engineer,active,1,0.6824192031119926
7.0,25,1,0,0,0,4,1,8,Team 14,Engineer,active,0,0.06632415334170441
43.0,28,1,0,0,0,2,0,9,Team 17,Spesialis Lainnya,active,0,0.051413167551492535
33.0,5,0,0,0,0,3,0,9,Team 8,Engineer,active,0,0.05630707191353045
9.0,28,1,0,0,0,0,0,7,Team 8,Engineer,active,0,0.06301872133348363
21.0,29,1,0,0,0,0,0,4,Team 10,Designer,active,0,0.05850174262960069
68.0,14,2,0,0,0,0,0,12,Team 18,Marketer,active,0,0.0569669697547223
2.0,23,1,0,0,0,2,0,2,Team 10,Designer,active,1,0.46685358513045494
-22.38361111111111,14,0,0,0,0,3,0,2,Team 15,Spesialis Lainnya,active,1,0.6763689273887916
3.0,25,2,0,0,0,4,0,5,Team 5,Spesialis Lainnya,active,0,0.17160074586568214
35.0,16,0,0,0,0,4,0,9,Team 13,Engineer,completed,0,0.06286942313742362
42.0,0,4,0,1,0,1,1,12,Team 2,Engineer,completed,0,0.05380854811513814
25.0,14,1,0,0,1,0,0,7,Team 17,Engineer,completed,0,0.0539336806556177
5.0,5,0,0,0,0,3,1,10,Team 10,Product Manager,active,0,0.10996327752225589
3.0,9,1,0,0,0,2,2,12,Team 18,Ops,active,1,0.20045049284468916
30.0,23,2,0,0,0,0,1,11,Team 19,Product Manager,active,0,0.056047594159348325
53.0,29,2,0,0,0,4,1,8,Team 5,Product Manager,completed,0,0.0600685164664351
89.0,0,3,1,0,0,1,2,8,Team 5,Designer,active,0,0.04849325778192071
24.0,5,0,0,0,0,0,5,12,Team 14,Ops,active,0,0.07498820723834847
21.0,0,1,0,0,0,3,0,6,Team 10,Designer,active,0,0.050157616561085125
21.0,31,1,0,0,0,4,0,2,Team 11,Designer,completed,0,0.05722570240796434
20.0,7,3,0,0,0,4,2,9,Team 15,Ops,active,0,0.05999549004616527
14.0,14,0,0,0,0,3,1,9,Team 7,Designer,on_hold,0,0.064149999607349
58.0,12,1,0,0,0,1,0,8,Team 5,Marketer,active,0,0.05629239160592713
9.0,12,1,0,0,0,0,0,8,Team 9,Marketer,active,0,0.060921931113174815
-19.949525462962963,6,0,0,0,0,1,1,11,Team 9,Marketer,active,1,0.6811380426842764
29.0,5,1,0,0,0,4,0,1,Team 6,Engineer,on_hold,0,0.04379060109257633
35.0,33,0,0,0,0,0,3,1,Team 4,Product Manager,active,0,0.0639830668410911
7.0,22,0,0,0,0,0,2,6,Team 9,Product Manager,active,1,0.06254490905372433
77.0,0,2,0,1,0,1,0,9,Team 3,Engineer,active,0,0.05372262447231864
2.0,0,1,0,0,0,2,4,10,Team 6,Engineer,active,1,0.52288051039122
6.0,8,1,0,0,0,2,0,6,Team 16,Spesialis Lainnya,on_hold,1,0.07013834695003199
-11.07425925925926,22,1,0,0,0,3,1,9,Team 18,Ops,active,1,0.6790038380346954
60.0,8,0,0,0,0,0,3,8,Team 17,Designer,completed,0,0.05359346861450466
71.0,11,4,1,1,0,0,0,7,Team 17,Spesialis Lainnya,on_hold,0,0.04396050224036889
17.0,0,0,0,0,0,1,0,2,Team 5,Engineer,active,0,0.04788921302747647
16.0,11,0,0,0,0,2,0,4,Team 11,Product Manager,completed,0,0.05750533230626826
9.0,6,2,0,0,1,2,0,12,Team 13,Designer,active,0,0.0517427340614827
7.0,23,0,0,0,0,0,0,6,Team 13,Product Manager,active,0,0.06172164208129498
16.0,27,1,0,0,0,0,0,1,Team 11,Product Manager,active,0,0.06071618842211055
1.0,19,2,0,0,1,1,3,1,Team 19,Product Manager,completed,1,0.6064952209839443
14.0,11,2,0,0,0,2,1,6,Team 16,Designer,completed,0,0.05624084287680881
78.0,8,0,0,0,0,1,0,9,Team 15,Spesialis Lainnya,completed,0,0.05191218009407117
13.0,25,2,0,0,0,1,0,6,Team 8,Product Manager,on_hold,0,0.05951438081281028
31.0,0,1,0,0,0,0,2,7,Team 10,Product Manager,completed,0,0.049168817237175866
17.0,14,2,0,0,0,3,0,11,Team 3,Ops,active,0,0.05341605676289339
2.0,0,1,0,0,0,1,0,8,Team 14,Spesialis Lainnya,active,0,0.5428150521401607
1.0,23,0,0,0,0,2,0,5,Team 16,Designer,active,0,0.6287144130051804
4.0,27,1,0,0,0,0,3,9,Team 8,Designer,active,0,0.16086179674095843
14.0,10,1,0,0,0,0,0,4,Team 13,Engineer,completed,0,0.05605202383963006
22.0,6,0,0,0,0,2,2,5,Team 4,Marketer,active,0,0.05800540873332476
53.0,0,1,0,0,0,0,2,8,Team 1,Product Manager,completed,0,0.05071636296581761
3.0,12,0,0,0,0,0,2,7,Team 8,Designer,active,0,0.1891574378929853
6.0,26,2,0,1,0,2,0,9,Team 13,Designer,active,0,0.0743195388294195
52.0,8,1,0,0,0,1,0,10,Team 8,Designer,active,0,0.056076791973116775
3.0,7,4,0,0,0,0,0,1,Team 11,Engineer,completed,1,0.16699627136902376
85.0,0,0,0,0,0,1,0,2,Team 0,Ops,completed,0,0.054277889123513695
7.0,29,3,0,0,1,1,0,10,Team 3,Spesialis Lainnya,active,0,0.06530977680842634
83.0,0,0,0,0,0,2,1,1,Team 5,Engineer,active,0,0.04949267482963267
25.0,6,1,0,0,0,3,0,11,Team 18,Spesialis Lainnya,active,0,0.05395825374098629
41.0,0,0,0,0,0,0,0,2,Team 7,Engineer,completed,0,0.057624802507119
-0.5454282407407407,20,1,0,0,0,0,0,4,Team 9,Spesialis Lainnya,active,1,0.6808287981928268
-55.40548611111111,29,2,1,0,0,0,1,5,Team 5,Engineer,active,1,0.6625197893718628
12.0,5,1,0,0,0,3,2,12,Team 17,Designer,active,0,0.05227521169781289
14.0,4,0,0,0,0,0,0,11,Team 5,Designer,active,0,0.04542706247991711
24.0,15,0,0,0,0,3,0,3,Team 10,Designer,active,0,0.05941044321174
38.0,4,2,0,0,0,4,0,9,Team 11,Marketer,on_hold,0,0.04772034824866205
12.0,25,0,0,0,0,3,0,6,Team 11,Spesialis Lainnya,active,0,0.05747431178746797
55.0,27,0,0,0,0,0,0,5,Team 7,Spesialis Lainnya,active,0,0.05424784735195751
-33.06344907407407,13,1,0,0,0,1,2,7,Team 14,Engineer,active,1,0.704155532364577
86.0,21,0,0,0,0,2,1,12,Team 3,Engineer,completed,0,0.059977432925527506
35.0,12,2,0,1,0,1,0,10,Team 1,Designer,completed,0,0.05434624481936636
3.0,13,1,0,0,0,0,3,11,Team 1,Product Manager,on_hold,1,0.1583223186975402
28.0,0,2,0,0,0,0,0,2,Team 10,Engineer,active,0,0.047117158743022865
57.0,0,2,0,0,0,2,2,8,Team 5,Designer,completed,0,0.04851728897132305
26.0,29,1,0,0,0,2,0,9,Team 6,Spesialis Lainnya,active,0,0.049139161927900965
8.0,7,0,0,0,0,1,1,8,Team 10,Marketer,active,0,0.04907640440419199
6.0,28,1,0,0,0,1,0,4,Team 2,Ops,completed,0,0.07426325902327716
13.0,11,1,0,0,0,1,0,8,Team 4,Marketer,active,0,0.0556252389645618
9.0,27,0,0,0,0,0,2,8,Team 11,Engineer,active,0,0.058278659541952556
61.0,0,1,0,0,0,1,1,6,Team 4,Product Manager,active,0,0.0523643971886173
86.0,0,2,0,0,0,2,1,5,Team 2,Product Manager,active,0,0.053405052658800675
15.0,24,0,0,0,0,2,0,11,Team 16,Spesialis Lainnya,completed,0,0.0600896128395737
22.0,29,1,0,0,0,3,1,7,Team 11,Ops,completed,0,0.0548259010662456
51.0,14,0,0,0,0,2,0,5,Team 17,Marketer,completed,0,0.05612019395814831
70.0,11,1,0,0,0,1,1,5,Team 2,Designer,completed,0,0.05553096047325056
-2.6901967592592597,31,1,0,0,0,0,0,3,Team 15,Engineer,on_hold,1,0.6869070277860753
4.0,14,3,0,1,0,4,0,2,Team 17,Ops,active,0,0.1413723082698907
15.0,0,0,0,0,0,2,0,3,Team 13,Ops,completed,0,0.05194224356429456
86.0,31,0,0,0,0,3,0,2,Team 9,Ops,active,0,0.04714770612750305
18.0,0,0,0,0,0,0,1,10,Team 11,Designer,active,0,0.05346784851365616
47.0,10,0,0,0,0,3,1,1,Team 16,Marketer,completed,0,0.0565031480695592
53.0,5,0,0,0,0,3,0,9,Team 3,Spesialis Lainnya,active,0,0.05240015502556396
-0.2626273148148148,23,1,0,0,0,1,1,8,Team 7,Engineer,active,1,0.698116293618544
36.0,0,2,0,0,1,0,0,5,Team 10,Engineer,on_hold,0,0.053656279747602856
2.0,0,1,0,0,0,0,0,9,Team 14,Spesialis Lainnya,active,0,0.5388353854762423
25.0,31,2,0,0,0,2,0,9,Team 2,Marketer,active,0,0.06036872232538411
3.0,11,2,0,0,0,2,1,5,Team 16,Marketer,active,1,0.2024669522986264
23.0,6,3,0,0,0,4,0,5,Team 4,Marketer,active,0,0.05556919006030291
13.0,15,2,0,0,0,3,1,9,Team 11,Product Manager,on_hold,0,0.053051625538258707
72.0,5,3,0,0,0,1,0,3,Team 15,Designer,active,0,0.051954297028842765
3.0,28,1,0,0,0,3,0,4,Team 13,Spesialis Lainnya,active,1,0.15372646171836943
7.0,12,3,0,1,0,0,1,8,Team 5,Engineer,completed,0,0.07013547076485928
19.0,28,1,0,0,0,2,2,9,Team 11,Engineer,on_hold,0,0.053196426985458116
34.0,5,1,0,0,0,0,0,5,Team 5,Marketer,completed,0,0.05000293830822517
67.0,16,0,0,0,0,0,0,2,Team 16,Designer,active,0,0.05918044452689974
1.0,4,1,0,0,0,1,2,8,Team 12,Ops,active,1,0.6406961596407509
58.0,3,1,0,0,0,3,1,5,Team 6,Engineer,on_hold,0,0.043006626464484866
-33.58846064814815,0,1,0,0,0,0,0,2,Team 7,Product Manager,active,1,0.6840045970525944
26.0,11,2,0,0,0,4,0,6,Team 4,Ops,active,0,0.05537124736865347
83.0,5,0,0,0,0,0,1,7,Team 0,Product Manager,active,0,0.0493915018648122
15.0,25,2,0,0,1,0,0,2,Team 5,Marketer,active,0,0.05573191340215633
1.0,25,1,0,0,0,0,0,5,Team 0,Engineer,completed,1,0.624638151152404
1.0,23,0,0,0,0,2,0,4,Team 6,Engineer,active,1,0.6425595684663223
-1.663888888888889,25,2,1,0,0,0,1,11,Team 7,Product Manager,active,1,0.6846726670106739
16.5625,8,2,1,0,0,4,0,10,Backend Engineering,Spesialis Lainnya,active,0,0.060880349053839496
90.0,23,3,0,0,0,0,1,1,Team 10,Product Manager,completed,0,0.05280403720272674
2.0,28,0,0,0,0,4,0,5,Team 18,Marketer,completed,1,0.5731449895285372
7.0,6,0,0,0,0,0,1,11,Team 17,Product Manager,completed,0,0.05547556856743379
7.0,23,1,0,0,0,0,3,12,Team 8,Engineer,active,1,0.07609770282371689
70.0,25,1,0,0,0,0,0,4,Team 1,Ops,completed,0,0.05494191782814593
77.0,3,1,0,0,0,1,0,1,Team 4,Spesialis Lainnya,completed,0,0.047194482775314996
47.0,0,1,0,0,0,4,1,6,Team 19,Designer,completed,0,0.05844038033029133
26.0,0,2,0,0,0,0,1,8,Team 12,Product Manager,completed,0,0.05123748464334654
19.0,28,3,0,1,0,0,0,10,Team 12,Ops,completed,0,0.05405066776972975
23.0,25,2,0,0,0,0,1,8,Team 18,Engineer,active,0,0.05714056389492193
3.0,26,1,0,0,0,3,0,4,Team 19,Ops,active,1,0.18969093938090156
29.0,21,0,0,0,0,2,0,3,Team 11,Spesialis Lainnya,active,0,0.05225963025854114
6.0,0,1,0,0,0,0,2,8,Team 8,Engineer,on_hold,0,0.08805717510415381
73.0,8,0,0,0,0,0,1,11,Team 3,Product Manager,active,0,0.04981842567007807
54.0,0,1,0,0,0,0,0,7,Team 1,Product Manager,active,0,0.046684751900154184
15.0,5,0,0,0,0,0,1,5,Team 12,Marketer,completed,0,0.05517984468812513
25.0,0,4,0,1,0,0,0,4,Team 7,Product Manager,active,0,0.048454613126566785
72.0,0,1,0,0,0,1,0,11,Team 11,Ops,active,0,0.05164427176593018
44.0,15,1,0,0,0,3,0,10,Team 3,Ops,active,0,0.05305729805191504
4.0,6,3,1,0,0,4,0,3,Team 6,Ops,on_hold,0,0.15342956400421148
23.0,3,0,0,0,0,1,1,8,Team 7,Product Manager,active,0,0.0566428237455182
51.0,21,1,0,0,0,4,4,1,Team 13,Designer,active,0,0.062095967528527286
79.0,27,1,0,0,0,0,2,9,Team 14,Ops,active,0,0.05933124054418048
67.0,28,2,0,0,0,0,1,4,Team 9,Designer,active,0,0.05520873136054596
53.0,21,1,1,0,0,1,0,2,Team 16,Ops,active,0,0.05764560473560421
60.0,0,1,0,0,0,3,0,3,Team 10,Spesialis Lainnya,active,0,0.04596751294338162
2.0,26,3,1,0,0,0,0,6,Team 11,Ops,active,0,0.502826724800919
21.0,5,2,0,0,0,2,1,1,Team 2,Ops,on_hold,0,0.05471102308161302
90.0,7,1,0,0,0,0,2,9,Team 11,Marketer,active,0,0.05251657627612433
15.0,9,0,0,0,0,4,1,1,Team 19,Designer,active,0,0.06200029693859369
55.0,6,0,0,0,0,0,1,9,Team 8,Marketer,completed,0,0.0546009831916343
30.0,8,1,0,0,1,4,2,7,Team 13,Ops,active,0,0.06030665194658872
32.0,0,3,0,0,0,4,0,1,Team 16,Engineer,completed,0,0.05228271791298972
46.0,6,3,0,0,0,0,0,8,Team 4,Marketer,active,0,0.05385361482841218
-25.080983796296294,28,0,0,0,0,0,1,10,Team 17,Designer,active,1,0.6946276392158519
10.0,24,1,0,0,0,1,2,2,Team 5,Product Manager,completed,0,0.05341195219236409
1.0,0,2,0,0,0,2,1,9,Team 2,Marketer,active,1,0.6625853045317044
13.0,29,1,0,0,0,3,0,2,Team 10,Ops,active,0,0.04755381615382107
9.0,6,0,0,0,0,4,0,7,Team 1,Ops,active,0,0.05650678938325132
-1.063738425925926,15,1,0,0,1,1,3,11,Team 6,Designer,active,1,0.7114920886780266
25.0,0,1,0,0,0,4,0,11,Team 3,Ops,active,0,0.05368828327808301
70.0,26,1,0,0,0,0,0,6,Team 16,Marketer,active,0,0.056033400263671616
1.0,3,3,1,0,1,0,0,2,Team 14,Marketer,completed,1,0.6287167550738663
55.0,8,0,0,0,0,2,0,3,Team 7,Marketer,completed,0,0.05270002786477038
17.0,9,0,0,0,0,0,2,10,Team 13,Engineer,completed,0,0.059515364664090895
55.0,22,1,0,0,0,2,2,12,Team 10,Product Manager,completed,0,0.05538185008851612
7.0,6,4,0,0,0,1,0,4,Team 10,Designer,active,0,0.05924153618659944
40.0,0,2,0,0,0,4,0,3,Team 9,Product Manager,on_hold,0,0.05358965341930727
7.0,15,0,0,0,0,4,0,11,Team 1,Ops,active,0,0.06545719134133245
19.0,30,0,0,0,0,3,0,4,Team 2,Marketer,active,0,0.056718387759749654
80.0,8,3,0,0,0,2,1,10,Team 2,Designer,active,0,0.05290291235706499
26.0,6,1,0,0,0,0,2,1,Team 6,Ops,active,0,0.050382821082835726
16.0,28,2,1,0,0,0,4,11,Team 1,Marketer,completed,0,0.05237784130093964
17.0,7,1,0,1,0,0,1,8,Team 12,Product Manager,active,0,0.04859843758574913
63.0,23,2,0,0,0,0,2,5,Team 0,Ops,active,0,0.05839224951731204
19.0,30,4,0,0,0,4,0,4,Team 7,Spesialis Lainnya,active,0,0.05288134996314458
22.0,12,1,0,0,0,1,0,4,Team 12,Marketer,active,0,0.053268381708240026
4.0,16,1,0,0,0,0,4,6,Team 7,Product Manager,completed,0,0.16576151542535003
-1.7793287037037038,23,0,0,0,0,0,1,8,Team 15,Product Manager,active,1,0.6645951053975954
10.0,7,0,0,0,0,0,0,6,Team 17,Spesialis Lainnya,active,0,0.04871904202995425
19.0,0,1,0,0,0,0,0,2,Team 5,Product Manager,active,0,0.047901789317686724
8.0,0,0,0,0,0,3,0,2,Team 11,Designer,active,0,0.05127404348229823
12.0,13,1,1,0,0,3,0,12,Team 3,Spesialis Lainnya,active,0,0.05652377939123285
24.0,0,0,0,0,0,2,3,8,Team 10,Engineer,completed,0,0.05212730822980372
23.0,6,2,0,0,0,0,0,11,Team 17,Ops,active,0,0.0552410543818123
57.0,3,1,0,0,0,0,0,8,Team 10,Spesialis Lainnya,active,0,0.04535960480780403
8.0,4,2,0,0,0,0,1,3,Team 14,Product Manager,completed,0,0.05534958677743995
75.0,7,0,0,0,0,1,0,4,Team 19,Designer,active,0,0.05586645671062371
44.0,23,0,0,0,0,0,1,10,Team 18,Marketer,active,0,0.055428174441913995
22.0,24,3,0,0,0,4,1,6,Team 16,Engineer,active,0,0.0537308228765631
21.0,0,4,0,0,0,0,0,2,Team 13,Product Manager,active,0,0.05041547395392768
7.0,28,1,0,0,0,0,0,3,Team 12,Spesialis Lainnya,active,0,0.06566802055657063
30.0,6,4,1,0,0,0,0,1,Team 1,Ops,active,0,0.05982445405925307
2.0,24,2,0,0,0,0,1,3,Team 6,Engineer,active,0,0.47602880184747876
8.0,6,0,0,0,0,2,1,11,Team 13,Marketer,active,0,0.06077624389418547
23.0,0,0,0,0,0,1,0,9,Team 7,Engineer,active,0,0.055410067625705085
2.0,3,1,0,0,1,0,0,8,Team 5,Engineer,active,1,0.5609018244988736
22.0,17,1,0,0,0,0,0,12,Team 6,Engineer,active,0,0.06445468128593722
51.0,5,0,0,0,0,2,1,6,Team 11,Engineer,active,0,0.04846206617428714
19.0,25,2,0,0,0,4,4,10,Team 14,Designer,active,0,0.05299300484873252
45.0,22,0,0,0,0,1,1,12,Team 6,Engineer,on_hold,0,0.0531631168517751
12.0,7,0,0,0,0,2,1,1,Team 16,Marketer,active,0,0.05619403301085178
55.0,0,0,0,0,0,1,0,7,Team 4,Spesialis Lainnya,active,0,0.049571180995488066
7.0,30,0,0,0,0,3,1,10,Team 15,Marketer,active,1,0.07440813661136576
84.0,0,2,0,0,0,3,5,7,Team 8,Ops,completed,0,0.0794538794277078
10.0,4,0,0,0,0,3,0,10,Team 6,Ops,completed,0,0.06416057576182527
19.0,0,0,0,0,0,0,0,10,Team 16,Product Manager,active,0,0.058696522517454636
67.0,0,2,0,0,0,1,0,3,Team 10,Designer,active,0,0.04709048352714844
19.0,0,4,1,0,0,2,0,6,Team 19,Engineer,active,0,0.060207410853087624
6.0,26,3,1,0,0,1,0,8,Team 10,Ops,active,0,0.06937245266111083
30.0,0,0,0,0,0,3,5,12,Team 3,Engineer,completed,0,0.07248821500649365
23.0,0,1,0,0,0,4,1,5,Team 7,Product Manager,on_hold,0,0.05305416767715135
71.0,0,0,0,0,0,0,1,8,Team 1,Marketer,completed,0,0.05456866700304201
72.0,7,0,0,0,0,2,0,11,Team 19,Product Manager,completed,0,0.06161147737127597
24.0,7,3,0,0,0,3,0,5,Team 16,Engineer,active,0,0.054413540795404065
35.0,25,0,0,0,0,1,1,8,Team 3,Product Manager,completed,0,0.059026585752917325
32.0,13,4,1,0,1,0,1,7,Team 11,Designer,active,0,0.04610201688628204
68.0,10,0,0,0,0,0,1,11,Team 0,Engineer,on_hold,0,0.05072221039796037
2.0,6,1,0,0,0,0,0,6,Team 18,Ops,active,0,0.5376425288369685
30.0,4,3,1,0,0,0,0,2,Team 8,Designer,active,0,0.06329421062403498
29.0,26,3,0,0,1,2,0,4,Team 15,Designer,active,0,0.05220082259440766
9.0,0,0,0,0,0,2,0,5,Team 13,Spesialis Lainnya,completed,0,0.048571114676279274
25.0,22,1,0,0,0,1,1,4,Team 3,Marketer,active,0,0.05811512420086428
78.0,0,2,0,0,0,1,0,10,Team 8,Product Manager,active,0,0.05556855321635329
44.0,0,1,0,1,0,2,0,9,Team 8,Spesialis Lainnya,active,0,0.04836218718246968
43.0,3,1,0,0,0,0,0,7,Team 4,Engineer,completed,0,0.05341674265052544
5.0,5,0,0,0,0,1,1,3,Team 9,Designer,active,0,0.11796550629729632
9.0,25,0,0,0,0,1,1,3,Team 7,Product Manager,completed,0,0.05844825770440934
-14.40863425925926,28,3,0,0,0,2,0,5,Team 4,Ops,completed,1,0.6583894386187122
20.0,0,0,0,0,0,2,0,5,Team 10,Spesialis Lainnya,on_hold,0,0.045011632202236196
19.0,8,0,0,0,0,0,1,5,Team 14,Engineer,active,0,0.05874917790864906
63.0,25,3,0,0,0,3,1,8,Team 14,Product Manager,active,0,0.05058397746206351
5.0,30,1,0,0,0,3,3,9,Team 3,Engineer,completed,0,0.15137616532352188
6.0,14,2,0,0,0,2,0,10,Team 1,Spesialis Lainnya,active,0,0.07725114777471326
3.0,4,2,0,0,0,2,2,3,Team 11,Ops,active,0,0.1584350932484458
19.0,24,1,0,0,0,0,1,5,Team 8,Ops,completed,0,0.05761687192956675
80.0,28,2,0,0,0,2,0,1,Team 16,Spesialis Lainnya,active,0,0.05396662322256224
82.0,5,1,0,0,0,3,0,12,Team 14,Spesialis Lainnya,active,0,0.051448469333631355
-3.813923611111111,3,0,0,0,0,0,0,1,Team 1,Marketer,on_hold,1,0.7034653442837491
8.0,3,2,0,0,0,2,3,9,Team 16,Engineer,completed,0,0.057223726701534534
4.0,5,1,0,0,0,2,0,11,Team 7,Engineer,active,0,0.13974304048484412
14.0,0,0,0,0,0,2,0,8,Team 11,Spesialis Lainnya,active,0,0.04280183544614829
18.0,10,2,0,0,0,1,0,4,Team 4,Designer,active,0,0.058674666557237576
1.0,22,0,0,0,0,1,1,9,Team 12,Engineer,completed,1,0.6547061137810261
18.0,0,2,0,0,0,0,0,9,Team 11,Designer,completed,0,0.04847674742960341
43.0,24,1,0,0,0,3,0,4,Team 2,Marketer,completed,0,0.05855501439389766
2.0,0,1,0,1,0,1,0,5,Team 6,Engineer,completed,1,0.5025128679138412
66.0,0,4,0,1,0,3,0,1,Team 15,Marketer,active,0,0.05317169852651146
16.0,7,0,0,0,0,0,2,3,Team 15,Product Manager,on_hold,0,0.05090476328408804
14.0,4,0,0,0,0,0,0,2,Team 9,Spesialis Lainnya,active,0,0.051002915828599796
48.0,7,0,0,0,0,2,1,11,Team 3,Designer,active,0,0.051418484864070066
14.0,13,0,0,0,0,4,1,7,Team 16,Marketer,active,0,0.05753784577535715
4.0,5,1,0,0,0,4,0,8,Team 18,Marketer,completed,1,0.1830697035005772
12.0,8,3,0,0,0,0,0,4,Team 8,Spesialis Lainnya,active,0,0.04988200450698171
5.0,26,0,0,0,0,0,2,11,Team 2,Designer,active,0,0.12486445318355244
42.0,26,1,0,0,0,0,0,6,Team 11,Spesialis Lainnya,active,0,0.047186944985592796
45.0,28,0,0,0,0,0,0,6,Team 10,Ops,active,0,0.0572987197629871
80.0,6,1,0,0,0,4,2,11,Team 18,Product Manager,active,0,0.054441289449750116
10.0,9,2,0,0,0,0,3,9,Team 0,Marketer,completed,0,0.05892217582729145
7.0,21,3,0,0,1,3,4,11,Team 8,Marketer,active,1,0.08315021185658411
65.0,5,1,0,0,0,4,0,6,Team 8,Engineer,active,0,0.05541194102366294
-15.189282407407408,0,1,0,1,0,0,2,9,Team 11,Engineer,active,1,0.7181627230047488
4.0,0,0,0,0,0,0,1,3,Team 9,Marketer,active,0,0.11959645274834169
